PRHUNT,ZOHUNT,AOU,YEAR,A-F,A-M,A-NA,A-U,I-F,I-M,I-NA,I-U,NA-M,NA-NA,NA-U,U-F,U-M,U-NA,U-U
,NA,1290,1991,0,0,0,0,2,0,0,0,0,0,0,0,0,0,0
,NA,1290,1995,0,0,0,0,0,0,0,1,0,0,0,0,0,0,0
,NA,1290,1998,0,0,0,0,0,1,0,0,0,0,0,0,0,0,0
,NA,1290,1999,0,0,0,0,1,0,0,0,0,0,0,0,0,0,0
,NA,1290,2000,1,0,0,0,0,0,0,0,0,0,0,0,0,0,0
,NA,1290,2001,0,0,0,0,0,1,0,0,0,0,0,0,0,0,0
,NA,1290,2003,0,1,0,0,0,0,0,0,0,0,0,0,0,0,0
,NA,1290,2004,0,0,0,0,1,0,0,0,0,0,0,0,0,0,0
,NA,1300,1991,0,0,0,0,0,1,0,0,0,0,0,0,0,0,0
,NA,1300,1998,0,0,0,0,1,0,0,0,0,0,0,0,0,0,0
,NA,1300,1999,0,0,0,0,1,0,0,0,0,0,0,0,0,0,0
,NA,1300,2001,0,0,0,0,0,1,0,0,0,0,0,0,0,0,0
,NA,1310,1998,0,0,0,0,0,2,0,0,0,0,0,0,0,0,0
,NA,1310,1999,1,0,0,0,0,0,0,0,0,0,0,0,0,0,0
,NA,1310,2003,0,0,0,0,0,0,0,1,0,0,0,0,0,0,0
,NA,1310,2004,0,0,0,0,0,0,0,3,0,0,0,0,0,0,0
,NA,1310,2006,0,0,0,0,0,0,0,1,0,0,0,0,0,0,0
,NA,1320,1991,5,14,0,0,14,5,0,0,0,0,0,0,0,0,1
,NA,1320,1992,4,4,0,0,9,9,0,0,0,0,0,0,0,0,1
,NA,1320,1993,1,0,0,0,1,2,0,0,0,0,0,0,0,0,4
,NA,1320,1994,0,0,0,0,3,1,0,0,0,0,0,0,0,0,0
,NA,1320,1995,0,0,0,0,3,1,0,0,0,0,0,0,0,0,0
,NA,1320,1996,0,0,0,0,4,9,0,0,0,0,0,0,0,0,0
,NA,1320,1997,0,4,0,0,5,3,0,2,0,0,0,0,0,0,1
,NA,1320,1998,0,0,0,0,1,2,0,0,0,0,0,0,0,0,0
,NA,1320,1999,0,1,0,0,2,5,0,0,0,0,0,0,0,0,0
,NA,1320,2000,1,1,0,0,6,14,0,0,0,0,0,0,0,0,1
,NA,1320,2001,0,2,0,1,6,13,0,0,0,0,0,0,0,0,0
,NA,1320,2002,1,5,0,0,7,3,0,0,0,0,0,0,0,0,0
,NA,1320,2003,2,2,0,0,4,15,0,0,0,0,0,0,0,0,0
,NA,1320,2004,1,1,0,0,3,8,0,0,0,0,0,0,0,0,0
,NA,1320,2005,1,5,0,0,8,5,0,0,0,0,0,0,0,0,0
,NA,1320,2006,0,0,0,0,0,3,0,0,0,0,0,0,0,0,0
,NA,1321,1991,0,0,0,0,2,2,0,0,0,0,0,0,0,0,0
,NA,1321,1992,0,0,0,0,0,1,0,0,0,0,0,0,0,0,0
,NA,1321,1993,0,0,0,0,0,2,0,0,0,0,0,0,0,0,0
,NA,1321,2004,0,0,0,0,0,1,0,0,0,0,0,0,0,0,0
,NA,1321,2006,0,0,0,0,1,0,0,0,0,0,0,0,0,0,0
,NA,1330,1991,2,1,0,1,5,14,0,0,0,0,0,0,0,0,1
,NA,1330,1992,0,2,0,0,1,3,0,0,0,0,0,0,0,0,0
,NA,1330,1993,0,0,0,0,0,1,0,0,0,0,0,0,0,0,0
,NA,1330,1994,0,0,0,0,1,1,0,0,0,0,0,0,0,0,0
,NA,1330,1996,0,0,0,0,1,0,0,0,0,0,0,0,0,0,0
,NA,1330,1997,0,1,0,0,2,2,0,0,0,0,0,0,0,0,0
,NA,1330,1998,0,0,0,0,0,4,0,0,0,0,0,0,0,0,0
,NA,1330,1999,1,1,0,0,1,3,0,0,0,0,0,0,0,0,0
,NA,1330,2000,0,0,0,0,4,2,0,0,0,0,0,0,0,0,0
,NA,1330,2001,0,0,0,0,4,4,0,0,0,0,0,0,0,0,0
,NA,1330,2002,1,0,0,1,1,10,0,0,0,0,0,0,0,0,0
,NA,1330,2003,0,0,0,0,4,4,0,1,0,0,0,0,0,0,0
,NA,1330,2004,1,1,0,0,3,2,0,0,0,0,0,0,0,0,0
,NA,1330,2005,0,0,0,0,1,1,0,0,0,0,0,0,0,0,0
,NA,1330,2006,0,0,0,0,1,1,0,0,0,0,0,0,0,0,0
,NA,1350,1991,0,0,0,0,1,2,0,0,0,0,0,0,0,0,0
,NA,1350,1994,1,0,0,0,0,0,0,0,0,0,0,0,0,0,0
,NA,1350,1995,0,0,0,0,1,0,0,0,0,0,0,0,0,0,0
,NA,1350,1997,0,0,0,0,1,0,0,0,0,0,0,0,0,0,0
,NA,1370,1991,0,1,0,0,2,2,0,0,0,0,0,0,0,0,0
,NA,1370,1992,1,0,0,0,0,4,0,0,0,0,0,0,0,0,0
,NA,1370,1995,0,0,0,0,1,0,0,0,0,0,0,0,0,0,0
,NA,1370,1996,0,0,0,0,2,0,0,0,0,0,0,0,0,0,0
,NA,1370,1999,0,0,0,0,0,1,0,0,0,0,0,0,0,0,0
,NA,1370,2000,0,1,0,0,2,0,0,0,0,0,0,0,0,0,0
,NA,1370,2001,1,0,0,0,0,0,0,0,0,0,0,0,0,0,0
,NA,1370,2002,0,0,0,0,0,1,0,0,0,0,0,0,0,0,0
,NA,1370,2003,0,0,0,0,0,1,0,0,0,0,0,0,0,0,0
,NA,1370,2004,0,0,0,0,2,0,0,0,0,0,0,0,0,0,0
,NA,1370,2005,0,0,0,0,1,2,0,0,0,0,0,0,0,0,0
,NA,1370,2006,0,0,0,0,0,1,0,0,0,0,0,0,0,0,0
,NA,1390,1991,2,3,0,0,7,3,0,0,0,0,0,0,0,0,2
,NA,1390,1992,0,0,0,0,1,0,0,0,0,0,0,0,0,0,0
,NA,1390,1993,0,0,0,0,2,3,0,0,0,0,0,0,0,0,0
,NA,1390,1996,0,1,0,0,0,2,0,0,0,0,0,0,0,0,0
,NA,1390,1997,1,0,0,0,3,5,0,0,0,0,0,0,0,0,0
,NA,1390,1998,0,0,0,0,1,2,0,0,0,0,0,0,0,0,0
,NA,1390,1999,0,0,0,0,3,4,0,0,0,0,0,0,2,0,2
,NA,1390,2000,1,0,0,0,2,2,0,0,0,0,0,0,0,0,0
,NA,1390,2001,0,1,0,0,9,2,0,0,0,0,0,0,0,0,0
,NA,1390,2002,0,0,0,0,1,5,0,1,0,0,0,0,0,0,0
,NA,1390,2003,0,0,0,0,3,2,0,0,0,0,0,0,0,0,0
,NA,1390,2004,1,2,0,0,5,2,0,0,0,0,0,0,0,0,1
,NA,1390,2006,0,2,0,0,7,7,0,0,0,0,0,0,0,0,0
,NA,1400,1992,0,0,0,0,0,0,0,0,0,0,0,0,1,0,0
,NA,1400,1993,0,1,0,0,1,0,0,0,0,0,0,0,0,0,0
,NA,1400,1995,0,0,0,0,3,0,0,0,0,0,0,0,0,0,0
,NA,1400,1998,0,0,0,0,1,1,0,0,0,0,0,0,0,0,0
,NA,1400,2001,1,1,0,0,1,0,0,0,0,0,0,0,0,0,0
,NA,1400,2002,1,0,0,0,1,1,0,0,0,0,0,0,0,0,0
,NA,1400,2006,0,0,0,0,0,1,0,0,0,0,0,0,0,0,0
,NA,1420,1991,0,0,0,0,1,1,0,0,0,0,0,0,0,0,0
,NA,1420,1997,0,0,0,0,1,0,0,0,0,0,0,0,0,0,0
,NA,1420,1999,1,0,0,0,0,0,0,0,0,0,0,0,0,0,0
,NA,1420,2001,0,0,0,0,1,1,0,0,0,0,0,0,0,0,0
,NA,1420,2002,0,0,0,0,0,1,0,0,0,0,0,0,0,0,0
,NA,1420,2004,0,0,0,0,1,0,0,0,0,0,0,0,0,0,0
,NA,1420,2005,0,1,0,0,1,0,0,0,0,0,0,0,0,0,0
,NA,1430,1991,1,0,0,0,1,3,0,0,0,0,0,0,0,0,0
,NA,1430,1992,0,0,0,0,1,2,0,0,0,0,0,0,0,0,0
,NA,1430,1994,0,0,0,0,2,0,0,0,0,0,0,0,0,0,0
,NA,1430,1996,1,0,0,0,1,0,0,0,0,0,0,0,0,0,0
,NA,1430,1999,0,0,0,0,0,1,0,0,0,0,0,0,0,0,1
,NA,1430,2000,0,0,0,0,0,1,0,0,0,0,0,0,0,0,0
,NA,1430,2001,0,0,0,0,1,0,0,0,0,0,0,0,0,0,0
,NA,1430,2002,0,0,0,0,3,0,0,0,0,0,0,0,0,0,0
,NA,1430,2003,0,0,0,0,1,0,0,0,0,0,0,0,0,0,0
,NA,1430,2004,0,0,0,0,0,1,0,0,0,0,0,0,0,0,0
,NA,1430,2005,0,0,0,0,1,0,0,0,0,0,0,0,0,0,0
,NA,1440,1991,1,3,0,0,1,2,0,0,0,0,0,1,0,0,0
,NA,1440,1993,0,1,0,0,0,0,0,0,0,0,0,0,0,0,0
,NA,1440,1995,1,0,0,0,0,1,0,0,0,0,0,0,0,0,0
,NA,1440,1996,0,0,0,0,0,1,0,0,0,0,0,0,0,0,0
,NA,1440,1997,0,1,0,0,0,2,0,0,0,0,0,1,0,0,0
,NA,1440,1998,0,2,0,0,1,1,0,0,0,0,0,0,0,0,0
,NA,1440,1999,0,1,0,0,0,0,0,0,0,0,0,0,0,0,0
,NA,1440,2000,1,1,0,0,1,2,0,0,0,0,0,0,0,0,0
,NA,1440,2001,1,0,0,0,0,2,0,0,0,0,0,0,0,0,0
,NA,1440,2002,2,0,0,0,0,1,0,0,0,0,0,0,0,0,0
,NA,1440,2003,0,2,0,0,1,0,0,0,0,0,0,0,0,0,0
,NA,1440,2005,0,1,0,0,0,0,0,0,0,0,0,0,0,0,0
,NA,1440,2006,0,1,0,0,0,0,0,0,0,0,0,0,0,0,0
,NA,1460,2001,0,0,0,0,4,1,0,0,0,0,0,0,0,0,0
,NA,1460,2003,0,1,0,0,2,3,0,0,0,0,0,0,0,0,0
,NA,1470,1997,1,0,0,0,0,0,0,0,0,0,0,0,0,0,0
,NA,1480,1991,0,0,0,0,0,1,0,0,0,0,0,0,0,0,0
,NA,1480,1992,0,0,0,0,1,0,0,0,0,0,0,0,0,0,0
,NA,1480,1998,0,1,0,0,0,0,0,0,0,0,0,0,0,0,0
,NA,1480,2000,0,0,0,0,2,3,0,0,0,0,0,0,0,0,0
,NA,1480,2002,0,0,0,0,1,1,0,0,0,0,0,0,0,0,0
,NA,1480,2003,1,0,0,0,1,2,0,0,0,0,0,0,0,0,0
,NA,1490,1991,0,0,0,0,1,0,0,0,0,0,0,0,0,0,0
,NA,1490,1992,0,0,0,0,0,1,0,0,0,0,0,0,0,0,0
,NA,1490,1997,1,0,0,0,0,0,0,0,0,0,0,0,0,0,0
,NA,1490,1998,0,0,0,0,1,0,0,0,0,0,0,0,0,0,0
,NA,1490,2001,0,0,0,0,0,1,0,0,0,0,0,0,0,0,0
,NA,1490,2002,1,0,0,0,1,1,0,0,0,0,0,0,0,0,0
,NA,1490,2003,0,0,0,0,1,1,0,0,0,0,0,0,0,0,0
,NA,1490,2004,0,0,0,0,1,0,0,0,0,0,0,0,0,0,0
,NA,1490,2006,0,0,0,0,0,1,0,0,0,0,0,0,0,0,0
,NA,1500,1991,1,2,0,0,2,2,0,1,0,0,0,0,0,0,0
,NA,1500,1992,0,0,0,0,3,1,0,0,0,0,0,0,0,0,0
,NA,1500,1994,0,0,0,0,1,0,0,0,0,0,0,0,0,0,0
,NA,1500,1996,0,0,0,0,1,0,0,0,0,0,0,0,0,0,0
,NA,1500,1998,0,0,0,0,1,0,0,0,0,0,0,0,0,0,0
,NA,1500,1999,0,0,0,0,1,0,0,0,0,0,0,0,0,0,0
,NA,1500,2000,1,0,0,0,4,3,0,0,0,0,0,0,0,0,0
,NA,1500,2001,0,1,0,0,2,1,0,0,0,0,0,0,0,0,0
,NA,1500,2002,0,0,0,0,1,2,0,0,0,0,0,0,0,0,0
,NA,1500,2003,2,0,0,0,2,2,0,0,0,0,0,0,0,0,0
,NA,1500,2004,0,0,0,0,1,1,0,0,0,0,0,0,0,0,0
,NA,1500,2006,0,0,0,0,2,1,0,0,0,0,0,0,0,0,0
,NA,1510,1992,1,0,0,0,0,2,0,0,0,0,0,0,0,0,0
,NA,1510,1997,0,0,0,0,0,1,0,0,0,0,0,0,0,0,0
,NA,1510,1998,0,0,0,0,0,1,0,0,0,0,0,0,0,0,0
,NA,1510,2000,0,0,0,0,0,1,0,0,0,0,0,0,0,0,0
,NA,1510,2001,0,0,0,0,1,0,0,0,0,0,0,0,0,0,0
,NA,1510,2002,0,0,0,0,0,1,0,0,0,0,0,0,0,0,0
,NA,1510,2003,0,0,0,0,2,0,0,0,0,0,0,0,0,0,0
,NA,1510,2004,2,3,0,0,1,0,0,0,0,0,0,0,0,0,0
,NA,1510,2006,0,1,0,0,0,2,0,0,0,0,0,0,0,0,0
,NA,1520,2004,0,0,0,0,0,1,0,0,0,0,0,0,0,0,0
,NA,1520,2006,0,1,0,0,0,0,0,0,0,0,0,0,0,0,0
,NA,1530,1991,0,0,0,0,1,0,0,0,0,0,0,0,0,0,0
,NA,1530,1992,1,0,0,0,0,0,0,0,0,0,0,0,0,0,0
,NA,1530,1996,0,2,0,0,3,2,0,0,0,0,0,0,0,0,0
,NA,1530,2001,0,0,0,0,2,0,0,0,0,0,0,0,0,0,0
,NA,1530,2003,1,3,0,0,3,0,0,0,0,0,0,0,0,0,0
,NA,1530,2004,0,5,0,0,1,0,0,0,0,0,0,0,0,0,0
,NA,1540,1995,0,0,0,0,0,0,0,1,0,0,0,0,0,0,0
,NA,1540,1996,0,0,0,0,0,0,0,0,0,0,0,1,0,0,0
,NA,1540,1998,0,0,0,0,1,0,0,0,0,0,0,0,0,0,0
,NA,1590,1991,1,1,0,0,2,3,0,0,0,0,0,0,0,0,0
,NA,1590,1992,1,0,0,0,2,0,0,0,0,0,0,0,0,0,0
,NA,1590,1993,2,0,0,0,0,0,0,0,0,0,0,0,0,0,0
,NA,1590,1996,0,0,0,0,0,1,0,0,0,0,0,0,0,0,0
,NA,1590,1997,0,0,0,0,1,0,0,0,0,0,0,0,0,0,0
,NA,1590,2000,1,0,0,0,1,5,0,0,0,0,0,0,0,0,0
,NA,1590,2001,2,0,0,0,0,0,0,0,0,0,0,0,0,0,0
,NA,1590,2003,0,0,0,0,1,0,0,0,0,0,0,0,0,0,0
,NA,1590,2005,1,2,0,0,0,1,0,0,0,0,0,0,0,0,0
,NA,1620,1994,0,0,0,0,0,0,0,1,0,0,0,0,0,0,0
,NA,1630,1991,0,0,0,0,0,0,0,1,0,0,0,0,0,0,0
,NA,1630,1995,0,0,0,0,0,0,0,1,0,0,0,0,0,0,0
,NA,1630,1999,0,0,0,0,0,1,0,0,0,0,0,0,0,0,0
,NA,1630,2000,0,0,0,0,0,0,0,1,0,0,0,0,0,0,0
,NA,1630,2003,0,1,0,0,0,0,0,0,0,0,0,0,0,0,0
,NA,1630,2004,0,1,0,0,0,0,0,2,0,0,0,0,0,0,0
,NA,1650,1997,0,0,0,0,0,1,0,0,0,0,0,0,0,0,0
,NA,1650,2004,0,0,0,0,0,0,0,1,0,0,0,0,0,0,0
,NA,1660,1991,0,0,0,0,0,0,0,1,0,0,0,0,0,0,0
,NA,1660,1995,1,0,0,0,0,0,0,1,0,0,0,0,0,0,0
,NA,1660,2000,1,0,0,0,1,0,0,0,0,0,0,0,0,0,0
,NA,1660,2004,0,0,0,0,0,1,0,1,0,0,0,0,0,0,0
,NA,1692,1991,0,0,0,3,0,0,0,4,0,0,0,0,0,0,0
,NA,1692,1992,0,0,0,1,0,0,0,0,0,0,0,0,0,0,0
,NA,1692,1997,0,0,0,1,0,0,0,3,0,0,0,0,0,0,0
,NA,1692,1999,0,0,0,3,0,0,0,0,0,0,0,0,0,0,0
,NA,1692,2000,0,0,0,3,0,0,0,10,0,0,0,0,0,0,0
,NA,1692,2001,0,0,0,1,0,0,0,3,0,0,0,0,0,0,0
,NA,1692,2002,0,0,0,6,0,0,0,1,0,0,0,0,0,0,0
,NA,1692,2003,0,0,0,2,0,0,0,7,0,0,0,0,0,0,0
,NA,1692,2004,0,0,0,6,0,0,0,5,0,0,0,0,0,0,0
,NA,1692,2005,0,0,0,1,0,0,0,2,0,0,0,0,0,0,0
,NA,1692,2006,0,0,0,2,0,0,0,10,0,0,0,0,0,0,0
,NA,1693,1991,0,0,0,3,0,0,0,1,0,0,0,0,0,0,0
,NA,1693,1994,0,0,0,0,0,0,0,1,0,0,0,0,0,0,0
,NA,1693,1997,0,0,0,2,0,0,0,0,0,0,0,0,0,0,0
,NA,1700,1991,0,0,0,0,0,0,0,1,0,0,0,0,0,0,0
,NA,1710,1991,0,0,0,2,0,0,0,1,0,0,0,0,0,0,0
,NA,1710,1995,0,0,0,0,0,0,0,1,0,0,0,0,0,0,0
,NA,1710,1998,0,0,0,0,0,0,0,1,0,0,0,0,0,0,0
,NA,1710,2004,0,0,0,0,0,0,0,1,0,0,0,0,0,0,0
,NA,1721,1991,0,0,0,3,0,0,0,6,0,0,0,0,0,0,0
,NA,1721,1992,0,0,0,1,0,0,0,0,0,0,0,0,0,0,0
,NA,1721,1995,0,0,0,1,0,0,0,0,0,0,0,0,0,0,0
,NA,1721,1996,0,0,0,1,0,0,0,0,0,0,0,0,0,0,0
,NA,1721,1999,0,0,0,1,0,0,0,0,0,0,0,0,0,0,0
,NA,1721,2000,0,0,0,2,0,0,0,0,0,0,0,0,0,0,0
,NA,1721,2001,0,0,0,1,0,0,0,0,0,0,0,0,0,0,0
,NA,1721,2002,0,0,0,0,0,0,0,1,0,0,0,0,0,0,0
,NA,1721,2003,0,0,0,1,0,0,0,0,0,0,0,0,0,0,0
,NA,1721,2004,0,0,0,1,0,0,0,0,0,0,0,0,0,0,0
,NA,1721,2005,0,0,0,0,0,0,0,1,0,0,0,0,0,0,0
,NA,1721,2006,0,0,0,1,0,0,0,1,0,0,0,0,0,0,0
,NA,1722,1991,0,0,0,18,0,0,0,8,0,0,0,0,0,0,1
,NA,1722,1992,0,0,0,5,0,0,0,1,0,0,0,0,0,0,0
,NA,1722,1993,0,0,0,3,0,0,0,1,0,0,0,0,0,0,0
,NA,1722,1994,0,0,0,2,0,0,0,0,0,0,0,0,0,0,1
,NA,1722,1995,0,0,0,1,0,0,0,2,0,0,0,0,0,0,1
,NA,1722,1996,0,0,0,4,0,0,0,0,0,0,0,0,0,0,1
,NA,1722,1997,0,0,0,3,0,0,0,0,0,0,0,0,0,0,0
,NA,1722,1998,0,0,0,6,0,0,0,3,0,0,0,0,0,0,0
,NA,1722,1999,0,0,0,5,0,0,0,1,0,0,0,0,0,0,1
,NA,1722,2000,0,0,0,19,0,0,0,2,0,0,0,0,0,0,0
,NA,1722,2001,0,0,0,21,0,0,0,4,0,0,0,0,0,0,0
,NA,1722,2002,0,0,0,21,0,0,0,11,0,0,0,0,0,0,2
,NA,1722,2003,0,0,0,25,0,0,0,9,0,0,0,0,0,0,0
,NA,1722,2004,0,0,0,29,0,0,0,5,0,0,0,0,0,0,0
,NA,1722,2005,0,0,0,4,0,0,0,2,0,0,0,0,0,0,0
,NA,1722,2006,0,0,0,1,0,0,0,0,0,0,0,0,0,0,0
,NA,2280,1991,5,3,0,0,16,6,0,0,0,0,0,0,0,0,0
,NA,2280,1993,3,4,0,0,10,10,0,0,0,0,0,0,0,0,0
,NA,2280,1994,4,0,0,0,5,3,0,0,0,0,0,0,2,0,0
,NA,2280,1998,0,4,0,0,0,5,0,0,0,0,0,0,0,0,0
,NA,2280,2000,0,2,0,1,1,0,0,0,0,0,0,0,0,0,0
,NA,2280,2003,1,1,0,0,0,6,0,0,0,0,0,0,0,0,0
,NA,2280,2004,1,1,0,0,0,1,0,0,0,0,0,0,0,0,0
,NA,2280,2006,3,5,0,0,2,6,0,1,0,0,0,0,0,0,0
AB,1,1290,1984,0,3,0,0,0,0,0,0,0,0,0,0,0,0,0
AB,1,1290,1985,0,0,0,0,0,0,0,2,0,0,0,0,0,0,0
AB,1,1290,1986,0,1,0,0,0,0,0,2,0,0,0,0,0,0,0
AB,1,1290,1988,1,0,0,0,0,1,0,0,0,0,0,0,0,0,0
AB,1,1290,1989,0,0,0,0,1,0,0,0,0,0,0,0,0,0,0
AB,1,1290,1996,0,0,0,0,1,0,0,0,0,0,0,0,0,0,0
AB,1,1290,2003,1,0,0,0,0,0,0,0,0,0,0,0,0,0,0
AB,1,1290,2006,0,1,0,0,0,0,0,0,0,0,0,0,0,0,0
AB,1,1290,2019,0,0,0,0,0,1,0,0,0,0,0,0,0,0,0
AB,1,1300,1993,0,0,0,0,0,1,0,0,0,0,0,0,0,0,0
AB,1,1310,1983,0,0,0,0,0,1,0,0,0,0,0,0,0,0,0
AB,1,1310,1986,0,0,0,0,0,0,0,1,0,0,0,0,0,0,0
AB,1,1310,1993,0,0,0,0,1,0,0,0,0,0,0,0,0,0,0
AB,1,1310,1998,0,1,0,0,0,1,0,0,0,0,0,0,0,0,0
AB,1,1310,1999,1,1,0,0,0,1,0,0,0,0,0,0,0,0,0
AB,1,1310,2000,1,0,0,0,0,0,0,0,0,0,0,0,0,0,0
AB,1,1310,2004,0,0,0,0,0,0,0,1,0,0,0,0,0,0,0
AB,1,1310,2008,0,1,0,0,0,0,0,0,0,0,0,0,0,0,0
AB,1,1310,2010,0,1,0,0,0,0,0,0,0,0,0,0,0,0,0
AB,1,1310,2011,1,0,0,0,0,0,0,0,0,0,0,0,0,0,0
AB,1,1310,2016,0,0,0,0,0,1,0,0,0,0,0,0,0,0,0
AB,1,1310,2017,0,1,0,0,0,0,0,1,0,0,0,0,0,0,0
AB,1,1310,2021,0,1,0,0,0,0,0,0,0,0,0,0,0,0,0
AB,1,1310,2022,0,0,0,0,0,1,0,0,0,0,0,0,0,0,0
AB,1,1310,2024,1,1,0,0,1,0,0,0,0,0,0,0,0,0,0
AB,1,1320,1976,46,165,0,0,161,254,0,6,0,0,0,0,1,0,83
AB,1,1320,1977,39,106,0,2,79,102,0,2,0,0,0,1,1,0,118
AB,1,1320,1978,21,70,0,1,33,64,0,2,0,0,0,0,1,0,28
AB,1,1320,1979,38,113,0,1,103,106,0,1,0,0,0,0,2,0,57
AB,1,1320,1980,47,146,0,4,82,115,0,0,0,0,0,0,2,0,65
AB,1,1320,1981,49,151,0,0,82,104,0,1,0,0,0,1,0,0,100
AB,1,1320,1982,23,75,0,0,19,42,0,0,0,0,0,0,2,0,46
AB,1,1320,1983,20,53,0,0,49,68,0,2,0,0,0,2,0,0,2
AB,1,1320,1984,46,142,0,7,77,133,0,8,0,0,0,0,1,0,11
AB,1,1320,1985,33,105,0,0,71,109,0,2,0,0,0,0,0,0,2
AB,1,1320,1986,28,98,0,0,82,131,0,4,0,0,0,0,1,0,2
AB,1,1320,1987,44,150,0,6,83,143,0,4,0,0,0,0,2,0,6
AB,1,1320,1988,77,204,0,1,44,95,0,0,0,0,0,1,1,0,1
AB,1,1320,1989,29,170,0,0,68,111,0,2,0,0,0,0,1,0,0
AB,1,1320,1990,33,147,0,0,107,126,0,1,0,0,0,0,3,0,0
AB,1,1320,1991,13,124,0,0,52,92,0,1,0,0,0,1,0,0,1
AB,1,1320,1992,58,205,0,0,80,127,0,3,0,0,0,0,0,0,1
AB,1,1320,1993,43,141,0,0,68,97,0,0,0,0,0,0,0,0,0
AB,1,1320,1994,46,142,0,0,80,147,0,3,0,0,0,1,2,0,0
AB,1,1320,1995,31,85,0,0,52,79,0,1,0,0,0,0,0,0,0
AB,1,1320,1996,35,127,0,0,103,139,0,2,0,0,0,0,0,0,6
AB,1,1320,1997,27,137,0,0,133,212,0,6,0,0,0,3,0,0,0
AB,1,1320,1998,34,124,0,0,86,148,0,5,0,0,0,1,0,0,2
AB,1,1320,1999,46,134,0,0,68,102,0,1,0,0,0,1,4,0,1
AB,1,1320,2000,33,133,0,0,45,83,0,2,0,0,0,0,0,0,0
AB,1,1320,2001,24,123,0,0,65,141,0,4,0,0,0,0,1,0,1
AB,1,1320,2002,18,88,0,0,43,61,0,0,0,0,0,0,0,0,0
AB,1,1320,2003,22,97,0,0,53,108,0,2,0,0,0,0,1,0,1
AB,1,1320,2004,30,115,0,1,56,67,0,0,0,0,0,0,0,0,0
AB,1,1320,2005,12,78,0,0,57,98,0,6,0,0,0,1,4,0,8
AB,1,1320,2006,12,78,0,0,58,84,0,1,0,0,0,0,0,0,0
AB,1,1320,2007,30,90,0,1,82,107,0,1,0,0,0,0,0,0,1
AB,1,1320,2008,21,100,0,0,70,86,0,3,0,0,0,0,0,0,3
AB,1,1320,2009,28,78,0,3,40,78,0,4,0,0,0,0,0,0,1
AB,1,1320,2010,21,62,0,0,62,78,0,2,0,0,0,0,0,0,0
AB,1,1320,2011,15,66,0,0,67,123,0,3,0,0,0,0,0,0,0
AB,1,1320,2012,17,43,0,0,46,56,0,3,0,0,0,0,0,0,0
AB,1,1320,2013,8,54,0,0,57,54,0,0,0,0,0,0,0,0,8
AB,1,1320,2014,14,52,0,0,58,61,0,0,0,0,0,0,0,0,0
AB,1,1320,2015,18,49,0,0,48,78,0,0,0,0,0,0,0,0,2
AB,1,1320,2016,9,42,0,0,34,61,0,0,0,0,0,0,0,0,2
AB,1,1320,2017,7,36,0,0,22,33,0,0,0,0,0,0,0,0,0
AB,1,1320,2018,11,36,0,1,39,41,0,0,0,0,0,1,1,0,2
AB,1,1320,2019,11,46,0,0,42,59,0,0,0,0,0,0,0,0,0
AB,1,1320,2020,10,21,0,0,29,64,0,0,0,0,0,0,0,0,0
AB,1,1320,2021,9,18,0,0,48,52,0,1,0,0,0,0,0,0,0
AB,1,1320,2022,6,20,0,0,19,56,0,0,0,0,0,0,0,0,1
AB,1,1320,2023,2,18,0,0,23,25,0,0,0,0,0,0,0,0,0
AB,1,1320,2024,7,27,0,0,24,34,0,2,0,0,0,0,0,0,0
AB,1,1321,1979,0,0,0,1,0,0,0,0,0,0,0,0,0,0,0
AB,1,1321,1987,0,1,0,0,0,1,0,0,0,0,0,0,0,0,0
AB,1,1321,1989,0,0,0,0,1,0,0,0,0,0,0,0,0,0,0
AB,1,1321,1990,0,0,0,0,1,0,0,0,0,0,0,0,0,0,0
AB,1,1321,1993,0,0,0,0,0,1,0,0,0,0,0,0,0,0,0
AB,1,1321,1996,0,0,0,0,1,0,0,0,0,0,0,0,0,0,0
AB,1,1321,1998,0,0,0,0,1,0,0,0,0,0,0,0,0,0,0
AB,1,1330,1988,0,0,0,0,1,0,0,0,0,0,0,0,0,0,0
AB,1,1330,1991,0,0,0,0,1,1,0,0,0,0,0,0,0,0,0
AB,1,1330,1992,0,0,0,0,1,0,0,0,0,0,0,0,0,0,0
AB,1,1330,1998,0,0,0,0,0,0,0,0,0,0,0,0,0,0,1
AB,1,1350,1976,7,8,0,0,33,32,0,0,0,0,0,0,0,0,13
AB,1,1350,1977,4,5,0,0,14,11,0,0,0,0,0,0,0,0,9
AB,1,1350,1978,2,1,0,0,9,8,0,0,0,0,0,0,0,0,4
AB,1,1350,1979,0,2,0,0,26,18,0,0,0,0,0,0,0,0,8
AB,1,1350,1980,5,5,0,0,24,25,0,0,0,0,0,1,0,0,8
AB,1,1350,1981,0,0,0,0,0,29,0,0,0,0,0,0,0,0,3
AB,1,1350,1982,3,3,0,0,7,9,0,0,0,0,0,0,0,0,2
AB,1,1350,1983,3,4,0,0,13,17,0,1,0,0,0,0,0,0,1
AB,1,1350,1984,4,1,0,0,14,24,0,1,0,0,0,0,0,0,0
AB,1,1350,1985,3,4,0,0,23,17,0,0,0,0,0,0,0,0,0
AB,1,1350,1986,3,6,0,0,22,18,0,0,0,0,0,0,0,0,0
AB,1,1350,1987,4,1,0,0,13,10,0,0,0,0,0,0,0,0,1
AB,1,1350,1988,3,2,0,0,9,9,0,0,0,0,0,0,0,0,0
AB,1,1350,1989,12,3,0,0,25,17,0,0,0,0,0,1,0,0,0
AB,1,1350,1990,2,3,0,1,18,13,0,0,0,0,0,0,0,0,0
AB,1,1350,1991,2,3,0,0,6,11,0,0,0,0,0,0,1,0,4
AB,1,1350,1992,4,6,0,0,21,15,0,0,0,0,0,0,0,0,0
AB,1,1350,1993,3,3,0,0,32,24,0,0,0,0,0,1,0,0,0
AB,1,1350,1994,13,4,0,0,41,22,0,0,0,0,0,0,0,0,0
AB,1,1350,1995,5,6,0,0,12,13,0,0,0,0,0,0,0,0,0
AB,1,1350,1996,3,5,0,0,18,24,0,0,0,0,0,0,0,0,1
AB,1,1350,1997,1,8,0,0,51,43,0,0,0,0,0,0,0,0,0
AB,1,1350,1998,5,9,0,0,26,17,0,0,0,0,0,0,0,0,0
AB,1,1350,1999,6,8,0,0,18,23,0,0,0,0,0,0,0,0,2
AB,1,1350,2000,4,6,0,0,21,7,0,0,0,0,0,0,0,0,0
AB,1,1350,2001,1,3,0,0,19,13,0,0,0,0,0,0,0,0,0
AB,1,1350,2002,7,2,0,0,24,17,0,0,0,0,0,0,0,0,0
AB,1,1350,2003,1,1,0,0,27,15,0,0,0,0,0,0,0,0,0
AB,1,1350,2004,5,6,0,0,19,12,0,0,0,0,0,0,0,0,0
AB,1,1350,2005,3,8,0,0,20,21,0,0,0,0,0,0,0,0,0
AB,1,1350,2006,4,4,0,0,21,16,0,0,0,0,0,0,0,0,0
AB,1,1350,2007,4,2,0,0,21,28,0,0,0,0,0,0,0,0,2
AB,1,1350,2008,7,5,0,0,39,46,0,0,0,0,0,0,0,0,1
AB,1,1350,2009,11,10,0,0,28,23,0,0,0,0,0,0,0,0,0
AB,1,1350,2010,2,5,0,0,27,28,0,0,0,0,0,0,0,0,1
AB,1,1350,2011,4,0,0,0,23,17,0,0,0,0,0,0,0,0,1
AB,1,1350,2012,2,4,0,0,14,7,0,0,0,0,0,0,0,0,1
AB,1,1350,2013,3,1,0,0,11,5,0,0,0,0,0,0,0,0,0
AB,1,1350,2014,5,1,0,0,28,25,0,0,0,0,0,0,0,0,1
AB,1,1350,2015,2,6,0,0,16,13,0,0,0,0,0,0,0,0,5
AB,1,1350,2016,3,3,0,0,11,11,0,0,0,0,0,0,0,0,0
AB,1,1350,2017,2,0,0,0,18,8,0,0,0,0,0,0,0,0,0
AB,1,1350,2018,2,0,0,0,14,15,0,0,0,0,0,0,0,0,0
AB,1,1350,2019,3,4,0,0,7,9,0,0,0,0,0,0,0,0,0
AB,1,1350,2020,1,1,0,0,12,12,0,0,0,0,0,0,0,0,0
AB,1,1350,2021,0,1,0,0,5,7,0,0,0,0,0,0,0,0,0
AB,1,1350,2022,0,1,0,0,5,8,0,0,0,0,0,0,0,0,0
AB,1,1350,2023,1,2,0,0,8,7,0,0,0,0,0,0,0,0,0
AB,1,1350,2024,0,1,0,0,9,6,0,0,0,0,0,0,0,0,0
AB,1,1370,1976,3,4,0,0,26,20,0,0,0,0,0,0,0,0,3
AB,1,1370,1977,0,1,0,0,13,17,0,0,0,0,0,0,1,0,29
AB,1,1370,1978,4,0,0,0,12,11,0,0,0,0,0,0,0,0,2
AB,1,1370,1979,0,1,0,0,18,18,0,0,0,0,0,0,0,0,1
AB,1,1370,1980,6,4,0,0,24,20,0,0,0,0,0,0,0,0,5
AB,1,1370,1981,5,3,0,0,13,14,0,0,0,0,0,0,0,0,3
AB,1,1370,1982,0,1,0,0,0,1,0,0,0,0,0,0,0,0,1
AB,1,1370,1983,4,2,0,0,11,9,0,0,0,0,0,0,0,0,0
AB,1,1370,1984,2,3,0,0,18,16,0,0,0,0,0,1,0,0,0
AB,1,1370,1985,0,1,0,0,17,17,0,0,0,0,0,1,0,0,0
AB,1,1370,1986,1,1,0,0,13,16,0,0,0,0,0,0,0,0,0
AB,1,1370,1987,3,1,0,0,17,27,0,0,0,0,0,0,0,0,0
AB,1,1370,1988,5,3,0,0,10,16,0,0,0,0,0,0,0,0,0
AB,1,1370,1989,1,1,0,0,13,23,0,0,0,0,0,0,0,0,0
AB,1,1370,1990,1,1,0,0,15,9,0,0,0,0,0,0,0,0,0
AB,1,1370,1991,0,2,0,0,7,4,0,0,0,0,0,0,0,0,1
AB,1,1370,1992,2,1,0,0,11,10,0,0,0,0,0,0,0,0,0
AB,1,1370,1993,2,2,0,0,12,19,0,0,0,0,0,0,0,0,0
AB,1,1370,1994,4,12,0,0,17,15,0,0,0,0,0,0,0,0,0
AB,1,1370,1995,0,3,0,0,7,11,0,0,0,0,0,0,0,0,0
AB,1,1370,1996,3,8,0,0,25,16,0,0,0,0,0,0,0,0,0
AB,1,1370,1997,8,2,0,0,18,15,0,0,0,0,0,0,0,0,0
AB,1,1370,1998,5,4,0,0,11,9,0,0,0,0,0,0,0,0,0
AB,1,1370,1999,2,3,0,0,7,8,0,1,0,0,0,0,0,0,0
AB,1,1370,2000,4,6,0,0,5,9,0,0,0,0,0,0,0,0,0
AB,1,1370,2001,3,5,0,0,9,10,0,0,0,0,0,1,0,0,0
AB,1,1370,2002,5,4,0,0,9,16,0,0,0,0,0,0,0,0,0
AB,1,1370,2003,0,6,0,0,8,12,0,0,0,0,0,0,0,0,0
AB,1,1370,2004,1,6,0,0,18,9,0,0,0,0,0,0,0,0,0
AB,1,1370,2005,1,1,0,0,7,25,0,0,0,0,0,1,0,0,1
AB,1,1370,2006,3,6,0,0,13,8,0,0,0,0,0,0,0,0,0
AB,1,1370,2007,6,13,0,0,9,14,0,0,0,0,0,0,0,0,0
AB,1,1370,2008,6,6,0,0,13,12,0,0,0,0,0,0,0,0,0
AB,1,1370,2009,2,5,0,0,16,13,0,0,0,0,0,0,0,0,0
AB,1,1370,2010,4,3,0,0,7,4,0,0,0,0,0,0,0,0,0
AB,1,1370,2011,1,2,0,0,10,6,0,0,0,0,0,0,0,0,0
AB,1,1370,2012,3,2,0,0,5,9,0,0,0,0,0,0,0,0,0
AB,1,1370,2013,0,0,0,0,2,3,0,0,0,0,0,0,0,0,0
AB,1,1370,2014,0,1,0,0,14,12,0,0,0,0,0,0,0,0,0
AB,1,1370,2015,0,4,0,0,10,8,0,0,0,0,0,0,0,0,0
AB,1,1370,2016,1,3,0,0,7,8,0,0,0,0,0,0,0,0,0
AB,1,1370,2017,0,2,0,0,2,4,0,0,0,0,0,0,0,0,0
AB,1,1370,2018,1,3,0,0,11,10,0,0,0,0,0,0,0,0,0
AB,1,1370,2019,0,1,0,0,5,13,0,0,0,0,0,0,0,0,0
AB,1,1370,2020,0,1,0,0,2,3,0,0,0,0,0,0,0,0,0
AB,1,1370,2021,1,3,0,0,5,5,0,0,0,0,0,0,0,0,0
AB,1,1370,2022,2,2,0,0,6,1,0,0,0,0,0,1,0,0,0
AB,1,1370,2023,0,3,0,0,5,4,0,0,0,0,0,0,0,0,0
AB,1,1370,2024,0,4,0,0,8,6,0,0,0,0,0,0,0,0,0
AB,1,1390,1976,8,2,0,0,24,19,0,1,0,0,0,0,0,0,4
AB,1,1390,1977,3,1,0,0,11,5,0,0,0,0,0,0,0,0,12
AB,1,1390,1978,0,1,0,0,0,3,0,0,0,0,0,0,0,0,3
AB,1,1390,1979,0,3,0,0,4,3,0,0,0,0,0,0,0,0,1
AB,1,1390,1980,3,2,0,0,9,11,0,0,0,0,0,1,0,0,9
AB,1,1390,1981,2,1,0,0,8,6,0,0,0,0,0,1,2,0,6
AB,1,1390,1982,1,0,0,0,1,1,0,0,0,0,0,0,0,0,3
AB,1,1390,1983,1,2,0,0,8,8,0,0,0,0,0,0,0,0,0
AB,1,1390,1984,2,0,0,0,17,9,0,0,0,0,0,1,1,0,2
AB,1,1390,1985,2,1,0,0,17,12,0,0,0,0,0,0,0,0,0
AB,1,1390,1986,1,1,0,0,9,12,0,1,0,0,0,0,0,0,0
AB,1,1390,1987,5,0,0,0,16,17,0,0,0,0,0,0,0,0,0
AB,1,1390,1988,1,1,0,0,5,6,0,1,0,0,0,0,0,0,0
AB,1,1390,1989,3,0,0,0,12,23,0,0,0,0,0,0,2,0,0
AB,1,1390,1990,4,0,0,0,5,6,0,0,0,0,0,0,0,0,0
AB,1,1390,1991,0,0,0,0,0,5,0,0,0,0,0,0,0,0,1
AB,1,1390,1992,2,1,0,0,10,7,0,1,0,0,0,2,1,0,1
AB,1,1390,1993,5,2,0,0,7,6,0,0,0,0,0,0,0,0,0
AB,1,1390,1994,4,3,0,0,8,6,0,0,0,0,0,0,0,0,0
AB,1,1390,1995,1,3,0,0,8,3,0,1,0,0,0,0,0,0,0
AB,1,1390,1996,3,2,0,0,14,11,0,0,0,0,0,0,0,0,0
AB,1,1390,1997,0,2,0,0,17,7,0,0,0,0,0,0,0,0,0
AB,1,1390,1998,2,4,0,0,4,5,0,0,0,0,0,0,0,0,0
AB,1,1390,1999,2,2,0,0,3,5,0,0,0,0,0,0,0,0,1
AB,1,1390,2000,2,2,0,0,2,6,0,0,0,0,0,0,0,0,0
AB,1,1390,2001,3,5,0,0,6,6,0,0,0,0,0,0,0,0,0
AB,1,1390,2002,6,1,0,0,5,7,0,0,0,0,0,0,0,0,0
AB,1,1390,2003,0,0,0,0,2,2,0,0,0,0,0,0,0,0,0
AB,1,1390,2004,1,1,0,0,8,6,0,1,0,0,0,0,0,0,2
AB,1,1390,2005,2,0,0,0,4,10,0,0,0,0,0,0,0,0,0
AB,1,1390,2006,2,0,0,0,5,2,0,1,0,0,0,0,0,0,0
AB,1,1390,2007,2,1,0,0,7,3,0,0,0,0,0,0,0,0,0
AB,1,1390,2008,5,5,0,0,8,9,0,0,0,0,0,0,0,0,0
AB,1,1390,2009,1,2,0,0,3,3,0,0,0,0,0,0,0,0,0
AB,1,1390,2010,1,2,0,0,10,6,0,0,0,0,0,0,0,0,0
AB,1,1390,2011,0,1,0,0,2,0,0,0,0,0,0,0,0,0,0
AB,1,1390,2012,2,0,0,0,5,6,0,0,0,0,0,0,0,0,0
AB,1,1390,2013,0,1,0,0,2,1,0,1,0,0,0,0,0,0,0
AB,1,1390,2014,0,1,0,0,9,3,0,1,0,0,0,0,0,0,0
AB,1,1390,2015,0,0,0,0,5,3,0,1,0,0,0,0,1,0,1
AB,1,1390,2016,0,0,0,0,2,5,0,0,0,0,0,0,0,0,0
AB,1,1390,2017,0,1,0,0,1,1,0,0,0,0,0,0,0,0,0
AB,1,1390,2018,0,2,0,0,5,1,0,1,0,0,0,0,0,0,0
AB,1,1390,2019,1,2,0,0,3,2,0,0,0,0,0,0,0,0,0
AB,1,1390,2020,0,0,0,0,2,2,0,0,0,0,0,0,0,0,0
AB,1,1390,2021,6,2,0,0,9,4,0,1,0,0,0,0,0,0,1
AB,1,1390,2022,0,1,0,0,6,2,0,0,0,0,0,0,0,0,0
AB,1,1390,2023,0,0,0,0,5,2,0,0,0,0,0,0,0,0,0
AB,1,1390,2024,0,0,0,0,1,2,0,0,0,0,0,0,0,0,0
AB,1,1400,1976,4,1,0,0,16,31,0,0,0,0,0,0,0,0,2
AB,1,1400,1977,5,0,0,0,6,12,0,0,0,0,0,0,1,0,9
AB,1,1400,1978,1,0,0,0,3,2,0,0,0,0,0,0,0,0,1
AB,1,1400,1979,3,1,0,0,7,7,0,0,0,0,0,0,0,0,2
AB,1,1400,1980,3,1,0,0,27,18,0,0,0,0,0,0,0,0,8
AB,1,1400,1981,4,1,0,0,11,11,0,0,0,0,0,0,0,0,1
AB,1,1400,1982,0,0,0,0,0,1,0,0,0,0,0,0,0,0,0
AB,1,1400,1983,2,0,0,0,11,18,0,0,0,0,0,0,0,0,0
AB,1,1400,1984,2,2,0,0,13,15,0,0,0,0,0,0,0,0,0
AB,1,1400,1985,1,0,0,0,13,16,0,0,0,0,0,0,1,0,0
AB,1,1400,1986,3,0,0,0,10,15,0,0,0,0,0,0,0,0,0
AB,1,1400,1987,0,3,0,0,7,3,0,0,0,0,0,1,0,0,0
AB,1,1400,1988,1,2,0,0,3,4,0,0,0,0,0,0,0,0,0
AB,1,1400,1989,2,3,0,0,12,15,0,0,0,0,0,0,1,0,0
AB,1,1400,1990,0,1,0,0,9,7,0,0,0,0,0,0,0,0,0
AB,1,1400,1991,0,1,0,0,3,4,0,0,0,0,0,0,0,0,0
AB,1,1400,1992,1,1,0,0,4,11,0,0,0,0,0,0,0,0,0
AB,1,1400,1993,0,1,0,0,9,9,0,0,0,0,0,0,0,0,0
AB,1,1400,1994,1,2,0,0,5,5,0,0,0,0,0,1,0,0,0
AB,1,1400,1995,2,1,0,0,4,4,0,0,0,0,0,0,0,0,0
AB,1,1400,1996,1,0,0,0,13,17,0,0,0,0,0,0,0,0,0
AB,1,1400,1997,2,0,0,0,16,23,0,0,0,0,0,0,1,0,0
AB,1,1400,1998,2,6,0,0,13,10,0,0,0,0,0,0,0,0,1
AB,1,1400,1999,2,0,0,0,7,8,0,0,0,0,0,0,0,0,0
AB,1,1400,2000,0,4,0,0,4,5,0,0,0,0,0,0,0,0,0
AB,1,1400,2001,5,1,0,0,6,1,0,0,0,0,0,0,0,0,0
AB,1,1400,2002,4,0,0,0,8,10,0,0,0,0,0,0,0,0,0
AB,1,1400,2003,1,0,0,0,19,18,0,0,0,0,0,0,0,0,0
AB,1,1400,2004,2,2,0,0,16,7,0,0,0,0,0,0,0,0,0
AB,1,1400,2005,1,0,0,0,10,5,0,0,0,0,0,2,0,0,0
AB,1,1400,2006,1,1,0,0,9,13,0,0,0,0,0,0,0,0,0
AB,1,1400,2007,1,1,0,0,14,20,0,0,0,0,0,0,1,0,0
AB,1,1400,2008,0,0,0,0,4,4,0,0,0,0,0,0,0,0,0
AB,1,1400,2009,2,1,0,1,7,4,0,0,0,0,0,0,0,0,0
AB,1,1400,2010,2,2,0,0,11,16,0,0,0,0,0,0,0,0,0
AB,1,1400,2011,1,0,0,0,14,5,0,0,0,0,0,1,0,0,0
AB,1,1400,2012,2,0,0,0,8,7,0,0,0,0,0,0,0,0,0
AB,1,1400,2013,3,0,0,0,5,14,0,0,0,0,0,0,0,0,0
AB,1,1400,2014,5,4,0,0,8,17,0,0,0,0,0,1,0,0,1
AB,1,1400,2015,0,0,0,0,7,5,0,0,0,0,0,0,0,0,0
AB,1,1400,2016,0,1,0,0,4,2,0,0,0,0,0,0,0,0,0
AB,1,1400,2017,0,0,0,0,10,5,0,0,0,0,0,0,0,0,0
AB,1,1400,2018,2,3,0,0,19,16,0,0,0,0,0,0,0,0,0
AB,1,1400,2019,3,0,0,0,4,2,0,0,0,0,0,0,0,0,0
AB,1,1400,2020,0,0,0,0,5,2,0,0,0,0,0,0,1,0,0
AB,1,1400,2021,1,2,0,0,5,4,0,0,0,0,0,0,0,0,0
AB,1,1400,2022,2,0,0,0,4,8,0,0,0,0,0,0,0,0,0
AB,1,1400,2023,0,0,0,0,4,4,0,0,0,0,0,0,0,0,0
AB,1,1400,2024,5,1,0,0,4,6,0,0,0,0,0,0,0,0,0
AB,1,1420,1976,4,1,0,0,13,21,0,0,0,0,0,0,0,0,0
AB,1,1420,1977,1,1,0,0,9,10,0,0,0,0,0,0,0,0,1
AB,1,1420,1978,0,1,0,0,7,5,0,0,0,0,0,0,0,0,0
AB,1,1420,1979,0,0,0,0,6,7,0,1,0,0,0,0,0,0,3
AB,1,1420,1980,1,1,0,0,15,12,0,0,0,0,0,0,2,0,7
AB,1,1420,1981,1,0,0,0,5,7,0,0,0,0,0,0,0,0,5
AB,1,1420,1982,0,0,0,0,5,2,0,0,0,0,0,0,0,0,0
AB,1,1420,1983,3,1,0,0,9,2,0,0,0,0,0,0,0,0,0
AB,1,1420,1984,2,1,0,0,10,10,0,0,0,0,0,0,0,0,1
AB,1,1420,1985,0,1,0,0,11,17,0,0,0,0,0,0,0,0,0
AB,1,1420,1986,2,0,0,0,23,24,0,0,0,0,0,0,0,0,0
AB,1,1420,1987,0,0,0,0,5,7,0,0,0,0,0,0,1,0,0
AB,1,1420,1988,2,3,0,0,2,2,0,0,0,0,0,0,0,0,0
AB,1,1420,1989,0,2,0,0,11,13,0,0,0,0,0,0,0,0,0
AB,1,1420,1990,0,1,0,0,5,4,0,1,0,0,0,0,0,0,0
AB,1,1420,1991,0,1,0,0,4,6,0,0,0,0,0,0,0,0,0
AB,1,1420,1992,2,3,0,0,4,7,0,0,0,0,0,1,0,0,2
AB,1,1420,1993,3,2,0,0,12,7,0,0,0,0,0,0,0,0,0
AB,1,1420,1994,1,0,0,0,9,12,0,0,0,0,0,0,0,0,1
AB,1,1420,1995,1,1,0,0,7,2,0,0,0,0,0,0,0,0,0
AB,1,1420,1996,3,5,0,0,14,19,0,0,0,0,0,1,0,0,0
AB,1,1420,1997,1,0,0,0,25,25,0,0,0,0,0,0,0,0,1
AB,1,1420,1998,2,2,0,0,10,11,0,0,0,0,0,0,0,0,0
AB,1,1420,1999,6,3,0,0,18,17,0,0,0,0,0,0,0,0,0
AB,1,1420,2000,3,5,0,0,3,6,0,0,0,0,0,0,0,0,0
AB,1,1420,2001,5,4,0,0,12,4,0,0,0,0,0,0,0,0,0
AB,1,1420,2002,3,0,0,0,11,16,0,0,0,0,0,0,0,0,0
AB,1,1420,2003,2,1,0,0,10,8,0,0,0,0,0,0,0,0,0
AB,1,1420,2004,7,4,0,0,13,13,0,0,0,0,0,0,0,0,0
AB,1,1420,2005,3,1,0,0,13,12,0,0,0,0,0,0,0,0,0
AB,1,1420,2006,2,4,0,0,14,23,0,0,0,0,0,0,0,0,0
AB,1,1420,2007,2,2,0,0,20,36,0,0,0,0,0,0,1,0,0
AB,1,1420,2008,4,2,0,0,8,8,0,0,0,0,0,0,0,0,0
AB,1,1420,2009,2,4,0,0,8,6,0,0,0,0,0,0,0,0,0
AB,1,1420,2010,0,2,0,0,18,16,0,0,0,0,0,0,0,0,0
AB,1,1420,2011,2,0,0,0,11,19,0,0,0,0,0,0,0,0,0
AB,1,1420,2012,0,1,0,0,6,9,0,0,0,0,0,0,0,0,0
AB,1,1420,2013,0,3,0,0,4,6,0,0,0,0,0,0,0,0,0
AB,1,1420,2014,0,0,0,0,6,14,0,0,0,0,0,0,0,0,1
AB,1,1420,2015,2,2,0,0,6,8,0,0,0,0,0,0,0,0,0
AB,1,1420,2016,2,2,0,0,2,3,0,0,0,0,0,0,0,0,0
AB,1,1420,2017,0,0,0,0,2,2,0,0,0,0,0,0,0,0,0
AB,1,1420,2018,2,1,0,0,6,10,0,0,0,0,0,0,0,0,0
AB,1,1420,2019,0,0,0,0,6,9,0,0,0,0,0,0,0,0,0
AB,1,1420,2020,1,0,0,0,3,3,0,0,0,0,0,0,0,0,0
AB,1,1420,2021,2,0,0,0,2,3,0,0,0,0,0,0,0,0,0
AB,1,1420,2022,2,2,0,0,2,0,0,0,0,0,0,0,1,0,0
AB,1,1420,2023,0,1,0,0,2,2,0,0,0,0,0,0,0,0,0
AB,1,1420,2024,2,0,0,0,6,3,0,0,0,0,0,0,0,0,0
AB,1,1430,1976,15,15,0,0,45,44,0,0,0,0,0,2,0,0,11
AB,1,1430,1977,15,17,0,0,32,23,0,0,0,0,0,0,0,0,16
AB,1,1430,1978,2,6,0,0,21,14,0,0,0,0,0,0,1,0,1
AB,1,1430,1979,3,0,0,0,34,24,0,0,0,0,0,0,1,0,9
AB,1,1430,1980,13,14,0,0,23,20,0,0,0,0,0,2,0,0,19
AB,1,1430,1981,11,19,0,0,21,24,0,0,0,0,0,0,0,0,7
AB,1,1430,1982,3,0,0,0,8,10,0,0,0,0,0,0,0,0,1
AB,1,1430,1983,3,3,0,0,11,12,0,0,0,0,0,0,0,0,0
AB,1,1430,1984,8,7,0,0,27,21,0,0,0,0,0,0,0,0,1
AB,1,1430,1985,4,5,0,0,28,21,0,0,0,0,0,0,0,0,0
AB,1,1430,1986,2,2,0,0,7,8,0,0,0,0,0,2,0,0,0
AB,1,1430,1987,8,5,0,0,22,24,0,0,0,0,0,0,0,0,0
AB,1,1430,1988,8,10,0,0,15,16,0,0,0,0,0,0,0,0,0
AB,1,1430,1989,2,7,0,0,13,24,0,0,0,0,0,0,0,0,0
AB,1,1430,1990,4,7,0,0,15,16,0,0,0,0,0,0,0,0,0
AB,1,1430,1991,2,0,0,0,5,6,0,0,0,0,0,0,0,0,0
AB,1,1430,1992,9,4,0,0,17,12,0,0,0,0,0,0,0,0,0
AB,1,1430,1993,6,1,0,0,7,16,0,0,0,0,0,0,0,0,0
AB,1,1430,1994,0,11,0,0,12,15,0,0,0,0,0,0,0,0,0
AB,1,1430,1995,1,4,0,0,10,10,0,0,0,0,0,0,0,0,0
AB,1,1430,1996,7,7,0,0,8,7,0,0,0,0,0,0,0,0,0
AB,1,1430,1997,5,6,0,0,35,18,0,0,0,0,0,0,0,0,0
AB,1,1430,1998,6,7,0,0,16,12,0,0,0,0,0,0,0,0,0
AB,1,1430,1999,8,16,0,0,11,9,0,0,0,0,0,0,0,0,0
AB,1,1430,2000,12,10,0,0,3,8,0,0,0,0,0,0,0,0,0
AB,1,1430,2001,9,6,0,0,6,8,0,0,0,0,0,0,0,0,0
AB,1,1430,2002,4,6,0,0,8,9,0,0,0,0,0,0,0,0,0
AB,1,1430,2003,3,3,0,0,8,10,0,0,0,0,0,0,0,0,0
AB,1,1430,2004,5,4,0,0,7,13,0,0,0,0,0,0,0,0,0
AB,1,1430,2005,6,4,0,0,15,18,0,0,0,0,0,0,1,0,0
AB,1,1430,2006,7,8,0,0,3,9,0,0,0,0,0,0,0,0,0
AB,1,1430,2007,1,5,0,0,16,11,0,0,0,0,0,0,0,0,0
AB,1,1430,2008,6,2,0,0,15,21,0,0,0,0,0,0,0,0,0
AB,1,1430,2009,9,0,0,0,8,3,0,0,0,0,0,0,0,0,0
AB,1,1430,2010,0,9,0,0,8,16,0,0,0,0,0,0,0,0,0
AB,1,1430,2011,3,2,0,0,21,13,0,0,0,0,0,0,0,0,0
AB,1,1430,2012,2,11,0,0,14,9,0,0,0,0,0,0,0,0,0
AB,1,1430,2013,1,2,0,0,6,12,0,0,0,0,0,0,0,0,0
AB,1,1430,2014,8,10,0,0,12,13,0,0,0,0,0,0,0,0,0
AB,1,1430,2015,4,5,0,0,10,5,0,0,0,0,0,0,0,0,2
AB,1,1430,2016,1,1,0,0,3,8,0,0,0,0,0,0,0,0,0
AB,1,1430,2017,0,2,0,0,3,3,0,0,0,0,0,0,0,0,0
AB,1,1430,2018,4,8,0,0,4,3,0,0,0,0,0,0,0,0,0
AB,1,1430,2019,1,2,0,0,1,1,0,0,0,0,0,0,0,0,0
AB,1,1430,2020,2,1,0,0,15,7,0,0,0,0,0,0,0,0,0
AB,1,1430,2021,3,1,0,0,10,7,0,0,0,0,0,0,0,0,0
AB,1,1430,2022,3,7,0,0,2,1,0,0,0,0,0,0,0,0,0
AB,1,1430,2023,1,3,0,0,2,3,0,0,0,0,0,0,0,0,0
AB,1,1430,2024,3,3,0,0,3,2,0,0,0,0,0,0,0,0,0
AB,1,1440,1981,0,0,0,0,0,0,0,0,0,0,0,0,0,0,1
AB,1,1440,1985,0,0,0,0,0,1,0,0,0,0,0,0,0,0,0
AB,1,1440,1991,0,3,0,0,0,0,0,0,0,0,0,0,0,0,0
AB,1,1440,1999,1,0,0,0,0,0,0,0,0,0,0,0,0,0,0
AB,1,1440,2016,1,0,0,0,0,0,0,0,0,0,0,0,0,0,0
AB,1,1440,2023,0,0,0,0,2,0,0,0,0,0,0,0,0,0,0
AB,1,1460,1976,1,4,0,0,4,4,0,0,0,0,0,0,0,0,0
AB,1,1460,1977,2,0,0,0,0,1,0,0,0,0,0,0,0,0,1
AB,1,1460,1978,0,1,0,0,2,2,0,0,0,0,0,0,0,0,0
AB,1,1460,1979,1,1,0,0,2,2,0,0,0,0,0,0,0,0,3
AB,1,1460,1980,2,3,0,0,4,1,0,0,0,0,0,0,0,0,3
AB,1,1460,1981,4,3,0,0,3,2,0,0,0,0,0,0,0,0,3
AB,1,1460,1982,0,0,0,0,2,0,0,0,0,0,0,0,0,0,0
AB,1,1460,1983,4,0,0,0,3,4,0,0,0,0,0,0,0,0,0
AB,1,1460,1984,2,0,0,0,2,4,0,0,0,0,0,0,0,0,0
AB,1,1460,1985,3,5,0,0,3,1,0,0,0,0,0,0,0,0,0
AB,1,1460,1986,7,7,0,0,1,4,0,0,0,0,0,0,0,0,0
AB,1,1460,1987,1,3,0,0,0,4,0,0,0,0,0,0,0,0,0
AB,1,1460,1988,0,3,0,0,2,0,0,0,0,0,0,0,0,0,0
AB,1,1460,1989,3,6,0,0,0,1,0,0,0,0,0,0,0,0,0
AB,1,1460,1990,2,5,0,0,6,1,0,0,0,0,0,0,0,0,0
AB,1,1460,1991,1,0,0,0,1,1,0,0,0,0,0,0,0,0,0
AB,1,1460,1992,0,1,0,0,0,2,0,0,0,0,0,0,0,0,0
AB,1,1460,1993,2,0,0,0,7,4,0,0,0,0,0,0,0,0,0
AB,1,1460,1994,5,2,0,0,6,10,0,0,0,0,0,0,0,0,0
AB,1,1460,1995,3,4,0,0,2,1,0,0,0,0,0,0,0,0,0
AB,1,1460,1996,3,6,0,0,4,5,0,0,0,0,0,0,0,0,0
AB,1,1460,1997,4,3,0,0,2,4,0,0,0,0,0,0,0,0,1
AB,1,1460,1998,0,4,0,0,1,1,0,0,0,0,0,1,0,0,0
AB,1,1460,1999,0,1,0,0,2,0,0,0,0,0,0,0,1,0,0
AB,1,1460,2000,0,4,0,0,1,0,0,0,0,0,0,0,0,0,0
AB,1,1460,2001,4,3,0,0,0,1,0,0,0,0,0,0,0,0,1
AB,1,1460,2002,2,11,0,0,0,0,0,0,0,0,0,0,0,0,1
AB,1,1460,2003,0,3,0,0,3,2,0,0,0,0,0,0,0,0,0
AB,1,1460,2004,0,4,0,0,3,1,0,0,0,0,0,0,0,0,0
AB,1,1460,2005,2,4,0,0,3,0,0,0,0,0,0,0,0,0,1
AB,1,1460,2006,0,2,0,0,2,1,0,0,0,0,0,0,0,0,0
AB,1,1460,2007,3,4,0,0,10,9,0,0,0,0,0,0,0,0,0
AB,1,1460,2008,2,10,0,0,1,2,0,0,0,0,0,0,0,0,0
AB,1,1460,2009,0,0,0,0,2,3,0,0,0,0,0,0,0,0,0
AB,1,1460,2010,0,1,0,0,1,0,0,0,0,0,0,0,0,0,0
AB,1,1460,2011,3,1,0,0,3,4,0,0,0,0,0,0,0,0,0
AB,1,1460,2012,1,2,0,0,2,1,0,0,0,0,0,0,0,0,0
AB,1,1460,2013,0,2,0,0,0,1,0,0,0,0,0,0,0,0,0
AB,1,1460,2014,0,0,0,0,5,3,0,0,0,0,0,0,0,0,0
AB,1,1460,2015,0,1,0,0,0,0,0,0,0,0,0,0,0,0,0
AB,1,1460,2017,0,6,0,0,2,1,0,0,0,0,0,0,0,0,0
AB,1,1460,2018,1,4,0,0,8,13,0,0,0,0,0,0,0,0,0
AB,1,1460,2019,1,0,0,0,3,2,0,0,0,0,0,0,0,0,0
AB,1,1460,2020,0,0,0,0,4,3,0,0,0,0,0,0,0,0,0
AB,1,1460,2021,2,1,0,0,0,0,0,0,0,0,0,1,0,0,0
AB,1,1460,2022,1,1,0,0,0,1,0,0,0,0,0,0,0,0,0
AB,1,1460,2023,1,0,0,0,0,1,0,0,0,0,0,0,0,0,0
AB,1,1460,2024,1,1,0,0,0,0,0,0,0,0,0,0,0,0,0
AB,1,1470,1976,0,4,0,0,4,4,0,0,0,0,0,0,0,0,2
AB,1,1470,1977,0,0,0,0,0,0,0,0,0,0,0,0,0,0,1
AB,1,1470,1978,0,0,0,0,1,0,0,0,0,0,0,0,0,0,0
AB,1,1470,1979,0,0,0,0,3,0,0,0,0,0,0,0,0,0,0
AB,1,1470,1980,0,0,0,0,2,0,0,0,0,0,0,0,0,0,2
AB,1,1470,1981,4,1,0,0,2,3,0,0,0,0,0,0,0,0,3
AB,1,1470,1983,0,1,0,0,0,2,0,0,0,0,0,0,0,0,0
AB,1,1470,1984,1,1,0,0,2,0,0,0,0,0,0,0,0,0,1
AB,1,1470,1985,1,0,0,0,1,1,0,0,0,0,0,0,0,0,0
AB,1,1470,1986,1,0,0,0,1,5,0,0,0,0,0,0,0,0,0
AB,1,1470,1987,2,0,0,0,0,1,0,0,0,0,0,0,0,0,0
AB,1,1470,1988,0,1,0,0,0,0,0,0,0,0,0,0,0,0,0
AB,1,1470,1989,0,2,0,0,0,2,0,0,0,0,0,0,0,0,0
AB,1,1470,1990,0,0,0,0,1,1,0,0,0,0,0,0,0,0,0
AB,1,1470,1991,2,0,0,0,2,2,0,0,0,0,0,0,0,0,0
AB,1,1470,1992,0,0,0,0,1,2,0,0,0,0,0,0,0,0,0
AB,1,1470,1993,1,1,0,0,2,2,0,0,0,0,0,0,0,0,0
AB,1,1470,1994,1,0,0,0,1,2,0,0,0,0,0,0,0,0,0
AB,1,1470,1995,0,4,0,0,1,1,0,0,0,0,0,0,0,0,0
AB,1,1470,1996,1,2,0,0,4,2,0,0,0,0,0,0,0,0,0
AB,1,1470,1997,2,0,0,0,6,2,0,0,0,0,0,0,0,0,0
AB,1,1470,1998,0,0,0,0,0,3,0,0,0,0,0,0,0,0,0
AB,1,1470,1999,0,0,0,0,0,1,0,0,0,0,0,0,0,0,0
AB,1,1470,2000,0,3,0,0,0,0,0,0,0,0,0,0,0,0,0
AB,1,1470,2001,1,0,0,0,2,1,0,0,0,0,0,0,0,0,0
AB,1,1470,2003,1,2,0,0,2,2,0,0,0,0,0,0,0,0,0
AB,1,1470,2004,0,0,0,0,0,1,0,0,0,0,0,0,0,0,0
AB,1,1470,2005,0,0,0,0,1,0,0,0,0,0,0,0,0,0,0
AB,1,1470,2006,0,0,0,0,1,0,0,0,0,0,0,0,0,0,0
AB,1,1470,2007,2,3,0,0,2,0,0,0,0,0,0,0,0,0,0
AB,1,1470,2008,2,0,0,0,1,2,0,0,0,0,0,0,0,0,0
AB,1,1470,2009,0,1,0,0,1,0,0,0,0,0,0,0,0,0,0
AB,1,1470,2010,1,2,0,0,1,2,0,0,0,0,0,0,0,0,0
AB,1,1470,2012,0,1,0,0,0,0,0,0,0,0,0,0,0,0,0
AB,1,1470,2014,0,0,0,0,3,0,0,0,0,0,0,0,0,0,0
AB,1,1470,2015,0,0,0,0,0,3,0,0,0,0,0,0,0,0,0
AB,1,1470,2016,0,0,0,0,1,0,0,0,0,0,0,0,0,0,0
AB,1,1470,2017,1,1,0,0,1,1,0,0,0,0,0,0,0,0,0
AB,1,1470,2018,2,5,0,0,2,3,0,0,0,0,0,0,0,0,0
AB,1,1470,2019,0,0,0,0,0,1,0,0,0,0,0,0,0,0,0
AB,1,1470,2020,0,0,0,0,2,0,0,0,0,0,0,0,0,0,0
AB,1,1470,2021,2,1,0,0,1,3,0,0,0,0,0,0,0,0,0
AB,1,1480,1984,0,0,0,0,0,1,0,0,0,0,0,0,0,0,0
AB,1,1480,1990,0,1,0,0,0,1,0,0,0,0,0,0,0,0,0
AB,1,1480,2008,1,0,0,0,0,0,0,0,0,0,0,0,0,0,0
AB,1,1480,2019,1,0,0,0,0,0,0,0,0,0,0,0,0,0,0
AB,1,1480,2021,0,0,0,0,0,1,0,0,0,0,0,0,0,0,0
AB,1,1490,1976,2,2,0,0,5,11,0,0,0,0,0,0,0,0,1
AB,1,1490,1977,1,0,0,0,3,1,0,0,0,0,0,0,0,0,1
AB,1,1490,1978,0,2,0,0,1,0,0,0,0,0,0,0,0,0,3
AB,1,1490,1979,0,2,0,0,3,1,0,0,0,0,0,0,0,0,4
AB,1,1490,1980,0,1,0,0,2,7,0,0,0,0,0,0,0,0,1
AB,1,1490,1981,4,4,0,0,6,9,0,0,0,0,0,0,1,0,2
AB,1,1490,1982,1,0,0,0,4,1,0,0,0,0,0,0,0,0,0
AB,1,1490,1983,2,0,0,0,2,6,0,0,0,0,0,0,0,0,0
AB,1,1490,1984,2,2,0,0,3,6,0,0,0,0,0,0,0,0,0
AB,1,1490,1985,2,0,0,0,4,8,0,0,0,0,0,0,0,0,0
AB,1,1490,1986,1,0,0,0,4,8,0,0,0,0,0,0,0,0,0
AB,1,1490,1987,1,1,0,0,3,3,0,0,0,0,0,0,0,0,0
AB,1,1490,1988,2,0,0,0,1,1,0,0,0,0,0,0,0,0,0
AB,1,1490,1989,2,0,0,0,5,4,0,0,0,0,0,0,0,0,0
AB,1,1490,1990,1,0,0,0,1,0,0,0,0,0,0,0,0,0,0
AB,1,1490,1991,0,0,0,0,5,2,0,1,0,0,0,0,0,0,0
AB,1,1490,1992,1,3,0,0,6,7,0,0,0,0,0,0,0,0,0
AB,1,1490,1993,1,0,0,0,4,2,0,0,0,0,0,0,0,0,0
AB,1,1490,1994,0,1,0,0,6,2,0,0,0,0,0,0,0,0,0
AB,1,1490,1995,1,2,0,0,3,3,0,0,0,0,0,0,0,0,0
AB,1,1490,1996,1,4,0,0,7,8,0,0,0,0,0,0,0,0,0
AB,1,1490,1997,1,1,0,0,6,11,0,0,0,0,0,0,0,0,0
AB,1,1490,1998,1,1,0,0,3,2,0,0,0,0,0,0,0,0,0
AB,1,1490,1999,0,1,0,0,1,3,0,0,0,0,0,0,0,0,0
AB,1,1490,2000,0,0,0,0,1,0,0,0,0,0,0,0,0,0,0
AB,1,1490,2001,0,2,0,0,0,9,0,0,0,0,0,0,0,0,0
AB,1,1490,2002,0,0,0,0,1,2,0,0,0,0,0,0,0,0,0
AB,1,1490,2003,0,0,0,0,3,4,0,0,0,0,0,0,0,0,0
AB,1,1490,2004,3,0,0,0,2,2,0,0,0,0,0,0,0,0,0
AB,1,1490,2005,1,0,0,0,0,5,0,0,0,0,0,0,0,0,0
AB,1,1490,2006,1,1,0,0,2,3,0,0,0,0,0,0,0,0,0
AB,1,1490,2007,2,1,0,0,3,7,0,0,0,0,0,0,0,0,0
AB,1,1490,2008,1,1,0,0,2,2,0,0,0,0,0,0,0,0,0
AB,1,1490,2009,1,1,0,2,3,1,0,0,0,0,0,0,0,0,0
AB,1,1490,2010,2,0,0,0,1,2,0,0,0,0,0,0,0,0,0
AB,1,1490,2011,2,0,0,0,5,2,0,0,0,0,0,0,0,0,0
AB,1,1490,2012,0,2,0,0,3,3,0,0,0,0,0,0,0,0,0
AB,1,1490,2013,0,0,0,0,1,1,0,0,0,0,0,0,0,0,0
AB,1,1490,2014,1,0,0,0,4,5,0,0,0,0,0,0,0,0,0
AB,1,1490,2016,2,0,0,0,1,1,0,0,0,0,0,0,0,0,0
AB,1,1490,2017,1,0,0,0,0,2,0,0,0,0,0,0,0,0,0
AB,1,1490,2018,3,1,0,0,0,3,0,0,0,0,0,0,0,0,0
AB,1,1490,2020,0,0,0,0,0,1,0,0,0,0,0,0,0,0,0
AB,1,1490,2021,4,2,0,0,1,3,0,0,0,0,0,0,0,0,0
AB,1,1490,2022,3,2,0,0,2,2,0,0,0,0,0,0,0,0,0
AB,1,1490,2023,0,0,0,0,2,0,0,0,0,0,0,0,0,0,0
AB,1,1490,2024,1,2,0,0,0,1,0,1,0,0,0,0,0,0,0
AB,1,1500,1976,0,0,0,0,0,0,0,1,0,0,0,0,0,0,0
AB,1,1500,1977,0,0,0,0,0,0,0,2,0,0,0,0,0,0,2
AB,1,1500,1980,0,0,0,0,0,0,0,0,0,0,0,0,1,0,0
AB,1,1500,1981,0,0,0,0,2,0,0,0,0,0,0,0,0,0,0
AB,1,1500,1983,0,1,0,0,1,0,0,0,0,0,0,0,0,0,0
AB,1,1500,1984,0,1,0,0,0,1,0,0,0,0,0,0,0,0,0
AB,1,1500,1985,0,0,0,0,2,0,0,0,0,0,0,0,0,0,0
AB,1,1500,1986,0,0,0,0,0,3,0,0,0,0,0,0,0,0,0
AB,1,1500,1988,0,1,0,0,0,2,0,0,0,0,0,0,0,0,0
AB,1,1500,1989,0,2,0,0,0,0,0,0,0,0,0,0,0,0,0
AB,1,1500,1990,0,0,0,0,1,0,0,0,0,0,0,0,0,0,0
AB,1,1500,1991,1,1,0,0,0,0,0,0,0,0,0,0,0,0,0
AB,1,1500,1992,0,1,0,0,0,1,0,0,0,0,0,0,0,0,0
AB,1,1500,1993,1,0,0,0,0,2,0,0,0,0,0,0,0,0,0
AB,1,1500,1994,0,1,0,0,3,3,0,0,0,0,0,0,0,0,0
AB,1,1500,1995,1,0,0,0,0,1,0,0,0,0,0,0,0,0,0
AB,1,1500,1996,0,0,0,0,0,2,0,0,0,0,0,0,0,0,0
AB,1,1500,1997,0,1,0,0,1,0,0,0,0,0,0,0,0,0,0
AB,1,1500,1998,0,0,0,0,1,0,0,0,0,0,0,0,0,0,0
AB,1,1500,2000,0,1,0,0,0,0,0,0,0,0,0,0,0,0,0
AB,1,1500,2001,0,0,0,0,0,1,0,0,0,0,0,0,0,0,0
AB,1,1500,2002,0,1,0,0,1,0,0,0,0,0,0,0,0,0,0
AB,1,1500,2004,0,0,0,0,0,1,0,0,0,0,0,0,0,0,0
AB,1,1500,2005,0,1,0,0,0,0,0,0,0,0,0,0,0,0,0
AB,1,1500,2006,0,1,0,0,2,1,0,0,0,0,0,0,0,0,0
AB,1,1500,2007,0,2,0,0,1,0,0,0,0,0,0,0,0,0,0
AB,1,1500,2008,0,1,0,0,3,1,0,0,0,0,0,0,0,0,0
AB,1,1500,2009,0,0,0,0,1,2,0,0,0,0,0,0,0,0,0
AB,1,1500,2012,2,0,0,0,3,1,0,0,0,0,0,0,0,0,0
AB,1,1500,2014,0,0,0,0,1,0,0,0,0,0,0,0,0,0,0
AB,1,1500,2015,0,0,0,0,0,1,0,0,0,0,0,0,0,0,0
AB,1,1500,2016,0,0,0,0,0,2,0,0,0,0,0,0,0,0,0
AB,1,1500,2018,0,0,0,0,2,1,0,0,0,0,0,0,0,0,0
AB,1,1500,2019,1,0,0,0,0,0,0,0,0,0,0,0,0,0,0
AB,1,1500,2021,0,0,0,0,1,0,0,0,0,0,0,0,0,0,0
AB,1,1500,2024,0,0,0,0,0,1,0,0,0,0,0,0,0,0,0
AB,1,1510,1976,0,2,0,0,0,1,0,0,0,0,0,0,0,0,0
AB,1,1510,1978,2,0,0,0,0,0,0,0,0,0,0,0,0,0,0
AB,1,1510,1979,0,1,0,0,0,0,0,0,0,0,0,0,0,0,0
AB,1,1510,1980,0,1,0,0,1,0,0,0,0,0,0,0,0,0,0
AB,1,1510,1981,1,3,0,0,2,2,0,0,0,0,0,0,0,0,0
AB,1,1510,1982,0,1,0,0,0,0,0,0,0,0,0,0,0,0,0
AB,1,1510,1984,2,4,0,0,2,6,0,0,0,0,0,0,0,0,0
AB,1,1510,1985,0,0,0,0,1,1,0,0,0,0,0,0,0,0,0
AB,1,1510,1986,0,0,0,0,1,0,0,0,0,0,0,0,0,0,0
AB,1,1510,1987,0,0,0,0,1,2,0,0,0,0,0,0,0,0,0
AB,1,1510,1989,1,0,0,0,0,0,0,0,0,0,0,0,0,0,0
AB,1,1510,1990,1,0,0,0,0,0,0,0,0,0,0,0,0,0,0
AB,1,1510,1991,0,1,0,0,0,1,0,1,0,0,0,0,0,0,0
AB,1,1510,1992,0,1,0,0,0,1,0,0,0,0,0,0,0,0,0
AB,1,1510,1993,0,0,0,0,2,2,0,0,0,0,0,0,0,0,0
AB,1,1510,1994,0,0,0,0,0,1,0,0,0,0,0,0,0,0,0
AB,1,1510,1995,0,5,0,0,2,3,0,0,0,0,0,0,0,0,0
AB,1,1510,1996,2,0,0,0,2,2,0,0,0,0,0,0,0,0,0
AB,1,1510,1997,1,0,0,0,0,0,0,0,0,0,0,0,0,0,0
AB,1,1510,1998,3,0,0,0,1,2,0,0,0,0,0,0,0,0,0
AB,1,1510,1999,0,1,0,0,0,1,0,0,0,0,0,0,0,0,0
AB,1,1510,2001,1,0,0,0,0,1,0,0,0,0,0,0,0,0,0
AB,1,1510,2003,0,0,0,0,2,1,0,0,0,0,0,0,0,0,0
AB,1,1510,2004,0,2,0,0,0,4,0,0,0,0,0,0,0,0,0
AB,1,1510,2005,0,0,0,0,0,1,0,0,0,0,0,0,0,0,0
AB,1,1510,2006,0,1,0,0,1,0,0,0,0,0,0,0,0,0,0
AB,1,1510,2007,0,0,0,0,1,0,0,0,0,0,0,0,0,0,0
AB,1,1510,2008,1,1,0,0,0,2,0,0,0,0,0,0,0,0,0
AB,1,1510,2010,1,0,0,0,0,0,0,0,0,0,0,0,0,0,0
AB,1,1510,2011,1,0,0,0,3,1,0,0,0,0,0,0,0,0,0
AB,1,1510,2012,0,0,0,0,0,1,0,0,0,0,0,0,0,0,0
AB,1,1510,2016,2,0,0,0,0,1,0,0,0,0,0,0,0,0,0
AB,1,1510,2017,1,0,0,0,1,1,0,0,0,0,0,0,0,0,0
AB,1,1510,2018,1,2,0,0,0,0,0,0,0,0,0,0,0,0,0
AB,1,1510,2019,1,2,0,0,1,1,0,0,0,0,0,0,0,0,0
AB,1,1510,2021,0,1,0,0,0,1,0,0,0,0,0,0,0,0,0
AB,1,1510,2023,1,0,0,0,0,0,0,0,0,0,0,0,0,0,0
AB,1,1520,1976,0,0,0,0,2,1,0,0,0,0,0,0,0,0,1
AB,1,1520,1981,0,2,0,0,1,1,0,0,0,0,0,0,0,0,0
AB,1,1520,1984,0,1,0,0,0,0,0,0,0,0,0,0,0,0,0
AB,1,1520,1986,0,1,0,0,0,2,0,0,0,0,0,0,0,0,0
AB,1,1520,1987,0,0,0,0,1,0,0,0,0,0,0,0,0,0,0
AB,1,1520,1988,0,1,0,0,0,0,0,0,0,0,0,0,0,0,0
AB,1,1520,1991,0,0,0,0,1,2,0,0,0,0,0,0,0,0,0
AB,1,1520,1996,1,0,0,0,0,0,0,0,0,0,0,0,0,0,0
AB,1,1520,2000,0,0,0,0,1,0,0,0,0,0,0,0,0,0,0
AB,1,1520,2001,1,1,0,0,0,1,0,0,0,0,0,0,0,0,0
AB,1,1520,2004,0,0,0,0,0,1,0,0,0,0,0,0,0,0,0
AB,1,1520,2006,0,0,0,0,1,0,0,0,0,0,0,0,0,0,0
AB,1,1520,2014,0,0,0,0,1,2,0,0,0,0,0,0,0,0,0
AB,1,1520,2018,0,1,0,0,0,0,0,0,0,0,0,0,0,0,0
AB,1,1520,2024,0,0,0,0,1,0,0,0,0,0,0,0,0,0,0
AB,1,1530,1976,1,0,0,0,0,0,0,0,0,0,0,0,0,0,0
AB,1,1530,1977,0,0,0,0,0,0,0,0,0,0,0,0,0,0,1
AB,1,1530,1978,1,1,0,0,1,0,0,0,0,0,0,0,0,0,0
AB,1,1530,1979,0,2,0,0,1,1,0,0,0,0,0,0,0,0,0
AB,1,1530,1980,1,0,0,0,2,0,0,0,0,0,0,0,0,0,0
AB,1,1530,1981,0,2,0,0,0,0,0,0,0,0,0,0,0,0,0
AB,1,1530,1982,0,0,0,0,1,0,0,0,0,0,0,0,0,0,0
AB,1,1530,1983,0,0,0,0,1,0,0,0,0,0,0,0,0,0,0
AB,1,1530,1984,0,2,0,0,3,1,0,0,0,0,0,0,0,0,0
AB,1,1530,1985,0,0,0,0,0,0,0,2,0,0,0,0,0,0,0
AB,1,1530,1987,0,0,0,0,1,0,0,0,0,0,0,0,0,0,0
AB,1,1530,1988,1,0,0,0,0,0,0,0,0,0,0,0,0,0,0
AB,1,1530,1990,0,1,0,0,1,2,0,0,0,0,0,0,0,0,0
AB,1,1530,1991,0,0,0,0,2,1,0,0,0,0,0,0,0,0,0
AB,1,1530,1992,1,1,0,0,1,0,0,0,0,0,0,0,0,0,0
AB,1,1530,1993,0,1,0,0,1,1,0,0,0,0,0,0,0,0,0
AB,1,1530,1994,1,2,0,0,0,3,0,0,0,0,0,0,0,0,0
AB,1,1530,1995,0,3,0,0,1,1,0,0,0,0,0,0,0,0,1
AB,1,1530,1996,2,7,0,0,0,1,0,0,0,0,0,0,0,0,0
AB,1,1530,1997,0,0,0,0,0,1,0,0,0,0,0,0,0,0,0
AB,1,1530,1998,0,1,0,0,2,0,0,1,0,0,0,0,0,0,0
AB,1,1530,1999,3,0,0,0,1,0,0,0,0,0,0,0,0,0,0
AB,1,1530,2000,0,0,0,0,3,0,0,0,0,0,0,0,0,0,0
AB,1,1530,2001,0,1,0,0,0,0,0,0,0,0,0,0,0,0,0
AB,1,1530,2002,0,1,0,0,0,0,0,0,0,0,0,0,0,0,0
AB,1,1530,2004,0,0,0,0,1,0,0,0,0,0,0,0,0,0,0
AB,1,1530,2005,2,2,0,0,0,0,0,0,0,0,0,0,0,0,0
AB,1,1530,2007,0,1,0,0,1,1,0,0,0,0,0,0,0,0,0
AB,1,1530,2008,4,6,0,0,5,2,0,0,0,0,0,0,0,0,0
AB,1,1530,2009,0,0,0,0,1,1,0,0,0,0,0,0,0,0,0
AB,1,1530,2010,0,4,0,0,0,0,0,0,0,0,0,0,0,0,0
AB,1,1530,2011,0,2,0,0,1,1,0,0,0,0,0,0,0,0,0
AB,1,1530,2012,0,0,0,0,2,0,0,0,0,0,0,0,0,0,0
AB,1,1530,2014,0,2,0,0,2,1,0,0,0,0,0,0,0,0,0
AB,1,1530,2016,0,1,0,0,0,0,0,0,0,0,0,0,0,0,0
AB,1,1530,2017,0,1,0,0,0,0,0,0,0,0,0,0,0,0,0
AB,1,1530,2018,1,5,0,0,2,2,0,0,0,0,0,0,0,0,0
AB,1,1530,2019,0,2,0,0,0,2,0,0,0,0,0,0,0,0,0
AB,1,1530,2021,3,3,0,0,1,2,0,0,0,0,0,0,0,0,0
AB,1,1530,2022,0,3,0,0,0,0,0,0,0,0,0,0,0,0,0
AB,1,1530,2023,0,0,0,0,1,0,0,0,0,0,0,0,0,0,0
AB,1,1530,2024,0,1,0,0,0,1,0,0,0,0,0,0,0,0,1
AB,1,1550,1979,0,2,0,0,0,0,0,0,0,0,0,0,0,0,0
AB,1,1650,1982,0,0,0,0,0,0,0,1,0,0,0,0,0,0,0
AB,1,1650,1987,0,1,0,0,0,0,0,0,0,0,0,0,0,0,0
AB,1,1670,1977,0,0,0,0,0,0,0,0,0,0,0,0,0,0,1
AB,1,1670,1980,0,0,0,0,0,0,0,1,0,0,0,0,0,0,0
AB,1,1670,1981,0,0,0,0,0,0,0,1,0,0,0,0,0,0,0
AB,1,1670,1982,0,0,0,0,0,0,0,1,0,0,0,0,0,0,0
AB,1,1670,1983,0,0,0,0,0,0,0,1,0,0,0,0,0,0,0
AB,1,1670,1986,0,0,0,0,0,0,0,3,0,0,0,0,0,0,0
AB,1,1670,1987,0,0,0,0,0,0,0,2,0,0,0,0,0,0,0
AB,1,1670,1990,1,0,0,0,0,0,0,0,0,0,0,0,0,0,0
AB,1,1670,1991,0,0,0,0,0,0,0,1,0,0,0,0,0,0,0
AB,1,1670,1992,0,0,0,0,0,0,0,3,0,0,0,0,0,0,0
AB,1,1670,1993,0,0,0,0,0,1,0,0,0,0,0,0,0,0,0
AB,1,1670,1996,0,0,0,1,0,0,0,0,0,0,0,0,0,0,0
AB,1,1670,2006,0,0,0,1,0,0,0,1,0,0,0,0,0,0,0
AB,1,1670,2010,0,0,0,0,0,0,0,1,0,0,0,0,0,0,0
AB,1,1670,2014,0,0,0,1,0,0,0,0,0,0,0,0,0,0,0
AB,1,1670,2018,0,0,0,0,0,0,0,1,0,0,0,0,0,0,0
AB,1,1670,2024,0,0,0,0,0,0,0,2,0,0,0,0,0,0,0
AB,1,1692,1976,0,0,0,34,0,0,0,70,0,0,0,0,0,0,2
AB,1,1692,1977,0,0,0,50,0,0,0,42,0,0,0,0,0,0,19
AB,1,1692,1978,0,0,0,48,0,0,0,21,0,0,0,0,0,0,0
AB,1,1692,1979,0,0,0,31,0,0,0,5,0,0,0,0,0,0,2
AB,1,1692,1980,0,0,0,6,0,0,0,14,0,0,0,0,0,0,3
AB,1,1692,1981,0,0,0,15,0,0,0,14,0,0,0,0,0,0,2
AB,1,1692,1982,0,0,0,3,0,0,0,2,0,0,0,0,0,0,3
AB,1,1692,1983,0,0,0,7,0,0,0,11,0,0,0,0,0,0,0
AB,1,1692,1984,0,0,0,23,0,0,0,18,0,0,0,0,0,0,0
AB,1,1692,1985,0,0,0,20,0,0,0,27,0,0,0,0,0,0,0
AB,1,1692,1986,0,0,0,23,0,0,0,4,0,0,0,0,0,0,0
AB,1,1692,1987,0,0,0,13,0,0,0,9,0,0,0,0,0,0,0
AB,1,1692,1988,0,0,0,9,0,0,0,17,0,0,0,0,0,0,0
AB,1,1692,1989,0,0,0,32,0,0,0,14,0,0,0,0,0,0,0
AB,1,1692,1990,0,0,0,15,0,0,0,10,0,0,0,0,0,0,0
AB,1,1692,1991,0,0,0,29,0,0,0,2,0,0,0,0,0,0,0
AB,1,1692,1992,0,0,0,25,0,0,0,8,0,0,0,0,0,0,0
AB,1,1692,1993,0,0,0,10,0,0,0,28,0,0,0,0,0,0,0
AB,1,1692,1994,0,0,0,30,0,0,0,10,0,0,0,0,0,0,0
AB,1,1692,1995,0,1,0,11,0,0,0,4,0,0,0,0,0,0,0
AB,1,1692,1996,0,0,0,7,0,0,0,3,0,0,0,0,0,0,0
AB,1,1692,1997,0,0,0,33,0,0,0,3,0,0,0,0,0,0,0
AB,1,1692,1998,0,0,0,20,0,0,0,22,0,0,0,0,0,0,0
AB,1,1692,1999,0,0,0,20,0,0,0,7,0,0,0,0,0,0,1
AB,1,1692,2000,0,0,0,11,0,0,0,4,0,0,0,0,0,0,0
AB,1,1692,2001,0,0,0,34,0,0,0,3,0,0,0,0,0,0,0
AB,1,1692,2002,0,0,0,33,0,0,0,4,0,0,0,0,0,0,1
AB,1,1692,2003,0,0,0,2,0,0,0,2,0,0,0,0,0,0,0
AB,1,1692,2004,0,0,0,3,0,0,0,2,0,0,0,0,0,0,0
AB,1,1692,2005,0,0,0,6,0,0,0,7,0,0,0,0,0,0,0
AB,1,1692,2006,0,0,0,25,0,0,0,10,0,0,0,0,0,0,0
AB,1,1692,2007,0,0,0,33,0,0,0,7,0,0,0,0,0,0,0
AB,1,1692,2008,0,0,0,29,0,0,0,1,0,0,0,0,0,0,0
AB,1,1692,2009,0,0,0,15,0,0,0,7,0,0,0,0,0,0,0
AB,1,1692,2010,0,0,0,23,0,0,0,11,0,0,0,0,0,0,0
AB,1,1692,2011,0,0,0,12,0,0,0,11,0,0,0,0,0,0,0
AB,1,1692,2012,0,0,0,5,0,0,0,7,0,0,0,0,0,0,0
AB,1,1692,2013,0,0,0,16,0,0,0,5,0,0,0,0,0,0,0
AB,1,1692,2014,0,0,0,20,0,0,0,23,0,0,0,0,0,0,0
AB,1,1692,2015,0,0,0,40,0,0,0,15,0,0,0,0,0,0,0
AB,1,1692,2016,0,0,0,5,0,0,0,2,0,0,0,0,0,0,0
AB,1,1692,2017,0,0,0,14,0,0,0,4,0,0,0,0,0,0,0
AB,1,1692,2018,0,0,0,46,0,0,0,8,0,0,0,0,0,0,0
AB,1,1692,2019,0,0,0,19,0,0,0,28,0,0,0,0,0,0,0
AB,1,1692,2020,0,0,0,8,0,0,0,5,0,0,0,0,0,0,0
AB,1,1692,2021,0,0,0,7,0,0,0,17,0,0,0,0,0,0,0
AB,1,1692,2022,0,0,0,5,0,0,0,8,0,0,0,0,0,0,0
AB,1,1692,2023,0,1,0,7,0,0,0,20,0,0,0,0,0,0,0
AB,1,1692,2024,0,0,0,6,0,0,0,11,0,0,0,0,0,0,0
AB,1,1693,1984,0,0,0,1,0,0,0,0,0,0,0,0,0,0,0
AB,1,1693,1986,0,1,0,1,0,0,0,2,0,0,0,0,0,0,0
AB,1,1693,1988,0,0,0,0,0,0,0,1,0,0,0,0,0,0,0
AB,1,1693,1990,0,0,0,1,0,0,0,0,0,0,0,0,0,0,0
AB,1,1693,1991,0,0,0,1,0,0,0,0,0,0,0,0,0,0,0
AB,1,1693,1993,0,0,0,2,0,0,0,5,0,0,0,0,0,0,0
AB,1,1693,1994,0,0,0,1,0,0,0,0,0,0,0,0,0,0,0
AB,1,1693,1996,0,0,0,0,0,0,0,3,0,0,0,0,0,0,0
AB,1,1693,1997,0,0,0,6,0,0,0,0,0,0,0,0,0,0,0
AB,1,1693,2000,0,0,0,0,0,0,0,1,0,0,0,0,0,0,0
AB,1,1693,2001,0,0,0,1,0,0,0,0,0,0,0,0,0,0,0
AB,1,1693,2002,0,0,0,1,0,0,0,0,0,0,0,0,0,0,0
AB,1,1693,2004,0,0,0,1,0,0,0,0,0,0,0,0,0,0,0
AB,1,1693,2006,0,0,0,1,0,0,0,2,0,0,0,0,0,0,0
AB,1,1693,2008,0,0,0,1,0,0,0,0,0,0,0,0,0,0,0
AB,1,1693,2009,0,0,0,3,0,0,0,0,0,0,0,0,0,0,0
AB,1,1693,2011,0,0,0,1,0,0,0,0,0,0,0,0,0,0,0
AB,1,1693,2012,0,0,0,2,0,0,0,1,0,0,0,0,0,0,0
AB,1,1693,2013,0,0,0,1,0,0,0,5,0,0,0,0,0,0,0
AB,1,1693,2014,0,0,0,2,0,0,0,8,0,0,0,0,0,0,0
AB,1,1693,2015,0,0,0,4,0,0,0,3,0,0,0,0,0,0,0
AB,1,1693,2016,0,0,0,1,0,0,0,0,0,0,0,0,0,0,0
AB,1,1693,2018,0,0,0,1,0,0,0,0,0,0,0,0,0,0,0
AB,1,1693,2021,0,0,0,1,0,0,0,1,0,0,0,0,0,0,0
AB,1,1693,2022,0,0,0,0,0,0,0,1,0,0,0,0,0,0,0
AB,1,1700,1976,0,0,0,0,0,0,0,4,0,0,0,0,0,0,1
AB,1,1700,1977,0,0,0,1,0,0,0,8,0,0,0,0,0,0,1
AB,1,1700,1978,0,0,0,3,0,0,0,0,0,0,0,0,0,0,0
AB,1,1700,1979,0,0,0,1,0,0,0,2,0,0,0,0,0,0,2
AB,1,1700,1980,0,0,0,1,0,0,0,1,0,0,0,0,0,0,0
AB,1,1700,1982,0,0,0,0,0,0,0,1,0,0,0,0,0,0,0
AB,1,1700,1984,0,0,0,2,0,0,0,4,0,0,0,0,0,0,0
AB,1,1700,1985,0,0,0,1,0,0,0,3,0,0,0,0,0,0,0
AB,1,1700,1986,0,0,0,5,0,0,0,10,0,0,0,0,0,0,0
AB,1,1700,1987,0,0,0,2,0,0,0,0,0,0,0,0,0,0,0
AB,1,1700,1988,0,0,0,5,0,0,0,1,0,0,0,0,0,0,0
AB,1,1700,1989,0,0,0,4,0,0,0,4,0,0,0,0,0,0,0
AB,1,1700,1990,0,0,0,1,0,0,0,4,0,0,0,0,0,0,0
AB,1,1700,1991,0,0,0,3,0,0,0,1,0,0,0,0,0,0,1
AB,1,1700,1992,0,0,0,2,0,0,0,3,0,0,0,0,0,0,0
AB,1,1700,1993,0,0,0,3,0,0,0,10,0,0,0,0,0,0,0
AB,1,1700,1994,0,0,0,12,0,0,0,7,0,0,0,0,0,0,0
AB,1,1700,1995,0,0,0,1,0,0,0,0,0,0,0,0,0,0,0
AB,1,1700,1996,0,0,0,1,0,0,0,2,0,0,0,0,0,0,0
AB,1,1700,1997,0,0,0,16,0,0,0,8,0,0,0,0,0,0,0
AB,1,1700,1998,0,0,0,1,0,0,0,3,0,0,0,0,0,0,0
AB,1,1700,1999,0,0,0,1,0,0,0,2,0,0,0,0,0,0,0
AB,1,1700,2001,0,0,0,2,0,0,0,15,0,0,0,0,0,0,0
AB,1,1700,2002,0,0,0,3,0,0,0,1,0,0,0,0,0,0,0
AB,1,1700,2004,0,0,0,1,0,0,0,1,0,0,0,0,0,0,0
AB,1,1700,2005,0,0,0,4,0,0,0,0,0,0,0,0,0,0,0
AB,1,1700,2006,0,0,0,1,0,0,0,4,0,0,0,0,0,0,0
AB,1,1700,2007,0,0,0,1,0,0,0,2,0,0,0,0,0,0,0
AB,1,1700,2008,0,0,0,2,0,0,0,7,0,0,0,0,0,0,0
AB,1,1700,2010,0,0,0,8,0,0,0,4,0,0,0,0,0,0,0
AB,1,1700,2011,0,0,0,1,0,0,0,2,0,0,0,0,0,0,0
AB,1,1700,2014,0,0,0,1,0,0,0,1,0,0,0,0,0,0,0
AB,1,1700,2015,0,0,0,0,0,0,0,1,0,0,0,0,0,0,0
AB,1,1700,2016,0,0,0,0,0,0,0,5,0,0,0,0,0,0,0
AB,1,1700,2017,0,0,0,0,0,0,0,4,0,0,0,0,0,0,0
AB,1,1700,2018,0,0,0,4,0,0,0,0,0,0,0,0,0,0,0
AB,1,1700,2019,0,0,0,0,0,0,0,1,0,0,0,0,0,0,0
AB,1,1700,2020,0,0,0,0,0,0,0,3,0,0,0,0,0,0,0
AB,1,1700,2021,0,0,0,0,0,0,0,1,0,0,0,0,0,0,0
AB,1,1700,2022,0,0,0,0,0,0,0,5,0,0,0,0,0,0,0
AB,1,1700,2023,0,0,0,0,0,0,0,1,0,0,0,0,0,0,0
AB,1,1700,2024,0,0,0,3,0,0,0,2,0,0,0,0,0,0,0
AB,1,1710,1976,0,0,0,22,0,0,0,18,0,0,0,0,0,0,1
AB,1,1710,1977,0,0,0,23,0,0,0,25,0,0,0,0,0,0,9
AB,1,1710,1978,0,0,0,12,0,0,0,11,0,0,0,0,0,0,1
AB,1,1710,1979,0,0,0,26,0,0,0,19,0,0,0,0,0,0,3
AB,1,1710,1980,0,0,0,20,0,0,0,20,0,0,0,0,0,0,14
AB,1,1710,1981,0,0,0,18,0,0,0,13,0,0,0,0,0,0,2
AB,1,1710,1982,0,0,0,4,0,0,0,2,0,0,0,0,0,0,1
AB,1,1710,1983,0,0,0,13,0,0,0,6,0,0,0,0,0,0,0
AB,1,1710,1984,0,0,0,18,0,0,0,14,0,0,0,0,0,0,2
AB,1,1710,1985,0,0,0,22,0,0,0,23,0,0,0,0,0,0,0
AB,1,1710,1986,0,0,0,68,0,0,0,31,0,0,0,0,0,0,1
AB,1,1710,1987,0,0,0,36,0,0,0,23,0,0,0,0,0,0,0
AB,1,1710,1988,0,0,0,23,0,0,0,18,0,0,0,0,0,0,0
AB,1,1710,1989,0,0,0,53,0,0,0,28,0,0,0,0,0,0,0
AB,1,1710,1990,0,0,0,41,0,0,0,14,0,0,0,0,0,0,0
AB,1,1710,1991,0,0,0,46,0,0,0,15,0,0,0,0,0,0,0
AB,1,1710,1992,0,0,0,51,0,0,0,10,0,0,0,0,0,0,0
AB,1,1710,1993,0,0,0,37,0,0,0,53,0,0,0,0,0,0,0
AB,1,1710,1994,0,0,0,45,0,0,0,17,0,0,0,0,0,0,0
AB,1,1710,1995,0,0,0,22,1,0,0,17,0,0,0,0,0,0,0
AB,1,1710,1996,0,0,0,33,0,0,0,16,0,0,0,0,0,0,0
AB,1,1710,1997,0,0,0,55,0,0,0,28,0,0,0,0,0,0,5
AB,1,1710,1998,0,0,0,50,0,0,0,42,0,0,0,0,0,0,0
AB,1,1710,1999,0,0,0,28,0,1,0,16,0,0,0,0,0,0,0
AB,1,1710,2000,0,0,0,49,0,0,0,22,0,0,0,0,0,0,0
AB,1,1710,2001,0,0,0,60,0,0,0,20,0,0,0,0,0,0,0
AB,1,1710,2002,0,0,0,17,0,0,0,10,0,0,0,0,0,0,0
AB,1,1710,2003,0,0,0,18,0,0,0,12,0,0,0,0,0,0,0
AB,1,1710,2004,0,0,0,11,0,0,0,5,0,0,0,0,0,0,0
AB,1,1710,2005,0,0,0,17,0,0,0,12,0,0,0,0,0,0,0
AB,1,1710,2006,0,0,0,19,0,0,0,20,0,0,0,0,0,0,1
AB,1,1710,2007,0,0,0,32,0,0,0,15,0,0,0,0,0,0,0
AB,1,1710,2008,0,0,0,37,0,0,0,23,0,0,0,0,0,0,1
AB,1,1710,2009,0,0,0,25,0,0,0,5,0,0,0,0,0,0,0
AB,1,1710,2010,0,0,0,35,0,0,0,19,0,0,0,0,0,0,0
AB,1,1710,2011,0,0,0,77,0,0,0,22,0,0,0,0,0,0,0
AB,1,1710,2012,0,0,0,36,0,0,0,15,0,0,0,0,0,0,0
AB,1,1710,2013,0,0,0,46,0,0,0,9,0,1,0,0,0,0,0
AB,1,1710,2014,0,0,0,46,0,0,0,27,0,0,0,0,0,0,0
AB,1,1710,2015,0,0,0,38,1,0,0,16,0,0,0,0,0,0,2
AB,1,1710,2016,0,0,0,6,0,0,0,19,0,0,0,0,0,0,0
AB,1,1710,2017,0,0,0,33,0,0,0,12,0,0,0,0,0,0,2
AB,1,1710,2018,0,0,0,45,0,0,0,14,0,0,0,0,0,0,0
AB,1,1710,2019,0,0,0,22,0,0,0,10,0,0,0,0,0,0,0
AB,1,1710,2020,0,0,0,30,0,0,0,5,0,0,0,0,0,0,0
AB,1,1710,2021,0,1,0,8,0,0,0,9,0,0,0,0,0,0,0
AB,1,1710,2022,0,0,0,31,0,0,0,12,0,0,0,0,0,0,0
AB,1,1710,2023,0,0,0,34,0,0,0,12,0,0,0,0,0,0,0
AB,1,1710,2024,0,0,0,17,0,0,0,9,0,0,0,0,0,0,0
AB,1,1721,1976,0,0,0,26,0,0,0,31,0,0,0,0,0,0,1
AB,1,1721,1977,0,0,0,31,0,0,0,26,0,0,0,0,0,0,6
AB,1,1721,1978,0,0,0,14,0,0,0,16,0,0,0,0,0,0,5
AB,1,1721,1979,0,0,0,24,0,0,0,35,0,0,0,0,0,0,5
AB,1,1721,1980,0,0,0,18,0,0,0,20,0,0,0,0,0,0,5
AB,1,1721,1981,0,0,0,16,0,0,0,16,0,0,0,0,0,0,12
AB,1,1721,1982,0,0,0,18,0,0,0,9,0,0,0,0,0,0,4
AB,1,1721,1983,0,0,0,14,0,0,0,24,0,0,0,0,0,0,0
AB,1,1721,1984,0,0,0,39,0,0,0,43,0,0,0,0,0,0,1
AB,1,1721,1985,0,0,0,41,0,0,0,41,0,0,0,0,0,0,0
AB,1,1721,1986,0,0,0,32,0,0,0,15,0,0,0,0,0,0,0
AB,1,1721,1987,0,0,0,45,0,0,0,31,0,0,0,0,0,0,0
AB,1,1721,1988,0,0,0,39,0,0,0,32,0,0,0,0,0,0,0
AB,1,1721,1989,0,0,0,73,0,0,0,61,0,0,0,0,0,0,2
AB,1,1721,1990,0,0,0,40,0,0,0,35,0,0,0,0,0,0,0
AB,1,1721,1991,0,0,0,61,0,0,0,27,0,0,0,0,0,0,0
AB,1,1721,1992,0,0,0,81,0,0,0,45,0,0,0,0,0,0,0
AB,1,1721,1993,0,0,0,43,0,0,0,37,0,0,0,0,0,0,0
AB,1,1721,1994,0,0,0,63,0,0,0,38,0,0,0,0,0,0,0
AB,1,1721,1995,0,0,0,16,0,0,0,23,0,0,0,0,0,0,0
AB,1,1721,1996,0,1,0,32,0,0,0,31,0,0,0,0,0,0,0
AB,1,1721,1997,0,0,0,50,0,0,0,19,0,0,0,0,0,0,0
AB,1,1721,1998,0,0,0,20,0,0,0,24,0,0,0,0,0,0,0
AB,1,1721,1999,0,0,0,18,0,0,0,12,0,0,0,0,0,0,0
AB,1,1721,2000,0,0,0,33,0,0,0,31,0,0,0,0,0,0,0
AB,1,1721,2001,0,0,0,33,0,0,0,13,0,0,0,0,0,0,0
AB,1,1721,2002,0,0,0,17,0,0,0,7,0,0,0,0,0,0,0
AB,1,1721,2003,0,0,0,16,0,0,0,23,0,0,0,0,0,0,0
AB,1,1721,2004,0,0,0,14,0,0,0,10,0,0,0,0,0,0,0
AB,1,1721,2005,0,0,0,13,0,0,0,9,0,0,0,0,0,0,0
AB,1,1721,2006,0,0,0,20,0,0,0,17,0,0,0,0,0,0,2
AB,1,1721,2007,0,0,0,5,0,0,0,10,0,0,0,0,0,0,0
AB,1,1721,2008,0,0,0,24,0,0,0,31,0,0,1,0,0,0,1
AB,1,1721,2009,0,0,0,22,0,0,0,4,0,0,0,0,0,0,0
AB,1,1721,2010,0,0,0,18,0,0,0,14,0,3,0,0,0,0,0
AB,1,1721,2011,0,0,0,22,0,0,0,11,0,0,0,0,0,0,0
AB,1,1721,2012,0,0,0,10,0,0,0,3,0,0,0,0,0,0,0
AB,1,1721,2013,0,0,0,5,0,0,0,6,0,0,0,0,0,0,0
AB,1,1721,2014,0,0,0,11,0,0,0,8,0,0,0,0,0,0,0
AB,1,1721,2015,0,0,0,12,0,0,0,11,0,0,0,0,0,0,0
AB,1,1721,2016,0,0,0,9,0,0,0,4,0,0,0,0,0,0,0
AB,1,1721,2017,0,0,0,9,0,0,0,15,0,0,0,0,0,0,0
AB,1,1721,2018,0,0,0,10,0,0,0,1,0,0,0,0,0,0,0
AB,1,1721,2019,0,0,0,3,0,0,0,3,0,0,0,0,0,0,0
AB,1,1721,2020,0,0,0,18,0,0,0,7,0,0,0,0,0,0,0
AB,1,1721,2021,0,0,0,8,0,0,0,0,0,0,0,0,0,0,0
AB,1,1721,2022,0,0,0,17,0,0,0,1,0,0,0,0,0,0,0
AB,1,1721,2023,0,0,0,11,0,0,0,10,0,0,0,0,0,0,0
AB,1,1721,2024,0,0,0,14,0,0,0,10,0,0,0,0,0,0,0
AB,1,1722,1976,0,0,0,98,0,0,0,21,0,0,0,0,0,0,7
AB,1,1722,1977,0,0,0,82,0,0,0,14,0,0,0,0,0,0,30
AB,1,1722,1978,0,0,0,80,0,0,0,9,0,0,0,0,0,0,4
AB,1,1722,1979,0,0,0,95,0,0,0,16,0,0,0,0,0,0,12
AB,1,1722,1980,0,0,0,101,0,0,0,11,0,0,0,0,0,0,17
AB,1,1722,1981,0,0,0,113,0,0,0,16,0,0,0,0,0,0,10
AB,1,1722,1982,0,0,0,49,0,0,0,7,0,0,0,0,0,0,11
AB,1,1722,1983,0,0,0,100,0,0,0,10,0,0,0,0,0,0,3
AB,1,1722,1984,0,0,0,182,0,0,0,10,0,0,0,0,0,0,1
AB,1,1722,1985,0,0,0,186,0,0,0,36,0,0,0,0,0,0,1
AB,1,1722,1986,0,0,0,152,0,1,0,21,0,0,0,0,0,0,1
AB,1,1722,1987,0,0,0,223,0,2,0,38,0,0,0,0,0,0,5
AB,1,1722,1988,0,0,0,190,0,0,0,29,0,0,0,0,0,0,0
AB,1,1722,1989,0,0,0,305,0,0,0,33,0,0,0,0,0,0,0
AB,1,1722,1990,0,0,0,296,0,0,0,31,0,0,0,0,0,0,1
AB,1,1722,1991,0,0,0,283,0,0,0,20,0,0,0,0,0,0,1
AB,1,1722,1992,0,0,0,348,0,0,0,43,0,0,0,0,0,0,1
AB,1,1722,1993,0,1,0,331,0,0,0,44,0,0,0,0,0,0,0
AB,1,1722,1994,0,0,0,368,0,0,0,35,0,0,0,0,0,0,0
AB,1,1722,1995,0,0,0,201,0,0,0,19,0,0,0,0,0,0,0
AB,1,1722,1996,0,2,0,322,0,0,0,47,0,0,0,0,0,0,0
AB,1,1722,1997,0,1,0,357,0,0,0,48,0,0,0,0,0,0,0
AB,1,1722,1998,0,2,0,303,0,1,0,40,0,0,0,0,0,0,2
AB,1,1722,1999,0,0,0,334,0,0,0,31,0,0,0,0,0,0,6
AB,1,1722,2000,0,0,0,227,0,0,0,32,0,0,0,0,0,0,0
AB,1,1722,2001,0,0,0,287,0,0,0,13,0,0,0,0,0,0,0
AB,1,1722,2002,0,1,0,232,0,0,0,18,0,0,0,0,0,0,1
AB,1,1722,2003,0,0,0,149,0,0,0,65,0,0,0,0,0,0,1
AB,1,1722,2004,0,0,0,159,0,0,0,34,0,0,0,0,0,0,0
AB,1,1722,2005,0,0,0,178,0,0,0,48,0,0,0,0,0,0,1
AB,1,1722,2006,0,0,0,166,0,0,0,39,0,0,0,0,0,0,2
AB,1,1722,2007,0,0,0,150,0,0,0,31,0,0,0,0,0,0,0
AB,1,1722,2008,0,0,0,207,0,0,0,64,0,0,1,0,0,0,2
AB,1,1722,2009,0,0,0,134,0,0,0,25,0,0,0,0,0,0,2
AB,1,1722,2010,0,0,0,141,0,0,0,48,0,12,0,0,0,0,2
AB,1,1722,2011,0,0,3,130,0,0,0,18,0,0,0,0,0,0,1
AB,1,1722,2012,0,0,2,109,0,0,0,5,0,0,0,0,0,0,0
AB,1,1722,2013,0,0,0,109,0,0,0,14,0,0,0,0,0,0,0
AB,1,1722,2014,0,0,1,132,0,0,0,8,0,0,0,0,0,0,0
AB,1,1722,2015,0,0,1,85,0,0,0,8,0,0,0,0,0,0,2
AB,1,1722,2016,0,0,0,95,0,0,0,8,0,0,0,0,0,0,0
AB,1,1722,2017,0,0,0,97,0,0,0,6,0,8,0,0,0,0,0
AB,1,1722,2018,0,0,0,173,0,0,0,12,0,1,0,0,0,0,0
AB,1,1722,2019,0,0,0,176,0,0,0,54,0,0,0,0,0,0,2
AB,1,1722,2020,0,0,1,149,0,0,0,6,0,14,0,0,0,0,0
AB,1,1722,2021,0,0,0,116,0,0,0,11,0,2,0,0,0,0,4
AB,1,1722,2022,0,0,0,63,0,0,0,0,0,0,0,0,0,0,0
AB,1,1722,2023,0,0,0,130,0,0,0,18,0,2,0,0,0,0,0
AB,1,1722,2024,0,0,0,98,0,0,0,1,0,4,0,0,0,0,0
AB,1,2210,2006,0,0,0,0,0,0,0,0,0,0,0,0,0,0,1
AB,1,2210,2013,0,0,0,0,0,0,0,0,0,0,0,0,0,0,3
AB,1,2210,2021,0,0,0,0,0,0,0,0,0,0,0,0,0,0,2
AB,1,2280,2010,0,0,0,0,1,0,0,0,0,0,0,0,0,0,0
AB,1,2300,2011,0,0,0,0,0,0,0,0,0,0,0,0,0,0,10
AB,1,2300,2012,0,0,0,0,0,0,0,0,0,4,0,0,0,0,0
AB,1,2300,2023,0,0,0,0,0,0,0,0,0,0,0,0,0,0,4
AB,2,300,2020,0,0,0,1,0,0,0,0,0,0,0,0,0,0,0
AB,2,1290,1979,0,0,0,0,0,0,0,1,0,0,0,0,0,0,0
AB,2,1290,1981,0,0,0,0,0,0,0,0,0,0,0,0,0,0,2
AB,2,1290,1990,0,1,0,0,0,0,0,0,0,0,0,0,0,0,0
AB,2,1290,2006,0,0,0,0,0,1,0,0,0,0,0,0,0,0,0
AB,2,1290,2019,0,1,0,0,0,0,0,0,0,0,0,0,0,0,0
AB,2,1300,1996,0,1,0,0,0,0,0,0,0,0,0,0,0,0,0
AB,2,1300,1998,0,0,0,0,0,0,0,0,0,0,0,0,0,0,1
AB,2,1300,2006,0,0,0,0,0,0,0,1,0,0,0,0,0,0,0
AB,2,1300,2020,0,0,0,0,0,0,0,1,0,0,0,0,0,0,0
AB,2,1310,1987,0,1,0,0,0,0,0,0,0,0,0,0,0,0,0
AB,2,1310,2000,1,0,0,0,0,0,0,0,0,0,0,0,0,0,0
AB,2,1310,2002,1,0,0,0,0,0,0,0,0,0,0,0,0,0,0
AB,2,1310,2004,0,0,0,0,0,0,0,1,0,0,0,0,0,0,0
AB,2,1310,2005,0,0,0,0,0,0,0,1,0,0,0,0,0,0,0
AB,2,1310,2007,2,0,0,0,0,0,0,0,0,0,0,0,0,0,0
AB,2,1310,2008,0,1,0,0,0,0,0,0,0,0,0,0,0,0,0
AB,2,1310,2009,0,0,0,0,0,0,0,1,0,0,0,0,0,0,0
AB,2,1310,2015,1,0,0,0,0,0,0,2,0,0,0,0,0,0,0
AB,2,1310,2016,0,1,0,0,0,0,0,3,0,0,0,0,0,0,0
AB,2,1310,2018,0,0,0,0,1,0,0,0,0,0,0,0,0,0,0
AB,2,1320,1976,147,174,0,0,386,548,0,9,0,0,0,4,2,0,159
AB,2,1320,1977,128,239,0,0,359,419,0,9,0,0,0,1,4,0,273
AB,2,1320,1978,74,161,0,2,236,291,0,8,0,0,0,3,5,0,91
AB,2,1320,1979,135,252,0,1,381,418,0,6,0,0,0,11,12,0,172
AB,2,1320,1980,120,234,0,2,236,255,0,10,0,0,0,12,14,0,205
AB,2,1320,1981,85,219,0,3,153,178,0,10,0,0,0,2,5,0,141
AB,2,1320,1982,33,86,0,1,91,105,0,0,0,0,0,3,2,0,77
AB,2,1320,1983,74,161,0,1,249,285,0,16,0,0,0,1,4,0,10
AB,2,1320,1984,56,128,0,3,115,180,0,6,0,0,0,0,1,0,15
AB,2,1320,1985,29,77,0,0,132,170,0,6,0,0,0,0,0,0,0
AB,2,1320,1986,43,97,0,0,177,223,0,3,0,0,0,0,1,0,5
AB,2,1320,1987,57,169,0,2,176,241,0,7,0,0,0,0,4,0,5
AB,2,1320,1988,46,184,0,2,56,86,0,4,0,0,0,0,0,0,0
AB,2,1320,1989,80,195,0,2,148,227,0,5,0,0,0,0,2,0,2
AB,2,1320,1990,66,156,0,0,125,157,0,0,0,0,0,0,1,0,2
AB,2,1320,1991,20,56,0,1,75,116,0,5,0,0,0,0,0,0,8
AB,2,1320,1992,45,121,0,1,74,115,0,5,0,0,0,1,0,0,8
AB,2,1320,1993,27,104,0,1,60,94,0,0,0,0,0,0,0,0,0
AB,2,1320,1994,32,106,0,1,117,203,0,3,0,0,0,2,0,0,4
AB,2,1320,1995,30,92,0,0,62,109,0,1,0,0,0,0,0,0,6
AB,2,1320,1996,41,142,0,0,154,217,0,0,0,0,0,0,1,0,5
AB,2,1320,1997,50,141,0,1,266,397,0,14,0,0,0,6,5,0,11
AB,2,1320,1998,77,182,0,0,190,237,0,10,0,0,0,2,0,0,3
AB,2,1320,1999,93,155,0,0,120,171,0,0,0,0,0,1,2,0,4
AB,2,1320,2000,66,179,0,1,88,114,0,0,0,0,0,1,1,0,3
AB,2,1320,2001,50,148,0,3,128,190,0,0,0,0,0,0,2,0,1
AB,2,1320,2002,46,85,0,3,83,126,0,5,0,0,0,0,1,0,1
AB,2,1320,2003,30,102,0,0,100,145,0,2,0,0,0,0,0,0,2
AB,2,1320,2004,29,106,0,0,103,117,0,3,0,0,0,0,0,0,1
AB,2,1320,2005,14,50,0,0,66,93,0,1,0,0,0,1,1,0,1
AB,2,1320,2006,24,52,0,0,74,95,0,0,0,0,0,0,0,0,1
AB,2,1320,2007,46,120,0,1,108,172,0,0,0,0,0,1,0,0,2
AB,2,1320,2008,43,146,0,1,110,139,0,3,0,1,0,0,0,0,0
AB,2,1320,2009,21,26,0,1,53,59,0,2,0,0,0,0,0,0,1
AB,2,1320,2010,10,37,0,0,42,68,0,3,0,0,0,0,0,0,0
AB,2,1320,2011,13,56,0,0,67,121,0,3,0,0,0,0,0,0,1
AB,2,1320,2012,20,65,0,0,49,70,0,1,0,0,0,0,0,0,2
AB,2,1320,2013,16,66,0,0,54,86,0,3,0,0,0,0,1,0,2
AB,2,1320,2014,10,32,0,0,63,87,0,0,0,0,0,0,0,0,0
AB,2,1320,2015,18,24,0,0,66,81,0,0,0,0,0,0,0,0,0
AB,2,1320,2016,8,40,0,0,56,63,0,1,0,0,0,0,0,0,2
AB,2,1320,2017,23,71,0,0,41,44,0,0,0,0,0,1,1,0,4
AB,2,1320,2018,7,32,0,0,43,53,0,0,0,0,0,0,0,0,1
AB,2,1320,2019,11,62,0,0,36,76,0,0,0,0,0,0,0,0,3
AB,2,1320,2020,10,32,0,0,35,70,0,0,0,0,0,0,0,0,1
AB,2,1320,2021,9,38,0,0,35,59,0,0,0,0,0,0,0,0,0
AB,2,1320,2022,14,60,0,0,25,55,0,0,0,0,0,0,0,0,0
AB,2,1320,2023,9,78,0,0,38,57,0,0,0,0,0,0,0,0,14
AB,2,1320,2024,7,6,0,0,21,26,0,0,0,0,0,0,0,0,0
AB,2,1321,1976,0,0,0,0,0,1,0,0,0,0,0,0,0,0,0
AB,2,1321,1984,0,0,0,0,0,1,0,0,0,0,0,0,0,0,0
AB,2,1321,1987,1,0,0,0,0,0,0,0,0,0,0,0,0,0,0
AB,2,1321,1988,1,0,0,0,0,0,0,0,0,0,0,0,0,0,0
AB,2,1321,1993,0,0,0,0,1,0,0,0,0,0,0,0,0,0,0
AB,2,1321,1994,1,0,0,0,0,1,0,0,0,0,0,0,0,0,0
AB,2,1321,1995,0,0,0,0,1,0,0,0,0,0,0,0,0,0,0
AB,2,1321,1996,1,0,0,0,1,0,0,0,0,0,0,0,0,0,0
AB,2,1321,1997,0,0,0,0,0,1,0,0,0,0,0,0,0,0,0
AB,2,1321,1998,0,0,0,0,1,0,0,0,0,0,0,0,0,0,0
AB,2,1321,2002,0,0,0,0,1,0,0,0,0,0,0,0,0,0,0
AB,2,1321,2022,0,0,0,0,0,1,0,0,0,0,0,0,0,0,0
AB,2,1330,1984,0,0,0,0,1,0,0,0,0,0,0,0,0,0,0
AB,2,1330,1986,0,0,0,0,0,1,0,0,0,0,0,0,0,0,0
AB,2,1330,1990,1,0,0,0,0,0,0,0,0,0,0,0,0,0,0
AB,2,1330,1991,0,0,0,0,4,0,0,0,0,0,0,0,0,0,0
AB,2,1330,1997,0,0,0,0,0,1,0,0,0,0,0,0,0,0,0
AB,2,1330,2002,0,1,0,0,0,0,0,0,0,0,0,0,0,0,0
AB,2,1350,1976,12,28,0,0,65,47,0,1,0,0,0,1,1,0,9
AB,2,1350,1977,8,47,0,0,20,30,0,0,0,0,0,0,0,0,18
AB,2,1350,1978,5,12,0,0,29,19,0,0,0,0,0,0,0,0,7
AB,2,1350,1979,4,17,0,0,18,19,0,0,0,0,0,0,1,0,14
AB,2,1350,1980,11,28,0,0,27,23,0,0,0,0,0,0,0,0,11
AB,2,1350,1981,2,16,0,0,0,23,0,0,0,0,0,0,0,0,3
AB,2,1350,1982,5,4,0,0,0,9,0,0,0,0,0,0,0,0,8
AB,2,1350,1983,5,14,0,0,10,14,0,0,0,0,0,0,0,0,1
AB,2,1350,1984,2,4,0,0,5,15,0,0,0,0,0,0,0,0,1
AB,2,1350,1985,9,7,0,0,21,9,0,0,0,0,0,0,0,0,0
AB,2,1350,1986,8,31,0,0,20,8,0,0,0,0,0,0,0,0,0
AB,2,1350,1987,23,18,0,0,26,15,0,0,0,0,0,0,0,0,1
AB,2,1350,1988,4,6,0,0,3,1,0,0,0,0,0,0,0,0,0
AB,2,1350,1989,11,6,0,0,19,15,0,0,0,0,0,0,0,0,1
AB,2,1350,1990,4,9,0,0,16,14,0,0,0,0,0,0,0,0,0
AB,2,1350,1991,3,8,0,0,10,8,0,1,0,0,0,0,0,0,1
AB,2,1350,1992,5,8,0,0,7,8,0,0,0,0,0,0,0,0,0
AB,2,1350,1993,4,8,0,0,5,7,0,0,0,0,0,0,0,0,0
AB,2,1350,1994,6,11,0,0,16,9,0,0,0,0,0,0,0,0,2
AB,2,1350,1995,1,4,0,0,7,8,0,0,0,0,0,0,0,0,0
AB,2,1350,1996,3,20,0,0,36,40,0,1,0,0,0,1,0,0,0
AB,2,1350,1997,12,20,0,0,43,24,0,0,0,0,0,0,1,0,0
AB,2,1350,1998,10,23,0,0,15,20,0,0,0,0,0,0,0,0,0
AB,2,1350,1999,6,14,0,0,22,11,0,0,0,0,0,0,0,0,1
AB,2,1350,2000,9,18,0,0,14,19,0,0,0,0,0,0,0,0,0
AB,2,1350,2001,4,13,0,0,10,11,0,0,0,0,0,0,0,0,0
AB,2,1350,2002,2,5,0,0,7,5,0,0,0,0,0,0,0,0,0
AB,2,1350,2003,3,11,0,0,19,19,0,0,0,0,0,1,0,0,0
AB,2,1350,2004,2,25,0,0,11,16,0,0,0,0,0,1,0,0,0
AB,2,1350,2005,1,13,0,0,12,20,0,0,0,0,0,0,0,0,0
AB,2,1350,2006,2,8,0,0,1,9,0,0,0,0,0,0,0,0,1
AB,2,1350,2007,8,13,0,0,16,26,0,0,0,0,0,0,0,0,0
AB,2,1350,2008,5,16,0,0,14,14,0,0,0,0,0,0,0,0,0
AB,2,1350,2009,2,11,0,0,1,4,0,0,0,0,0,0,0,0,0
AB,2,1350,2010,4,16,0,0,6,4,0,0,0,0,0,0,0,0,0
AB,2,1350,2011,1,3,0,0,2,4,0,0,0,0,0,0,0,0,0
AB,2,1350,2012,0,7,0,0,5,4,0,0,0,0,0,0,0,0,1
AB,2,1350,2013,2,3,0,0,6,7,0,0,0,0,0,1,0,0,1
AB,2,1350,2014,0,2,0,0,3,7,0,0,0,0,0,0,0,0,0
AB,2,1350,2015,3,5,0,0,15,16,0,0,0,0,0,0,0,0,0
AB,2,1350,2016,1,15,0,0,14,15,0,1,0,0,0,0,0,0,1
AB,2,1350,2017,5,9,0,0,8,11,0,0,0,0,0,0,0,0,3
AB,2,1350,2018,2,0,0,0,5,8,0,0,0,0,0,0,0,0,0
AB,2,1350,2019,2,2,0,0,0,0,0,0,0,0,0,0,0,0,0
AB,2,1350,2020,5,12,0,0,5,6,0,0,0,0,0,0,0,0,0
AB,2,1350,2021,4,21,0,0,8,8,0,0,0,0,0,0,0,0,1
AB,2,1350,2022,10,16,0,0,8,12,0,0,0,0,0,0,0,0,0
AB,2,1350,2023,5,15,0,0,8,7,0,0,0,0,0,0,0,0,0
AB,2,1350,2024,2,1,0,0,1,2,0,0,0,0,0,0,0,0,0
AB,2,1360,2000,0,1,0,0,0,0,0,0,0,0,0,0,0,0,0
AB,2,1370,1976,6,9,0,0,37,36,0,0,0,0,0,1,0,0,5
AB,2,1370,1977,9,14,0,0,40,43,0,0,0,0,0,0,0,0,44
AB,2,1370,1978,5,8,0,0,20,25,0,0,0,0,0,0,0,0,5
AB,2,1370,1979,4,6,0,0,20,17,0,0,0,0,0,0,0,0,10
AB,2,1370,1980,0,5,0,0,14,15,0,0,0,0,0,0,0,0,5
AB,2,1370,1981,2,5,0,1,11,18,0,0,0,0,0,0,0,0,5
AB,2,1370,1982,0,1,0,0,8,7,0,0,0,0,0,0,0,0,6
AB,2,1370,1983,2,4,0,0,11,12,0,0,0,0,0,1,0,0,0
AB,2,1370,1984,0,2,0,0,10,8,0,0,0,0,0,1,0,0,0
AB,2,1370,1985,0,0,0,0,12,15,0,0,0,0,0,0,0,0,0
AB,2,1370,1986,1,5,0,0,14,23,0,0,0,0,0,1,0,0,0
AB,2,1370,1987,3,2,0,0,9,13,0,0,0,0,0,1,0,0,1
AB,2,1370,1988,2,1,0,0,2,6,0,0,0,0,0,0,0,0,0
AB,2,1370,1989,4,0,0,0,7,15,0,0,0,0,0,0,0,0,0
AB,2,1370,1990,2,2,0,0,1,7,0,0,0,0,0,0,0,0,0
AB,2,1370,1991,1,3,0,0,0,4,0,0,0,0,0,0,0,0,1
AB,2,1370,1992,3,2,0,0,12,13,0,0,0,0,0,0,0,0,1
AB,2,1370,1993,0,7,0,0,5,9,0,0,0,0,0,0,0,0,0
AB,2,1370,1994,2,2,0,0,6,3,0,0,0,0,0,0,0,0,0
AB,2,1370,1995,1,0,0,0,2,5,0,0,0,0,0,0,0,0,0
AB,2,1370,1996,4,6,0,0,13,20,0,0,0,0,0,0,0,0,0
AB,2,1370,1997,7,4,0,0,9,9,0,0,0,0,0,0,0,0,0
AB,2,1370,1998,2,2,0,0,6,6,0,0,0,0,0,0,0,0,3
AB,2,1370,1999,4,6,0,0,9,13,0,0,0,0,0,0,0,0,0
AB,2,1370,2000,7,7,0,0,6,9,0,0,0,0,0,0,0,0,0
AB,2,1370,2001,5,8,0,0,7,11,0,0,0,0,0,0,0,0,0
AB,2,1370,2002,3,1,0,0,8,9,0,0,0,0,0,0,0,0,0
AB,2,1370,2003,4,8,0,0,11,7,0,0,0,0,0,0,0,0,0
AB,2,1370,2004,10,6,0,0,15,14,0,0,0,0,0,0,0,0,0
AB,2,1370,2005,2,3,0,0,7,10,0,0,0,0,0,0,0,0,0
AB,2,1370,2006,2,2,0,0,7,6,0,0,0,0,0,0,0,0,0
AB,2,1370,2007,2,2,0,0,13,8,0,0,0,0,0,0,0,0,0
AB,2,1370,2008,5,5,0,0,1,6,0,0,0,0,0,0,0,0,0
AB,2,1370,2009,5,7,0,0,2,12,0,0,0,0,0,0,0,0,0
AB,2,1370,2010,0,3,0,0,2,4,0,0,0,0,0,0,0,0,0
AB,2,1370,2011,0,5,0,0,5,5,0,0,0,0,0,0,0,0,0
AB,2,1370,2012,0,0,0,0,3,1,0,0,0,0,0,0,0,0,0
AB,2,1370,2013,0,0,0,0,3,1,0,0,0,0,0,0,0,0,0
AB,2,1370,2014,1,1,0,0,5,4,0,0,0,0,0,0,0,0,0
AB,2,1370,2015,2,3,0,0,2,5,0,0,0,0,0,0,0,0,0
AB,2,1370,2016,3,12,0,0,6,16,0,0,0,0,0,0,0,0,0
AB,2,1370,2017,1,5,0,0,9,10,0,1,0,0,0,0,0,0,0
AB,2,1370,2018,2,6,0,0,1,5,0,0,0,0,0,0,0,0,0
AB,2,1370,2019,0,5,0,0,0,1,0,0,0,0,0,0,0,0,0
AB,2,1370,2020,3,4,0,0,2,6,0,0,0,0,0,0,0,0,0
AB,2,1370,2021,1,5,0,0,12,7,0,0,0,0,0,0,0,0,0
AB,2,1370,2022,3,8,0,0,8,9,0,0,0,0,0,0,0,0,0
AB,2,1370,2023,0,4,0,0,5,7,0,0,0,0,0,0,0,0,0
AB,2,1370,2024,3,2,0,0,0,1,0,0,0,0,0,0,0,0,0
AB,2,1390,1976,4,0,0,0,15,28,0,2,0,0,0,0,0,0,9
AB,2,1390,1977,8,2,0,0,38,18,0,1,0,0,0,1,0,0,16
AB,2,1390,1978,3,1,0,0,15,14,0,0,0,0,0,0,0,0,6
AB,2,1390,1979,5,1,0,0,26,18,0,0,0,0,0,0,0,0,5
AB,2,1390,1980,1,0,0,0,6,6,0,0,0,0,0,1,1,0,3
AB,2,1390,1981,3,1,0,0,7,3,0,0,0,0,0,1,0,0,5
AB,2,1390,1982,3,2,0,0,2,3,0,0,0,0,0,0,0,0,2
AB,2,1390,1983,3,0,0,0,8,6,0,0,0,0,0,0,0,0,0
AB,2,1390,1984,2,0,0,0,2,3,0,0,0,0,0,1,0,0,1
AB,2,1390,1985,4,2,0,0,8,13,0,1,0,0,0,1,0,0,1
AB,2,1390,1986,7,0,0,0,8,10,0,2,0,0,0,0,0,0,1
AB,2,1390,1987,9,1,0,0,12,7,0,0,0,0,0,1,1,0,0
AB,2,1390,1988,0,1,0,0,3,2,0,0,0,0,0,0,0,0,0
AB,2,1390,1989,2,0,0,0,11,10,0,1,0,0,0,0,0,0,0
AB,2,1390,1990,3,0,0,0,9,4,0,0,0,0,0,0,0,0,0
AB,2,1390,1991,4,1,0,0,8,1,0,0,0,0,0,0,0,0,0
AB,2,1390,1992,3,1,0,0,12,11,0,0,0,0,0,0,0,0,0
AB,2,1390,1993,4,0,0,0,8,10,0,0,0,0,0,0,0,0,0
AB,2,1390,1994,1,0,0,0,9,3,0,0,0,0,0,1,0,0,0
AB,2,1390,1995,1,0,0,0,2,1,0,0,0,0,0,0,0,0,0
AB,2,1390,1996,1,2,0,0,12,7,0,0,0,0,0,0,0,0,1
AB,2,1390,1997,5,1,0,0,13,9,0,4,0,0,0,0,0,0,0
AB,2,1390,1998,1,0,0,0,13,7,0,0,0,0,0,0,0,0,0
AB,2,1390,1999,2,1,0,0,4,7,0,0,0,0,0,0,0,0,0
AB,2,1390,2000,1,1,0,0,4,5,0,0,0,0,0,0,0,0,0
AB,2,1390,2001,1,1,0,0,8,3,0,0,0,0,0,0,0,0,0
AB,2,1390,2002,1,2,0,0,11,8,0,0,0,0,0,0,0,0,0
AB,2,1390,2003,2,1,0,0,7,10,0,0,0,0,0,0,0,0,0
AB,2,1390,2004,3,3,0,0,8,8,0,0,0,0,0,2,0,0,2
AB,2,1390,2005,0,0,0,0,7,12,0,0,0,0,0,0,0,0,0
AB,2,1390,2006,1,0,0,0,5,1,0,0,0,0,0,0,0,0,0
AB,2,1390,2007,1,0,0,0,7,7,0,0,0,0,0,0,1,0,1
AB,2,1390,2008,4,0,0,0,7,4,0,0,0,0,0,0,0,0,0
AB,2,1390,2009,0,0,0,0,6,7,0,1,0,0,0,0,0,0,0
AB,2,1390,2010,0,0,0,0,4,7,0,0,0,0,0,0,0,0,0
AB,2,1390,2011,1,4,0,0,6,6,0,0,0,0,0,0,0,0,0
AB,2,1390,2012,0,0,0,0,5,4,0,0,0,0,0,0,0,0,0
AB,2,1390,2013,1,0,0,0,4,3,0,0,0,0,0,0,0,0,0
AB,2,1390,2014,0,1,0,0,0,1,0,0,0,0,0,0,0,0,0
AB,2,1390,2015,0,0,0,0,2,0,0,0,0,0,0,0,0,0,0
AB,2,1390,2016,1,2,0,0,5,3,0,0,0,0,0,0,0,0,0
AB,2,1390,2017,1,1,0,0,3,7,0,0,0,0,0,0,0,0,0
AB,2,1390,2018,1,0,0,0,4,5,0,0,0,0,0,0,0,0,0
AB,2,1390,2019,1,0,0,0,7,1,0,0,0,0,0,0,0,0,0
AB,2,1390,2020,0,1,0,0,1,5,0,0,0,0,0,0,0,0,0
AB,2,1390,2021,0,0,0,0,5,2,0,0,0,0,0,0,0,0,0
AB,2,1390,2022,2,2,0,0,3,7,0,0,0,0,0,0,0,0,0
AB,2,1390,2023,3,2,0,0,3,1,0,0,0,0,0,0,0,0,0
AB,2,1390,2024,0,1,0,0,2,1,0,0,0,0,0,0,0,0,0
AB,2,1400,1976,12,2,0,0,24,44,0,0,0,0,0,0,0,0,12
AB,2,1400,1977,6,7,0,0,19,31,0,0,0,0,0,1,1,0,10
AB,2,1400,1978,2,1,0,0,11,15,0,0,0,0,0,4,1,0,6
AB,2,1400,1979,7,4,0,0,23,21,0,0,0,0,0,2,3,0,7
AB,2,1400,1980,5,0,0,0,33,15,0,0,0,0,0,0,3,0,12
AB,2,1400,1981,4,0,0,0,10,16,0,0,0,0,0,4,0,0,2
AB,2,1400,1982,0,0,0,0,2,4,0,0,0,0,0,0,0,0,1
AB,2,1400,1983,8,0,0,0,10,15,0,0,0,0,0,0,0,0,0
AB,2,1400,1984,2,0,0,0,4,6,0,0,0,0,0,1,1,0,0
AB,2,1400,1985,2,1,0,0,13,17,0,0,0,0,0,0,1,0,0
AB,2,1400,1986,4,1,0,0,13,14,0,0,0,0,0,0,0,0,0
AB,2,1400,1987,2,1,0,0,6,13,0,0,0,0,0,1,0,0,0
AB,2,1400,1988,0,0,0,0,0,1,0,0,0,0,0,0,0,0,0
AB,2,1400,1989,1,1,0,0,16,17,0,0,0,0,0,0,0,0,0
AB,2,1400,1990,0,0,0,0,6,5,0,0,0,0,0,0,0,0,0
AB,2,1400,1991,1,0,0,0,2,5,0,0,0,0,0,0,0,0,0
AB,2,1400,1992,0,0,0,0,2,3,0,0,0,0,0,0,0,0,0
AB,2,1400,1993,0,1,0,0,4,3,0,0,0,0,0,0,0,0,0
AB,2,1400,1994,2,0,0,0,3,3,0,0,0,0,0,0,0,0,0
AB,2,1400,1995,2,0,0,0,1,1,0,0,0,0,0,0,0,0,0
AB,2,1400,1996,2,1,0,0,15,15,0,0,0,0,0,0,2,0,0
AB,2,1400,1997,2,2,0,0,29,19,0,0,0,0,0,1,0,0,0
AB,2,1400,1998,2,2,0,0,4,4,0,0,0,0,0,0,0,0,0
AB,2,1400,1999,1,0,0,0,9,10,0,0,0,0,0,0,0,0,0
AB,2,1400,2000,3,4,0,0,3,9,0,0,0,0,0,0,0,0,0
AB,2,1400,2001,2,0,0,0,2,4,0,0,0,0,0,0,0,0,0
AB,2,1400,2002,4,2,0,0,8,5,0,0,0,0,0,0,1,0,0
AB,2,1400,2003,1,1,0,0,12,16,0,0,0,0,0,0,0,0,0
AB,2,1400,2004,6,6,0,0,16,9,0,0,0,0,0,0,1,0,0
AB,2,1400,2005,4,2,0,0,12,19,0,0,0,0,0,0,0,0,0
AB,2,1400,2006,0,2,0,0,12,22,0,0,0,0,0,0,0,0,0
AB,2,1400,2007,3,3,0,0,19,21,0,0,0,0,0,0,0,0,0
AB,2,1400,2008,4,3,0,0,13,21,0,0,0,0,0,0,0,0,0
AB,2,1400,2009,1,0,0,0,5,3,0,0,0,0,0,0,0,0,0
AB,2,1400,2010,3,1,0,0,2,3,0,0,0,0,0,0,0,0,0
AB,2,1400,2011,1,1,0,0,0,8,0,0,0,0,0,0,0,0,0
AB,2,1400,2012,0,1,0,0,5,5,0,0,0,0,0,2,1,0,0
AB,2,1400,2013,1,1,0,0,11,8,0,0,0,0,0,0,0,0,0
AB,2,1400,2014,3,1,0,0,1,3,0,0,0,0,0,0,0,0,0
AB,2,1400,2015,0,0,0,0,8,17,0,0,0,0,0,0,1,0,0
AB,2,1400,2016,2,3,0,0,12,9,0,0,0,0,0,0,0,0,1
AB,2,1400,2017,2,0,0,0,9,8,0,0,0,0,0,0,0,0,3
AB,2,1400,2018,3,0,0,0,9,9,0,0,0,0,0,0,0,0,0
AB,2,1400,2019,1,1,0,0,1,3,0,0,0,0,0,0,0,0,0
AB,2,1400,2020,1,1,0,0,6,8,0,0,0,0,0,0,0,0,0
AB,2,1400,2021,0,1,0,0,4,5,0,0,0,0,0,0,0,0,0
AB,2,1400,2022,7,0,0,0,7,13,0,0,0,0,0,0,0,0,0
AB,2,1400,2023,1,3,0,0,10,16,0,0,0,0,0,0,0,0,0
AB,2,1420,1976,4,2,0,0,15,20,0,0,0,0,0,1,2,0,4
AB,2,1420,1977,4,0,0,0,20,19,0,0,0,0,0,0,1,0,12
AB,2,1420,1978,4,5,0,0,14,7,0,0,0,0,0,0,0,0,9
AB,2,1420,1979,3,1,0,0,23,19,0,0,0,0,0,0,1,0,4
AB,2,1420,1980,8,1,0,0,12,33,0,0,0,0,0,2,0,0,10
AB,2,1420,1981,4,5,0,0,11,12,0,0,0,0,0,0,0,0,1
AB,2,1420,1982,1,0,0,0,3,4,0,0,0,0,0,0,0,0,2
AB,2,1420,1983,5,7,0,0,14,18,0,1,0,0,0,1,0,0,0
AB,2,1420,1984,3,2,0,0,5,8,0,0,0,0,0,0,0,0,0
AB,2,1420,1985,0,1,0,0,17,9,0,0,0,0,0,0,1,0,0
AB,2,1420,1986,10,4,0,0,22,24,0,0,0,0,0,0,0,0,0
AB,2,1420,1987,3,4,0,0,12,9,0,0,0,0,0,0,0,0,0
AB,2,1420,1988,0,0,0,0,3,2,0,0,0,0,0,0,0,0,0
AB,2,1420,1989,1,6,0,0,18,13,0,0,0,0,0,0,0,0,0
AB,2,1420,1990,2,0,0,0,5,5,0,0,0,0,0,0,0,0,0
AB,2,1420,1991,1,0,0,0,2,7,0,0,0,0,0,0,0,0,0
AB,2,1420,1992,1,0,0,0,4,5,0,0,0,0,0,0,0,0,0
AB,2,1420,1993,0,0,0,0,4,9,0,0,0,0,0,0,0,0,0
AB,2,1420,1994,0,1,0,0,9,8,0,0,0,0,0,0,0,0,0
AB,2,1420,1995,0,0,0,0,0,1,0,0,0,0,0,0,0,0,0
AB,2,1420,1996,1,3,0,0,8,14,0,0,0,0,0,0,0,0,0
AB,2,1420,1997,7,5,0,1,25,26,0,0,0,0,0,0,0,0,1
AB,2,1420,1998,5,5,0,0,7,5,0,0,0,0,0,0,0,0,0
AB,2,1420,1999,0,7,0,0,4,10,0,0,0,0,0,0,0,0,1
AB,2,1420,2000,5,1,0,0,7,6,0,0,0,0,0,0,0,0,0
AB,2,1420,2001,3,2,0,0,5,4,0,0,0,0,0,0,0,0,0
AB,2,1420,2002,1,1,0,0,6,10,0,0,0,0,0,0,0,0,0
AB,2,1420,2003,5,2,0,0,12,9,0,0,0,0,0,0,0,0,0
AB,2,1420,2004,1,3,0,0,8,8,0,0,0,0,0,0,0,0,0
AB,2,1420,2005,1,2,0,0,13,18,0,0,0,0,0,0,0,0,0
AB,2,1420,2006,0,2,0,0,5,11,0,0,0,0,0,0,0,0,0
AB,2,1420,2007,4,5,0,0,17,18,0,0,0,0,0,0,0,0,0
AB,2,1420,2008,7,5,0,0,4,4,0,0,0,0,0,0,0,0,0
AB,2,1420,2009,0,1,0,0,2,3,0,0,0,0,0,0,0,0,0
AB,2,1420,2010,3,4,0,0,2,5,0,0,0,0,0,0,0,0,0
AB,2,1420,2011,2,1,0,0,4,4,0,0,0,0,0,0,0,0,0
AB,2,1420,2012,0,0,0,0,5,3,0,0,0,0,0,0,0,0,0
AB,2,1420,2013,0,0,0,0,4,3,0,1,0,0,0,0,0,0,0
AB,2,1420,2014,2,1,0,0,5,4,0,0,0,0,0,0,0,0,0
AB,2,1420,2015,5,1,0,0,3,3,0,0,0,0,0,0,0,0,0
AB,2,1420,2016,1,2,0,0,3,10,0,0,0,0,0,0,0,0,0
AB,2,1420,2017,3,2,0,0,5,4,0,0,0,0,0,1,0,0,0
AB,2,1420,2018,0,1,0,0,4,6,0,0,0,0,0,0,0,0,0
AB,2,1420,2019,0,0,0,0,4,2,0,0,0,0,0,0,0,0,0
AB,2,1420,2020,0,1,0,0,5,4,0,0,0,0,0,0,0,0,0
AB,2,1420,2021,0,0,0,0,5,2,0,0,0,0,0,0,0,0,0
AB,2,1420,2022,0,0,0,0,3,7,0,0,0,0,0,0,0,0,0
AB,2,1420,2023,3,0,0,0,6,4,0,0,0,0,0,0,0,0,0
AB,2,1420,2024,0,2,0,0,2,1,0,0,0,0,0,0,0,0,0
AB,2,1430,1976,8,12,0,0,44,37,0,0,0,0,0,2,1,0,13
AB,2,1430,1977,11,21,0,0,39,63,0,0,0,0,0,2,4,0,30
AB,2,1430,1978,8,3,0,0,19,21,0,0,0,0,0,0,0,0,4
AB,2,1430,1979,11,5,0,0,41,39,0,2,0,0,0,1,4,0,17
AB,2,1430,1980,8,7,0,0,22,29,0,0,0,0,0,0,0,0,6
AB,2,1430,1981,12,11,0,0,18,17,0,0,0,0,0,3,0,0,13
AB,2,1430,1982,0,1,0,0,6,9,0,0,0,0,0,0,0,0,4
AB,2,1430,1983,5,2,0,0,29,16,0,0,0,0,0,0,0,0,0
AB,2,1430,1984,6,0,0,0,20,17,0,0,0,0,0,1,0,0,1
AB,2,1430,1985,3,4,0,0,30,21,0,0,0,0,0,0,0,0,0
AB,2,1430,1986,4,1,0,0,13,11,0,0,0,0,0,0,0,0,0
AB,2,1430,1987,3,6,0,0,22,30,0,1,0,0,0,2,1,0,0
AB,2,1430,1988,3,4,0,0,11,12,0,0,0,0,0,0,0,0,0
AB,2,1430,1989,3,5,0,0,7,20,0,0,0,0,0,0,0,0,0
AB,2,1430,1990,3,3,0,0,14,18,0,0,0,0,0,0,1,0,0
AB,2,1430,1991,0,1,0,0,6,7,0,0,0,0,0,0,1,0,1
AB,2,1430,1992,2,1,0,0,14,7,0,0,0,0,0,0,0,0,1
AB,2,1430,1993,1,1,0,0,4,6,0,0,0,0,0,0,0,0,0
AB,2,1430,1994,0,1,0,0,13,14,0,0,0,0,0,0,0,0,0
AB,2,1430,1995,0,1,0,0,8,6,0,0,0,0,0,0,0,0,0
AB,2,1430,1996,7,6,0,0,18,25,0,0,0,0,0,0,0,0,0
AB,2,1430,1997,10,10,0,0,25,27,0,0,0,0,0,0,0,0,0
AB,2,1430,1998,10,9,0,0,16,25,0,0,0,0,0,0,0,0,0
AB,2,1430,1999,6,5,0,0,18,15,0,1,0,0,0,0,0,0,0
AB,2,1430,2000,13,24,0,0,17,13,0,0,0,0,0,0,0,0,0
AB,2,1430,2001,7,5,0,0,8,18,0,0,0,0,0,0,0,0,0
AB,2,1430,2002,9,7,0,0,9,7,0,0,0,0,0,0,0,0,0
AB,2,1430,2003,4,6,0,0,18,17,0,0,0,0,0,0,0,0,0
AB,2,1430,2004,3,6,0,0,12,15,0,0,0,0,0,0,1,0,0
AB,2,1430,2005,1,1,0,0,11,17,0,0,0,0,0,0,0,0,0
AB,2,1430,2006,1,4,0,0,14,16,0,1,0,0,0,0,0,0,0
AB,2,1430,2007,2,7,0,0,17,23,0,0,0,0,0,0,0,0,0
AB,2,1430,2008,5,4,0,0,15,20,0,0,0,0,0,0,0,0,0
AB,2,1430,2009,1,5,0,0,9,5,0,0,0,0,0,0,0,0,0
AB,2,1430,2010,5,1,0,0,4,4,0,0,0,0,0,0,0,0,0
AB,2,1430,2011,2,7,0,0,17,15,0,0,0,0,0,0,0,0,0
AB,2,1430,2012,1,11,0,0,4,10,0,0,0,0,0,0,0,0,0
AB,2,1430,2013,5,1,0,0,9,18,0,0,0,0,0,0,0,0,0
AB,2,1430,2014,1,3,0,0,9,13,0,0,0,0,0,0,0,0,0
AB,2,1430,2015,2,2,0,0,9,6,0,0,0,0,0,0,0,0,0
AB,2,1430,2016,1,3,0,0,2,9,0,1,0,0,0,0,0,0,0
AB,2,1430,2017,3,4,0,0,14,15,0,0,0,1,0,0,1,0,0
AB,2,1430,2018,1,1,0,0,6,6,0,0,0,0,0,0,1,0,1
AB,2,1430,2019,2,4,0,0,11,10,0,0,0,0,0,0,0,0,0
AB,2,1430,2020,2,2,0,0,13,11,0,0,0,0,0,0,0,0,0
AB,2,1430,2021,4,4,0,0,7,18,0,0,0,0,0,0,0,0,0
AB,2,1430,2022,11,9,0,0,11,15,0,0,0,0,0,0,0,0,0
AB,2,1430,2023,9,14,0,0,5,13,0,0,0,0,0,1,0,0,1
AB,2,1430,2024,1,1,0,0,4,6,0,0,0,0,0,0,0,0,0
AB,2,1440,1996,0,0,0,0,0,1,0,0,0,0,0,0,0,0,0
AB,2,1440,2015,0,0,0,0,1,0,0,0,0,0,0,0,0,0,0
AB,2,1440,2018,1,0,0,0,0,0,0,0,0,0,0,0,0,0,0
AB,2,1460,1976,1,2,0,0,4,8,0,0,0,0,0,0,0,0,1
AB,2,1460,1977,13,16,0,0,7,13,0,0,0,0,0,0,0,0,8
AB,2,1460,1978,1,2,0,0,5,6,0,1,0,0,0,0,0,0,2
AB,2,1460,1979,0,0,0,0,9,16,0,0,0,0,0,0,0,0,4
AB,2,1460,1980,6,3,0,0,2,4,0,0,0,0,0,0,0,0,2
AB,2,1460,1981,2,0,0,0,3,2,0,0,0,0,0,0,0,0,0
AB,2,1460,1982,0,0,0,0,1,0,0,0,0,0,0,0,0,0,0
AB,2,1460,1983,0,1,0,0,7,7,0,0,0,0,0,0,0,0,0
AB,2,1460,1984,0,1,0,0,1,1,0,0,0,0,0,0,0,0,0
AB,2,1460,1985,0,0,0,0,12,2,0,0,0,0,0,0,0,0,0
AB,2,1460,1986,2,2,0,0,7,1,0,0,0,0,0,0,0,0,0
AB,2,1460,1987,0,0,0,0,10,5,0,0,0,0,0,0,0,0,0
AB,2,1460,1988,0,0,0,0,1,0,0,0,0,0,0,0,0,0,0
AB,2,1460,1989,0,1,0,0,1,0,0,0,0,0,0,0,0,0,0
AB,2,1460,1990,0,2,0,0,5,3,0,0,0,0,0,0,0,0,0
AB,2,1460,1991,1,0,0,0,3,1,0,0,0,0,0,0,0,0,0
AB,2,1460,1992,0,1,0,0,0,0,0,0,0,0,0,0,0,0,0
AB,2,1460,1993,1,1,0,0,1,1,0,0,0,0,0,0,0,0,0
AB,2,1460,1994,1,0,0,0,1,7,0,0,0,0,0,0,1,0,0
AB,2,1460,1995,0,0,0,0,4,1,0,0,0,0,0,0,0,0,0
AB,2,1460,1996,1,1,0,0,3,5,0,0,0,0,0,0,0,0,0
AB,2,1460,1997,4,0,0,0,6,7,0,0,0,0,0,0,0,0,0
AB,2,1460,1998,0,2,0,0,1,3,0,0,0,0,0,0,0,0,0
AB,2,1460,1999,0,1,0,0,2,2,0,0,0,0,0,0,0,0,0
AB,2,1460,2000,1,4,0,0,2,2,0,0,0,0,0,0,0,0,0
AB,2,1460,2001,2,0,0,0,1,2,0,0,0,0,0,0,0,0,0
AB,2,1460,2002,0,5,0,0,0,1,0,0,0,0,0,0,0,0,0
AB,2,1460,2003,1,4,0,0,3,0,0,0,0,0,0,0,0,0,0
AB,2,1460,2004,0,2,0,0,7,4,0,0,0,0,0,0,0,0,0
AB,2,1460,2005,1,0,0,0,7,4,0,0,0,0,0,0,0,0,0
AB,2,1460,2006,0,0,0,0,1,1,0,0,0,0,0,0,0,0,0
AB,2,1460,2007,5,6,0,0,5,3,0,0,0,0,0,0,0,0,0
AB,2,1460,2008,0,4,0,0,3,1,0,0,0,0,0,0,0,0,0
AB,2,1460,2009,1,0,0,0,0,1,0,0,0,0,0,0,0,0,0
AB,2,1460,2010,0,1,0,0,0,0,0,0,0,0,0,0,0,0,0
AB,2,1460,2011,0,1,0,0,5,3,0,0,0,0,0,0,0,0,0
AB,2,1460,2012,2,1,0,0,1,2,0,0,0,0,0,0,0,0,0
AB,2,1460,2013,3,5,0,0,0,2,0,0,0,0,0,0,0,0,0
AB,2,1460,2014,0,0,0,0,0,2,0,0,0,0,0,0,0,0,0
AB,2,1460,2015,3,0,0,0,1,1,0,0,0,0,0,0,0,0,0
AB,2,1460,2016,2,0,0,0,3,1,0,0,0,0,0,0,0,0,3
AB,2,1460,2017,2,0,0,0,0,2,0,0,0,0,0,0,0,0,0
AB,2,1460,2018,1,0,0,0,6,1,0,0,0,0,0,0,0,0,0
AB,2,1460,2019,0,0,0,0,2,2,0,0,0,0,0,0,0,0,0
AB,2,1460,2020,0,0,0,0,3,4,0,0,0,0,0,0,0,0,0
AB,2,1460,2021,0,0,0,0,1,2,0,0,0,0,0,0,0,0,0
AB,2,1460,2022,0,1,0,0,0,2,0,0,0,0,0,0,0,0,0
AB,2,1460,2023,0,0,0,0,1,0,0,0,0,0,0,0,0,0,0
AB,2,1460,2024,0,0,0,0,0,1,0,0,0,0,0,0,0,0,0
AB,2,1470,1976,1,0,0,0,1,1,0,0,0,0,0,0,0,0,0
AB,2,1470,1977,1,3,0,0,0,0,0,0,0,0,0,0,0,0,2
AB,2,1470,1978,1,0,0,0,2,2,0,0,0,0,0,0,0,0,1
AB,2,1470,1979,0,1,0,0,2,2,0,0,0,0,0,0,0,0,2
AB,2,1470,1980,3,4,0,0,3,7,0,0,0,0,0,0,0,0,1
AB,2,1470,1981,2,1,0,0,2,7,0,0,0,0,0,0,0,0,0
AB,2,1470,1982,0,0,0,0,1,0,0,0,0,0,0,0,0,0,0
AB,2,1470,1983,2,2,0,0,4,3,0,0,0,0,0,0,0,0,0
AB,2,1470,1984,0,2,0,0,0,2,0,0,0,0,0,0,0,0,0
AB,2,1470,1985,0,0,0,0,0,3,0,0,0,0,0,0,0,0,0
AB,2,1470,1986,3,2,0,0,6,2,0,1,0,0,0,0,0,0,0
AB,2,1470,1987,0,0,0,0,1,2,0,0,0,0,0,0,0,0,0
AB,2,1470,1988,1,1,0,0,0,0,0,0,0,0,0,0,0,0,0
AB,2,1470,1989,1,1,0,0,1,0,0,0,0,0,0,0,0,0,0
AB,2,1470,1990,0,0,0,0,0,2,0,0,0,0,0,0,0,0,0
AB,2,1470,1991,0,0,0,0,0,0,0,0,0,0,0,0,0,0,3
AB,2,1470,1994,0,0,0,0,0,5,0,0,0,0,0,0,0,0,0
AB,2,1470,1995,0,1,0,0,1,0,0,0,0,0,0,0,0,0,0
AB,2,1470,1996,1,6,0,0,0,0,0,0,0,0,0,0,0,0,0
AB,2,1470,1997,1,0,0,0,4,1,0,0,0,0,0,0,0,0,0
AB,2,1470,1998,1,2,0,0,1,0,0,0,0,0,0,0,0,0,0
AB,2,1470,1999,0,1,0,0,0,6,0,0,0,0,0,0,0,0,0
AB,2,1470,2000,1,2,0,0,0,2,0,0,0,0,0,0,0,0,0
AB,2,1470,2001,1,0,0,0,0,0,0,0,0,0,0,0,0,0,0
AB,2,1470,2002,1,0,0,0,0,0,0,0,0,0,0,0,0,0,0
AB,2,1470,2003,1,0,0,0,0,1,0,0,0,0,0,0,0,0,0
AB,2,1470,2005,0,1,0,0,2,2,0,0,0,0,0,0,0,0,0
AB,2,1470,2006,0,0,0,0,0,1,0,0,0,0,0,0,0,0,0
AB,2,1470,2007,1,6,0,0,1,9,0,0,0,0,0,0,0,0,0
AB,2,1470,2008,4,1,0,0,2,2,0,0,0,0,0,0,0,0,0
AB,2,1470,2009,0,3,0,0,1,0,0,0,0,0,0,0,0,0,0
AB,2,1470,2010,0,0,0,0,3,0,0,0,0,0,0,0,0,0,0
AB,2,1470,2011,0,0,0,0,1,1,0,0,0,0,0,0,0,0,0
AB,2,1470,2012,0,5,0,0,0,1,0,0,0,0,0,0,0,0,0
AB,2,1470,2013,3,15,0,0,0,1,0,0,0,0,0,0,0,0,1
AB,2,1470,2015,1,1,0,0,1,4,0,0,0,0,0,0,0,0,0
AB,2,1470,2016,1,0,0,0,1,1,0,0,0,0,0,0,0,0,0
AB,2,1470,2017,0,0,0,0,1,0,0,0,0,0,0,0,0,0,0
AB,2,1470,2018,0,1,0,0,0,0,0,0,0,0,0,0,0,0,0
AB,2,1470,2019,1,0,0,0,0,0,0,0,0,0,0,0,0,0,0
AB,2,1470,2021,0,0,0,0,1,0,0,0,0,0,0,0,0,0,0
AB,2,1470,2022,0,1,0,0,0,0,0,0,0,0,0,0,0,0,0
AB,2,1470,2023,1,0,0,0,0,0,0,0,0,0,0,0,0,0,0
AB,2,1480,1986,0,1,0,0,0,0,0,0,0,0,0,0,0,0,0
AB,2,1480,1989,0,0,0,0,0,1,0,0,0,0,0,0,0,0,0
AB,2,1480,1991,0,0,0,0,0,1,0,0,0,0,0,0,0,0,0
AB,2,1480,1996,0,0,0,0,1,1,0,0,0,0,0,0,0,0,0
AB,2,1480,1998,1,0,0,0,0,0,0,0,0,0,0,0,0,0,0
AB,2,1480,2003,1,0,0,0,0,0,0,0,0,0,0,0,0,0,0
AB,2,1480,2004,0,0,0,0,1,0,0,0,0,0,0,0,0,0,0
AB,2,1480,2012,0,0,0,0,0,1,0,0,0,0,0,0,0,0,0
AB,2,1480,2018,0,1,0,0,0,2,0,0,0,0,0,0,0,0,0
AB,2,1480,2019,1,0,0,0,1,0,0,0,0,0,0,0,0,0,0
AB,2,1480,2021,0,0,0,0,0,1,0,0,0,0,0,0,0,0,0
AB,2,1490,1976,5,8,0,0,7,14,0,0,0,0,0,0,0,0,4
AB,2,1490,1977,3,7,0,0,7,5,0,0,0,0,0,0,0,0,10
AB,2,1490,1978,2,3,0,0,7,10,0,0,0,0,0,1,4,0,6
AB,2,1490,1979,1,3,0,0,6,11,0,0,0,0,0,1,1,0,3
AB,2,1490,1980,4,5,0,0,6,9,0,0,0,0,0,0,0,0,9
AB,2,1490,1981,2,4,0,0,2,5,0,0,0,0,0,0,0,0,1
AB,2,1490,1982,0,0,0,0,2,4,0,0,0,0,0,0,0,0,1
AB,2,1490,1983,2,6,0,0,1,4,0,0,0,0,0,0,0,0,0
AB,2,1490,1984,1,0,0,0,2,3,0,0,0,0,0,0,0,0,2
AB,2,1490,1985,0,3,0,0,7,5,0,0,0,0,0,0,0,0,0
AB,2,1490,1986,4,2,0,0,3,7,0,0,0,0,0,1,0,0,1
AB,2,1490,1987,1,7,0,0,6,8,0,0,0,0,0,0,0,0,0
AB,2,1490,1988,1,1,0,0,3,3,0,0,0,0,0,0,0,0,0
AB,2,1490,1989,2,3,0,0,4,3,0,0,0,0,0,0,0,0,0
AB,2,1490,1990,4,5,0,0,2,3,0,0,0,0,0,0,0,0,0
AB,2,1490,1991,0,0,0,0,3,3,0,0,0,0,0,0,0,0,0
AB,2,1490,1992,1,2,0,0,4,2,0,0,0,0,0,0,0,0,0
AB,2,1490,1993,0,3,0,0,3,2,0,0,0,0,0,0,0,0,0
AB,2,1490,1994,1,0,0,0,6,6,0,1,0,0,0,0,0,0,0
AB,2,1490,1995,2,0,0,0,2,0,0,0,0,0,0,0,0,0,1
AB,2,1490,1996,0,2,0,0,3,5,0,0,0,0,0,0,0,0,0
AB,2,1490,1997,2,10,0,0,8,7,0,0,0,0,0,0,0,0,1
AB,2,1490,1998,3,12,0,0,0,5,0,0,0,0,0,0,0,0,0
AB,2,1490,1999,0,0,0,0,0,5,0,0,0,0,0,0,0,0,0
AB,2,1490,2000,1,4,0,0,3,2,0,0,0,0,0,0,0,0,0
AB,2,1490,2002,2,0,0,0,4,5,0,1,0,0,0,0,0,0,0
AB,2,1490,2003,3,4,0,0,2,2,0,0,0,0,0,0,0,0,0
AB,2,1490,2004,2,0,0,0,2,3,0,0,0,0,0,0,0,0,0
AB,2,1490,2005,0,0,0,0,2,4,0,0,0,0,0,0,0,0,0
AB,2,1490,2006,0,0,0,0,3,5,0,0,0,0,0,0,0,0,0
AB,2,1490,2007,6,15,0,0,3,9,0,1,0,0,0,0,0,0,0
AB,2,1490,2008,3,12,0,0,8,17,0,0,0,0,0,0,0,0,0
AB,2,1490,2009,2,30,0,0,5,3,0,0,0,0,0,0,0,0,0
AB,2,1490,2010,0,9,0,0,1,7,0,0,0,0,0,0,0,0,0
AB,2,1490,2011,0,0,0,0,0,2,0,0,0,0,0,0,0,0,0
AB,2,1490,2012,1,6,0,0,4,7,0,0,0,0,0,0,0,0,0
AB,2,1490,2013,0,6,0,0,0,8,0,0,0,0,0,0,0,0,0
AB,2,1490,2014,1,0,0,0,0,2,0,0,0,0,0,0,0,0,0
AB,2,1490,2015,0,0,0,0,4,6,0,0,0,0,0,0,0,0,0
AB,2,1490,2016,4,5,0,0,4,4,0,0,0,0,0,0,0,0,0
AB,2,1490,2017,0,1,0,0,2,5,0,0,0,0,0,0,0,0,0
AB,2,1490,2018,1,6,0,0,11,1,0,0,0,0,0,0,0,0,0
AB,2,1490,2019,0,4,0,0,3,3,0,0,0,0,0,0,0,0,0
AB,2,1490,2020,1,3,0,0,0,2,0,0,0,0,0,0,0,0,0
AB,2,1490,2021,0,1,0,0,1,1,0,0,0,0,0,0,0,0,0
AB,2,1490,2022,0,0,0,0,1,2,0,0,0,0,0,0,0,0,0
AB,2,1490,2023,0,0,0,0,1,2,0,0,0,0,0,0,0,0,0
AB,2,1500,1977,0,0,0,0,0,0,0,1,0,0,0,0,0,0,0
AB,2,1500,1978,0,0,0,0,0,3,0,0,0,0,0,0,0,0,0
AB,2,1500,1979,0,0,0,0,1,0,0,0,0,0,0,0,0,0,1
AB,2,1500,1980,0,0,0,0,1,0,0,0,0,0,0,0,0,0,0
AB,2,1500,1983,0,0,0,0,0,2,0,0,0,0,0,0,0,0,0
AB,2,1500,1985,0,0,0,0,1,0,0,1,0,0,0,0,0,0,0
AB,2,1500,1986,1,0,0,0,1,0,0,0,0,0,0,0,0,0,0
AB,2,1500,1987,0,0,0,0,2,2,0,0,0,0,0,0,0,0,0
AB,2,1500,1988,0,0,0,0,1,0,0,0,0,0,0,0,0,0,0
AB,2,1500,1990,2,0,0,0,1,1,0,0,0,0,0,0,0,0,0
AB,2,1500,1991,0,0,0,0,1,1,0,0,0,0,0,0,0,0,0
AB,2,1500,1993,2,0,0,0,1,3,0,0,0,0,0,0,0,0,0
AB,2,1500,1994,0,2,0,0,2,4,0,0,0,0,0,0,0,0,1
AB,2,1500,1996,0,1,0,0,4,1,0,0,0,0,0,0,0,0,0
AB,2,1500,1997,0,0,0,0,0,3,0,0,0,0,0,0,0,0,0
AB,2,1500,1998,0,0,0,0,2,0,0,1,0,0,0,0,0,0,1
AB,2,1500,2000,1,3,0,0,0,1,0,0,0,0,0,0,0,0,0
AB,2,1500,2001,0,2,0,0,0,0,0,0,0,0,0,0,0,0,0
AB,2,1500,2002,0,1,0,0,3,2,0,0,0,0,0,0,0,0,0
AB,2,1500,2003,0,1,0,0,1,5,0,0,0,0,0,0,0,0,0
AB,2,1500,2004,0,1,0,0,6,2,0,0,0,0,0,0,0,0,0
AB,2,1500,2005,0,0,0,0,9,2,0,1,0,0,0,0,0,0,0
AB,2,1500,2006,2,0,0,0,3,1,0,0,0,0,0,0,0,0,0
AB,2,1500,2007,0,0,0,0,0,2,0,0,0,0,0,0,0,0,0
AB,2,1500,2008,0,0,0,0,1,3,0,1,0,0,0,0,0,0,0
AB,2,1500,2009,1,1,0,0,3,3,0,0,0,0,0,0,0,0,0
AB,2,1500,2010,1,0,0,0,0,1,0,0,0,0,0,0,0,0,0
AB,2,1500,2012,1,2,0,0,1,2,0,0,0,0,0,0,0,0,0
AB,2,1500,2015,0,0,0,0,1,3,0,0,0,0,0,0,0,0,0
AB,2,1500,2016,0,1,0,0,3,0,0,0,0,0,0,0,0,0,0
AB,2,1500,2017,0,0,0,0,2,0,0,0,0,0,0,0,0,0,0
AB,2,1500,2019,0,0,0,0,0,1,0,0,0,0,0,0,0,0,0
AB,2,1500,2020,0,0,0,0,0,1,0,0,0,0,0,0,0,0,0
AB,2,1500,2021,0,0,0,0,0,1,0,0,0,0,0,0,0,0,0
AB,2,1500,2022,0,0,0,0,0,1,0,0,0,0,0,0,0,0,0
AB,2,1500,2023,0,0,0,0,1,3,0,0,0,0,0,0,0,0,0
AB,2,1500,2024,0,0,0,0,1,0,0,0,0,0,0,0,0,0,0
AB,2,1510,1976,1,0,0,0,1,0,0,1,0,0,0,0,0,0,0
AB,2,1510,1977,0,0,0,0,0,0,0,0,0,0,0,0,0,0,2
AB,2,1510,1978,0,1,0,0,0,3,0,0,0,0,0,0,0,0,0
AB,2,1510,1979,0,1,0,0,0,0,0,0,0,0,0,0,0,0,3
AB,2,1510,1980,0,0,0,0,1,1,0,0,0,0,0,0,0,0,2
AB,2,1510,1981,0,0,0,0,1,1,0,0,0,0,0,0,0,0,0
AB,2,1510,1982,2,0,0,0,0,0,0,0,0,0,0,0,0,0,0
AB,2,1510,1983,1,1,0,0,4,3,0,0,0,0,0,0,0,0,0
AB,2,1510,1984,0,0,0,0,1,2,0,0,0,0,0,0,0,0,0
AB,2,1510,1985,1,1,0,0,2,0,0,0,0,0,0,0,0,0,0
AB,2,1510,1986,0,1,0,0,0,0,0,0,0,0,0,0,0,0,0
AB,2,1510,1987,1,2,0,0,3,3,0,0,0,0,0,1,0,0,0
AB,2,1510,1990,0,0,0,0,2,2,0,0,0,0,0,0,0,0,0
AB,2,1510,1991,0,1,0,0,1,0,0,0,0,0,0,0,0,0,0
AB,2,1510,1992,0,1,0,0,0,4,0,0,0,0,0,0,0,0,0
AB,2,1510,1993,1,0,0,0,1,2,0,0,0,0,0,0,0,0,0
AB,2,1510,1994,3,3,0,0,1,4,0,0,0,0,0,0,0,0,0
AB,2,1510,1996,1,4,0,0,0,1,0,0,0,0,0,0,0,0,0
AB,2,1510,1997,0,6,0,0,4,5,0,0,0,0,0,0,0,0,0
AB,2,1510,1998,0,0,0,0,1,2,0,0,0,0,0,0,0,0,0
AB,2,1510,1999,0,0,0,0,0,5,0,0,0,0,0,0,0,0,0
AB,2,1510,2001,0,0,0,0,2,2,0,0,0,0,0,0,0,0,0
AB,2,1510,2002,2,4,0,0,5,7,0,1,0,0,0,0,0,0,0
AB,2,1510,2003,2,0,0,0,5,3,0,0,0,0,0,0,0,0,0
AB,2,1510,2004,0,1,0,0,2,7,0,0,0,0,0,0,0,0,0
AB,2,1510,2005,1,0,0,0,4,3,0,0,0,0,0,0,0,0,0
AB,2,1510,2006,0,0,0,0,0,6,0,0,0,0,0,0,0,0,0
AB,2,1510,2007,1,2,0,0,1,5,0,0,0,0,0,0,0,0,0
AB,2,1510,2008,4,2,0,0,2,0,0,0,0,0,0,0,0,0,0
AB,2,1510,2009,0,1,0,0,1,1,0,0,0,0,0,0,0,0,0
AB,2,1510,2010,1,0,0,0,0,0,0,0,0,0,0,0,0,0,0
AB,2,1510,2011,1,0,0,0,1,1,0,0,0,0,0,0,0,0,0
AB,2,1510,2012,0,0,0,0,0,1,0,1,0,0,0,0,0,0,2
AB,2,1510,2013,1,0,0,0,2,2,0,0,0,0,0,0,0,0,0
AB,2,1510,2014,0,0,0,0,0,1,0,0,0,0,0,0,0,0,0
AB,2,1510,2015,1,3,0,0,1,2,0,0,0,0,0,0,0,0,0
AB,2,1510,2016,0,0,0,0,1,1,0,0,0,0,0,0,0,0,0
AB,2,1510,2017,0,0,0,0,1,2,0,0,0,0,0,0,0,0,0
AB,2,1510,2018,1,0,0,0,1,4,0,0,0,0,0,0,0,0,0
AB,2,1510,2019,1,3,0,0,0,0,0,0,0,0,0,0,0,0,0
AB,2,1510,2020,0,0,0,0,1,0,0,0,0,0,0,0,0,0,0
AB,2,1510,2021,0,0,0,0,1,0,0,0,0,0,0,0,0,0,0
AB,2,1510,2023,0,0,0,0,0,2,0,0,0,0,0,0,0,0,0
AB,2,1520,1976,0,6,0,0,0,2,0,1,0,0,0,0,0,0,1
AB,2,1520,1980,0,0,0,0,0,1,0,0,0,0,0,0,0,0,0
AB,2,1520,1983,3,1,0,0,1,2,0,0,0,0,0,0,0,0,0
AB,2,1520,1992,0,3,0,0,0,0,0,0,0,0,0,0,0,0,1
AB,2,1520,1993,1,1,0,0,0,0,0,0,0,0,0,0,0,0,0
AB,2,1520,1994,0,2,0,0,1,1,0,0,0,0,0,0,0,0,0
AB,2,1520,1996,0,0,0,0,0,1,0,0,0,0,0,0,0,0,0
AB,2,1520,1998,1,4,0,0,0,2,0,0,0,0,0,0,0,0,0
AB,2,1520,1999,0,0,0,0,0,1,0,0,0,0,0,0,0,0,0
AB,2,1520,2004,0,1,0,0,0,1,0,0,0,0,0,0,0,0,0
AB,2,1520,2005,1,0,0,0,0,0,0,0,0,0,0,0,0,0,0
AB,2,1520,2006,1,0,0,0,0,0,0,0,0,0,0,0,0,0,0
AB,2,1520,2007,1,0,0,0,0,0,0,0,0,0,0,0,0,0,0
AB,2,1520,2008,0,1,0,0,0,0,0,0,0,0,0,0,0,0,0
AB,2,1520,2011,0,1,0,0,0,1,0,0,0,0,0,0,0,0,0
AB,2,1520,2017,0,1,0,0,0,0,0,0,0,0,0,0,0,0,0
AB,2,1520,2018,0,1,0,0,1,0,0,0,0,0,0,0,0,0,0
AB,2,1520,2019,0,2,0,0,0,0,0,0,0,0,0,0,0,0,0
AB,2,1530,1976,1,1,0,0,1,0,0,1,0,0,0,0,0,0,4
AB,2,1530,1977,0,10,0,0,2,2,0,0,0,0,0,0,0,0,2
AB,2,1530,1978,0,1,0,0,5,3,0,0,0,0,0,0,0,0,0
AB,2,1530,1979,2,0,0,0,4,3,0,0,0,0,0,0,0,0,0
AB,2,1530,1980,1,5,0,0,1,1,0,0,0,0,0,0,0,0,0
AB,2,1530,1981,0,3,0,0,1,0,0,0,0,0,0,0,0,0,0
AB,2,1530,1982,0,0,0,0,0,0,0,0,0,0,0,0,0,0,1
AB,2,1530,1983,0,3,0,0,3,4,0,0,0,0,0,0,0,0,0
AB,2,1530,1984,1,5,0,0,3,2,0,0,0,0,0,0,0,0,0
AB,2,1530,1986,0,1,0,0,0,0,0,0,0,0,0,0,0,0,0
AB,2,1530,1987,0,0,0,0,1,1,0,0,0,0,0,0,0,0,0
AB,2,1530,1988,0,0,0,0,0,1,0,0,0,0,0,0,0,0,0
AB,2,1530,1991,1,2,0,0,2,1,0,0,0,0,0,0,0,0,0
AB,2,1530,1992,0,0,0,0,2,0,0,0,0,0,0,0,0,0,0
AB,2,1530,1993,0,2,0,0,2,2,0,0,0,0,0,0,0,0,0
AB,2,1530,1994,0,2,0,0,3,1,0,0,0,0,0,0,0,0,0
AB,2,1530,1996,0,4,0,0,1,0,0,0,0,0,0,0,0,0,0
AB,2,1530,1997,2,0,0,0,4,1,0,0,0,0,0,0,0,0,0
AB,2,1530,1998,0,2,0,0,0,1,0,0,0,0,0,0,0,0,0
AB,2,1530,1999,1,0,0,0,2,2,0,0,0,0,0,0,0,0,2
AB,2,1530,2000,3,1,0,0,2,0,0,0,0,0,0,0,0,0,0
AB,2,1530,2001,1,1,0,0,1,0,0,0,0,0,0,0,0,0,0
AB,2,1530,2002,1,1,0,0,3,7,0,1,0,0,0,0,0,0,1
AB,2,1530,2003,0,4,0,0,2,1,0,0,0,0,0,0,0,0,0
AB,2,1530,2004,0,2,0,0,0,0,0,0,0,0,0,0,0,0,0
AB,2,1530,2005,2,5,0,0,7,5,0,0,0,0,0,0,0,0,0
AB,2,1530,2007,2,2,0,0,5,5,0,0,0,0,0,0,0,0,0
AB,2,1530,2008,1,0,0,0,4,1,0,0,0,0,0,0,0,0,0
AB,2,1530,2009,5,1,0,0,2,2,0,0,0,0,0,0,0,0,0
AB,2,1530,2010,0,11,0,0,4,4,0,0,0,1,0,0,0,0,0
AB,2,1530,2012,0,0,0,0,1,0,0,0,0,0,0,0,0,0,0
AB,2,1530,2013,0,3,0,0,0,1,0,0,0,0,0,0,0,0,0
AB,2,1530,2014,0,3,0,0,0,2,0,0,0,0,0,0,0,0,0
AB,2,1530,2015,1,5,0,0,0,2,0,0,0,0,0,0,0,0,0
AB,2,1530,2016,3,0,0,0,1,2,0,0,0,0,0,0,0,0,0
AB,2,1530,2017,0,3,0,0,6,5,0,0,0,0,0,0,0,0,0
AB,2,1530,2018,0,2,0,0,2,1,0,0,0,0,0,0,0,0,0
AB,2,1530,2020,0,1,0,0,1,0,0,0,0,0,0,0,0,0,0
AB,2,1530,2021,0,2,0,0,1,3,0,0,0,0,0,0,0,0,0
AB,2,1530,2022,2,1,0,0,3,1,0,0,0,0,0,0,0,0,0
AB,2,1590,1992,0,0,0,0,0,1,0,0,0,0,0,0,0,0,0
AB,2,1650,1976,1,0,0,0,0,0,0,1,0,0,0,0,0,0,0
AB,2,1650,1977,1,0,0,0,0,0,0,0,0,0,0,0,0,0,0
AB,2,1650,1978,0,0,0,0,0,0,0,1,0,0,0,0,0,0,0
AB,2,1650,1979,0,1,0,0,0,0,0,0,0,0,0,0,0,0,0
AB,2,1650,1982,0,0,0,0,0,0,0,1,0,0,0,0,0,0,0
AB,2,1650,1985,1,0,0,0,0,0,0,0,0,0,0,0,0,0,0
AB,2,1650,2003,0,0,0,0,0,0,0,1,0,0,0,0,0,0,0
AB,2,1650,2009,0,0,0,0,0,1,0,0,0,0,0,0,0,0,0
AB,2,1660,1983,1,0,0,0,0,0,0,0,0,0,0,0,0,0,0
AB,2,1670,1977,0,0,0,0,0,0,0,1,0,0,0,0,0,0,0
AB,2,1670,1979,2,0,0,0,0,0,0,2,0,0,0,0,0,0,0
AB,2,1670,1980,0,0,0,0,0,0,0,1,0,0,0,0,0,0,0
AB,2,1670,1981,0,0,0,0,0,0,0,1,0,0,0,0,0,0,1
AB,2,1670,1984,1,0,0,0,0,0,0,0,0,0,0,0,0,0,0
AB,2,1670,1985,0,0,0,0,0,1,0,0,0,0,0,0,0,0,0
AB,2,1670,1986,0,0,0,0,0,0,0,1,0,0,0,0,0,0,0
AB,2,1670,1991,1,0,0,0,0,0,0,0,0,0,0,0,0,0,0
AB,2,1670,1996,0,0,0,0,0,0,0,1,0,0,0,0,0,0,0
AB,2,1670,1997,0,0,0,1,0,0,0,1,0,0,0,0,0,0,0
AB,2,1670,1998,0,0,0,0,0,0,0,1,0,0,0,0,0,0,0
AB,2,1670,2000,0,0,0,0,0,0,0,1,0,0,0,0,0,0,0
AB,2,1670,2001,0,0,0,0,0,0,0,1,0,0,0,0,0,0,0
AB,2,1670,2003,0,0,0,0,0,0,0,3,0,0,0,0,0,0,0
AB,2,1670,2004,0,0,0,0,0,0,0,1,0,0,0,0,0,0,0
AB,2,1670,2005,0,0,0,0,0,0,0,1,0,0,0,0,0,0,0
AB,2,1670,2006,0,0,0,1,0,0,0,1,0,0,0,0,0,0,0
AB,2,1670,2012,0,0,0,1,0,0,0,0,0,0,0,0,0,0,0
AB,2,1670,2016,0,0,0,0,0,0,0,1,0,0,0,0,0,0,0
AB,2,1670,2018,0,0,0,0,0,0,0,1,0,0,0,0,0,0,0
AB,2,1670,2020,0,0,0,1,0,0,0,3,0,0,0,0,0,0,0
AB,2,1670,2022,0,0,0,0,0,0,0,1,0,0,0,0,0,0,0
AB,2,1692,1976,0,0,0,2,0,0,0,2,0,0,0,0,0,0,0
AB,2,1692,1977,0,0,0,1,0,0,0,4,0,0,0,0,0,0,1
AB,2,1692,1979,0,0,0,0,0,0,0,3,0,0,0,0,0,0,0
AB,2,1692,1980,0,0,0,4,0,0,0,3,0,0,0,0,0,0,5
AB,2,1692,1981,0,0,0,5,0,0,0,8,0,0,0,0,0,0,0
AB,2,1692,1982,0,0,0,0,0,0,0,1,0,0,0,0,0,0,0
AB,2,1692,1983,0,0,0,3,0,0,0,5,0,0,0,0,0,0,0
AB,2,1692,1984,0,0,0,4,0,0,0,2,0,0,0,0,0,0,0
AB,2,1692,1985,0,0,0,2,0,0,0,11,0,0,0,0,0,0,0
AB,2,1692,1986,0,0,0,19,0,0,0,1,0,0,0,0,0,0,0
AB,2,1692,1987,0,0,0,1,0,0,0,7,0,0,0,0,0,0,0
AB,2,1692,1988,0,0,0,15,0,0,0,11,0,0,0,0,0,0,0
AB,2,1692,1989,0,0,0,19,0,0,0,11,0,0,0,0,0,0,0
AB,2,1692,1990,0,0,0,21,0,0,0,8,0,0,0,0,0,0,0
AB,2,1692,1991,0,0,0,8,0,0,0,2,0,0,0,0,0,0,0
AB,2,1692,1992,0,0,0,24,0,0,0,18,0,0,0,0,0,0,1
AB,2,1692,1993,0,0,0,8,0,0,0,13,0,0,0,0,0,0,0
AB,2,1692,1994,0,0,0,16,0,0,0,5,0,0,0,0,0,0,0
AB,2,1692,1995,0,0,0,14,0,0,0,8,0,0,0,0,0,0,0
AB,2,1692,1996,0,0,0,16,0,0,0,4,0,0,0,0,0,0,0
AB,2,1692,1997,0,0,0,25,0,0,0,12,0,0,0,0,0,0,0
AB,2,1692,1998,0,0,0,27,0,0,0,39,0,0,0,0,0,0,0
AB,2,1692,1999,0,0,0,45,0,0,0,42,0,0,0,0,0,0,0
AB,2,1692,2000,0,0,0,48,0,0,0,36,0,0,0,0,0,0,0
AB,2,1692,2001,0,0,0,59,0,0,0,23,0,0,0,0,0,0,2
AB,2,1692,2002,0,0,0,28,0,0,0,6,0,0,0,0,0,0,0
AB,2,1692,2003,0,0,0,17,0,0,0,29,0,0,0,0,0,0,0
AB,2,1692,2004,0,0,0,8,0,0,0,5,0,0,0,0,0,0,0
AB,2,1692,2005,0,0,0,6,0,0,0,6,0,0,0,0,0,0,0
AB,2,1692,2006,0,0,0,8,0,0,0,13,0,0,0,0,0,0,0
AB,2,1692,2007,0,0,0,29,0,0,0,19,0,0,0,0,0,0,0
AB,2,1692,2008,0,0,0,20,0,0,0,7,0,0,0,0,0,0,0
AB,2,1692,2009,0,0,0,36,0,0,0,11,0,0,0,0,0,0,0
AB,2,1692,2010,0,0,0,13,0,0,0,31,0,1,0,0,0,0,0
AB,2,1692,2011,0,0,0,33,0,0,0,34,0,0,0,0,0,0,0
AB,2,1692,2012,0,0,0,5,0,0,0,5,0,0,0,0,0,0,0
AB,2,1692,2013,0,0,0,53,0,0,0,18,0,40,0,0,0,0,0
AB,2,1692,2014,0,0,0,67,0,0,0,170,0,0,0,0,0,0,0
AB,2,1692,2015,0,0,0,4,0,0,0,13,0,0,0,0,0,0,0
AB,2,1692,2016,0,0,0,2,0,0,0,8,0,0,0,0,0,0,0
AB,2,1692,2017,0,0,0,4,0,0,0,14,0,0,0,0,0,0,1
AB,2,1692,2018,0,0,0,21,0,0,0,7,0,0,0,0,0,0,0
AB,2,1692,2019,0,0,0,4,0,0,0,7,0,0,0,0,0,0,0
AB,2,1692,2020,0,0,0,12,0,0,0,25,0,0,0,0,0,0,0
AB,2,1692,2021,0,1,0,20,0,0,0,30,0,0,0,0,0,0,0
AB,2,1692,2022,0,0,0,34,0,0,0,29,0,0,0,0,0,0,0
AB,2,1692,2023,0,0,0,21,0,0,0,31,0,0,0,0,0,0,0
AB,2,1692,2024,0,0,0,10,0,0,0,78,0,0,0,0,0,0,0
AB,2,1693,1985,0,0,0,1,0,0,0,1,0,0,0,0,0,0,0
AB,2,1693,1986,0,0,0,0,0,0,0,3,0,0,0,0,0,0,0
AB,2,1693,1987,0,0,0,1,0,0,0,1,0,0,0,0,0,0,0
AB,2,1693,1988,0,0,0,1,0,0,0,0,0,0,0,0,0,0,0
AB,2,1693,1989,0,0,0,1,0,0,0,0,0,0,0,0,0,0,0
AB,2,1693,1990,0,0,0,1,0,0,0,1,0,0,0,0,0,0,0
AB,2,1693,1991,0,0,0,1,0,0,0,0,0,0,0,0,0,0,0
AB,2,1693,1993,0,0,0,0,0,0,0,2,0,0,0,0,0,0,0
AB,2,1693,1996,0,0,0,1,0,0,0,0,0,0,0,0,0,0,0
AB,2,1693,1997,0,0,0,0,0,0,0,2,0,0,0,0,0,0,0
AB,2,1693,1999,0,0,0,2,0,0,0,1,0,0,0,0,0,0,0
AB,2,1693,2001,0,0,0,7,0,0,0,2,0,0,0,0,0,0,0
AB,2,1693,2002,0,0,0,1,0,0,0,0,0,0,0,0,0,0,0
AB,2,1693,2003,0,0,0,3,0,0,0,0,0,0,0,0,0,0,0
AB,2,1693,2005,0,0,0,3,0,0,0,0,0,0,0,0,0,0,0
AB,2,1693,2007,0,0,0,1,0,0,0,1,0,0,0,0,0,0,0
AB,2,1693,2009,0,0,0,3,0,0,0,0,0,0,0,0,0,0,0
AB,2,1693,2010,0,0,0,1,0,0,0,1,0,0,0,0,0,0,0
AB,2,1693,2011,0,0,0,2,0,0,0,0,0,0,0,0,0,0,0
AB,2,1693,2012,0,0,0,0,0,0,0,1,0,0,0,0,0,0,0
AB,2,1693,2013,0,0,0,6,0,0,0,10,0,1,0,0,0,0,0
AB,2,1693,2014,0,0,0,7,0,0,0,27,0,0,0,0,0,0,0
AB,2,1693,2015,0,0,0,3,0,0,0,7,0,0,0,0,0,0,0
AB,2,1693,2016,0,0,0,1,0,0,0,1,0,0,0,0,0,0,1
AB,2,1693,2017,0,0,0,1,0,0,0,0,0,0,0,0,0,0,0
AB,2,1693,2018,0,0,0,4,0,0,0,0,0,0,0,0,0,0,0
AB,2,1693,2020,0,0,0,0,0,0,0,1,0,0,0,0,0,0,0
AB,2,1693,2022,0,0,0,0,0,0,0,1,0,0,0,0,0,0,0
AB,2,1693,2023,0,0,0,1,0,0,0,1,0,0,0,0,0,0,0
AB,2,1693,2024,0,0,0,0,0,0,0,1,0,0,0,0,0,0,0
AB,2,1700,1976,0,0,0,1,0,0,0,0,0,0,0,0,0,0,0
AB,2,1700,1977,0,0,0,1,0,0,0,3,0,0,0,0,0,0,0
AB,2,1700,1979,0,0,0,0,0,0,0,1,0,0,0,0,0,0,0
AB,2,1700,1980,0,0,0,1,0,0,0,1,0,0,0,0,0,0,0
AB,2,1700,1981,0,0,0,1,0,0,0,1,0,0,0,0,0,0,0
AB,2,1700,1985,0,0,0,0,0,0,0,1,0,0,0,0,0,0,0
AB,2,1700,1986,0,0,0,2,0,0,0,2,0,0,0,0,0,0,0
AB,2,1700,1987,0,0,0,0,0,0,0,1,0,0,0,0,0,0,0
AB,2,1700,1988,0,0,0,1,0,0,0,2,0,0,0,0,0,0,0
AB,2,1700,1989,0,0,0,2,0,0,0,1,0,0,0,0,0,0,0
AB,2,1700,1990,0,0,0,5,0,0,0,7,0,0,0,0,0,0,0
AB,2,1700,1991,0,0,0,5,0,0,0,5,0,0,0,0,0,0,0
AB,2,1700,1992,0,0,0,2,0,0,0,8,0,0,0,0,0,0,0
AB,2,1700,1993,0,0,0,0,0,0,0,2,0,0,0,0,0,0,0
AB,2,1700,1994,0,0,0,4,0,0,0,3,0,0,0,0,0,0,0
AB,2,1700,1995,0,0,0,3,0,0,0,7,0,0,0,0,0,0,0
AB,2,1700,1996,0,0,0,3,0,0,0,7,0,0,0,0,0,0,0
AB,2,1700,1997,0,0,0,8,0,0,0,8,0,0,0,0,0,0,0
AB,2,1700,1998,0,0,0,0,0,0,0,6,0,0,0,0,0,0,0
AB,2,1700,1999,0,0,0,3,0,0,0,8,0,0,0,0,0,0,0
AB,2,1700,2000,0,0,0,5,0,0,0,6,0,0,0,0,0,0,0
AB,2,1700,2001,0,0,0,10,0,0,0,32,0,0,0,0,0,0,0
AB,2,1700,2002,0,0,0,6,0,0,0,14,0,0,0,0,0,0,0
AB,2,1700,2003,0,0,0,2,0,0,0,4,0,0,0,0,0,0,0
AB,2,1700,2004,0,0,0,1,0,0,0,3,0,0,0,0,0,0,0
AB,2,1700,2005,0,0,0,0,0,0,0,1,0,0,0,0,0,0,0
AB,2,1700,2006,0,0,0,1,0,0,0,1,0,0,0,0,0,0,0
AB,2,1700,2007,0,0,0,0,0,0,0,4,0,0,0,0,0,0,0
AB,2,1700,2008,0,0,0,2,0,0,0,5,0,0,0,0,0,0,0
AB,2,1700,2009,0,0,0,4,0,0,0,1,0,0,0,0,0,0,0
AB,2,1700,2010,0,0,0,2,0,0,0,21,0,0,0,0,0,0,0
AB,2,1700,2011,0,0,0,3,0,0,0,10,0,0,0,0,0,0,0
AB,2,1700,2012,0,0,0,1,0,0,0,0,0,0,0,0,0,0,0
AB,2,1700,2013,0,0,0,3,0,0,0,5,0,14,0,0,0,0,0
AB,2,1700,2014,0,0,0,9,0,0,0,58,0,0,0,0,0,0,0
AB,2,1700,2015,0,0,0,1,0,0,0,3,0,0,0,0,0,0,0
AB,2,1700,2016,0,0,0,0,0,0,0,2,0,0,0,0,0,0,0
AB,2,1700,2017,0,0,0,0,0,0,0,4,0,0,0,0,0,0,0
AB,2,1700,2018,0,0,0,0,0,0,0,1,0,0,0,0,0,0,0
AB,2,1700,2020,0,0,0,1,0,0,0,2,0,0,0,0,0,0,0
AB,2,1700,2021,0,1,0,3,0,0,0,0,0,0,0,0,0,0,0
AB,2,1700,2022,0,0,0,0,0,0,0,7,0,0,0,0,0,0,0
AB,2,1700,2023,0,0,0,1,0,0,0,7,0,0,0,0,0,0,0
AB,2,1700,2024,0,0,0,1,0,0,0,18,0,0,0,0,0,0,0
AB,2,1710,1976,0,0,0,9,0,0,0,4,0,0,0,0,0,0,0
AB,2,1710,1977,0,0,0,11,0,0,0,15,0,0,0,0,0,0,3
AB,2,1710,1978,0,0,0,7,0,0,0,12,0,0,0,0,0,0,0
AB,2,1710,1979,0,0,0,10,0,0,0,9,0,0,0,0,0,0,2
AB,2,1710,1980,0,0,0,12,0,0,0,10,0,0,0,1,0,0,8
AB,2,1710,1981,0,0,0,15,0,0,0,21,0,0,0,0,0,0,7
AB,2,1710,1982,0,0,0,0,0,0,0,2,0,0,0,0,0,0,0
AB,2,1710,1983,0,0,0,6,0,0,0,9,0,0,0,0,0,0,1
AB,2,1710,1984,0,0,0,10,0,0,0,13,0,0,0,0,0,0,0
AB,2,1710,1985,0,0,0,14,0,0,0,9,0,0,0,0,0,0,0
AB,2,1710,1986,0,0,0,30,0,0,0,16,0,0,0,0,0,0,0
AB,2,1710,1987,0,0,0,22,0,0,0,10,0,0,0,0,0,0,0
AB,2,1710,1988,0,0,0,17,0,0,0,16,0,0,0,0,0,0,0
AB,2,1710,1989,0,0,0,29,0,0,0,20,0,0,0,0,0,0,1
AB,2,1710,1990,0,0,0,37,0,0,0,34,0,0,0,0,0,0,0
AB,2,1710,1991,0,0,0,34,0,0,0,19,0,0,0,0,0,0,0
AB,2,1710,1992,0,0,0,44,0,0,0,10,0,0,0,0,0,0,0
AB,2,1710,1993,0,0,0,15,0,0,0,13,0,0,0,0,0,0,0
AB,2,1710,1994,0,0,0,28,0,0,0,20,0,0,0,0,0,0,0
AB,2,1710,1995,0,0,0,9,0,0,0,24,0,0,0,0,0,0,0
AB,2,1710,1996,0,0,0,64,0,0,0,53,0,0,0,0,0,0,0
AB,2,1710,1997,0,0,0,58,0,0,0,14,0,0,0,0,0,0,0
AB,2,1710,1998,0,0,0,64,0,0,0,39,0,0,0,0,0,0,0
AB,2,1710,1999,0,1,0,44,0,0,0,27,0,0,0,0,0,0,0
AB,2,1710,2000,0,0,0,46,0,0,0,27,0,0,0,0,0,0,0
AB,2,1710,2001,0,0,0,115,0,0,0,58,0,0,0,0,0,0,0
AB,2,1710,2002,0,0,0,26,0,0,0,8,0,0,0,0,0,0,0
AB,2,1710,2003,0,0,0,35,0,0,0,24,0,0,0,0,0,0,0
AB,2,1710,2004,0,0,0,15,0,0,0,10,0,0,0,0,0,0,0
AB,2,1710,2005,0,0,0,23,0,0,0,20,0,0,0,0,0,0,0
AB,2,1710,2006,0,0,0,18,0,0,0,18,0,0,0,0,0,0,0
AB,2,1710,2007,0,0,0,54,0,0,0,26,0,0,1,0,0,0,0
AB,2,1710,2008,0,0,0,53,0,0,0,56,0,0,0,0,0,0,0
AB,2,1710,2009,0,0,0,67,0,0,0,27,0,0,0,0,0,0,1
AB,2,1710,2010,0,0,0,44,0,0,0,27,0,5,0,0,0,0,0
AB,2,1710,2011,0,0,0,46,0,0,0,35,0,0,0,0,0,0,0
AB,2,1710,2012,0,0,0,34,0,0,0,16,0,0,0,0,0,0,0
AB,2,1710,2013,0,0,0,51,0,0,0,14,0,12,0,0,0,0,0
AB,2,1710,2014,0,0,0,27,0,0,0,13,0,0,0,0,0,0,9
AB,2,1710,2015,0,0,0,16,0,0,0,45,0,0,0,0,0,0,0
AB,2,1710,2016,0,0,0,20,0,0,0,15,0,0,0,0,0,0,2
AB,2,1710,2017,0,0,0,15,0,0,0,9,0,0,0,0,0,0,6
AB,2,1710,2018,0,0,0,19,0,0,0,17,0,0,0,0,0,0,0
AB,2,1710,2019,0,0,0,20,0,0,0,18,0,0,0,0,0,0,0
AB,2,1710,2020,0,0,0,30,0,0,0,24,0,0,0,0,0,0,0
AB,2,1710,2021,0,0,0,41,0,0,0,21,0,0,0,0,0,0,2
AB,2,1710,2022,0,0,0,58,0,0,0,19,0,1,0,0,0,0,0
AB,2,1710,2023,0,0,0,41,0,0,0,46,0,0,0,0,0,0,1
AB,2,1710,2024,0,0,0,62,0,0,0,38,0,0,0,0,0,0,0
AB,2,1721,1976,0,0,0,14,0,0,0,29,0,0,0,0,0,0,2
AB,2,1721,1977,0,0,0,15,0,0,0,21,0,0,0,0,0,0,3
AB,2,1721,1978,0,0,0,5,0,0,0,11,0,0,0,0,0,0,1
AB,2,1721,1979,0,0,0,18,0,0,0,39,0,0,0,0,0,0,15
AB,2,1721,1980,0,0,0,16,0,0,0,24,0,0,0,0,0,0,10
AB,2,1721,1981,0,0,0,25,0,0,0,35,0,0,0,0,0,0,16
AB,2,1721,1982,0,0,0,3,0,0,0,0,0,0,0,0,0,0,1
AB,2,1721,1983,0,0,0,24,0,0,0,31,0,0,0,0,0,0,0
AB,2,1721,1984,0,0,0,27,0,0,0,54,0,0,0,0,0,0,1
AB,2,1721,1985,0,0,0,19,0,0,0,28,0,0,0,0,0,0,0
AB,2,1721,1986,0,0,0,21,0,0,0,61,0,0,0,0,0,0,0
AB,2,1721,1987,0,0,0,44,0,0,0,94,0,0,0,0,0,0,0
AB,2,1721,1988,0,0,0,25,0,0,0,32,0,0,0,0,0,0,0
AB,2,1721,1989,0,0,0,54,0,0,0,65,0,0,0,0,0,0,0
AB,2,1721,1990,0,0,0,46,0,0,0,54,0,0,0,0,0,0,0
AB,2,1721,1991,0,0,0,55,0,0,0,45,0,0,0,0,0,0,0
AB,2,1721,1992,0,0,0,59,0,0,0,85,0,0,0,0,0,0,0
AB,2,1721,1993,0,0,0,63,0,0,0,88,0,0,0,0,0,0,0
AB,2,1721,1994,0,0,0,75,0,0,0,70,0,0,0,0,0,0,0
AB,2,1721,1995,0,0,0,29,0,0,0,38,0,0,0,0,0,0,0
AB,2,1721,1996,0,1,0,87,0,0,0,93,0,0,0,0,0,0,0
AB,2,1721,1997,0,0,0,70,0,0,0,43,0,0,0,0,0,0,0
AB,2,1721,1998,0,0,0,66,0,0,0,56,0,0,0,0,0,0,0
AB,2,1721,1999,0,0,0,76,0,0,0,66,0,0,0,0,0,0,1
AB,2,1721,2000,0,0,0,76,0,0,0,101,0,0,0,0,0,0,1
AB,2,1721,2001,0,0,0,97,0,0,0,65,0,0,0,0,0,0,0
AB,2,1721,2002,0,0,0,42,0,0,0,38,0,0,0,0,0,0,0
AB,2,1721,2003,0,0,0,58,0,0,0,63,0,0,0,0,0,0,0
AB,2,1721,2004,0,0,0,50,0,0,0,64,0,0,0,0,0,0,0
AB,2,1721,2005,0,0,0,22,0,0,0,47,0,0,0,0,0,0,1
AB,2,1721,2006,0,0,0,36,0,0,0,40,0,0,0,0,0,0,5
AB,2,1721,2007,0,0,0,29,0,0,0,29,0,0,0,0,0,0,0
AB,2,1721,2008,0,0,0,43,0,0,0,47,0,0,0,0,0,0,1
AB,2,1721,2009,0,0,0,39,0,0,0,20,0,0,0,0,0,0,0
AB,2,1721,2010,0,0,0,30,0,0,0,32,0,7,0,0,0,0,1
AB,2,1721,2011,0,0,0,32,0,0,0,42,0,0,0,0,0,0,1
AB,2,1721,2012,0,0,0,12,0,0,0,11,0,0,0,0,0,0,0
AB,2,1721,2013,0,0,1,36,0,0,0,8,0,0,0,0,0,0,0
AB,2,1721,2014,0,0,0,33,0,0,0,24,0,0,0,0,0,0,0
AB,2,1721,2015,0,0,0,15,0,0,0,22,0,0,0,0,0,0,0
AB,2,1721,2016,0,0,0,14,0,0,0,10,0,0,0,0,0,0,0
AB,2,1721,2017,0,0,0,27,0,0,0,29,0,0,0,0,0,0,0
AB,2,1721,2018,0,0,0,29,0,0,0,15,0,0,0,0,0,0,0
AB,2,1721,2019,0,0,0,32,0,0,0,12,0,0,0,0,0,0,0
AB,2,1721,2020,0,0,0,47,0,0,0,52,0,0,0,0,0,0,0
AB,2,1721,2021,0,0,0,9,0,0,0,12,0,0,0,0,0,0,0
AB,2,1721,2022,0,0,0,36,0,0,0,13,0,0,0,0,0,0,0
AB,2,1721,2023,0,0,0,21,0,0,0,22,0,0,0,0,0,0,0
AB,2,1721,2024,0,0,0,17,0,0,0,17,0,5,0,0,0,0,0
AB,2,1722,1976,0,0,0,56,0,0,0,26,0,0,0,0,0,0,3
AB,2,1722,1977,0,0,0,60,0,0,0,18,0,0,0,0,0,0,4
AB,2,1722,1978,0,0,0,54,0,0,0,14,0,0,0,0,0,0,4
AB,2,1722,1979,0,0,0,40,0,0,0,41,0,0,0,0,0,0,15
AB,2,1722,1980,0,0,0,80,0,0,0,24,0,0,0,0,0,0,16
AB,2,1722,1981,0,0,0,60,0,0,0,20,0,0,0,0,0,0,19
AB,2,1722,1982,0,0,0,20,0,0,0,13,0,0,0,0,0,0,13
AB,2,1722,1983,0,0,0,114,0,0,0,26,0,0,0,0,0,0,0
AB,2,1722,1984,0,0,0,89,0,0,0,18,0,0,0,0,0,0,1
AB,2,1722,1985,0,0,0,123,0,0,0,32,0,0,0,0,0,0,1
AB,2,1722,1986,0,0,0,144,0,0,0,34,0,0,0,0,0,0,1
AB,2,1722,1987,0,0,0,169,0,1,0,48,0,0,0,0,0,0,1
AB,2,1722,1988,0,0,0,129,0,0,0,28,0,0,0,0,0,0,0
AB,2,1722,1989,0,0,0,193,0,0,0,38,0,0,0,0,0,0,0
AB,2,1722,1990,0,0,0,276,0,0,0,55,0,0,0,0,0,0,0
AB,2,1722,1991,0,0,0,301,0,0,0,53,0,0,0,0,0,0,6
AB,2,1722,1992,0,0,0,268,0,0,0,43,0,0,0,0,0,0,2
AB,2,1722,1993,0,0,0,429,0,0,0,76,0,0,0,0,0,0,0
AB,2,1722,1994,0,0,0,296,0,0,0,64,0,0,0,0,0,0,0
AB,2,1722,1995,0,0,0,165,0,0,0,33,0,0,0,0,0,0,0
AB,2,1722,1996,0,3,0,451,0,0,0,91,0,0,0,0,0,0,0
AB,2,1722,1997,0,0,0,470,0,0,0,123,0,0,0,0,0,0,0
AB,2,1722,1998,0,1,0,322,0,0,0,39,0,0,0,0,0,0,4
AB,2,1722,1999,0,0,0,489,0,0,0,83,0,0,0,0,0,0,1
AB,2,1722,2000,0,0,0,439,0,0,0,65,0,0,0,0,0,0,0
AB,2,1722,2001,0,0,0,543,0,0,0,51,0,0,0,0,0,0,0
AB,2,1722,2002,0,0,0,241,0,0,0,16,0,0,0,0,0,0,0
AB,2,1722,2003,0,0,0,200,0,0,0,73,0,0,0,0,0,0,1
AB,2,1722,2004,0,0,0,187,0,0,0,26,0,0,0,0,0,0,1
AB,2,1722,2005,0,0,0,186,0,0,0,41,0,0,0,0,0,0,2
AB,2,1722,2006,0,0,0,179,0,0,0,35,0,0,0,0,0,0,3
AB,2,1722,2007,0,0,0,196,0,0,0,76,0,0,0,0,0,0,1
AB,2,1722,2008,0,0,0,248,0,0,0,66,0,0,1,0,0,0,3
AB,2,1722,2009,0,0,0,274,0,0,0,31,0,3,0,0,0,0,4
AB,2,1722,2010,0,0,2,113,0,0,0,48,0,29,0,0,0,0,4
AB,2,1722,2011,0,0,0,184,0,0,0,52,0,0,0,0,0,0,0
AB,2,1722,2012,0,0,2,198,0,0,0,7,0,0,0,0,0,0,1
AB,2,1722,2013,0,0,1,153,0,0,1,29,0,0,0,0,0,0,0
AB,2,1722,2014,0,0,16,200,0,0,3,25,0,0,0,0,0,0,2
AB,2,1722,2015,0,0,2,215,0,0,0,14,0,0,0,0,0,0,0
AB,2,1722,2016,0,0,0,109,0,0,0,6,0,1,0,0,0,0,0
AB,2,1722,2017,0,0,0,117,0,0,0,7,0,4,0,0,0,0,1
AB,2,1722,2018,0,0,0,140,0,0,0,20,0,0,0,0,0,0,3
AB,2,1722,2019,0,0,2,231,0,0,0,35,0,3,0,0,0,0,0
AB,2,1722,2020,0,0,0,186,0,0,0,21,0,2,0,0,0,0,0
AB,2,1722,2021,0,0,0,149,0,0,0,19,0,2,0,0,0,0,1
AB,2,1722,2022,0,0,0,158,0,0,0,6,0,14,0,0,0,0,0
AB,2,1722,2023,0,0,0,79,0,0,0,6,0,5,0,0,0,0,0
AB,2,1722,2024,0,0,0,93,0,0,0,7,0,13,0,0,0,0,0
AB,2,2210,2016,0,0,0,0,0,0,0,0,0,0,0,0,0,0,1
AB,2,2210,2018,0,0,0,1,0,0,0,3,0,0,0,0,0,0,0
AB,2,2210,2020,0,0,0,0,0,0,0,0,0,0,0,0,0,0,5
AB,2,2210,2022,0,0,0,0,0,0,0,1,0,0,0,0,0,0,0
AB,NA,1320,1991,1,5,0,0,8,13,0,0,0,0,0,0,0,0,0
AB,NA,1350,1991,0,0,0,0,1,3,0,0,0,0,0,0,1,0,1
AB,NA,1370,1991,0,0,0,0,1,0,0,0,0,0,0,0,0,0,0
AB,NA,1400,1991,0,0,0,0,1,0,0,0,0,0,0,0,0,0,0
AB,NA,1430,1991,1,1,0,0,2,3,0,0,0,0,0,0,0,0,0
AB,NA,1700,1991,0,0,0,2,0,0,0,0,0,0,0,0,0,0,0
AB,NA,1710,1991,0,0,0,3,0,0,0,4,0,0,0,0,0,0,0
AB,NA,1721,1991,0,0,0,2,0,0,0,0,0,0,0,0,0,0,0
AB,NA,1722,1991,0,0,0,1,0,0,0,3,0,0,0,0,0,0,2
BC,1,1290,1981,0,2,0,0,0,0,0,0,0,0,0,0,0,0,0
BC,1,1290,1982,1,0,0,0,0,0,0,0,0,0,0,0,0,0,0
BC,1,1290,1983,0,1,0,0,0,0,0,0,0,0,0,0,0,0,0
BC,1,1290,1984,0,1,0,0,0,0,0,0,0,0,0,0,0,0,0
BC,1,1290,1986,1,0,0,0,0,1,0,1,0,0,0,0,0,0,0
BC,1,1290,1987,1,1,0,0,1,0,0,1,0,0,0,0,0,0,0
BC,1,1290,1988,1,0,0,0,1,0,0,0,0,0,0,0,0,0,0
BC,1,1290,1993,0,0,0,0,0,1,0,0,0,0,0,0,0,0,0
BC,1,1290,1994,1,1,0,0,0,0,0,0,0,0,0,0,0,0,0
BC,1,1290,2005,0,0,0,0,1,0,0,0,0,0,0,0,0,0,0
BC,1,1290,2013,0,1,0,0,0,0,0,0,0,0,0,0,0,0,0
BC,1,1290,2014,0,2,0,0,0,1,0,0,0,0,0,0,0,0,0
BC,1,1290,2015,1,0,0,0,0,1,0,0,0,0,0,0,0,0,0
BC,1,1290,2021,0,0,0,0,0,1,0,0,0,0,0,0,0,0,0
BC,1,1300,1977,0,0,0,0,0,0,0,2,0,0,0,0,0,0,0
BC,1,1300,1986,0,0,0,0,0,1,0,0,0,0,0,0,0,0,0
BC,1,1300,1991,1,0,0,0,0,0,0,0,0,0,0,0,0,0,0
BC,1,1300,1995,0,0,0,0,0,0,0,0,0,0,0,0,0,0,1
BC,1,1310,1976,0,0,0,0,0,0,0,1,0,0,0,0,0,0,1
BC,1,1310,1977,0,1,0,0,0,0,0,0,0,0,0,0,0,0,0
BC,1,1310,1980,0,0,0,0,0,0,0,0,0,0,0,0,0,0,2
BC,1,1310,1981,0,0,0,0,0,0,0,0,0,0,0,0,0,0,1
BC,1,1310,1985,1,1,0,0,0,0,0,3,0,0,0,0,0,0,0
BC,1,1310,1986,0,0,0,0,4,2,0,0,0,0,0,0,0,0,0
BC,1,1310,1987,1,1,0,0,2,0,0,0,0,0,0,0,0,0,0
BC,1,1310,1988,1,2,0,0,0,0,0,0,0,0,0,0,0,0,0
BC,1,1310,1990,0,0,0,0,0,1,0,0,0,0,0,0,0,0,0
BC,1,1310,1992,0,1,0,0,0,0,0,0,0,0,0,0,0,0,0
BC,1,1310,1993,0,1,0,0,1,1,0,0,0,0,0,0,0,0,0
BC,1,1310,1994,0,1,0,0,0,1,0,4,0,0,0,0,0,0,0
BC,1,1310,1995,0,1,0,0,0,0,0,0,0,0,0,0,0,0,0
BC,1,1310,1996,0,1,0,0,1,0,0,0,0,0,0,0,0,0,0
BC,1,1310,1999,0,1,0,0,0,0,0,0,0,0,0,0,0,0,0
BC,1,1310,2002,0,0,0,0,1,0,0,0,0,0,0,0,0,0,0
BC,1,1310,2007,0,0,0,0,0,0,0,2,0,0,0,0,0,0,0
BC,1,1310,2012,0,1,0,0,0,0,0,1,0,0,0,0,0,0,0
BC,1,1310,2013,0,1,0,0,1,0,0,1,0,0,0,0,0,0,0
BC,1,1310,2014,2,0,0,0,3,0,0,2,0,0,0,0,0,0,0
BC,1,1310,2016,0,0,0,0,1,0,0,1,0,0,0,0,0,0,0
BC,1,1310,2019,0,0,0,0,0,2,0,0,0,0,0,0,0,0,0
BC,1,1310,2020,0,0,0,0,0,1,0,2,0,0,0,0,0,0,0
BC,1,1310,2021,0,0,0,0,0,0,0,1,0,0,0,0,0,0,0
BC,1,1310,2022,0,1,0,0,0,0,0,0,0,0,0,0,0,0,0
BC,1,1320,1976,48,43,0,0,167,195,0,3,0,0,0,0,2,0,80
BC,1,1320,1977,58,71,0,1,138,150,0,2,0,0,0,1,2,0,98
BC,1,1320,1978,29,46,0,3,106,136,0,12,0,0,0,6,8,0,62
BC,1,1320,1979,13,29,0,2,129,146,0,11,0,0,0,3,5,0,58
BC,1,1320,1980,48,63,0,1,84,115,0,3,0,0,0,2,4,0,84
BC,1,1320,1981,60,65,0,0,137,153,0,7,0,0,0,2,2,0,140
BC,1,1320,1982,11,34,0,0,46,50,0,4,0,0,0,1,3,0,81
BC,1,1320,1983,41,57,0,1,239,231,0,13,0,0,0,4,0,0,31
BC,1,1320,1984,52,63,0,0,123,175,0,7,0,0,0,2,2,0,12
BC,1,1320,1985,56,58,0,0,165,216,0,2,0,0,0,0,0,0,6
BC,1,1320,1986,47,61,0,0,185,205,0,4,0,0,0,0,0,0,9
BC,1,1320,1987,49,67,0,1,172,210,0,5,0,0,0,0,0,0,0
BC,1,1320,1988,54,55,0,1,64,64,0,2,0,0,0,0,2,0,5
BC,1,1320,1989,44,74,0,1,138,171,0,7,0,0,0,1,0,0,6
BC,1,1320,1990,63,77,0,1,120,146,0,1,0,0,0,0,0,0,0
BC,1,1320,1991,41,72,0,1,113,147,0,0,0,0,0,0,0,0,5
BC,1,1320,1992,46,82,0,0,91,107,0,0,0,0,0,0,0,0,3
BC,1,1320,1993,65,83,0,2,109,159,0,6,0,0,0,0,1,0,0
BC,1,1320,1994,62,87,0,0,203,261,0,12,0,0,0,4,1,0,9
BC,1,1320,1995,64,86,0,0,115,144,0,3,0,0,0,0,0,0,0
BC,1,1320,1996,19,27,0,0,38,69,0,0,0,0,0,0,0,0,0
BC,1,1320,1997,21,20,0,0,72,62,0,0,0,0,0,0,0,0,0
BC,1,1320,1998,54,60,0,0,69,79,0,3,0,0,0,0,0,0,1
BC,1,1320,1999,33,48,0,0,36,48,0,2,0,0,0,2,0,0,5
BC,1,1320,2000,42,85,0,1,46,73,0,0,0,0,0,1,0,0,0
BC,1,1320,2001,35,77,0,3,79,117,0,4,0,0,0,0,0,0,1
BC,1,1320,2002,31,47,0,1,75,89,0,3,0,0,0,3,0,0,5
BC,1,1320,2003,17,37,0,0,58,90,0,3,0,0,0,0,0,0,1
BC,1,1320,2004,13,45,0,0,33,45,0,0,0,0,0,0,0,0,0
BC,1,1320,2005,19,33,0,0,35,67,0,1,0,0,0,0,0,0,0
BC,1,1320,2006,21,43,0,0,49,55,0,1,0,0,0,0,0,0,9
BC,1,1320,2007,44,61,0,0,68,88,0,12,0,0,0,1,1,0,2
BC,1,1320,2008,29,39,0,0,38,46,0,2,0,0,0,0,0,0,0
BC,1,1320,2009,13,22,0,0,34,73,1,0,0,0,0,0,0,0,0
BC,1,1320,2010,3,24,0,0,36,47,0,0,0,0,0,0,0,0,0
BC,1,1320,2011,12,27,0,0,30,52,0,2,0,0,0,0,0,0,1
BC,1,1320,2012,18,27,0,0,43,74,0,0,0,0,0,0,0,0,1
BC,1,1320,2013,7,24,0,2,30,47,0,1,0,0,0,0,0,0,5
BC,1,1320,2014,17,40,0,0,41,53,0,0,0,0,0,0,0,0,0
BC,1,1320,2015,10,18,0,0,30,42,0,0,0,0,0,0,0,0,0
BC,1,1320,2016,11,24,0,0,33,40,0,0,0,0,0,0,0,0,0
BC,1,1320,2017,17,18,0,1,63,68,0,0,0,0,0,2,1,0,0
BC,1,1320,2018,22,36,0,0,32,32,0,1,0,0,0,0,0,0,0
BC,1,1320,2019,17,38,0,0,29,55,0,0,0,1,0,1,0,0,1
BC,1,1320,2020,9,15,0,1,32,55,0,0,0,0,0,0,0,0,2
BC,1,1320,2021,5,16,0,0,29,34,0,0,0,0,0,1,0,0,3
BC,1,1320,2022,6,13,0,3,26,41,0,2,0,0,0,0,0,0,1
BC,1,1320,2023,18,28,0,0,61,83,0,1,0,0,0,0,0,0,5
BC,1,1320,2024,16,23,0,0,11,31,0,0,0,0,0,0,0,0,0
BC,1,1321,1976,0,0,0,0,0,1,0,0,0,0,0,0,0,0,0
BC,1,1321,1984,0,0,0,0,1,0,0,0,0,0,0,0,0,0,0
BC,1,1321,1987,0,0,0,0,1,0,0,0,0,0,0,0,0,0,0
BC,1,1321,1988,1,0,0,0,0,0,0,0,0,0,0,0,0,0,0
BC,1,1321,1991,1,0,0,0,0,0,0,0,0,0,0,0,0,0,0
BC,1,1321,1993,1,0,0,0,0,0,0,0,0,0,0,0,0,0,0
BC,1,1321,1994,0,0,0,0,1,0,0,0,0,0,0,0,0,0,0
BC,1,1321,2004,0,0,0,0,0,1,0,0,0,0,0,0,0,0,0
BC,1,1321,2023,0,0,0,0,1,0,0,0,0,0,0,0,0,0,0
BC,1,1330,1979,0,0,0,0,0,0,0,0,0,0,0,0,0,0,2
BC,1,1330,1990,0,0,0,0,1,0,0,0,0,0,0,0,0,0,0
BC,1,1330,1995,0,0,0,0,0,1,0,0,0,0,0,0,0,0,0
BC,1,1330,2010,0,0,0,0,1,0,0,0,0,0,0,0,0,0,0
BC,1,1350,1976,0,0,0,0,2,1,0,0,0,0,0,0,0,0,0
BC,1,1350,1977,2,2,0,0,2,2,0,0,0,0,0,0,0,0,2
BC,1,1350,1978,0,0,0,0,3,0,0,0,0,0,0,1,0,0,0
BC,1,1350,1979,0,0,0,0,2,0,0,0,0,0,0,0,0,0,0
BC,1,1350,1980,1,1,0,0,0,0,0,0,0,0,0,0,0,0,0
BC,1,1350,1981,0,0,0,0,1,0,0,0,0,0,0,0,0,0,1
BC,1,1350,1982,0,0,0,0,0,1,0,0,0,0,0,0,0,0,2
BC,1,1350,1983,0,1,0,0,2,3,0,0,0,0,0,0,1,0,0
BC,1,1350,1984,0,4,0,0,1,0,0,0,0,0,0,0,0,0,0
BC,1,1350,1985,0,2,0,0,6,3,0,0,0,0,0,0,0,0,0
BC,1,1350,1986,0,4,0,0,1,3,0,0,0,0,0,0,0,0,0
BC,1,1350,1987,0,1,0,0,5,4,0,0,0,0,0,0,0,0,0
BC,1,1350,1988,2,1,0,0,2,1,0,0,0,0,0,0,0,0,0
BC,1,1350,1989,0,1,0,0,7,1,0,0,0,0,0,0,0,0,0
BC,1,1350,1990,0,3,0,0,4,2,0,0,0,0,0,0,0,0,0
BC,1,1350,1991,4,3,0,0,7,5,0,0,0,0,0,0,0,0,2
BC,1,1350,1992,0,2,0,0,6,3,0,0,0,0,0,0,0,0,0
BC,1,1350,1993,0,2,0,0,4,3,0,0,0,0,0,0,0,0,0
BC,1,1350,1994,3,6,0,0,8,7,0,0,0,0,0,0,0,0,0
BC,1,1350,1995,1,8,0,0,5,4,0,0,0,0,0,0,0,0,0
BC,1,1350,1996,1,4,0,0,1,2,0,0,0,0,0,0,0,0,0
BC,1,1350,1997,2,2,0,0,5,3,0,0,0,0,0,0,0,0,0
BC,1,1350,1998,2,2,0,0,2,5,0,0,0,0,0,0,0,0,0
BC,1,1350,1999,0,4,0,0,1,4,0,0,0,0,0,0,0,0,0
BC,1,1350,2000,1,6,0,0,3,5,0,0,0,0,0,2,0,0,0
BC,1,1350,2001,3,2,0,0,2,2,0,0,0,0,0,0,0,0,0
BC,1,1350,2002,1,1,0,0,1,2,0,0,0,0,0,0,0,0,0
BC,1,1350,2003,2,5,0,0,1,0,0,0,0,0,0,0,0,0,0
BC,1,1350,2004,0,0,0,0,2,0,0,0,0,0,0,0,0,0,0
BC,1,1350,2005,0,1,0,0,5,0,0,0,0,0,0,0,0,0,0
BC,1,1350,2006,1,10,0,0,2,0,0,0,0,0,0,0,0,0,0
BC,1,1350,2007,0,4,0,0,2,4,0,0,0,0,0,0,0,0,0
BC,1,1350,2008,0,0,0,0,1,1,0,0,0,0,0,0,0,0,0
BC,1,1350,2009,1,3,0,0,2,4,0,0,0,0,0,0,0,0,0
BC,1,1350,2012,0,1,0,0,0,1,0,0,0,0,0,0,0,0,0
BC,1,1350,2013,0,0,0,0,1,0,0,0,0,0,0,0,0,0,0
BC,1,1350,2014,1,0,0,0,7,2,0,0,0,0,0,0,0,0,0
BC,1,1350,2015,1,1,0,0,2,8,0,0,0,0,0,0,0,0,0
BC,1,1350,2016,1,7,0,0,7,1,0,0,0,0,0,0,0,0,0
BC,1,1350,2017,0,0,0,0,2,1,0,0,0,0,0,0,0,0,0
BC,1,1350,2018,0,3,0,0,0,8,0,0,0,0,0,0,0,0,0
BC,1,1350,2019,2,6,0,0,3,4,0,0,0,0,0,0,0,0,0
BC,1,1350,2020,0,0,0,0,1,2,0,0,0,0,0,0,0,0,0
BC,1,1350,2021,0,0,0,0,1,4,0,0,0,0,0,0,0,0,0
BC,1,1350,2022,3,9,0,0,6,4,0,0,0,0,0,0,0,0,0
BC,1,1350,2023,1,0,0,0,2,3,0,0,0,0,0,0,0,0,0
BC,1,1350,2024,0,2,0,0,0,1,0,0,0,0,0,0,0,0,0
BC,1,1360,1982,0,0,0,0,1,0,0,0,0,0,0,0,0,0,0
BC,1,1360,1985,0,0,0,0,0,1,0,0,0,0,0,0,0,0,0
BC,1,1360,2002,1,0,0,0,1,0,0,0,0,0,0,0,0,0,0
BC,1,1360,2015,0,1,0,0,0,0,0,0,0,0,0,0,0,0,0
BC,1,1360,2017,0,0,0,0,1,0,0,0,0,0,0,0,0,0,0
BC,1,1370,1976,12,10,0,0,35,38,0,0,0,0,0,0,0,0,6
BC,1,1370,1977,8,11,0,0,27,41,0,0,0,0,0,3,0,0,19
BC,1,1370,1978,6,4,0,0,18,11,0,0,0,0,0,0,0,0,11
BC,1,1370,1979,4,6,0,0,13,24,0,0,0,0,0,0,0,0,8
BC,1,1370,1980,7,6,0,0,18,15,0,0,0,0,0,0,0,0,21
BC,1,1370,1981,4,7,0,0,17,14,0,0,0,0,0,0,0,0,11
BC,1,1370,1982,6,3,0,0,10,4,0,0,0,0,0,0,0,0,14
BC,1,1370,1983,3,13,0,0,29,43,0,0,0,0,0,0,0,0,0
BC,1,1370,1984,8,7,0,0,39,22,0,0,0,0,0,0,0,0,0
BC,1,1370,1985,5,6,0,0,34,41,0,0,0,0,0,0,0,0,0
BC,1,1370,1986,7,5,0,0,28,37,0,0,0,0,0,0,0,0,0
BC,1,1370,1987,3,6,0,0,22,34,0,0,0,0,0,0,0,0,2
BC,1,1370,1988,2,7,0,0,25,17,0,0,0,0,0,0,0,0,0
BC,1,1370,1989,10,10,0,0,20,22,0,0,0,0,0,0,0,0,0
BC,1,1370,1990,11,12,0,0,19,26,0,0,0,0,0,0,0,0,0
BC,1,1370,1991,9,11,0,0,19,16,0,0,0,0,0,1,0,0,2
BC,1,1370,1992,9,18,0,0,30,26,0,0,0,0,0,0,0,0,2
BC,1,1370,1993,7,15,0,0,30,49,0,0,0,0,0,1,0,0,0
BC,1,1370,1994,13,18,0,0,42,35,0,0,0,0,0,0,0,0,1
BC,1,1370,1995,12,9,0,0,33,47,0,0,0,0,0,0,0,0,0
BC,1,1370,1996,11,18,0,0,24,21,0,0,0,0,0,0,0,0,0
BC,1,1370,1997,8,9,0,0,29,18,0,0,0,0,0,0,0,0,0
BC,1,1370,1998,8,9,0,0,16,21,0,0,0,0,0,0,0,0,0
BC,1,1370,1999,7,13,0,0,6,8,0,0,0,0,0,0,0,0,0
BC,1,1370,2000,5,17,0,0,14,12,0,0,0,0,0,0,0,0,0
BC,1,1370,2001,7,11,0,0,15,20,0,0,0,0,0,0,0,0,0
BC,1,1370,2002,3,8,0,0,27,21,0,0,0,0,0,0,0,0,0
BC,1,1370,2003,1,6,0,0,6,13,0,0,0,0,0,0,0,0,0
BC,1,1370,2004,1,6,0,0,4,15,0,0,0,0,0,0,0,0,0
BC,1,1370,2005,6,6,0,0,28,18,0,0,0,0,0,0,0,0,0
BC,1,1370,2006,6,12,0,0,18,25,0,0,0,0,0,0,0,0,0
BC,1,1370,2007,4,10,0,0,22,27,0,0,0,0,0,0,0,0,0
BC,1,1370,2008,3,3,0,0,5,12,0,0,0,0,0,0,0,0,0
BC,1,1370,2009,4,5,0,0,13,17,0,0,0,0,0,0,0,0,0
BC,1,1370,2010,3,6,0,0,10,15,0,0,0,0,0,0,0,0,1
BC,1,1370,2011,6,8,0,0,12,16,0,0,0,0,0,0,0,0,0
BC,1,1370,2012,5,3,0,0,4,10,0,0,0,0,0,0,0,0,0
BC,1,1370,2013,1,5,0,0,10,12,0,0,0,0,0,0,0,0,0
BC,1,1370,2014,3,9,0,0,17,9,0,0,0,0,0,0,0,0,0
BC,1,1370,2015,9,12,0,0,19,21,0,0,0,0,0,0,0,0,0
BC,1,1370,2016,9,26,0,0,28,15,0,0,0,0,0,0,0,0,0
BC,1,1370,2017,0,1,0,0,7,5,0,0,0,0,0,0,0,0,0
BC,1,1370,2018,16,30,0,0,20,14,0,0,0,0,0,0,0,0,0
BC,1,1370,2019,7,26,0,0,21,32,0,0,0,0,0,0,1,0,0
BC,1,1370,2020,8,7,0,0,3,18,0,0,0,0,0,0,0,0,0
BC,1,1370,2021,3,5,0,0,7,11,0,0,0,0,0,0,0,0,0
BC,1,1370,2022,9,28,0,0,20,13,0,0,0,0,0,0,0,0,2
BC,1,1370,2023,2,8,0,0,8,16,0,0,0,0,0,0,0,0,0
BC,1,1370,2024,4,2,0,0,4,0,0,0,0,0,0,0,0,0,0
BC,1,1390,1976,7,2,0,0,37,16,0,0,0,0,0,0,1,0,8
BC,1,1390,1977,4,1,0,0,44,9,0,1,0,0,0,1,1,0,8
BC,1,1390,1978,5,3,0,0,23,18,0,0,0,0,0,2,2,0,12
BC,1,1390,1979,1,1,0,0,23,15,0,0,0,0,0,1,0,0,4
BC,1,1390,1980,6,1,0,0,18,22,0,2,0,0,0,3,0,0,13
BC,1,1390,1981,8,0,0,0,12,15,0,1,0,0,0,2,1,0,6
BC,1,1390,1982,1,0,0,0,8,2,0,0,0,0,0,0,1,0,5
BC,1,1390,1983,6,2,0,0,37,10,0,1,0,0,0,0,0,0,0
BC,1,1390,1984,6,6,0,0,31,25,0,1,0,0,0,0,0,0,1
BC,1,1390,1985,6,1,0,0,38,15,0,1,0,0,0,0,1,0,3
BC,1,1390,1986,3,0,0,0,22,29,0,0,0,0,0,0,0,0,0
BC,1,1390,1987,4,4,0,0,18,11,0,0,0,0,0,0,0,0,0
BC,1,1390,1988,1,4,0,0,10,4,0,0,0,0,0,0,1,0,1
BC,1,1390,1989,4,3,0,0,33,19,0,0,0,0,0,0,0,0,2
BC,1,1390,1990,6,2,0,0,17,14,0,1,0,0,0,0,1,0,0
BC,1,1390,1991,2,1,0,0,24,7,0,0,0,0,0,0,0,0,2
BC,1,1390,1992,4,4,0,0,15,16,0,1,0,0,0,0,0,0,2
BC,1,1390,1993,5,2,0,0,37,19,0,0,0,0,0,0,1,0,5
BC,1,1390,1994,6,7,0,0,23,18,0,0,0,0,0,0,1,0,0
BC,1,1390,1995,6,1,0,0,37,9,0,1,0,0,0,0,0,0,1
BC,1,1390,1996,3,2,0,0,14,8,0,0,0,0,0,1,1,0,0
BC,1,1390,1997,2,0,0,0,14,2,0,0,0,0,0,0,0,0,0
BC,1,1390,1998,11,4,0,0,26,18,0,0,0,0,0,0,0,0,1
BC,1,1390,1999,3,1,0,0,8,4,0,0,0,0,0,0,0,0,0
BC,1,1390,2000,0,1,0,0,5,2,0,0,0,0,0,0,0,0,0
BC,1,1390,2001,3,0,0,0,9,18,0,2,0,0,0,0,0,0,0
BC,1,1390,2002,0,0,0,0,10,9,0,0,0,0,0,0,0,0,0
BC,1,1390,2003,1,1,0,0,7,8,0,0,0,0,0,0,0,0,0
BC,1,1390,2004,0,0,0,0,14,10,0,0,0,0,0,0,0,0,0
BC,1,1390,2005,2,2,0,0,14,13,0,0,0,0,0,0,0,0,0
BC,1,1390,2006,2,1,0,0,10,3,0,0,0,0,0,0,0,0,1
BC,1,1390,2007,4,10,0,0,4,12,0,0,0,0,0,0,1,0,1
BC,1,1390,2008,2,0,0,0,0,2,0,0,0,0,0,0,0,0,0
BC,1,1390,2009,3,0,0,0,7,6,0,0,0,0,0,0,0,0,0
BC,1,1390,2010,0,0,0,0,7,7,0,0,0,0,0,0,0,0,0
BC,1,1390,2011,0,0,0,0,1,1,0,0,0,0,0,0,0,0,0
BC,1,1390,2012,0,0,0,0,6,3,0,0,0,0,0,0,0,0,0
BC,1,1390,2013,1,0,0,0,6,6,0,0,0,0,0,0,0,0,0
BC,1,1390,2014,2,2,0,0,18,5,0,0,0,0,0,0,0,0,1
BC,1,1390,2015,0,0,0,0,5,5,0,0,0,0,0,0,0,0,0
BC,1,1390,2016,3,3,0,0,6,3,0,0,0,0,0,0,0,0,0
BC,1,1390,2017,0,1,0,0,5,4,0,0,0,0,0,0,0,0,0
BC,1,1390,2018,4,3,0,0,7,6,0,0,0,0,0,0,0,0,1
BC,1,1390,2019,1,0,0,0,7,13,0,0,0,0,0,0,0,0,0
BC,1,1390,2020,2,2,0,0,3,7,0,0,0,0,0,0,0,0,0
BC,1,1390,2021,0,1,0,0,1,2,0,1,0,0,0,0,0,0,0
BC,1,1390,2022,3,2,0,0,9,5,0,0,0,0,0,0,0,0,1
BC,1,1390,2023,6,4,0,0,17,19,0,0,0,0,0,0,0,0,0
BC,1,1390,2024,0,1,0,0,1,3,0,0,0,1,0,0,0,0,0
BC,1,1400,1976,1,0,0,0,14,17,0,0,0,0,0,0,1,0,5
BC,1,1400,1977,6,1,0,0,15,18,0,0,0,0,0,0,0,0,3
BC,1,1400,1978,1,4,0,0,3,2,0,0,0,0,0,0,0,0,2
BC,1,1400,1979,1,2,0,0,2,3,0,0,0,0,0,0,0,0,1
BC,1,1400,1980,1,1,0,0,2,0,0,0,0,0,0,1,1,0,1
BC,1,1400,1981,3,1,0,0,17,10,0,0,0,0,0,1,0,0,14
BC,1,1400,1983,4,0,0,0,5,6,0,0,0,0,0,0,0,0,0
BC,1,1400,1984,3,1,0,0,8,15,0,0,0,0,0,0,0,0,5
BC,1,1400,1985,1,0,0,0,10,12,0,0,0,0,0,0,0,0,0
BC,1,1400,1986,0,1,0,0,4,8,0,0,0,0,0,0,0,0,0
BC,1,1400,1987,1,2,0,0,12,8,0,0,0,0,0,0,0,0,0
BC,1,1400,1988,1,1,0,0,3,1,0,0,0,0,0,0,0,0,0
BC,1,1400,1989,4,1,0,0,7,8,0,0,0,0,0,0,0,0,0
BC,1,1400,1990,1,1,0,0,18,13,0,0,0,0,0,0,0,0,0
BC,1,1400,1991,1,0,0,0,12,12,0,0,0,0,0,0,0,0,0
BC,1,1400,1992,0,0,0,0,7,9,0,0,0,0,0,0,0,0,0
BC,1,1400,1993,0,2,0,0,6,4,0,0,0,0,0,0,0,0,0
BC,1,1400,1994,1,0,0,0,4,7,0,0,0,0,0,0,1,0,0
BC,1,1400,1995,2,0,0,0,0,1,0,0,0,0,0,0,0,0,0
BC,1,1400,1996,0,1,0,0,5,3,0,0,0,0,0,0,0,0,0
BC,1,1400,1997,0,0,0,0,0,5,0,0,0,0,0,0,0,0,0
BC,1,1400,1998,1,1,0,0,4,4,0,0,0,0,0,0,0,0,0
BC,1,1400,1999,1,0,0,0,1,0,0,0,0,0,0,0,0,0,0
BC,1,1400,2000,0,1,0,0,2,1,0,0,0,0,0,0,0,0,0
BC,1,1400,2001,2,0,0,0,8,5,0,0,0,0,0,0,0,0,0
BC,1,1400,2002,1,1,0,0,3,1,0,0,0,0,0,0,0,0,0
BC,1,1400,2003,0,0,0,0,0,1,0,0,0,0,0,0,0,0,0
BC,1,1400,2004,1,2,0,0,0,1,0,0,0,0,0,0,0,0,0
BC,1,1400,2005,0,0,0,0,2,5,0,0,0,0,0,0,0,0,0
BC,1,1400,2006,0,0,0,0,1,1,0,0,0,0,0,0,0,0,0
BC,1,1400,2007,1,0,0,0,3,3,0,0,0,0,0,0,0,0,0
BC,1,1400,2008,1,0,0,0,1,3,0,0,0,0,0,0,0,0,0
BC,1,1400,2009,0,0,0,0,2,1,0,0,0,0,0,0,0,0,0
BC,1,1400,2012,0,1,0,0,1,1,0,0,0,0,0,0,0,0,0
BC,1,1400,2013,0,0,0,0,4,5,0,0,0,0,0,0,0,0,0
BC,1,1400,2014,1,0,0,0,9,3,0,0,0,0,0,0,0,0,0
BC,1,1400,2015,1,0,0,0,4,3,0,0,0,0,0,0,0,0,0
BC,1,1400,2016,0,0,0,0,2,0,0,0,0,0,0,0,0,0,0
BC,1,1400,2017,0,0,0,0,1,0,0,0,0,0,0,0,0,0,0
BC,1,1400,2018,1,1,0,0,7,1,0,0,0,0,0,0,0,0,0
BC,1,1400,2019,1,0,0,0,2,1,0,0,0,0,0,0,0,0,0
BC,1,1400,2020,0,2,0,0,2,1,0,0,0,0,0,0,0,0,0
BC,1,1400,2021,0,0,0,0,6,7,0,0,0,0,0,0,0,0,0
BC,1,1400,2022,1,0,0,0,0,1,0,0,0,0,0,0,0,0,0
BC,1,1400,2023,2,0,0,0,6,7,0,0,0,0,0,1,0,0,0
BC,1,1400,2024,0,0,0,0,0,1,0,0,0,0,0,0,0,0,0
BC,1,1420,1976,2,0,0,0,3,7,0,0,0,0,0,0,2,0,3
BC,1,1420,1977,0,0,0,0,9,10,0,0,0,0,0,0,1,0,4
BC,1,1420,1978,1,3,0,0,0,3,0,0,0,0,0,0,0,0,1
BC,1,1420,1979,0,1,0,0,0,1,0,0,0,0,0,0,0,0,1
BC,1,1420,1980,0,0,0,0,1,2,0,1,0,0,0,0,0,0,2
BC,1,1420,1981,1,1,0,0,4,3,0,0,0,0,0,0,0,0,2
BC,1,1420,1982,0,0,0,0,0,1,0,0,0,0,0,0,0,0,1
BC,1,1420,1983,3,1,0,0,4,8,0,0,0,0,0,0,0,0,0
BC,1,1420,1984,1,0,0,0,7,11,0,0,0,0,0,0,0,0,1
BC,1,1420,1985,0,1,0,0,10,9,0,0,0,0,0,0,0,0,0
BC,1,1420,1986,0,1,0,0,5,6,0,0,0,0,0,0,0,0,0
BC,1,1420,1987,2,0,0,0,2,5,0,0,0,0,0,0,0,0,0
BC,1,1420,1988,0,0,0,0,4,2,0,0,0,0,0,0,0,0,0
BC,1,1420,1989,0,0,0,0,2,5,0,0,0,0,0,0,0,0,0
BC,1,1420,1990,0,0,0,0,0,6,0,0,0,0,0,0,0,0,0
BC,1,1420,1991,4,1,0,0,5,6,0,0,0,0,0,0,0,0,0
BC,1,1420,1992,1,0,0,0,13,8,0,0,0,0,0,0,0,0,0
BC,1,1420,1993,0,1,0,0,6,11,0,0,0,0,0,0,0,0,0
BC,1,1420,1994,1,1,0,0,13,13,0,2,0,0,0,0,0,0,0
BC,1,1420,1995,0,1,0,0,6,8,0,0,0,0,0,0,0,0,0
BC,1,1420,1996,2,1,0,0,9,5,0,0,0,0,0,0,0,0,0
BC,1,1420,1997,1,1,0,0,1,7,0,0,0,0,0,0,0,0,0
BC,1,1420,1998,5,2,0,0,6,4,0,0,0,0,0,0,0,0,0
BC,1,1420,1999,0,0,0,0,2,4,0,0,0,0,0,0,0,0,0
BC,1,1420,2000,1,2,0,0,2,1,0,0,0,0,0,0,0,0,0
BC,1,1420,2001,0,0,0,0,5,6,0,0,0,0,0,0,0,0,0
BC,1,1420,2002,1,2,0,0,3,4,0,0,0,0,0,0,0,0,0
BC,1,1420,2003,1,2,0,0,4,2,0,0,0,0,0,0,0,0,0
BC,1,1420,2004,2,1,0,0,3,13,0,0,0,0,0,0,0,0,0
BC,1,1420,2005,0,2,0,0,5,9,0,0,0,0,0,0,0,0,0
BC,1,1420,2006,0,0,0,0,2,5,0,0,0,0,0,0,0,0,0
BC,1,1420,2007,1,1,0,0,4,11,0,0,0,0,0,1,0,0,0
BC,1,1420,2008,2,0,0,0,3,4,0,0,0,0,0,0,0,0,0
BC,1,1420,2009,0,1,0,0,5,1,0,0,0,0,0,0,0,0,0
BC,1,1420,2010,0,0,0,0,3,1,0,0,0,0,0,0,0,0,0
BC,1,1420,2011,0,0,0,0,1,1,0,0,0,0,0,0,0,0,0
BC,1,1420,2012,0,0,0,0,2,2,0,0,0,0,0,0,0,0,0
BC,1,1420,2013,0,2,0,0,5,6,0,0,0,0,0,0,0,0,0
BC,1,1420,2014,2,2,0,0,3,4,0,0,0,0,0,0,0,0,0
BC,1,1420,2015,1,0,0,0,5,2,0,0,0,0,0,0,0,0,0
BC,1,1420,2016,2,2,0,0,2,6,0,0,0,0,0,0,0,0,0
BC,1,1420,2017,0,2,0,0,4,2,0,0,0,0,0,1,0,0,0
BC,1,1420,2018,0,2,0,0,2,4,0,0,0,0,0,0,0,0,0
BC,1,1420,2019,0,0,0,0,2,5,0,0,0,0,0,0,0,0,0
BC,1,1420,2020,1,2,0,0,5,5,0,0,0,0,0,0,0,0,0
BC,1,1420,2021,2,1,0,0,2,2,0,0,0,0,0,0,0,0,0
BC,1,1420,2022,0,0,0,0,1,2,0,0,0,0,0,0,0,0,0
BC,1,1420,2023,0,0,0,0,8,16,0,0,0,0,0,0,0,0,0
BC,1,1430,1976,2,2,0,0,24,23,0,0,0,0,0,0,0,0,8
BC,1,1430,1977,10,3,0,0,28,28,0,0,0,0,0,0,0,0,12
BC,1,1430,1978,11,6,0,0,17,18,0,0,0,0,0,0,0,0,8
BC,1,1430,1979,1,0,0,0,8,8,0,0,0,0,0,0,1,0,4
BC,1,1430,1980,3,3,0,0,21,16,0,0,0,0,0,0,0,0,7
BC,1,1430,1981,16,4,0,0,10,12,0,0,0,0,0,0,0,0,15
BC,1,1430,1982,0,0,0,0,4,2,0,0,0,0,0,0,0,0,7
BC,1,1430,1983,6,6,0,0,22,37,0,0,0,0,0,0,0,0,0
BC,1,1430,1984,7,5,0,0,17,21,0,0,0,0,0,0,0,0,1
BC,1,1430,1985,1,1,0,0,20,22,0,0,0,0,0,0,0,0,2
BC,1,1430,1986,4,3,0,0,19,15,0,0,0,0,0,0,0,0,0
BC,1,1430,1987,6,9,0,0,17,26,0,0,0,0,0,0,0,0,0
BC,1,1430,1988,2,1,0,0,7,15,0,0,0,0,0,0,0,0,0
BC,1,1430,1989,6,4,0,0,14,14,0,0,0,0,0,0,0,0,0
BC,1,1430,1990,1,1,0,0,21,17,0,0,0,0,0,0,0,0,0
BC,1,1430,1991,0,2,0,0,10,18,0,0,0,0,0,1,1,0,0
BC,1,1430,1992,1,3,0,0,21,13,0,0,0,0,0,0,0,0,0
BC,1,1430,1993,6,0,0,0,11,10,0,0,0,0,0,0,0,0,0
BC,1,1430,1994,4,4,0,0,14,20,0,0,0,0,0,0,0,0,0
BC,1,1430,1995,1,6,0,0,26,16,0,0,0,0,0,0,0,0,1
BC,1,1430,1996,2,3,0,0,7,10,0,0,0,0,0,0,0,0,0
BC,1,1430,1997,1,2,0,0,6,5,0,0,0,0,0,0,0,0,0
BC,1,1430,1998,1,11,0,0,12,12,0,0,0,0,0,0,0,0,0
BC,1,1430,1999,2,4,0,0,3,3,0,0,0,0,0,0,0,0,0
BC,1,1430,2000,2,4,0,0,7,6,0,0,0,0,0,0,0,0,0
BC,1,1430,2001,0,4,0,0,4,7,0,0,0,0,0,0,0,0,1
BC,1,1430,2002,4,3,0,0,11,12,0,0,0,0,0,0,0,0,0
BC,1,1430,2003,1,2,0,0,7,5,0,0,0,0,0,1,0,0,0
BC,1,1430,2004,0,0,0,0,7,7,0,0,0,0,0,0,0,0,0
BC,1,1430,2005,1,0,0,0,8,15,0,0,0,0,0,0,0,0,0
BC,1,1430,2006,1,1,0,0,11,7,0,0,0,0,0,0,0,0,0
BC,1,1430,2007,2,4,0,0,14,18,0,0,0,0,0,0,0,0,0
BC,1,1430,2008,0,2,0,0,4,5,0,0,0,0,0,0,0,0,0
BC,1,1430,2009,1,3,0,0,7,6,0,0,0,0,0,0,0,0,0
BC,1,1430,2010,1,3,0,0,3,6,0,0,0,0,0,0,0,0,0
BC,1,1430,2011,1,0,0,0,2,5,0,0,0,0,0,0,0,0,0
BC,1,1430,2012,3,3,0,0,5,10,0,0,0,0,0,0,0,0,0
BC,1,1430,2013,0,1,0,1,7,4,0,0,0,0,0,0,0,0,0
BC,1,1430,2014,1,1,0,0,5,3,0,0,0,0,0,0,0,0,0
BC,1,1430,2015,0,1,0,0,4,7,0,0,0,0,0,0,0,0,0
BC,1,1430,2016,3,0,0,0,7,5,0,0,0,0,0,0,0,0,0
BC,1,1430,2017,1,0,0,0,11,3,0,0,0,0,0,0,0,0,0
BC,1,1430,2018,1,1,0,0,1,2,0,0,0,0,0,0,0,0,0
BC,1,1430,2019,0,2,0,0,3,7,0,0,0,0,0,0,0,0,0
BC,1,1430,2020,1,1,0,0,3,7,0,0,0,0,0,0,0,0,0
BC,1,1430,2021,1,3,0,0,5,6,0,0,0,0,0,0,0,0,0
BC,1,1430,2022,3,3,0,0,7,2,0,0,0,0,0,0,0,0,0
BC,1,1430,2023,2,2,0,0,14,12,0,0,0,0,0,0,0,0,0
BC,1,1430,2024,0,2,0,0,6,6,0,0,0,0,0,0,0,0,0
BC,1,1440,1976,0,0,0,0,1,0,0,0,0,0,0,0,0,0,0
BC,1,1440,1977,2,2,0,0,2,1,0,0,0,0,0,1,0,0,0
BC,1,1440,1978,1,2,0,0,0,0,0,0,0,0,0,0,0,0,0
BC,1,1440,1980,0,0,0,0,1,0,0,0,0,0,0,0,0,0,0
BC,1,1440,1981,1,0,0,0,1,1,0,0,0,0,0,0,1,0,0
BC,1,1440,1983,1,0,0,0,1,0,0,0,0,0,0,0,0,0,0
BC,1,1440,1986,1,1,0,0,1,0,0,0,0,0,0,1,0,0,0
BC,1,1440,1988,0,0,0,0,1,0,0,0,0,0,0,0,0,0,0
BC,1,1440,1990,0,0,0,0,0,1,0,0,0,0,0,0,0,0,0
BC,1,1440,1992,0,1,0,0,1,1,0,0,0,0,0,0,0,0,0
BC,1,1440,1994,0,1,0,0,0,0,0,0,0,0,0,0,0,0,0
BC,1,1440,1995,0,1,0,0,0,0,0,0,0,0,0,0,0,0,0
BC,1,1440,1996,1,0,0,0,0,2,0,0,0,0,0,0,0,0,0
BC,1,1440,1999,0,0,0,0,0,1,0,0,0,0,0,0,0,0,0
BC,1,1440,2000,0,1,0,0,0,1,0,0,0,0,0,0,0,0,0
BC,1,1440,2001,0,0,0,0,0,1,0,0,0,0,0,1,0,0,0
BC,1,1440,2002,0,1,0,0,0,0,0,0,0,0,0,0,0,0,0
BC,1,1440,2004,0,0,0,0,0,2,0,0,0,0,0,0,0,0,0
BC,1,1440,2012,0,0,0,0,1,0,0,0,0,0,0,0,0,0,0
BC,1,1440,2013,0,1,0,0,0,0,0,0,0,0,0,0,0,0,0
BC,1,1440,2018,0,0,0,0,1,0,0,0,0,0,0,0,0,0,0
BC,1,1440,2020,0,1,0,0,1,0,0,0,0,0,0,0,0,0,0
BC,1,1440,2021,0,0,0,0,0,1,0,0,0,0,0,0,0,0,0
BC,1,1440,2022,0,0,0,0,0,3,0,0,0,0,0,0,0,0,0
BC,1,1440,2023,0,0,0,0,0,2,0,0,0,0,0,0,0,0,0
BC,1,1440,2024,0,1,0,0,0,0,0,0,0,0,0,0,0,0,0
BC,1,1460,1976,1,2,0,0,2,0,0,0,0,0,0,0,0,0,0
BC,1,1460,1977,1,1,0,0,2,1,0,0,0,0,0,0,0,0,0
BC,1,1460,1978,2,2,0,0,2,2,0,0,0,0,0,0,0,0,2
BC,1,1460,1979,0,0,0,0,1,0,0,0,0,0,0,0,0,0,0
BC,1,1460,1981,0,0,0,0,3,3,0,0,0,0,0,0,0,0,0
BC,1,1460,1982,0,0,0,0,0,1,0,0,0,0,0,0,0,0,0
BC,1,1460,1983,0,0,0,0,3,2,0,0,0,0,0,0,0,0,0
BC,1,1460,1984,1,1,0,0,0,1,0,0,0,0,0,0,0,0,0
BC,1,1460,1985,0,0,0,0,2,1,0,0,0,0,0,0,0,0,0
BC,1,1460,1986,0,0,0,0,1,0,0,0,0,0,0,0,0,0,1
BC,1,1460,1987,1,0,0,0,0,2,0,0,0,0,0,0,0,0,1
BC,1,1460,1989,2,1,0,0,0,0,0,0,0,0,0,0,0,0,0
BC,1,1460,1990,0,1,0,0,2,1,0,0,0,0,0,0,0,0,0
BC,1,1460,1991,1,0,0,0,1,0,0,0,0,0,0,0,0,0,0
BC,1,1460,1992,0,0,0,0,1,2,0,0,0,0,0,0,0,0,0
BC,1,1460,1993,2,0,0,0,3,0,0,0,0,0,0,0,0,0,0
BC,1,1460,1994,0,0,0,0,1,3,0,0,0,0,0,0,0,0,0
BC,1,1460,1995,0,0,0,0,1,0,0,0,0,0,0,0,0,0,0
BC,1,1460,1996,0,0,0,0,5,1,0,0,0,0,0,0,0,0,0
BC,1,1460,1997,0,0,0,0,1,1,0,0,0,0,0,0,0,0,0
BC,1,1460,1998,0,0,0,0,1,1,0,0,0,0,0,0,0,0,0
BC,1,1460,2002,0,0,0,0,1,0,0,0,0,0,0,0,0,0,0
BC,1,1460,2003,0,0,0,0,0,1,0,0,0,0,0,0,0,0,0
BC,1,1460,2005,0,0,0,0,2,1,0,0,0,0,0,0,0,0,0
BC,1,1460,2011,0,0,0,0,0,1,0,0,0,0,0,0,0,0,0
BC,1,1460,2013,0,1,0,0,0,0,0,0,0,0,0,0,0,0,0
BC,1,1460,2015,0,0,0,0,0,2,0,0,0,0,0,0,0,0,0
BC,1,1460,2019,0,0,0,0,1,2,0,0,0,0,0,0,0,0,0
BC,1,1460,2020,0,1,0,0,0,1,0,0,0,0,0,0,0,0,0
BC,1,1460,2023,0,0,0,0,1,0,0,0,0,0,0,0,0,0,0
BC,1,1470,1976,1,0,0,0,6,2,0,0,0,0,0,0,0,0,4
BC,1,1470,1977,0,0,0,0,0,1,0,0,0,0,0,0,0,0,0
BC,1,1470,1978,0,0,0,0,0,1,0,0,0,0,0,0,0,0,0
BC,1,1470,1980,0,0,0,0,3,0,0,0,0,0,0,0,0,0,2
BC,1,1470,1981,0,0,0,0,3,2,0,0,0,0,0,0,0,0,2
BC,1,1470,1983,0,0,0,0,1,0,0,0,0,0,0,0,0,0,0
BC,1,1470,1984,0,0,0,0,1,2,0,0,0,0,0,0,0,0,0
BC,1,1470,1985,2,0,0,0,1,1,0,0,0,0,0,0,0,0,0
BC,1,1470,1986,0,0,0,0,3,6,0,0,0,0,0,0,0,0,0
BC,1,1470,1987,0,0,0,0,1,2,0,0,0,0,0,0,0,0,0
BC,1,1470,1988,1,0,0,0,0,0,0,0,0,0,0,0,0,0,0
BC,1,1470,1994,0,0,0,0,2,1,0,0,0,0,0,0,0,0,0
BC,1,1470,1995,1,0,0,0,2,1,0,0,0,0,0,0,0,0,0
BC,1,1470,1997,0,0,0,0,1,0,0,0,0,0,0,0,0,0,0
BC,1,1470,1998,0,0,0,0,0,0,0,0,0,0,0,0,0,0,1
BC,1,1470,2002,0,0,0,0,2,0,0,0,0,0,0,0,0,0,0
BC,1,1470,2003,0,0,0,0,0,2,0,0,0,0,0,0,0,0,0
BC,1,1470,2006,0,1,0,0,0,0,0,0,0,0,0,0,0,0,0
BC,1,1470,2007,0,0,0,0,1,0,0,0,0,0,0,0,0,0,0
BC,1,1470,2008,0,0,0,0,1,0,0,0,0,0,0,0,0,0,0
BC,1,1470,2017,0,0,0,0,0,1,0,0,0,0,0,0,0,0,0
BC,1,1470,2019,0,0,0,0,0,1,0,0,0,0,0,0,0,0,0
BC,1,1470,2021,0,0,0,0,1,1,0,0,0,0,0,0,0,0,0
BC,1,1480,1976,2,1,0,0,4,2,0,0,0,0,0,0,0,0,0
BC,1,1480,1977,0,0,0,0,1,0,0,0,0,0,0,0,0,0,0
BC,1,1480,1978,1,0,0,0,0,1,0,0,0,0,0,0,0,0,0
BC,1,1480,1979,1,0,0,0,0,0,0,0,0,0,0,0,1,0,0
BC,1,1480,1980,0,0,0,0,1,2,0,0,0,0,0,0,0,0,0
BC,1,1480,1981,4,2,0,0,0,0,0,0,0,0,0,0,0,0,1
BC,1,1480,1982,0,0,0,0,0,0,0,0,0,0,0,0,0,0,2
BC,1,1480,1983,3,0,0,0,4,5,0,0,0,0,0,0,0,0,0
BC,1,1480,1984,1,2,0,0,1,2,0,0,0,0,0,0,0,0,0
BC,1,1480,1986,1,0,0,0,3,3,0,0,0,0,0,0,0,0,0
BC,1,1480,1987,0,0,0,0,1,2,0,0,0,0,0,0,0,0,0
BC,1,1480,1988,0,0,0,0,1,0,0,0,0,0,0,0,0,0,0
BC,1,1480,1989,0,0,0,0,0,1,0,0,0,0,0,0,0,0,0
BC,1,1480,1992,0,0,0,0,0,1,0,0,0,0,0,0,0,0,0
BC,1,1480,1994,1,0,0,0,0,0,0,0,0,0,0,0,0,0,0
BC,1,1480,1997,1,0,0,0,0,0,0,0,0,0,0,0,0,0,0
BC,1,1480,2001,0,0,0,0,0,1,0,0,0,0,0,0,0,0,0
BC,1,1480,2007,0,0,0,0,0,2,0,0,0,0,0,0,0,0,0
BC,1,1480,2008,0,0,0,0,0,1,0,0,0,0,0,0,0,0,0
BC,1,1480,2018,0,0,0,0,0,2,0,0,0,0,0,0,0,0,0
BC,1,1490,1976,3,2,0,0,10,6,0,0,0,0,0,0,0,0,2
BC,1,1490,1977,3,1,0,0,8,3,0,0,0,0,0,0,0,0,3
BC,1,1490,1978,1,4,0,0,2,4,0,0,0,0,0,0,0,0,1
BC,1,1490,1979,0,2,0,0,1,1,0,0,0,0,0,1,2,0,4
BC,1,1490,1980,1,2,0,0,4,4,0,0,0,0,0,1,0,0,1
BC,1,1490,1981,2,0,0,0,3,8,0,0,0,0,0,0,1,0,3
BC,1,1490,1982,0,0,0,0,2,3,0,0,0,0,0,0,0,0,2
BC,1,1490,1984,0,1,0,0,1,11,0,0,0,0,0,0,0,0,0
BC,1,1490,1985,0,1,0,0,4,13,0,0,0,0,0,0,0,0,0
BC,1,1490,1986,1,0,0,0,3,11,0,0,0,0,0,0,2,0,0
BC,1,1490,1987,1,0,0,0,1,6,0,0,0,0,0,0,0,0,0
BC,1,1490,1988,0,0,0,0,1,1,0,0,0,0,0,0,0,0,0
BC,1,1490,1989,1,1,0,0,3,3,0,0,0,0,0,0,0,0,0
BC,1,1490,1990,1,1,0,0,7,5,0,0,0,0,0,0,0,0,0
BC,1,1490,1991,0,3,0,0,3,2,0,0,0,0,0,0,0,0,0
BC,1,1490,1992,0,3,0,0,5,5,0,0,0,0,0,0,0,0,0
BC,1,1490,1993,0,0,0,0,6,10,0,0,0,0,0,0,0,0,1
BC,1,1490,1994,0,0,0,0,5,7,0,0,0,0,0,0,0,0,0
BC,1,1490,1995,1,1,0,0,2,2,0,0,0,0,0,0,0,0,0
BC,1,1490,1996,3,1,0,0,1,6,0,0,0,0,0,0,0,0,0
BC,1,1490,1997,0,2,0,0,2,1,0,0,0,0,0,0,0,0,0
BC,1,1490,1998,2,0,0,0,2,3,0,0,0,0,0,0,0,0,0
BC,1,1490,1999,2,1,0,0,0,0,0,0,0,0,0,0,0,0,0
BC,1,1490,2000,0,0,0,0,2,0,0,0,0,0,0,0,0,0,0
BC,1,1490,2001,1,0,0,0,1,1,0,0,0,0,0,0,0,0,0
BC,1,1490,2002,1,0,0,0,2,2,0,0,0,0,0,0,0,0,0
BC,1,1490,2004,0,0,0,0,1,2,0,0,0,0,0,0,0,0,0
BC,1,1490,2005,0,0,0,0,2,1,0,0,0,0,0,0,0,0,0
BC,1,1490,2006,0,0,0,0,2,1,0,0,0,0,0,0,0,0,0
BC,1,1490,2008,0,1,0,0,1,2,0,0,0,0,0,0,0,0,0
BC,1,1490,2009,0,1,0,0,1,2,0,0,0,0,0,0,0,0,0
BC,1,1490,2010,0,1,0,0,0,1,0,0,0,0,0,0,1,0,0
BC,1,1490,2011,0,0,0,0,1,0,0,0,0,0,0,0,0,0,0
BC,1,1490,2012,1,0,0,0,1,2,0,0,0,0,0,0,0,0,0
BC,1,1490,2013,0,0,0,0,1,1,0,0,0,0,0,0,0,0,0
BC,1,1490,2014,0,1,0,0,1,4,0,0,0,0,0,0,0,0,0
BC,1,1490,2015,0,0,0,0,0,1,0,0,0,0,0,0,0,0,0
BC,1,1490,2016,0,0,0,0,1,1,0,0,0,0,0,0,0,0,0
BC,1,1490,2018,2,0,0,0,2,10,0,0,0,0,0,0,0,0,0
BC,1,1490,2019,1,0,0,0,1,4,0,0,0,0,0,0,0,0,0
BC,1,1490,2020,0,0,0,0,1,1,0,0,0,0,0,0,0,0,0
BC,1,1490,2021,2,0,0,0,1,0,0,0,0,0,0,0,0,0,0
BC,1,1490,2022,1,0,0,0,0,0,0,0,0,0,0,0,0,0,0
BC,1,1490,2023,0,0,0,0,2,0,0,0,0,0,0,0,0,0,0
BC,1,1500,1976,0,0,0,0,0,1,0,0,0,0,0,0,0,0,0
BC,1,1500,1977,1,2,0,0,0,1,0,3,0,0,0,0,0,0,0
BC,1,1500,1978,0,1,0,0,0,8,0,0,0,0,0,1,0,0,0
BC,1,1500,1979,1,1,0,0,1,5,0,0,0,0,0,0,1,0,1
BC,1,1500,1980,1,1,0,0,0,1,0,0,0,0,0,0,0,0,0
BC,1,1500,1981,0,2,0,0,3,6,0,0,0,0,0,0,0,0,3
BC,1,1500,1982,0,0,0,0,4,4,0,0,0,0,0,0,0,0,1
BC,1,1500,1983,0,0,0,0,8,10,0,2,0,0,0,1,0,0,0
BC,1,1500,1984,0,0,0,0,3,1,0,1,0,0,0,0,0,0,1
BC,1,1500,1985,3,1,0,0,5,4,0,0,0,0,0,0,0,0,0
BC,1,1500,1986,0,1,0,1,11,8,0,0,0,0,0,0,0,0,1
BC,1,1500,1987,1,0,0,0,12,7,0,0,0,0,0,0,0,0,0
BC,1,1500,1988,2,2,0,0,0,1,0,0,0,0,0,0,0,0,0
BC,1,1500,1989,0,2,0,0,3,0,0,0,0,0,0,0,0,0,0
BC,1,1500,1990,0,0,0,0,2,4,0,0,0,0,0,0,0,0,0
BC,1,1500,1991,1,2,0,0,1,4,0,0,0,0,0,1,0,0,0
BC,1,1500,1992,0,0,0,0,3,4,0,0,0,0,0,0,0,0,1
BC,1,1500,1993,1,2,0,0,3,2,0,0,0,0,0,0,0,0,0
BC,1,1500,1994,1,0,0,0,11,1,0,0,0,0,0,0,1,0,0
BC,1,1500,1995,1,0,0,0,4,0,0,1,0,0,0,0,0,0,0
BC,1,1500,1996,0,1,0,0,2,3,0,0,0,0,0,0,1,0,0
BC,1,1500,1997,0,0,0,0,2,0,0,0,0,0,0,0,0,0,0
BC,1,1500,1998,0,0,0,0,1,1,0,0,0,0,0,0,0,0,0
BC,1,1500,1999,1,2,0,0,5,1,0,0,0,0,0,0,0,0,0
BC,1,1500,2000,1,1,0,0,4,0,0,0,0,0,0,0,0,0,0
BC,1,1500,2001,0,1,0,0,0,2,0,0,0,0,0,0,0,0,0
BC,1,1500,2002,0,0,0,0,0,1,0,0,0,0,0,0,0,0,0
BC,1,1500,2003,0,0,0,0,1,0,0,0,0,0,0,0,0,0,0
BC,1,1500,2004,0,0,0,0,2,1,0,0,0,0,0,0,0,0,0
BC,1,1500,2005,2,0,0,0,1,1,0,0,0,0,0,0,0,0,0
BC,1,1500,2006,1,0,0,0,2,0,0,0,0,0,0,0,0,0,0
BC,1,1500,2007,2,0,0,0,4,0,0,0,0,0,0,0,0,0,0
BC,1,1500,2008,0,0,0,0,2,2,0,0,0,0,0,0,0,0,0
BC,1,1500,2009,0,0,0,0,0,2,0,0,0,0,0,0,0,0,0
BC,1,1500,2010,1,4,0,0,1,3,0,0,0,0,0,0,2,0,0
BC,1,1500,2011,0,0,0,0,2,0,0,0,0,0,0,0,0,0,0
BC,1,1500,2012,0,0,0,0,1,0,0,1,0,0,0,0,0,0,0
BC,1,1500,2013,0,0,0,0,0,1,0,0,0,0,0,0,0,0,0
BC,1,1500,2014,0,5,0,0,4,2,0,0,0,0,0,0,0,0,0
BC,1,1500,2017,0,1,0,0,1,0,0,0,0,0,0,0,0,0,0
BC,1,1500,2018,0,0,0,0,3,2,0,0,0,0,0,0,0,0,0
BC,1,1500,2019,2,0,0,0,1,0,0,0,0,0,0,0,0,0,0
BC,1,1500,2020,0,0,0,0,0,1,0,0,0,0,0,0,0,0,0
BC,1,1500,2021,0,0,0,0,1,0,0,0,0,0,0,0,0,0,0
BC,1,1500,2022,1,0,0,0,0,0,0,0,0,0,0,0,0,0,0
BC,1,1500,2023,1,1,0,0,2,0,0,0,0,0,0,0,0,0,0
BC,1,1510,1976,4,0,0,0,7,2,0,0,0,0,0,0,0,0,0
BC,1,1510,1977,0,0,0,0,0,1,0,0,0,0,0,0,0,0,0
BC,1,1510,1978,0,1,0,0,2,0,0,1,0,0,0,0,0,0,0
BC,1,1510,1979,4,0,0,0,13,26,0,3,0,0,0,0,0,0,4
BC,1,1510,1980,0,0,0,0,1,1,0,0,0,0,0,0,0,0,3
BC,1,1510,1981,4,2,0,0,3,2,0,0,0,0,0,0,0,0,0
BC,1,1510,1982,0,1,0,0,2,3,0,0,0,0,0,0,0,0,2
BC,1,1510,1983,0,1,0,0,4,1,0,0,0,0,0,0,0,0,0
BC,1,1510,1984,2,3,0,0,3,3,0,0,0,0,0,0,0,0,0
BC,1,1510,1985,0,0,0,0,7,9,0,0,0,0,0,0,0,0,0
BC,1,1510,1986,0,5,0,0,6,6,0,0,0,0,0,0,0,0,0
BC,1,1510,1987,2,3,0,0,10,5,0,0,0,0,0,0,0,0,0
BC,1,1510,1988,0,3,0,0,3,0,0,0,0,0,0,0,0,0,0
BC,1,1510,1989,0,0,0,0,4,3,0,0,0,0,0,0,0,0,0
BC,1,1510,1990,2,1,0,0,2,1,0,0,0,0,0,0,0,0,0
BC,1,1510,1991,1,2,0,0,0,1,0,0,0,0,0,0,0,0,0
BC,1,1510,1992,2,1,0,0,2,0,0,0,0,0,0,0,0,0,0
BC,1,1510,1993,1,0,0,0,5,2,0,0,0,0,0,0,0,0,0
BC,1,1510,1994,0,2,0,0,2,2,0,0,0,0,0,0,0,0,0
BC,1,1510,1995,0,0,0,0,3,0,0,0,0,0,0,0,0,0,0
BC,1,1510,1996,0,0,0,0,1,0,0,0,0,0,0,0,0,0,0
BC,1,1510,1997,0,0,0,0,1,2,0,0,0,0,0,0,0,0,0
BC,1,1510,1998,0,0,0,0,2,0,0,0,0,0,0,0,0,0,0
BC,1,1510,1999,0,0,0,0,0,1,0,0,0,0,0,0,0,0,0
BC,1,1510,2000,0,0,0,0,1,0,0,0,0,0,0,0,0,0,0
BC,1,1510,2001,0,0,0,0,0,1,0,0,0,0,0,0,0,0,0
BC,1,1510,2002,0,0,0,0,3,1,0,0,0,0,0,0,0,0,0
BC,1,1510,2003,0,1,0,0,2,1,0,0,0,0,0,0,0,0,0
BC,1,1510,2004,0,0,0,0,1,1,0,0,0,0,0,0,0,0,0
BC,1,1510,2005,1,0,0,0,0,0,0,0,0,0,0,0,0,0,0
BC,1,1510,2006,0,0,0,0,1,0,0,1,0,0,0,0,0,0,0
BC,1,1510,2007,0,1,0,0,0,1,0,0,0,0,0,0,0,0,0
BC,1,1510,2008,0,0,0,0,2,1,0,1,0,0,0,0,0,0,0
BC,1,1510,2009,2,1,0,0,2,2,0,0,0,0,0,0,0,0,0
BC,1,1510,2010,0,1,0,0,1,0,0,0,0,0,0,0,0,0,0
BC,1,1510,2011,0,0,0,0,0,2,0,0,0,0,0,0,0,0,0
BC,1,1510,2012,0,0,0,0,4,1,0,0,0,0,0,0,0,0,0
BC,1,1510,2013,1,0,0,0,1,0,0,0,0,0,0,0,0,0,0
BC,1,1510,2015,0,0,0,0,1,2,0,0,0,0,0,0,0,0,0
BC,1,1510,2017,0,0,0,0,0,1,0,0,0,0,0,0,0,0,0
BC,1,1510,2018,0,0,0,0,0,1,0,0,0,0,0,0,0,0,0
BC,1,1510,2019,1,0,0,0,0,0,0,0,0,0,0,0,0,0,0
BC,1,1510,2021,0,1,0,0,0,3,0,0,0,0,0,0,0,0,0
BC,1,1520,1976,8,5,0,0,18,13,0,5,0,0,0,0,0,0,4
BC,1,1520,1977,0,4,0,0,0,1,0,0,0,0,0,0,0,0,1
BC,1,1520,1978,0,2,0,0,0,0,0,0,0,0,0,0,0,0,1
BC,1,1520,1979,1,1,0,0,0,1,0,0,0,0,0,0,0,0,0
BC,1,1520,1980,1,3,0,0,6,9,0,1,0,0,0,0,1,0,4
BC,1,1520,1981,11,9,0,0,21,9,0,1,0,0,0,0,0,0,2
BC,1,1520,1983,4,3,0,0,13,9,0,0,0,0,0,0,0,0,0
BC,1,1520,1984,7,2,0,0,16,9,0,2,0,0,0,0,0,0,1
BC,1,1520,1985,3,1,0,0,5,9,0,0,0,0,0,0,0,0,0
BC,1,1520,1986,4,2,0,0,4,7,0,0,0,0,0,0,0,0,0
BC,1,1520,1987,6,3,0,0,3,8,0,0,0,0,0,0,0,0,0
BC,1,1520,1988,4,0,0,0,2,4,0,0,0,0,0,0,0,0,0
BC,1,1520,1989,3,3,0,0,7,11,0,0,0,0,0,0,0,0,0
BC,1,1520,1990,1,4,0,0,2,1,0,0,0,0,0,0,0,0,0
BC,1,1520,1991,1,1,0,0,6,6,0,0,0,0,0,0,0,0,0
BC,1,1520,1992,2,0,0,0,2,3,0,0,0,0,0,0,0,0,1
BC,1,1520,1993,4,2,0,0,0,11,0,0,0,0,0,0,0,0,0
BC,1,1520,1994,3,4,0,0,5,6,0,0,0,0,0,0,0,0,0
BC,1,1520,1995,3,1,0,0,3,4,0,0,0,0,0,0,0,0,0
BC,1,1520,1996,1,0,0,0,6,2,0,0,0,0,0,0,0,0,0
BC,1,1520,1997,0,0,0,0,1,3,0,0,0,0,0,0,0,0,0
BC,1,1520,1998,0,2,0,0,1,1,0,0,0,0,0,0,0,0,0
BC,1,1520,1999,3,1,0,0,3,1,0,0,0,0,0,0,0,0,0
BC,1,1520,2000,0,1,0,0,3,4,0,0,0,0,0,0,0,0,0
BC,1,1520,2001,0,0,0,0,1,1,0,0,0,0,0,0,0,0,0
BC,1,1520,2002,1,2,0,0,0,0,0,0,0,0,0,0,0,0,0
BC,1,1520,2003,1,1,0,0,1,2,0,0,0,0,0,0,0,0,0
BC,1,1520,2004,3,4,0,0,1,2,0,0,0,0,0,0,0,0,0
BC,1,1520,2005,1,1,0,0,1,3,0,0,0,0,0,0,0,0,0
BC,1,1520,2006,0,0,0,0,0,2,0,0,0,0,0,0,0,0,0
BC,1,1520,2007,2,0,0,0,1,0,0,1,0,0,0,0,0,0,0
BC,1,1520,2008,0,0,0,0,2,1,0,0,0,0,0,0,0,0,0
BC,1,1520,2011,0,1,0,0,0,1,0,0,0,0,0,0,0,0,0
BC,1,1520,2012,1,0,0,0,0,0,0,0,0,0,0,0,0,0,0
BC,1,1520,2013,1,0,0,0,1,1,0,0,0,0,0,0,0,0,0
BC,1,1520,2014,1,0,0,0,1,2,0,0,0,0,0,0,0,0,0
BC,1,1520,2015,1,0,0,0,1,1,0,0,0,0,0,0,0,0,0
BC,1,1520,2016,1,0,0,0,0,0,0,0,0,0,0,0,0,0,0
BC,1,1520,2018,1,1,0,0,3,2,0,0,0,0,0,0,0,0,0
BC,1,1520,2019,0,0,0,0,2,5,0,0,0,0,0,0,0,0,0
BC,1,1520,2020,0,0,0,0,1,0,0,0,0,0,0,0,0,0,0
BC,1,1520,2021,1,1,0,0,2,1,0,0,0,0,0,0,0,0,0
BC,1,1520,2022,1,0,0,0,0,2,0,0,0,0,0,0,0,0,0
BC,1,1520,2023,1,0,0,0,0,1,0,0,0,0,0,0,0,0,0
BC,1,1530,1976,0,9,0,0,2,8,0,6,0,0,0,0,0,0,4
BC,1,1530,1977,5,4,0,0,8,11,0,1,0,0,0,0,2,0,3
BC,1,1530,1978,4,2,0,0,9,4,0,0,0,0,0,0,0,0,1
BC,1,1530,1979,1,6,0,0,6,5,0,0,0,0,0,0,0,0,5
BC,1,1530,1980,4,5,0,0,5,9,0,1,0,0,0,0,0,0,5
BC,1,1530,1981,2,4,0,0,1,13,0,0,0,0,0,0,0,0,1
BC,1,1530,1982,4,4,0,0,3,2,0,0,0,0,0,0,0,0,2
BC,1,1530,1983,1,0,0,0,5,13,0,0,0,0,0,0,0,0,0
BC,1,1530,1984,4,15,0,0,2,9,0,0,0,0,0,2,0,0,0
BC,1,1530,1985,2,2,0,0,0,1,0,16,0,0,0,0,0,0,0
BC,1,1530,1986,3,5,0,0,11,8,0,0,0,0,0,0,0,0,0
BC,1,1530,1987,2,5,0,0,8,9,0,0,0,0,0,0,0,0,0
BC,1,1530,1988,0,3,0,0,1,6,0,0,0,0,0,0,0,0,0
BC,1,1530,1989,1,2,0,0,3,2,0,0,0,0,0,0,0,0,0
BC,1,1530,1990,0,5,0,0,5,1,0,0,0,0,0,0,0,0,0
BC,1,1530,1991,0,0,0,0,3,5,0,0,0,0,0,0,0,0,0
BC,1,1530,1992,5,5,0,0,10,7,0,0,0,0,0,0,0,0,0
BC,1,1530,1993,2,5,0,0,7,8,0,0,0,0,0,0,0,0,0
BC,1,1530,1994,2,1,0,0,8,10,0,0,0,0,0,0,0,0,1
BC,1,1530,1995,0,1,0,0,1,5,0,0,0,0,0,0,0,0,0
BC,1,1530,1996,1,0,0,0,2,5,0,0,0,0,0,0,0,0,0
BC,1,1530,1997,0,0,0,0,1,0,0,0,0,0,0,0,0,0,1
BC,1,1530,1998,0,2,0,0,1,1,0,0,0,0,0,0,0,0,0
BC,1,1530,1999,0,1,0,0,0,1,0,0,0,0,0,0,0,0,0
BC,1,1530,2000,1,0,0,0,1,0,0,0,0,0,0,0,0,0,0
BC,1,1530,2001,3,2,0,0,2,3,0,0,0,0,0,0,0,0,0
BC,1,1530,2002,0,0,0,0,0,1,0,0,0,0,0,0,0,0,0
BC,1,1530,2003,0,2,0,0,1,1,0,0,0,0,0,0,0,0,0
BC,1,1530,2004,1,0,0,0,2,2,0,0,0,0,0,0,0,0,0
BC,1,1530,2005,1,0,0,0,1,2,0,0,0,0,0,0,0,0,0
BC,1,1530,2006,1,3,0,0,2,1,0,0,0,0,0,0,0,0,0
BC,1,1530,2007,0,0,0,0,1,0,0,0,0,0,0,0,0,0,0
BC,1,1530,2008,0,0,0,0,1,5,0,0,0,0,0,0,0,0,0
BC,1,1530,2009,0,0,0,0,1,0,0,0,0,0,0,0,0,0,0
BC,1,1530,2011,0,0,0,0,1,0,0,0,0,0,0,0,0,0,0
BC,1,1530,2012,1,0,0,0,2,7,0,0,0,0,0,0,0,0,0
BC,1,1530,2013,0,0,0,0,0,1,0,0,0,0,0,0,0,0,0
BC,1,1530,2014,3,1,0,0,2,3,0,1,0,0,0,0,0,0,0
BC,1,1530,2016,0,0,0,0,3,0,0,0,0,0,0,0,0,0,0
BC,1,1530,2017,0,0,0,0,2,0,0,0,0,0,0,0,0,0,0
BC,1,1530,2018,1,3,0,0,5,5,0,0,0,0,0,0,0,0,0
BC,1,1530,2019,0,0,0,0,1,0,0,0,0,0,0,0,0,0,0
BC,1,1530,2020,1,0,0,0,0,1,0,0,0,0,0,0,0,0,0
BC,1,1530,2021,3,0,0,0,5,6,0,2,0,0,0,0,0,0,0
BC,1,1530,2023,0,0,0,0,1,0,0,0,0,0,0,0,0,0,0
BC,1,1540,1984,0,0,0,0,0,0,0,1,0,0,0,0,0,0,0
BC,1,1540,1985,0,1,0,0,0,0,0,2,0,0,0,0,0,0,0
BC,1,1540,1993,0,0,0,0,0,1,0,0,0,0,0,0,0,0,0
BC,1,1540,1996,0,1,0,0,0,0,0,0,0,0,0,0,0,0,0
BC,1,1550,1980,0,0,0,0,0,0,0,0,0,0,0,0,0,0,1
BC,1,1550,1987,0,0,0,0,0,0,0,1,0,0,0,0,0,0,0
BC,1,1550,1995,0,0,0,0,0,0,0,1,0,0,0,0,0,0,0
BC,1,1590,1995,0,0,0,0,0,0,0,1,0,0,0,0,0,0,0
BC,1,1620,1986,0,0,0,0,0,1,0,0,0,0,0,0,0,0,0
BC,1,1620,1990,0,0,0,0,1,0,0,0,0,0,0,0,0,0,0
BC,1,1630,1977,0,0,0,0,0,0,0,1,0,0,0,0,0,0,0
BC,1,1630,1978,1,0,0,0,0,0,0,1,0,0,0,0,0,0,0
BC,1,1630,1981,0,0,0,0,0,0,0,1,0,0,0,0,0,0,0
BC,1,1630,1983,1,0,0,0,0,0,0,0,0,0,0,0,0,0,0
BC,1,1630,1984,1,0,0,0,0,0,0,0,0,0,0,0,0,0,0
BC,1,1630,1994,0,0,0,0,0,0,0,1,0,0,0,0,0,0,0
BC,1,1650,1976,0,0,0,0,0,0,0,1,0,0,0,0,0,0,0
BC,1,1650,1978,1,0,0,0,0,0,0,0,0,0,0,0,0,0,0
BC,1,1650,1981,1,0,0,0,0,0,0,5,0,0,0,0,0,0,0
BC,1,1650,1982,0,0,0,0,0,0,0,1,0,0,0,0,0,0,1
BC,1,1650,1983,1,0,0,0,0,0,0,2,0,0,0,0,0,0,0
BC,1,1650,1986,3,1,0,0,0,1,0,0,0,0,0,0,0,0,0
BC,1,1650,1987,0,0,0,0,0,1,0,0,0,0,0,0,0,0,0
BC,1,1650,2001,0,0,0,0,0,1,0,0,0,0,0,0,0,0,0
BC,1,1650,2009,0,0,0,0,0,1,0,0,0,0,0,0,0,0,0
BC,1,1660,1976,0,0,0,1,0,0,0,0,0,0,0,0,0,0,0
BC,1,1660,1978,0,0,0,0,0,0,0,1,0,0,0,0,0,0,0
BC,1,1660,1981,0,0,0,0,0,0,0,1,0,0,0,0,0,0,1
BC,1,1660,1982,0,0,0,0,0,0,0,1,0,0,0,0,0,0,0
BC,1,1660,1983,1,0,0,0,0,0,0,1,0,0,0,0,0,0,0
BC,1,1660,1984,0,0,0,0,0,0,0,2,0,0,0,0,0,0,0
BC,1,1660,1986,0,0,0,0,0,1,0,0,0,0,0,0,0,0,0
BC,1,1660,1987,0,0,0,0,0,1,0,0,0,0,0,0,0,0,0
BC,1,1660,1989,0,0,0,0,0,1,0,0,0,0,0,0,0,0,0
BC,1,1660,1993,0,1,0,0,0,0,0,0,0,0,0,0,0,0,0
BC,1,1660,1995,0,0,0,0,0,0,0,2,0,0,0,0,0,0,0
BC,1,1660,2002,0,1,0,0,0,0,0,0,0,0,0,0,0,0,0
BC,1,1660,2023,0,0,0,0,0,1,0,0,0,0,0,0,0,0,0
BC,1,1670,1976,0,0,0,0,0,0,0,1,0,0,0,0,0,0,0
BC,1,1670,1978,0,0,0,0,0,0,0,0,0,0,0,0,0,0,1
BC,1,1670,1981,0,1,0,0,0,0,0,3,0,0,0,0,0,0,0
BC,1,1670,1983,0,0,0,0,0,0,0,1,0,0,0,0,0,0,0
BC,1,1670,1984,0,1,0,0,0,0,0,2,0,0,0,0,0,0,0
BC,1,1670,1987,0,0,0,1,0,0,0,1,0,0,0,0,0,0,0
BC,1,1670,1990,0,0,0,0,0,0,0,1,0,0,0,0,0,0,0
BC,1,1670,1993,0,0,0,0,0,0,0,1,0,0,0,0,0,0,0
BC,1,1670,1994,0,0,0,0,1,0,0,0,0,0,0,0,0,0,0
BC,1,1670,1996,0,0,0,0,0,0,0,1,0,0,0,0,0,0,0
BC,1,1670,2000,0,0,0,0,0,1,0,0,0,0,0,0,0,0,0
BC,1,1670,2005,0,0,0,0,0,0,0,1,0,0,0,0,0,0,0
BC,1,1670,2014,0,0,0,0,0,0,0,1,0,0,0,0,0,0,0
BC,1,1670,2018,0,0,0,1,0,0,0,0,0,0,0,0,0,0,0
BC,1,1670,2022,1,0,0,0,0,0,0,3,0,0,0,0,0,0,0
BC,1,1670,2023,0,0,0,0,0,0,0,1,0,0,0,0,0,0,0
BC,1,1692,1981,0,0,0,0,0,0,0,0,0,0,0,0,0,0,3
BC,1,1692,1985,0,0,0,0,0,0,0,1,0,0,0,0,0,0,0
BC,1,1692,1987,0,0,0,1,0,0,0,1,0,0,0,0,0,0,0
BC,1,1692,1991,0,0,0,1,0,0,0,0,0,0,0,0,0,0,0
BC,1,1692,1995,0,0,0,1,0,0,0,0,0,0,0,0,0,0,0
BC,1,1692,1996,0,0,0,0,0,0,0,1,0,0,0,0,0,0,0
BC,1,1692,2000,0,0,0,0,0,0,0,1,0,0,0,0,0,0,0
BC,1,1692,2002,0,0,0,8,0,0,0,0,0,0,0,0,0,0,0
BC,1,1692,2006,0,0,0,1,0,0,0,0,0,0,0,0,0,0,0
BC,1,1692,2009,0,0,0,0,0,0,0,1,0,0,0,0,0,0,0
BC,1,1692,2014,0,0,0,0,0,0,0,1,0,0,0,0,0,0,0
BC,1,1692,2017,0,0,0,0,0,0,0,2,0,0,0,0,0,0,0
BC,1,1692,2023,0,0,0,1,0,0,0,0,0,0,0,0,0,0,0
BC,1,1693,1992,0,0,0,0,0,0,0,3,0,0,0,0,0,0,0
BC,1,1693,2002,0,0,0,1,0,0,0,0,0,0,0,0,0,0,0
BC,1,1693,2015,0,0,0,1,0,0,0,0,0,0,0,0,0,0,0
BC,1,1700,2017,0,0,0,0,0,0,0,1,0,0,0,0,0,0,0
BC,1,1710,1977,0,0,0,0,0,0,0,1,0,0,0,0,0,0,1
BC,1,1710,1978,0,0,0,2,0,0,0,2,0,0,0,0,0,0,0
BC,1,1710,1980,0,0,0,0,0,0,0,0,0,0,0,0,0,0,1
BC,1,1710,1981,0,0,0,1,0,0,0,0,0,0,0,0,0,0,0
BC,1,1710,1985,0,0,0,1,0,0,0,2,0,0,0,0,0,0,0
BC,1,1710,1987,0,0,0,1,0,0,0,3,0,0,0,0,0,0,0
BC,1,1710,1988,0,0,0,0,0,0,0,1,0,0,0,0,0,0,0
BC,1,1710,1989,0,0,0,1,0,0,0,0,0,0,0,0,0,0,0
BC,1,1710,1990,0,0,0,3,0,0,0,0,0,0,0,0,0,0,0
BC,1,1710,1991,0,0,0,0,0,0,0,2,0,0,0,0,0,0,0
BC,1,1710,1992,0,0,0,1,0,0,0,0,0,0,0,0,0,0,0
BC,1,1710,1994,0,0,0,1,0,0,0,4,0,0,0,0,0,0,0
BC,1,1710,1995,0,0,0,2,0,0,0,0,0,0,0,0,0,0,0
BC,1,1710,1996,0,0,0,3,0,0,0,0,0,0,0,0,0,0,0
BC,1,1710,2000,0,0,0,0,0,0,0,2,0,0,0,0,0,0,0
BC,1,1710,2001,0,0,0,2,0,0,0,0,0,0,0,0,0,0,0
BC,1,1710,2003,0,0,0,1,0,0,0,0,0,0,0,0,0,0,0
BC,1,1710,2005,0,0,0,0,0,0,0,1,0,0,0,0,0,0,0
BC,1,1710,2006,0,0,0,1,0,0,0,3,0,0,0,0,0,0,0
BC,1,1710,2007,0,0,0,0,0,0,0,1,0,0,2,0,0,0,0
BC,1,1710,2008,0,0,0,0,0,0,0,2,0,0,0,0,0,0,0
BC,1,1710,2009,0,0,0,1,0,0,0,0,0,0,0,0,0,0,0
BC,1,1710,2010,0,0,0,1,0,0,0,0,0,0,0,0,0,0,0
BC,1,1710,2012,0,0,0,1,0,0,0,1,0,0,0,0,0,0,0
BC,1,1710,2013,0,0,0,1,0,0,0,0,0,0,0,0,0,0,0
BC,1,1710,2017,0,0,0,0,0,0,0,1,0,0,0,0,0,0,0
BC,1,1710,2018,0,0,0,0,0,0,0,2,0,0,0,0,0,0,0
BC,1,1710,2019,0,0,0,0,0,0,0,1,0,0,0,0,0,0,0
BC,1,1710,2020,0,0,0,1,0,0,0,0,0,0,0,0,0,0,0
BC,1,1710,2021,0,0,0,1,0,0,0,0,0,0,0,0,0,0,0
BC,1,1710,2022,0,0,0,1,0,0,0,2,0,0,0,0,0,0,0
BC,1,1710,2023,0,0,0,1,0,0,0,0,0,0,0,0,0,0,0
BC,1,1721,1976,0,0,0,4,0,0,0,6,0,0,0,0,0,0,0
BC,1,1721,1977,0,0,0,11,0,0,0,12,0,0,0,0,0,0,0
BC,1,1721,1978,0,0,0,5,0,0,0,11,0,0,0,0,0,0,3
BC,1,1721,1979,0,0,0,8,0,0,0,11,0,0,0,0,0,0,4
BC,1,1721,1981,0,0,0,7,0,0,0,13,0,0,0,0,0,0,15
BC,1,1721,1982,0,0,0,0,0,0,0,1,0,0,0,0,0,0,0
BC,1,1721,1983,0,0,0,4,0,0,0,4,0,0,0,0,0,0,0
BC,1,1721,1984,0,0,0,6,0,0,0,29,0,0,0,0,0,0,2
BC,1,1721,1985,0,0,0,19,0,0,0,4,0,0,0,0,0,0,0
BC,1,1721,1987,0,0,0,17,0,6,0,33,0,0,0,0,0,0,0
BC,1,1721,1988,0,0,0,12,0,0,0,6,0,0,0,0,0,0,0
BC,1,1721,1989,0,0,0,18,0,0,0,27,0,0,0,0,0,0,0
BC,1,1721,1990,0,0,0,19,0,0,0,34,0,0,0,0,0,0,1
BC,1,1721,1991,0,0,0,35,0,0,0,36,0,0,0,0,0,0,0
BC,1,1721,1992,0,0,0,13,0,0,0,47,0,0,0,0,0,0,1
BC,1,1721,1993,0,0,0,29,0,1,0,44,0,0,0,0,0,0,1
BC,1,1721,1994,0,0,0,12,0,0,0,49,0,0,0,0,0,0,0
BC,1,1721,1995,0,0,0,12,1,0,0,51,0,0,0,0,0,0,0
BC,1,1721,1996,0,0,0,20,0,0,0,26,0,0,0,0,0,0,0
BC,1,1721,1997,0,0,0,5,0,0,0,22,0,0,0,0,0,0,0
BC,1,1721,1998,0,0,0,4,0,0,0,11,0,0,0,0,0,0,0
BC,1,1721,1999,0,0,0,3,0,0,0,2,0,0,0,0,0,0,0
BC,1,1721,2000,0,0,0,4,0,0,0,9,0,0,0,0,0,0,0
BC,1,1721,2001,0,0,0,10,0,0,0,7,0,0,0,0,0,0,0
BC,1,1721,2002,0,0,0,1,0,0,0,1,0,0,0,0,0,0,0
BC,1,1721,2003,0,0,0,4,0,0,0,13,0,0,0,0,0,0,1
BC,1,1721,2004,0,0,0,2,0,0,0,4,0,0,0,0,0,0,0
BC,1,1721,2005,0,0,0,2,0,0,0,2,0,0,0,0,0,0,0
BC,1,1721,2006,0,0,0,1,0,0,0,14,0,0,0,0,0,0,0
BC,1,1721,2007,0,0,0,5,0,0,0,12,0,0,0,0,0,0,0
BC,1,1721,2008,0,0,0,6,0,0,0,25,0,0,0,0,0,0,0
BC,1,1721,2009,0,0,0,8,0,0,0,17,0,0,0,0,0,0,0
BC,1,1721,2010,0,0,0,1,0,0,0,4,0,4,0,0,0,0,0
BC,1,1721,2011,0,0,0,1,0,0,0,3,0,0,0,0,0,0,0
BC,1,1721,2012,0,0,0,0,0,0,0,1,0,0,0,0,0,0,0
BC,1,1721,2015,0,0,0,0,0,0,0,4,0,0,0,0,0,0,0
BC,1,1721,2017,0,0,0,0,0,0,0,1,0,0,0,0,0,0,0
BC,1,1721,2018,0,0,0,4,0,0,0,5,0,0,0,0,0,0,0
BC,1,1721,2019,0,0,0,1,0,0,0,1,0,0,0,0,0,0,0
BC,1,1721,2020,0,0,0,7,0,0,0,4,0,0,0,0,0,0,0
BC,1,1721,2021,0,0,0,0,0,0,0,7,0,0,0,0,0,0,0
BC,1,1721,2022,0,0,0,2,0,0,0,3,0,0,0,0,0,0,0
BC,1,1721,2023,0,0,0,6,0,0,0,7,0,0,0,0,0,0,0
BC,1,1721,2024,0,0,0,2,0,0,0,0,0,0,0,0,0,0,0
BC,1,1722,1976,0,0,0,41,0,0,0,31,0,0,0,0,0,0,1
BC,1,1722,1977,0,0,0,54,0,0,0,30,0,0,0,0,0,0,4
BC,1,1722,1978,0,0,0,44,0,0,0,23,0,0,0,0,0,0,9
BC,1,1722,1979,0,0,0,44,0,0,0,25,0,0,0,0,0,0,10
BC,1,1722,1980,0,0,0,50,0,0,0,48,0,0,0,0,0,0,24
BC,1,1722,1981,0,0,0,74,0,0,0,26,0,0,0,0,0,0,16
BC,1,1722,1982,0,0,0,25,0,0,0,40,0,0,0,0,0,0,4
BC,1,1722,1983,0,0,0,54,0,0,0,54,0,0,0,0,0,0,0
BC,1,1722,1984,0,0,0,83,0,0,0,45,0,0,0,0,0,0,3
BC,1,1722,1985,0,0,0,124,0,0,0,27,0,0,0,0,0,0,5
BC,1,1722,1986,0,0,0,0,0,1,0,0,0,0,0,0,0,0,0
BC,1,1722,1987,0,0,0,242,0,8,0,109,0,0,0,0,0,0,0
BC,1,1722,1988,0,0,0,184,0,0,0,94,0,0,0,0,0,0,0
BC,1,1722,1989,0,0,0,98,0,0,0,20,0,0,0,0,0,0,4
BC,1,1722,1990,0,0,0,196,0,0,0,52,0,0,0,0,0,0,3
BC,1,1722,1991,0,0,0,157,0,0,0,35,0,0,0,0,0,0,0
BC,1,1722,1992,0,0,0,81,0,0,0,224,0,0,0,0,0,0,0
BC,1,1722,1993,0,1,0,170,0,0,0,73,0,0,0,0,0,0,0
BC,1,1722,1994,0,0,0,217,0,0,0,91,0,0,0,0,0,0,0
BC,1,1722,1995,0,0,0,154,0,0,0,21,0,0,0,0,0,0,1
BC,1,1722,1996,0,0,0,108,0,0,0,30,0,0,0,0,0,0,0
BC,1,1722,1997,0,0,0,74,0,0,0,17,0,0,0,0,0,0,0
BC,1,1722,1998,0,1,0,63,0,0,0,10,0,0,0,0,0,0,0
BC,1,1722,1999,0,0,0,58,0,0,0,17,0,0,0,0,0,0,0
BC,1,1722,2000,0,0,0,104,0,0,0,26,0,0,0,0,0,0,0
BC,1,1722,2001,0,0,0,91,0,0,0,38,0,0,0,0,0,0,0
BC,1,1722,2002,0,0,0,17,0,0,0,1,0,0,0,0,0,0,0
BC,1,1722,2003,0,0,0,96,0,0,0,82,0,0,0,0,0,0,3
BC,1,1722,2004,0,0,0,31,0,0,0,51,0,0,0,0,0,0,1
BC,1,1722,2005,0,0,0,20,0,0,0,47,0,0,0,0,0,0,0
BC,1,1722,2006,0,0,0,25,0,0,0,38,0,0,0,0,0,0,0
BC,1,1722,2007,0,0,0,34,0,0,0,72,0,0,0,0,0,0,1
BC,1,1722,2008,0,0,0,49,0,0,0,38,0,0,0,0,0,0,0
BC,1,1722,2009,0,0,0,67,0,0,0,7,0,0,0,0,0,0,0
BC,1,1722,2010,0,0,2,33,0,0,0,20,0,1,0,0,0,0,0
BC,1,1722,2011,0,0,0,32,0,0,0,8,0,0,0,0,0,0,0
BC,1,1722,2012,0,0,3,48,0,0,0,0,0,0,0,0,0,0,0
BC,1,1722,2013,0,0,2,42,0,0,0,12,0,0,0,0,0,0,0
BC,1,1722,2014,0,0,0,22,0,0,1,10,0,0,0,0,0,0,0
BC,1,1722,2015,0,0,3,42,0,0,0,4,0,0,0,0,0,0,2
BC,1,1722,2016,0,0,0,43,0,0,0,6,0,1,0,0,0,0,0
BC,1,1722,2017,0,0,0,52,0,0,0,22,0,0,0,0,0,0,0
BC,1,1722,2018,0,0,0,49,0,0,0,23,0,0,0,0,0,0,0
BC,1,1722,2019,0,0,1,76,0,0,0,38,0,1,0,0,0,0,0
BC,1,1722,2020,0,0,0,101,0,0,0,20,0,3,0,0,0,0,0
BC,1,1722,2021,0,0,0,85,0,0,0,26,0,0,0,0,0,0,0
BC,1,1722,2022,0,0,0,39,0,0,0,10,0,4,0,0,0,0,0
BC,1,1722,2023,0,0,0,59,0,0,0,25,0,0,0,0,0,0,0
BC,1,1722,2024,0,0,0,23,0,0,0,7,0,0,0,0,0,0,2
BC,1,2210,2005,0,0,0,0,0,0,0,0,0,0,0,0,0,0,2
BC,1,2210,2020,0,0,0,0,0,0,0,0,0,0,0,0,0,0,1
BC,1,2300,2022,0,0,0,2,0,0,0,0,0,0,0,0,0,0,0
BC,1,2300,2023,0,0,0,0,0,0,0,1,0,0,0,0,0,0,0
BC,2,1290,1976,0,0,0,0,2,0,0,0,0,0,0,0,0,0,0
BC,2,1290,1977,0,0,0,0,0,1,0,0,0,0,0,0,0,0,0
BC,2,1290,1978,0,0,0,0,0,1,0,0,0,0,0,0,0,0,0
BC,2,1290,1979,0,0,0,0,0,0,0,0,0,0,0,0,0,0,1
BC,2,1290,1980,0,0,0,0,1,0,0,0,0,0,0,0,0,0,0
BC,2,1290,1981,0,0,0,0,1,0,0,0,0,0,0,0,0,0,1
BC,2,1290,1983,0,1,0,0,0,0,0,0,0,0,0,0,0,0,0
BC,2,1290,1984,0,1,0,0,0,0,0,0,0,0,0,0,0,0,0
BC,2,1290,1985,0,0,0,0,0,0,0,1,0,0,0,0,0,0,0
BC,2,1290,1986,0,0,0,0,0,1,0,0,0,0,0,0,0,0,0
BC,2,1290,1987,0,0,0,0,1,0,0,0,0,0,0,0,0,0,0
BC,2,1290,1988,0,0,0,0,0,1,0,0,0,0,0,0,0,0,0
BC,2,1290,1991,0,0,0,0,0,1,0,0,0,0,0,0,0,0,0
BC,2,1290,1993,0,1,0,0,0,0,0,0,0,0,0,0,0,0,0
BC,2,1290,1994,0,1,0,0,0,0,0,0,0,0,0,0,0,0,0
BC,2,1290,1998,0,0,0,0,1,1,0,0,0,0,0,0,0,0,0
BC,2,1290,2000,1,0,0,0,0,0,0,0,0,0,0,0,0,0,0
BC,2,1290,2004,0,1,0,0,0,0,0,0,0,0,0,0,0,0,0
BC,2,1290,2005,0,0,0,0,2,0,0,0,0,0,0,0,0,0,0
BC,2,1290,2008,0,0,0,0,1,0,0,0,0,0,0,0,0,0,0
BC,2,1290,2012,0,1,0,0,0,0,0,0,0,0,0,0,0,0,0
BC,2,1290,2016,0,0,0,0,1,0,0,0,0,0,0,0,0,0,0
BC,2,1290,2020,1,0,0,0,0,0,0,0,0,0,0,0,0,0,0
BC,2,1290,2021,0,0,0,0,0,1,0,0,0,0,0,0,0,0,0
BC,2,1290,2024,0,0,0,0,1,0,0,0,0,0,0,0,0,0,0
BC,2,1300,1979,0,1,0,0,0,0,0,0,0,0,0,0,0,0,1
BC,2,1300,1988,0,0,0,0,0,1,0,0,0,0,0,0,0,0,0
BC,2,1310,1977,1,2,0,0,0,0,0,1,0,0,0,0,0,0,0
BC,2,1310,1980,0,0,0,0,1,0,0,0,0,0,0,0,0,0,0
BC,2,1310,1981,0,1,0,0,0,0,0,0,0,0,0,0,0,0,0
BC,2,1310,1983,0,1,0,0,0,1,0,0,0,0,0,0,0,0,0
BC,2,1310,1984,0,1,0,0,0,0,0,0,0,0,0,0,0,0,0
BC,2,1310,1985,0,0,0,0,0,0,0,3,0,0,0,0,0,0,0
BC,2,1310,1987,0,1,0,0,2,0,0,0,0,0,0,0,0,0,0
BC,2,1310,1988,1,0,0,0,0,1,0,0,0,0,0,0,0,0,0
BC,2,1310,1989,0,0,0,0,0,0,0,3,0,0,0,0,0,0,0
BC,2,1310,1999,1,0,0,0,0,0,0,0,0,0,0,0,0,0,0
BC,2,1310,2000,0,0,0,0,0,1,0,0,0,0,0,0,0,0,0
BC,2,1310,2002,0,0,0,0,0,1,0,0,0,0,0,0,0,0,0
BC,2,1310,2004,0,0,0,0,0,0,0,1,0,0,0,0,0,0,0
BC,2,1310,2005,0,0,0,0,0,0,0,1,0,0,0,0,0,0,0
BC,2,1310,2007,0,0,0,0,0,0,0,1,0,0,0,0,0,0,0
BC,2,1310,2008,0,3,0,0,0,0,0,1,0,0,0,0,0,0,0
BC,2,1310,2010,0,0,0,0,0,1,0,1,0,0,0,0,0,0,0
BC,2,1310,2011,0,0,0,0,0,0,0,1,0,0,0,0,0,0,0
BC,2,1310,2012,1,0,0,0,0,0,0,0,0,0,0,0,0,0,0
BC,2,1310,2013,0,1,0,0,0,0,0,0,0,0,0,0,0,0,0
BC,2,1310,2016,0,2,0,0,1,0,0,0,0,0,0,0,0,0,0
BC,2,1310,2017,1,0,0,0,0,0,0,1,0,0,0,0,0,0,0
BC,2,1310,2018,0,1,0,0,0,0,0,0,0,0,0,0,0,0,0
BC,2,1310,2020,0,1,0,0,0,0,0,1,0,0,0,0,0,0,0
BC,2,1310,2021,0,1,0,0,0,0,0,0,0,0,0,0,0,0,0
BC,2,1310,2023,0,0,0,0,0,1,0,0,0,0,0,0,0,0,0
BC,2,1310,2024,0,0,0,0,1,0,0,0,0,0,0,0,0,0,0
BC,2,1320,1976,65,118,0,0,222,299,0,4,0,0,0,4,5,0,83
BC,2,1320,1977,74,117,0,0,214,231,0,6,0,0,0,3,1,0,200
BC,2,1320,1978,25,102,0,1,249,289,0,19,0,0,0,45,39,0,89
BC,2,1320,1979,54,88,0,1,247,302,0,5,0,0,0,2,12,0,99
BC,2,1320,1980,69,141,0,2,189,223,0,13,0,0,0,4,11,0,109
BC,2,1320,1981,81,137,0,2,198,229,0,10,0,0,0,0,5,0,153
BC,2,1320,1982,80,141,0,4,130,172,0,8,0,0,0,2,5,0,86
BC,2,1320,1983,44,81,0,0,276,367,0,15,0,0,0,3,3,0,9
BC,2,1320,1984,85,156,0,0,249,292,0,11,0,0,0,1,3,0,21
BC,2,1320,1985,59,86,0,1,172,195,0,4,0,0,0,1,0,0,3
BC,2,1320,1986,53,91,0,1,232,253,0,6,0,0,0,0,0,0,14
BC,2,1320,1987,44,98,0,3,227,326,0,19,0,0,0,0,0,0,7
BC,2,1320,1988,105,192,0,1,232,227,0,9,0,0,0,3,1,0,6
BC,2,1320,1989,49,123,0,1,189,232,0,5,0,0,0,2,0,0,4
BC,2,1320,1990,39,81,0,1,130,162,0,2,0,0,0,1,0,0,0
BC,2,1320,1991,45,96,0,0,112,133,0,3,0,0,0,0,0,0,0
BC,2,1320,1992,85,176,0,5,177,238,0,8,0,0,0,2,0,0,4
BC,2,1320,1993,67,149,0,1,174,274,0,12,0,0,0,0,3,0,5
BC,2,1320,1994,60,127,0,0,188,189,0,1,0,0,0,1,0,0,1
BC,2,1320,1995,58,213,0,0,245,295,0,8,0,0,0,1,0,0,2
BC,2,1320,1996,83,161,0,0,102,139,0,1,0,0,0,1,0,0,0
BC,2,1320,1997,43,111,0,0,150,219,0,1,0,0,0,0,3,0,1
BC,2,1320,1998,66,131,0,0,154,181,0,0,0,0,0,0,0,0,4
BC,2,1320,1999,78,164,0,0,102,130,0,3,0,0,0,0,0,0,1
BC,2,1320,2000,81,175,0,1,162,162,0,2,0,0,0,0,0,0,4
BC,2,1320,2001,40,98,0,1,107,133,0,6,0,0,0,0,0,0,0
BC,2,1320,2002,56,154,0,5,164,164,0,4,0,0,0,0,1,0,5
BC,2,1320,2003,67,156,0,0,169,263,0,8,0,0,0,1,0,0,10
BC,2,1320,2004,50,185,0,0,161,209,0,3,0,0,0,0,0,0,2
BC,2,1320,2005,50,126,0,0,161,202,0,2,0,0,0,0,0,0,2
BC,2,1320,2006,37,169,0,0,123,184,0,2,0,0,0,0,0,0,5
BC,2,1320,2007,50,110,0,0,106,159,0,7,0,0,0,0,0,0,7
BC,2,1320,2008,99,180,0,0,104,149,0,0,0,0,0,0,0,0,7
BC,2,1320,2009,35,99,0,2,143,145,0,1,0,0,0,0,0,0,1
BC,2,1320,2010,39,103,0,0,128,161,0,0,0,0,0,0,0,0,0
BC,2,1320,2011,49,102,0,0,138,189,0,1,0,0,0,0,0,0,1
BC,2,1320,2012,56,144,0,0,180,215,0,1,0,0,0,1,0,0,1
BC,2,1320,2013,46,107,0,1,130,154,0,1,0,0,0,0,0,0,0
BC,2,1320,2014,33,71,0,0,74,109,0,2,0,0,0,0,0,0,2
BC,2,1320,2015,33,78,0,0,105,181,0,5,0,1,0,0,0,0,14
BC,2,1320,2016,28,71,0,2,63,76,0,0,0,1,0,0,0,0,0
BC,2,1320,2017,35,71,0,2,80,88,0,0,0,0,0,0,0,0,2
BC,2,1320,2018,20,66,0,0,62,78,0,0,0,0,0,0,1,0,2
BC,2,1320,2019,16,69,0,0,121,122,0,0,0,0,0,0,0,0,0
BC,2,1320,2020,17,40,0,0,114,193,0,1,0,0,0,0,0,0,0
BC,2,1320,2021,31,34,0,0,95,142,0,2,0,0,0,0,0,0,0
BC,2,1320,2022,32,68,0,0,105,181,0,0,0,0,0,0,0,0,0
BC,2,1320,2023,18,71,0,0,137,231,0,0,0,0,0,0,0,0,0
BC,2,1320,2024,16,38,0,0,42,47,0,3,0,0,0,0,0,0,0
BC,2,1321,1981,0,1,0,0,0,0,0,0,0,0,0,0,0,0,0
BC,2,1321,1984,0,0,0,0,2,0,0,0,0,0,0,0,0,0,0
BC,2,1321,1988,1,0,0,0,0,0,0,0,0,0,0,0,0,0,0
BC,2,1321,1990,0,0,0,0,1,0,0,0,0,0,0,0,0,0,0
BC,2,1321,1992,0,0,0,0,1,1,0,0,0,0,0,0,0,0,0
BC,2,1321,1993,0,0,0,0,3,1,0,0,0,0,0,0,0,0,0
BC,2,1321,1996,0,0,0,0,1,0,0,0,0,0,0,0,0,0,0
BC,2,1321,1999,0,0,0,0,0,1,0,0,0,0,0,0,0,0,0
BC,2,1330,1977,0,0,0,0,0,0,0,0,0,0,0,0,0,0,1
BC,2,1330,1978,0,0,0,0,0,0,0,0,0,0,0,0,0,0,1
BC,2,1330,1981,0,1,0,0,0,0,0,0,0,0,0,0,0,0,0
BC,2,1330,1990,0,0,0,0,0,1,0,0,0,0,0,0,0,0,0
BC,2,1330,1991,0,0,0,0,3,0,0,0,0,0,0,0,0,0,0
BC,2,1330,1998,0,1,0,0,0,0,0,1,0,0,0,0,0,0,0
BC,2,1350,1976,1,0,0,0,4,4,0,0,0,0,0,0,0,0,5
BC,2,1350,1977,1,1,0,0,4,5,0,0,0,0,0,0,0,0,1
BC,2,1350,1978,1,1,0,0,8,7,0,0,0,0,0,0,0,0,3
BC,2,1350,1979,3,0,0,0,6,0,0,0,0,0,0,0,0,0,1
BC,2,1350,1980,1,1,0,0,0,2,0,0,0,0,0,0,0,0,4
BC,2,1350,1981,0,2,0,0,4,2,0,0,0,0,0,0,0,0,0
BC,2,1350,1982,3,13,0,0,25,38,0,0,0,0,0,0,0,0,6
BC,2,1350,1983,1,3,0,0,13,17,0,0,0,0,0,0,1,0,0
BC,2,1350,1984,0,1,0,0,8,6,0,0,0,0,0,0,0,0,0
BC,2,1350,1985,1,4,0,0,1,5,0,0,0,0,0,0,0,0,0
BC,2,1350,1986,1,3,0,0,5,1,0,0,0,0,0,0,0,0,0
BC,2,1350,1987,0,2,0,0,3,4,0,0,0,0,0,0,0,0,0
BC,2,1350,1988,7,10,0,0,10,7,0,0,0,0,0,0,0,0,0
BC,2,1350,1989,2,7,0,0,7,3,0,0,0,0,0,0,0,0,0
BC,2,1350,1990,4,2,0,0,5,4,0,0,0,0,0,0,0,0,0
BC,2,1350,1991,1,2,0,0,3,4,0,0,0,0,0,0,1,0,0
BC,2,1350,1992,6,10,0,0,13,6,0,0,0,0,0,0,0,0,1
BC,2,1350,1993,0,1,0,0,6,3,0,0,0,0,0,0,0,0,0
BC,2,1350,1994,0,9,0,0,8,3,0,0,0,0,0,0,0,0,0
BC,2,1350,1995,2,5,0,0,2,5,0,0,0,0,0,0,0,0,0
BC,2,1350,1996,1,3,0,0,1,4,0,0,0,0,0,0,0,0,0
BC,2,1350,1997,0,2,0,0,1,4,0,0,0,0,0,0,0,0,0
BC,2,1350,1998,1,3,0,0,5,8,0,0,0,0,0,0,0,0,0
BC,2,1350,1999,0,2,0,0,3,2,0,0,0,0,0,0,0,0,0
BC,2,1350,2000,0,7,0,0,2,3,0,0,0,0,0,0,0,0,0
BC,2,1350,2001,1,3,0,0,6,8,0,0,0,0,0,0,0,0,1
BC,2,1350,2002,1,5,0,0,2,2,0,0,0,0,0,0,0,0,0
BC,2,1350,2003,1,10,0,0,7,11,0,0,0,0,0,0,0,0,0
BC,2,1350,2004,0,4,0,0,6,6,0,0,0,0,0,0,0,0,0
BC,2,1350,2005,1,2,0,0,1,3,0,0,0,0,0,0,0,0,0
BC,2,1350,2006,1,8,0,0,1,5,0,0,0,0,0,0,0,0,0
BC,2,1350,2007,1,10,0,0,3,6,0,0,0,0,0,0,0,0,0
BC,2,1350,2008,1,2,0,0,4,3,0,0,0,0,0,0,0,0,2
BC,2,1350,2009,0,7,0,0,3,2,0,0,0,0,0,0,0,0,0
BC,2,1350,2010,1,3,0,0,3,2,0,0,0,0,0,0,0,0,0
BC,2,1350,2011,1,6,0,0,2,3,0,0,0,0,0,0,0,0,0
BC,2,1350,2012,0,0,0,0,1,1,0,0,0,0,0,0,0,0,0
BC,2,1350,2013,1,2,0,0,0,1,0,0,0,0,0,0,0,0,0
BC,2,1350,2014,1,2,0,0,2,2,0,0,0,0,0,0,0,0,1
BC,2,1350,2015,0,1,0,0,3,4,0,0,0,0,0,0,0,0,0
BC,2,1350,2016,0,1,0,0,1,0,0,0,0,0,0,0,0,0,0
BC,2,1350,2017,1,0,0,0,2,0,0,0,0,0,0,0,0,0,0
BC,2,1350,2018,0,4,0,0,0,1,0,0,0,0,0,0,0,0,0
BC,2,1350,2019,0,0,0,0,4,1,0,0,0,0,0,0,0,0,0
BC,2,1350,2020,0,1,0,0,1,1,0,0,0,0,0,0,0,0,0
BC,2,1350,2021,0,1,0,0,1,2,0,0,0,0,0,0,0,0,0
BC,2,1350,2022,1,0,0,0,0,1,0,0,0,0,0,0,0,0,0
BC,2,1350,2023,0,2,0,0,1,2,0,0,0,0,0,0,0,0,0
BC,2,1350,2024,0,2,0,0,1,0,0,0,0,0,0,0,0,0,0
BC,2,1360,1985,0,1,0,0,0,0,0,0,0,0,0,0,0,0,0
BC,2,1360,1986,0,0,0,0,1,0,0,0,0,0,0,0,0,0,0
BC,2,1360,1993,0,0,0,0,1,0,0,0,0,0,0,0,0,0,0
BC,2,1360,1997,1,0,0,0,0,0,0,0,0,0,0,0,0,0,0
BC,2,1360,1998,1,0,0,0,1,0,0,0,0,0,0,0,0,0,0
BC,2,1360,2002,1,0,0,0,0,0,0,0,0,0,0,0,0,0,0
BC,2,1360,2006,0,2,0,0,0,0,0,0,0,0,0,0,0,0,0
BC,2,1360,2008,0,0,0,0,1,0,0,0,0,0,0,0,0,0,0
BC,2,1360,2011,0,0,0,0,1,0,0,0,0,0,0,0,0,0,0
BC,2,1360,2012,0,0,0,0,1,0,0,0,0,0,0,0,0,0,0
BC,2,1370,1976,25,32,0,0,78,80,0,0,0,0,0,0,0,0,24
BC,2,1370,1977,22,42,0,0,78,98,0,0,0,0,0,0,0,0,41
BC,2,1370,1978,22,63,0,0,90,58,0,0,0,0,0,4,1,0,23
BC,2,1370,1979,28,59,0,0,66,65,0,0,0,0,0,0,0,0,20
BC,2,1370,1980,16,52,0,0,55,66,0,0,0,0,0,1,0,0,23
BC,2,1370,1981,13,42,0,0,43,40,0,0,0,0,0,0,0,0,24
BC,2,1370,1982,16,49,0,1,47,47,0,0,0,0,0,1,1,0,19
BC,2,1370,1983,8,55,0,0,55,80,0,0,0,0,0,0,0,0,0
BC,2,1370,1984,19,57,0,0,64,54,0,1,0,0,0,0,0,0,1
BC,2,1370,1985,15,37,0,0,64,46,0,0,0,0,0,0,0,0,0
BC,2,1370,1986,18,32,0,0,57,59,0,0,0,0,0,0,0,0,0
BC,2,1370,1987,6,31,0,0,48,79,0,0,0,0,0,0,0,0,0
BC,2,1370,1988,25,61,0,0,65,60,0,1,0,0,0,0,0,0,0
BC,2,1370,1989,27,63,0,0,48,37,0,0,0,0,0,0,0,0,0
BC,2,1370,1990,5,25,0,0,34,33,0,0,0,0,0,0,0,0,0
BC,2,1370,1991,7,21,0,0,37,40,0,0,0,0,0,0,0,0,1
BC,2,1370,1992,9,41,0,0,38,31,0,0,0,0,0,0,0,0,2
BC,2,1370,1993,15,46,0,0,34,54,0,0,0,0,0,0,0,0,0
BC,2,1370,1994,19,37,0,0,50,57,0,0,0,0,0,0,0,0,0
BC,2,1370,1995,12,40,0,0,58,71,0,0,0,0,0,0,0,0,1
BC,2,1370,1996,15,35,0,0,21,39,0,0,0,0,0,0,0,0,0
BC,2,1370,1997,10,30,0,0,26,21,0,0,0,0,0,0,0,0,1
BC,2,1370,1998,16,54,0,0,42,51,0,0,0,0,0,0,0,0,0
BC,2,1370,1999,15,29,0,0,19,23,0,0,0,0,0,0,0,0,0
BC,2,1370,2000,16,32,0,0,31,34,0,0,0,0,0,0,0,0,0
BC,2,1370,2001,8,49,0,0,28,21,0,0,0,0,0,0,0,0,0
BC,2,1370,2002,15,52,0,0,33,33,0,0,0,0,0,0,0,0,0
BC,2,1370,2003,20,60,0,0,42,43,0,0,0,0,0,0,0,0,0
BC,2,1370,2004,18,47,0,0,54,41,0,0,0,0,0,0,0,0,0
BC,2,1370,2005,14,41,0,0,45,36,0,0,0,0,0,0,0,0,0
BC,2,1370,2006,18,46,0,0,26,30,0,0,0,0,0,0,0,0,0
BC,2,1370,2007,12,20,0,0,34,32,0,1,0,0,0,0,0,0,0
BC,2,1370,2008,19,38,0,0,33,36,0,1,0,0,0,0,0,0,4
BC,2,1370,2009,8,40,0,0,9,22,0,0,0,0,0,0,0,0,0
BC,2,1370,2010,15,36,0,2,37,44,0,0,0,0,0,1,0,0,0
BC,2,1370,2011,10,27,0,0,47,39,0,0,0,0,0,0,0,0,0
BC,2,1370,2012,14,65,0,1,48,56,0,0,0,0,0,0,0,0,0
BC,2,1370,2013,7,22,0,0,23,29,0,0,0,1,0,0,0,0,0
BC,2,1370,2014,5,25,0,0,29,24,0,0,0,0,0,0,0,0,1
BC,2,1370,2015,8,17,0,0,32,24,0,0,0,0,0,0,0,0,3
BC,2,1370,2016,6,20,0,0,19,12,0,0,0,0,0,0,0,0,0
BC,2,1370,2017,3,18,0,0,15,15,0,0,0,0,0,0,0,0,0
BC,2,1370,2018,2,23,0,0,21,9,0,0,0,0,0,0,0,0,0
BC,2,1370,2019,3,16,0,0,21,26,0,0,0,0,0,0,0,0,0
BC,2,1370,2020,3,15,0,0,17,18,0,0,0,0,0,0,0,0,0
BC,2,1370,2021,14,25,0,0,21,25,0,0,0,0,0,0,0,0,0
BC,2,1370,2022,4,16,0,0,20,12,0,0,0,0,0,0,0,0,0
BC,2,1370,2023,5,9,0,0,34,39,0,0,0,0,0,0,1,0,0
BC,2,1370,2024,4,12,0,0,22,26,0,0,0,0,0,0,0,0,0
BC,2,1390,1976,17,21,0,0,72,63,0,5,0,0,0,3,3,0,16
BC,2,1390,1977,36,21,0,0,126,61,0,7,0,0,0,2,1,0,98
BC,2,1390,1978,29,21,0,0,53,68,0,1,0,0,0,3,11,0,19
BC,2,1390,1979,8,14,0,0,52,61,0,1,0,0,0,3,1,0,20
BC,2,1390,1980,9,10,0,0,42,38,0,1,0,0,0,0,4,0,17
BC,2,1390,1981,10,13,0,0,34,40,0,4,0,0,0,0,3,0,28
BC,2,1390,1982,15,18,0,0,37,25,0,3,0,0,0,6,1,0,38
BC,2,1390,1983,4,20,0,0,45,35,0,4,0,0,0,1,0,0,6
BC,2,1390,1984,24,14,0,0,99,72,0,3,0,0,0,0,2,0,0
BC,2,1390,1985,14,16,0,0,60,46,0,2,0,0,0,1,1,0,3
BC,2,1390,1986,21,13,0,0,51,47,0,2,0,0,0,0,0,0,3
BC,2,1390,1987,9,10,0,0,55,30,0,0,0,0,0,2,0,0,1
BC,2,1390,1988,19,16,0,0,67,88,0,0,0,0,0,1,0,0,3
BC,2,1390,1989,26,11,0,0,78,63,0,1,0,0,0,1,1,0,9
BC,2,1390,1990,3,13,0,0,27,17,0,1,0,0,0,0,0,0,1
BC,2,1390,1991,2,5,0,0,15,9,0,1,0,0,0,0,0,0,1
BC,2,1390,1992,5,11,0,0,23,38,0,2,0,0,0,0,0,0,4
BC,2,1390,1993,9,23,0,0,35,31,0,0,0,0,0,1,1,0,5
BC,2,1390,1994,8,5,0,0,24,21,0,0,0,0,0,0,0,0,0
BC,2,1390,1995,7,4,0,0,43,20,0,4,0,0,0,0,0,0,1
BC,2,1390,1996,4,5,0,0,12,16,0,1,0,0,0,0,1,0,1
BC,2,1390,1997,3,5,0,0,15,6,0,0,0,0,0,0,0,0,0
BC,2,1390,1998,2,8,0,0,21,12,0,0,0,0,0,0,0,0,0
BC,2,1390,1999,3,2,0,0,16,11,0,1,0,0,0,0,0,0,0
BC,2,1390,2000,3,4,0,0,18,21,0,0,0,0,0,0,0,0,0
BC,2,1390,2001,0,7,0,0,12,9,0,1,0,0,0,0,0,0,0
BC,2,1390,2002,4,12,0,0,15,19,0,1,0,0,0,0,1,0,1
BC,2,1390,2003,6,13,0,0,31,21,0,1,0,0,0,0,0,0,0
BC,2,1390,2004,3,5,0,0,14,10,0,0,0,0,0,1,0,0,1
BC,2,1390,2005,5,3,0,0,13,17,0,0,0,0,0,0,0,0,0
BC,2,1390,2006,4,2,0,0,2,3,0,1,0,0,0,0,0,0,1
BC,2,1390,2007,1,3,0,0,10,10,0,0,0,0,0,0,0,0,0
BC,2,1390,2008,5,13,0,0,11,11,0,0,0,0,0,0,0,0,1
BC,2,1390,2009,5,5,0,0,7,4,0,0,0,0,0,0,0,0,1
BC,2,1390,2010,1,7,0,0,14,18,0,0,0,0,0,0,0,0,0
BC,2,1390,2011,1,8,0,0,7,10,0,0,0,0,0,0,0,0,0
BC,2,1390,2012,2,0,0,0,10,6,0,0,0,0,0,0,0,0,0
BC,2,1390,2013,1,3,0,0,11,11,0,0,0,0,0,0,0,0,0
BC,2,1390,2014,4,5,0,0,14,16,0,0,0,0,0,0,0,0,3
BC,2,1390,2015,4,5,0,0,12,1,0,0,0,0,0,0,0,0,1
BC,2,1390,2016,0,7,0,0,8,9,0,0,0,0,0,0,0,0,0
BC,2,1390,2017,4,9,0,0,8,12,0,0,0,0,0,0,0,0,0
BC,2,1390,2018,0,2,0,0,6,2,0,1,0,0,0,0,0,0,0
BC,2,1390,2019,0,0,0,0,5,5,0,0,0,0,0,0,0,0,0
BC,2,1390,2020,0,6,0,0,6,4,0,0,0,0,0,0,0,0,1
BC,2,1390,2021,3,2,0,0,8,7,0,2,0,0,0,0,0,0,2
BC,2,1390,2022,0,1,0,0,4,2,0,0,0,0,0,0,0,0,0
BC,2,1390,2023,2,3,0,0,10,5,0,0,0,0,0,0,0,0,0
BC,2,1390,2024,2,6,0,0,4,6,0,0,0,0,0,0,0,0,0
BC,2,1400,1976,1,0,0,0,1,4,0,0,0,0,0,0,0,0,1
BC,2,1400,1977,0,0,0,0,2,4,0,0,0,0,0,0,0,0,3
BC,2,1400,1978,0,0,0,0,0,0,0,0,0,0,0,0,0,0,3
BC,2,1400,1979,0,0,0,0,2,1,0,0,0,0,0,0,0,0,0
BC,2,1400,1980,0,0,0,0,1,3,0,0,0,0,0,0,0,0,0
BC,2,1400,1981,1,0,0,0,2,1,0,0,0,0,0,0,0,0,0
BC,2,1400,1982,1,0,0,0,0,0,0,0,0,0,0,0,0,0,0
BC,2,1400,1983,0,0,0,0,1,0,0,0,0,0,0,0,0,0,0
BC,2,1400,1984,0,0,0,0,1,1,0,0,0,0,0,0,0,0,0
BC,2,1400,1985,0,0,0,0,1,3,0,0,0,0,0,0,0,0,0
BC,2,1400,1987,0,0,0,0,0,1,0,0,0,0,0,0,0,0,0
BC,2,1400,1988,0,0,0,0,3,1,0,0,0,0,0,0,0,0,0
BC,2,1400,1990,0,0,0,0,2,0,0,0,0,0,0,0,0,0,0
BC,2,1400,1991,0,0,0,0,0,2,0,0,0,0,0,0,0,0,0
BC,2,1400,1993,0,0,0,0,1,0,0,0,0,0,0,0,0,0,0
BC,2,1400,2000,0,0,0,0,2,1,0,0,0,0,0,0,0,0,0
BC,2,1400,2002,0,0,0,0,1,2,0,0,0,0,0,0,0,0,0
BC,2,1400,2007,0,1,0,0,0,1,0,0,0,0,0,0,0,0,0
BC,2,1400,2008,0,0,0,0,1,0,0,0,0,0,0,0,0,0,0
BC,2,1400,2014,0,0,0,0,0,1,0,0,0,0,0,0,0,0,0
BC,2,1400,2015,0,0,0,0,1,0,0,0,0,0,0,0,0,0,0
BC,2,1400,2021,0,0,0,0,1,0,0,0,0,0,0,0,0,0,0
BC,2,1420,1976,3,5,0,0,9,10,0,0,0,0,0,1,0,0,11
BC,2,1420,1977,0,0,0,0,13,13,0,0,0,0,0,0,0,0,5
BC,2,1420,1978,2,1,0,0,5,9,0,0,0,0,0,0,1,0,0
BC,2,1420,1979,1,2,0,0,3,3,0,0,0,0,0,0,0,0,1
BC,2,1420,1980,0,0,0,0,6,8,0,0,0,0,0,1,0,0,6
BC,2,1420,1981,1,3,0,0,8,14,0,0,0,0,0,0,0,0,5
BC,2,1420,1982,1,1,0,0,1,5,0,0,0,0,0,0,0,0,0
BC,2,1420,1983,0,1,0,0,7,4,0,0,0,0,0,0,0,0,0
BC,2,1420,1984,1,0,0,0,4,11,0,0,0,0,0,1,0,0,0
BC,2,1420,1985,0,0,0,0,11,2,0,0,0,0,0,0,0,0,0
BC,2,1420,1986,0,2,0,0,5,9,0,1,0,0,0,1,0,0,0
BC,2,1420,1987,2,1,0,0,14,8,0,0,0,0,0,0,0,0,0
BC,2,1420,1988,0,0,0,0,9,19,0,0,0,0,0,0,0,0,0
BC,2,1420,1989,4,1,0,0,10,2,0,0,0,0,0,0,0,0,0
BC,2,1420,1990,2,2,0,0,3,3,0,0,0,0,0,0,0,0,0
BC,2,1420,1991,0,1,0,0,2,4,0,0,0,0,0,0,0,0,0
BC,2,1420,1992,1,1,0,0,9,4,0,0,0,0,0,0,0,0,0
BC,2,1420,1993,0,0,0,0,3,2,0,0,0,0,0,0,0,0,0
BC,2,1420,1994,0,0,0,0,4,2,0,0,0,0,0,0,0,0,0
BC,2,1420,1995,1,1,0,0,11,6,0,1,0,0,0,0,0,0,0
BC,2,1420,1996,0,1,0,0,5,2,0,0,0,0,0,0,0,0,0
BC,2,1420,1997,0,0,0,0,3,7,0,0,0,0,0,0,0,0,0
BC,2,1420,1998,1,0,0,0,1,4,0,0,0,0,0,0,0,0,0
BC,2,1420,1999,0,0,0,0,4,5,0,0,0,0,0,0,0,0,0
BC,2,1420,2000,1,0,0,0,4,4,0,0,0,0,0,0,0,0,0
BC,2,1420,2001,0,1,0,0,1,0,0,0,0,0,0,0,0,0,0
BC,2,1420,2002,0,0,0,0,3,10,0,0,0,0,0,0,0,0,0
BC,2,1420,2003,0,1,0,0,0,3,0,0,0,0,0,0,0,0,0
BC,2,1420,2004,1,2,0,0,8,4,0,0,0,0,0,0,0,0,0
BC,2,1420,2005,1,0,0,0,2,5,0,0,0,0,0,0,0,0,0
BC,2,1420,2006,0,1,0,0,0,1,0,0,0,0,0,0,0,0,0
BC,2,1420,2007,0,0,0,0,1,2,0,0,0,0,0,0,0,0,1
BC,2,1420,2008,0,0,0,0,2,3,0,0,0,0,0,0,0,0,1
BC,2,1420,2009,0,0,0,0,0,3,0,0,0,0,0,0,0,0,0
BC,2,1420,2010,1,0,0,0,3,7,0,0,0,0,0,0,0,0,0
BC,2,1420,2011,2,2,0,0,1,3,0,0,0,0,0,0,0,0,0
BC,2,1420,2012,0,0,0,0,2,2,0,0,0,0,0,0,0,0,0
BC,2,1420,2013,0,0,0,0,7,1,0,0,0,0,0,0,0,0,0
BC,2,1420,2014,0,0,0,0,2,6,0,0,0,0,0,1,0,0,0
BC,2,1420,2015,0,0,0,0,3,1,0,0,0,0,0,0,0,0,0
BC,2,1420,2016,0,1,0,0,3,3,0,0,0,0,0,0,0,0,0
BC,2,1420,2018,0,0,0,0,0,3,0,0,0,0,0,0,0,0,0
BC,2,1420,2019,0,0,0,0,1,0,0,0,0,0,0,0,0,0,0
BC,2,1420,2020,1,1,0,0,1,6,0,0,0,0,0,0,0,0,0
BC,2,1420,2021,0,0,0,0,3,11,0,0,0,0,0,0,0,0,0
BC,2,1420,2023,1,0,0,0,5,3,0,0,0,0,0,0,0,0,0
BC,2,1420,2024,0,1,0,0,1,7,0,0,0,0,0,0,0,0,0
BC,2,1430,1976,35,57,0,0,130,118,0,1,0,0,0,3,3,0,27
BC,2,1430,1977,18,22,0,0,82,85,0,0,0,0,0,7,3,0,41
BC,2,1430,1978,29,30,0,0,36,58,0,0,0,0,0,1,2,0,23
BC,2,1430,1979,29,22,0,0,50,62,0,0,0,0,0,0,1,0,12
BC,2,1430,1980,19,40,0,0,64,66,0,0,0,0,0,1,2,0,21
BC,2,1430,1981,22,28,0,0,56,42,0,0,0,0,0,3,1,0,41
BC,2,1430,1982,13,16,0,0,27,33,0,0,0,0,0,0,0,0,22
BC,2,1430,1983,10,11,0,0,28,45,0,0,0,0,0,0,0,0,0
BC,2,1430,1984,30,29,0,0,76,86,0,1,0,0,0,1,0,0,1
BC,2,1430,1985,15,10,0,0,35,32,0,1,0,0,0,0,0,0,0
BC,2,1430,1986,5,16,0,0,42,33,0,0,0,0,0,1,0,0,0
BC,2,1430,1987,10,20,0,0,58,52,0,0,0,0,0,1,0,0,1
BC,2,1430,1988,17,25,0,0,67,70,0,0,0,0,0,0,0,0,0
BC,2,1430,1989,25,32,0,0,36,41,0,0,0,0,0,0,0,0,0
BC,2,1430,1990,13,17,0,0,21,16,0,0,0,0,0,0,0,0,0
BC,2,1430,1991,1,8,0,0,10,13,0,0,0,0,0,1,0,0,0
BC,2,1430,1992,2,12,0,0,32,48,0,0,0,0,0,0,0,0,0
BC,2,1430,1993,7,10,0,0,30,29,0,0,0,0,0,0,1,0,1
BC,2,1430,1994,5,10,0,0,20,24,0,0,0,0,0,0,0,0,0
BC,2,1430,1995,4,23,0,0,35,34,0,0,0,0,0,0,0,0,1
BC,2,1430,1996,6,18,0,0,15,17,0,0,0,0,0,0,0,0,0
BC,2,1430,1997,5,18,0,0,19,19,0,0,0,0,0,0,1,0,1
BC,2,1430,1998,13,16,0,1,18,15,0,0,0,0,0,0,0,0,0
BC,2,1430,1999,5,16,0,1,13,21,0,0,0,0,0,0,0,0,0
BC,2,1430,2000,7,5,0,0,26,28,0,0,0,0,0,0,0,0,1
BC,2,1430,2001,9,34,0,0,19,20,0,0,0,0,0,0,0,0,0
BC,2,1430,2002,6,30,0,0,25,18,0,0,0,0,0,0,0,0,0
BC,2,1430,2003,8,12,0,0,10,5,0,0,0,0,0,1,0,0,0
BC,2,1430,2004,6,14,0,0,14,21,0,0,0,0,0,0,0,0,0
BC,2,1430,2005,4,12,0,0,19,23,0,0,0,0,0,0,0,0,0
BC,2,1430,2006,3,5,0,0,9,13,0,0,0,0,0,0,0,0,0
BC,2,1430,2007,1,4,0,0,17,13,0,0,0,0,0,0,0,0,0
BC,2,1430,2008,3,12,0,0,19,16,0,0,0,0,0,0,0,0,2
BC,2,1430,2009,7,7,0,0,9,12,0,0,0,0,0,0,0,0,0
BC,2,1430,2010,4,6,0,0,10,10,0,0,0,0,0,0,0,0,0
BC,2,1430,2011,4,6,0,0,17,13,0,0,0,0,0,0,0,0,0
BC,2,1430,2012,3,11,0,0,28,27,0,0,0,0,0,0,0,0,1
BC,2,1430,2013,6,2,0,0,19,13,0,0,0,0,0,0,0,0,0
BC,2,1430,2014,0,5,0,0,13,16,0,0,0,0,0,0,0,0,1
BC,2,1430,2015,4,1,0,0,14,17,0,0,0,0,0,0,0,0,0
BC,2,1430,2016,1,6,0,0,10,12,0,0,0,0,0,0,0,0,0
BC,2,1430,2017,0,3,0,0,11,10,0,0,0,0,0,0,0,0,0
BC,2,1430,2018,3,4,0,0,3,10,0,0,0,0,0,0,0,0,0
BC,2,1430,2019,0,2,0,0,14,12,0,0,0,0,0,0,0,0,1
BC,2,1430,2020,1,5,0,0,12,10,0,0,0,0,0,0,0,0,0
BC,2,1430,2021,1,4,0,0,18,12,0,1,0,0,0,1,1,0,0
BC,2,1430,2022,3,3,0,0,9,8,0,0,0,0,0,0,0,0,0
BC,2,1430,2023,1,0,0,0,13,13,0,0,0,0,0,0,0,0,0
BC,2,1430,2024,2,6,0,0,11,6,0,0,0,0,0,0,0,0,0
BC,2,1440,1976,2,2,0,0,1,3,0,0,0,0,0,0,0,0,1
BC,2,1440,1977,1,2,0,0,1,1,0,0,0,0,0,0,0,0,1
BC,2,1440,1978,1,0,0,0,1,1,0,0,0,0,0,0,0,0,0
BC,2,1440,1979,2,1,0,0,3,3,0,0,0,0,0,0,0,0,0
BC,2,1440,1980,3,4,0,0,1,2,0,0,0,0,0,0,0,0,2
BC,2,1440,1981,0,4,0,0,3,4,0,0,0,0,0,1,1,0,1
BC,2,1440,1982,3,5,0,0,1,0,0,0,0,0,0,0,0,0,2
BC,2,1440,1983,4,4,0,0,1,7,0,0,0,0,0,0,1,0,0
BC,2,1440,1984,1,1,0,0,2,5,0,0,0,0,0,0,0,0,1
BC,2,1440,1985,2,1,0,0,4,2,0,0,0,0,0,0,0,0,0
BC,2,1440,1986,3,2,0,0,3,2,0,0,0,0,0,0,0,0,0
BC,2,1440,1987,1,1,0,0,1,2,0,0,0,0,0,0,0,0,0
BC,2,1440,1988,3,7,0,0,5,8,0,0,0,0,0,0,0,0,0
BC,2,1440,1989,3,7,0,0,5,1,0,0,0,0,0,0,0,0,0
BC,2,1440,1990,1,0,0,0,0,0,0,0,0,0,0,1,0,0,0
BC,2,1440,1991,1,3,0,0,2,2,0,0,0,0,0,0,0,0,0
BC,2,1440,1992,1,3,0,0,0,1,0,0,0,0,0,0,0,0,0
BC,2,1440,1993,1,4,0,0,0,1,0,0,0,0,0,0,0,0,0
BC,2,1440,1994,2,3,0,0,0,1,0,0,0,0,0,0,0,0,0
BC,2,1440,1995,2,2,0,0,1,0,0,0,0,0,0,0,0,0,0
BC,2,1440,1996,1,0,0,0,0,1,0,0,0,0,0,0,0,0,0
BC,2,1440,1997,0,2,0,0,2,3,0,0,0,0,0,0,0,0,0
BC,2,1440,1998,3,3,0,0,4,4,0,0,0,0,0,0,0,0,0
BC,2,1440,1999,2,0,0,0,0,0,0,0,0,0,0,0,0,0,0
BC,2,1440,2000,1,0,0,0,0,0,0,0,0,0,0,0,0,0,0
BC,2,1440,2001,0,1,0,0,1,3,0,0,0,0,0,0,0,0,0
BC,2,1440,2002,0,0,0,0,1,1,0,0,0,0,0,0,0,0,0
BC,2,1440,2003,0,0,0,0,0,1,0,0,0,0,0,0,0,0,0
BC,2,1440,2004,0,0,0,0,1,2,0,0,0,0,0,0,0,0,0
BC,2,1440,2005,0,1,0,0,1,1,0,0,0,0,0,0,0,0,0
BC,2,1440,2006,0,1,0,0,0,1,0,0,0,0,0,0,0,0,0
BC,2,1440,2007,1,4,0,0,2,3,0,0,0,0,0,0,0,0,1
BC,2,1440,2011,0,0,0,0,0,2,0,0,0,0,0,0,0,0,0
BC,2,1440,2012,0,2,0,0,1,1,0,0,0,0,0,0,0,0,0
BC,2,1440,2014,0,1,0,0,0,1,0,0,0,0,0,0,0,0,0
BC,2,1440,2015,1,0,0,0,0,1,0,0,0,0,0,0,0,0,0
BC,2,1440,2018,0,0,0,0,1,1,0,0,0,0,0,0,0,0,0
BC,2,1440,2022,0,0,0,0,0,1,0,0,0,0,0,0,0,0,0
BC,2,1440,2023,0,0,0,0,1,0,0,0,0,0,0,0,0,0,0
BC,2,1460,1977,0,0,0,0,0,0,0,0,0,0,0,0,0,0,1
BC,2,1460,1980,1,0,0,0,0,0,0,0,0,0,0,0,0,0,0
BC,2,1460,1981,0,1,0,0,0,0,0,0,0,0,0,0,0,0,1
BC,2,1460,1987,0,0,0,0,1,0,0,0,0,0,0,0,0,0,0
BC,2,1460,1994,0,0,0,0,0,1,0,0,0,0,0,0,0,0,0
BC,2,1460,2015,0,2,0,0,0,0,0,0,0,0,0,0,0,0,0
BC,2,1470,1976,0,0,0,0,1,0,0,0,0,0,0,0,0,0,0
BC,2,1470,1977,0,0,0,0,0,0,0,0,0,0,0,0,0,0,1
BC,2,1470,1978,0,0,0,0,1,1,0,0,0,0,0,0,0,0,0
BC,2,1470,1980,0,0,0,0,11,0,0,0,0,0,0,0,0,0,1
BC,2,1470,1981,0,0,0,0,0,0,0,0,0,0,0,0,0,0,1
BC,2,1470,1983,0,0,0,0,0,2,0,0,0,0,0,0,0,0,0
BC,2,1470,1986,1,0,0,0,2,2,0,0,0,0,0,0,0,0,0
BC,2,1470,1987,0,0,0,0,0,3,0,0,0,0,0,0,0,0,0
BC,2,1470,1988,0,0,0,0,0,1,0,0,0,0,0,0,0,0,0
BC,2,1470,1989,0,0,0,0,0,1,0,0,0,0,0,0,0,0,0
BC,2,1470,1991,1,0,0,0,0,0,0,0,0,0,0,0,0,0,0
BC,2,1470,1992,0,0,0,0,1,0,0,0,0,0,0,0,0,0,0
BC,2,1470,1993,0,1,0,0,0,0,0,0,0,0,0,0,0,0,0
BC,2,1470,1994,0,0,0,0,0,1,0,0,0,0,0,0,0,0,0
BC,2,1470,1998,0,0,0,0,1,0,0,0,0,0,0,0,0,0,0
BC,2,1470,1999,0,0,0,0,1,0,0,0,0,0,0,0,0,0,0
BC,2,1470,2001,0,0,0,0,2,0,0,0,0,0,0,0,0,0,0
BC,2,1470,2005,0,0,0,0,0,1,0,0,0,0,0,0,0,0,0
BC,2,1470,2010,0,0,0,0,1,0,0,0,0,0,0,0,0,0,0
BC,2,1470,2014,0,0,0,0,1,0,0,0,0,0,0,0,0,0,0
BC,2,1470,2015,0,1,0,0,1,12,0,0,0,0,0,0,0,0,0
BC,2,1470,2020,0,0,0,0,0,1,0,0,0,0,0,0,0,0,0
BC,2,1480,1976,0,0,0,0,2,4,0,0,0,0,0,0,0,0,1
BC,2,1480,1977,1,1,0,0,0,2,0,0,0,0,0,1,0,0,1
BC,2,1480,1978,0,1,0,0,0,1,0,0,0,0,0,0,0,0,0
BC,2,1480,1979,1,9,0,0,0,3,0,0,0,0,0,0,0,0,2
BC,2,1480,1980,1,0,0,0,3,2,0,0,0,0,0,0,0,0,0
BC,2,1480,1981,0,0,0,0,0,1,0,0,0,0,0,0,0,0,3
BC,2,1480,1982,1,0,0,0,0,0,0,0,0,0,0,0,0,0,1
BC,2,1480,1983,0,0,0,0,1,2,0,0,0,0,0,0,0,0,0
BC,2,1480,1984,2,0,0,0,1,3,0,0,0,0,0,0,0,0,0
BC,2,1480,1985,0,0,0,0,0,2,0,0,0,0,0,0,0,0,0
BC,2,1480,1986,2,1,0,0,3,6,0,0,0,0,0,0,0,0,0
BC,2,1480,1987,0,0,0,0,1,1,0,0,0,0,0,0,0,0,0
BC,2,1480,1988,0,0,0,0,0,3,0,0,0,0,0,0,0,0,0
BC,2,1480,1989,2,0,0,0,0,1,0,0,0,0,0,0,0,0,0
BC,2,1480,1990,0,0,0,0,1,0,0,0,0,0,0,0,0,0,0
BC,2,1480,1991,0,1,0,0,0,0,0,0,0,0,0,0,0,0,0
BC,2,1480,1995,0,1,0,0,2,0,0,0,0,0,0,0,0,0,0
BC,2,1480,2004,0,0,0,0,1,0,0,0,0,0,0,0,0,0,0
BC,2,1480,2019,0,0,0,0,0,1,0,0,0,0,0,0,0,0,0
BC,2,1490,1976,2,0,0,0,2,3,0,0,0,0,0,0,0,0,1
BC,2,1490,1977,1,2,0,0,2,4,0,0,0,0,0,0,0,0,1
BC,2,1490,1978,1,5,0,0,3,8,0,0,0,0,0,0,0,0,1
BC,2,1490,1979,0,2,0,0,1,3,0,0,0,0,0,0,0,0,0
BC,2,1490,1980,1,0,0,0,2,1,0,0,0,0,0,0,0,0,1
BC,2,1490,1982,0,0,0,0,1,1,0,0,0,0,0,0,0,0,0
BC,2,1490,1983,0,0,0,0,0,1,0,0,0,0,0,0,0,0,0
BC,2,1490,1984,1,1,0,0,0,2,0,0,0,0,0,0,0,0,0
BC,2,1490,1985,0,0,0,0,1,2,0,0,0,0,0,0,0,0,0
BC,2,1490,1986,0,3,0,0,1,1,0,0,0,0,0,0,0,0,0
BC,2,1490,1987,1,0,0,0,3,8,0,0,0,0,0,0,0,0,0
BC,2,1490,1988,0,1,0,0,2,3,0,0,0,0,0,0,0,0,0
BC,2,1490,1989,0,0,0,0,0,2,0,0,0,0,0,0,0,0,0
BC,2,1490,1990,0,0,0,0,1,0,0,0,0,0,0,0,0,0,0
BC,2,1490,1992,0,1,0,0,1,0,0,0,0,0,0,0,0,0,0
BC,2,1490,1993,0,1,0,0,0,0,0,0,0,0,0,0,0,0,0
BC,2,1490,1994,0,0,0,0,0,1,0,0,0,0,0,0,0,0,0
BC,2,1490,1995,0,0,0,0,0,2,0,0,0,0,0,0,0,0,0
BC,2,1490,1996,0,1,0,0,1,0,0,0,0,0,0,0,0,0,0
BC,2,1490,1997,0,1,0,0,0,0,0,0,0,0,0,0,0,0,0
BC,2,1490,2001,0,0,0,0,0,1,0,0,0,0,0,0,0,0,0
BC,2,1490,2002,0,0,0,0,2,3,0,0,0,0,0,0,0,0,0
BC,2,1490,2003,0,1,0,0,0,2,0,0,0,0,0,0,0,0,0
BC,2,1490,2004,0,0,0,0,0,3,0,0,0,0,0,0,0,0,0
BC,2,1490,2008,0,0,0,0,1,1,0,0,0,0,0,0,0,0,0
BC,2,1490,2010,0,4,0,0,2,3,0,0,0,0,0,0,0,0,0
BC,2,1490,2011,0,0,0,0,1,3,0,0,0,0,0,0,0,0,0
BC,2,1490,2012,0,0,0,0,1,0,0,0,0,0,0,0,0,0,0
BC,2,1490,2013,0,0,0,0,0,1,0,0,0,0,0,0,0,0,0
BC,2,1490,2014,0,0,0,0,1,0,0,0,0,0,0,0,0,0,0
BC,2,1490,2015,1,0,0,0,2,4,0,0,0,0,0,0,0,0,0
BC,2,1490,2016,0,0,0,0,1,1,0,0,0,0,0,0,0,0,0
BC,2,1490,2017,0,0,0,0,0,1,0,0,0,0,0,0,0,0,0
BC,2,1490,2018,0,0,0,0,0,1,0,0,0,0,0,0,0,0,0
BC,2,1490,2020,0,0,0,0,1,0,0,0,0,0,0,0,0,0,0
BC,2,1490,2021,0,0,0,0,0,2,0,0,0,0,0,0,0,0,0
BC,2,1490,2023,0,0,0,0,0,1,0,0,0,0,0,0,0,0,0
BC,2,1490,2024,0,0,0,0,0,1,0,0,0,0,0,0,0,0,0
BC,2,1500,1976,1,1,0,0,0,1,0,0,0,0,0,0,0,0,0
BC,2,1500,1977,0,1,0,0,0,0,0,1,0,0,0,0,0,0,0
BC,2,1500,1978,0,1,0,0,1,3,0,0,0,0,0,1,0,0,1
BC,2,1500,1979,1,2,0,0,1,0,0,0,0,0,0,0,0,0,1
BC,2,1500,1981,0,1,0,0,0,2,0,0,0,0,0,0,0,0,0
BC,2,1500,1982,0,0,0,0,3,1,0,0,0,0,0,0,0,0,0
BC,2,1500,1983,0,0,0,0,3,1,0,1,0,0,0,0,0,0,1
BC,2,1500,1984,0,0,0,0,1,1,0,0,0,0,0,0,0,0,0
BC,2,1500,1985,1,0,0,0,3,0,0,0,0,0,0,0,0,0,0
BC,2,1500,1987,0,0,0,0,2,1,0,0,0,0,0,0,0,0,0
BC,2,1500,1988,4,6,0,0,4,2,0,0,0,0,0,0,0,0,0
BC,2,1500,1989,0,0,0,0,5,0,0,0,0,0,0,0,0,0,0
BC,2,1500,1991,0,1,0,0,1,2,0,0,0,0,0,0,0,0,0
BC,2,1500,1992,0,0,0,0,0,1,0,0,0,0,0,0,0,0,0
BC,2,1500,1993,0,0,0,0,0,1,0,0,0,0,0,0,0,0,0
BC,2,1500,1994,0,2,0,0,3,2,0,0,0,0,0,0,0,0,0
BC,2,1500,1995,1,2,0,0,0,1,0,0,0,0,0,0,0,0,1
BC,2,1500,1996,0,0,0,0,1,0,0,0,0,0,0,0,0,0,0
BC,2,1500,1997,0,0,0,0,1,2,0,0,0,0,0,0,0,0,0
BC,2,1500,1998,0,3,0,0,0,1,0,0,0,0,0,0,0,0,0
BC,2,1500,2001,0,1,0,0,0,1,0,0,0,0,0,0,0,0,0
BC,2,1500,2003,0,1,0,0,0,0,0,0,0,0,0,0,0,0,0
BC,2,1500,2004,0,0,0,0,1,1,0,0,0,0,0,0,0,0,0
BC,2,1500,2005,0,0,0,0,1,0,0,0,0,0,0,0,0,0,0
BC,2,1500,2006,2,0,0,0,0,0,0,0,0,0,0,0,0,0,0
BC,2,1500,2007,0,1,0,0,0,0,0,0,0,0,0,0,0,0,0
BC,2,1500,2008,0,0,0,0,1,0,0,0,0,0,0,0,0,0,0
BC,2,1500,2009,0,0,0,0,1,1,0,0,0,0,0,0,0,0,0
BC,2,1500,2010,0,1,0,0,6,1,0,0,0,0,0,0,0,0,0
BC,2,1500,2011,1,2,0,0,1,2,0,0,0,0,0,0,1,0,0
BC,2,1500,2012,1,0,0,0,5,7,0,0,0,0,0,0,0,0,0
BC,2,1500,2014,1,3,0,0,2,2,0,0,0,0,0,0,0,0,0
BC,2,1500,2015,0,0,0,0,1,0,0,0,0,0,0,0,0,0,0
BC,2,1500,2016,0,0,0,0,0,1,0,0,0,0,0,0,0,0,0
BC,2,1500,2017,1,0,0,0,0,2,0,0,0,0,0,0,0,0,0
BC,2,1500,2018,0,3,0,0,2,3,0,0,0,0,0,0,0,0,0
BC,2,1500,2019,0,0,0,0,0,1,0,0,0,0,0,0,0,0,0
BC,2,1500,2020,0,0,0,0,1,1,0,0,0,0,0,0,0,0,0
BC,2,1500,2021,0,1,0,0,1,1,0,0,0,0,0,0,0,0,0
BC,2,1500,2022,0,0,0,0,0,1,0,0,0,0,0,0,0,0,0
BC,2,1500,2023,0,1,0,0,4,1,0,0,0,0,0,0,0,0,0
BC,2,1500,2024,1,1,0,0,0,0,0,0,0,0,0,0,0,0,0
BC,2,1510,1976,0,1,0,0,3,2,0,0,0,0,0,0,0,0,1
BC,2,1510,1978,1,0,0,0,2,5,0,1,0,0,0,0,0,0,0
BC,2,1510,1979,0,2,0,0,3,2,0,0,0,0,0,0,0,0,1
BC,2,1510,1980,1,2,0,0,1,2,0,0,0,0,0,0,0,0,1
BC,2,1510,1981,0,0,0,0,2,2,0,0,0,0,0,0,0,0,4
BC,2,1510,1982,0,1,0,0,0,1,0,0,0,0,0,0,0,0,1
BC,2,1510,1983,0,1,0,0,2,1,0,0,0,0,0,0,0,0,0
BC,2,1510,1984,0,2,0,0,1,1,0,0,0,0,0,0,0,0,0
BC,2,1510,1985,0,0,0,0,1,2,0,0,0,0,0,0,0,0,0
BC,2,1510,1986,0,1,0,0,1,1,0,0,0,0,0,0,0,0,0
BC,2,1510,1987,0,1,0,0,4,2,0,0,0,0,0,0,0,0,0
BC,2,1510,1988,1,3,0,0,1,2,0,0,0,0,0,0,0,0,0
BC,2,1510,1989,0,2,0,0,2,0,0,0,0,0,0,0,0,0,0
BC,2,1510,1992,0,1,0,0,0,0,0,0,0,0,0,0,0,0,0
BC,2,1510,1993,0,0,0,0,1,0,0,0,0,0,0,0,0,0,0
BC,2,1510,1994,0,1,0,0,0,1,0,0,0,0,0,0,0,0,0
BC,2,1510,1995,0,1,0,0,0,2,0,0,0,0,0,0,0,0,0
BC,2,1510,1996,0,1,0,0,1,2,0,0,0,0,0,0,0,0,0
BC,2,1510,1997,0,0,0,0,1,0,0,0,0,0,0,0,0,0,0
BC,2,1510,1998,0,0,0,0,1,0,0,0,0,0,0,0,0,0,0
BC,2,1510,1999,0,0,0,0,0,1,0,0,0,0,0,0,0,0,0
BC,2,1510,2002,0,0,0,0,0,1,0,0,0,0,0,0,0,0,0
BC,2,1510,2003,0,2,0,0,0,0,0,0,0,0,0,0,0,0,0
BC,2,1510,2006,0,0,0,0,1,0,0,0,0,0,0,0,0,0,0
BC,2,1510,2008,0,3,0,0,0,2,0,0,0,0,0,0,0,0,0
BC,2,1510,2010,0,0,0,0,0,2,0,0,0,0,0,0,0,0,0
BC,2,1510,2012,0,1,0,0,0,1,0,0,0,0,0,0,0,0,0
BC,2,1510,2014,1,1,0,0,0,2,0,0,0,0,0,0,0,0,0
BC,2,1510,2015,0,0,0,0,1,1,0,0,0,0,0,0,0,0,0
BC,2,1510,2016,0,0,0,0,1,0,0,0,0,0,0,0,0,0,0
BC,2,1510,2019,0,1,0,0,0,0,0,0,0,0,0,0,0,0,0
BC,2,1510,2024,0,0,0,0,1,0,0,0,0,0,0,0,0,0,0
BC,2,1520,1976,1,0,0,0,2,3,0,1,0,0,0,0,0,0,0
BC,2,1520,1977,0,0,0,0,0,1,0,0,0,0,0,0,0,0,0
BC,2,1520,1978,0,4,0,0,0,0,0,0,0,0,0,0,0,0,0
BC,2,1520,1979,0,1,0,0,0,0,0,0,0,0,0,0,0,0,0
BC,2,1520,1980,0,2,0,0,0,3,0,0,0,0,0,0,0,0,0
BC,2,1520,1981,4,7,0,0,4,2,0,0,0,0,0,0,0,0,0
BC,2,1520,1983,1,1,0,0,2,4,0,0,0,0,0,0,0,0,0
BC,2,1520,1984,3,1,0,0,1,0,0,0,0,0,0,0,0,0,0
BC,2,1520,1985,0,0,0,0,0,1,0,0,0,0,0,0,0,0,0
BC,2,1520,1987,2,1,0,0,2,2,0,0,0,0,0,0,0,0,0
BC,2,1520,1989,0,0,0,0,1,0,0,0,0,0,0,0,0,0,0
BC,2,1520,1991,0,1,0,0,0,0,0,0,0,0,0,0,0,0,0
BC,2,1520,1992,4,2,0,0,1,0,0,0,0,0,0,0,0,0,0
BC,2,1520,1993,0,0,0,0,1,1,0,0,0,0,0,0,0,0,0
BC,2,1520,1995,2,0,0,0,1,1,0,0,0,0,0,0,0,0,0
BC,2,1520,1996,0,1,0,0,0,0,0,0,0,0,0,0,0,0,0
BC,2,1520,1998,0,0,0,0,2,0,0,0,0,0,0,0,0,0,0
BC,2,1520,1999,0,0,0,0,2,0,0,0,0,0,0,0,0,0,0
BC,2,1520,2000,0,0,0,0,0,1,0,0,0,0,0,0,0,0,0
BC,2,1520,2001,0,0,0,0,0,1,0,0,0,0,0,0,0,0,0
BC,2,1520,2002,0,0,0,0,1,0,0,0,0,0,0,0,0,0,0
BC,2,1520,2008,0,1,0,0,0,0,0,0,0,0,0,0,0,0,0
BC,2,1520,2013,1,0,0,0,2,1,0,0,0,0,0,0,0,0,0
BC,2,1520,2024,0,0,0,0,1,0,0,0,0,0,0,0,0,0,0
BC,2,1530,1976,0,0,0,0,3,0,0,2,0,0,0,0,0,0,0
BC,2,1530,1977,3,0,0,0,6,2,0,0,0,0,0,0,0,0,4
BC,2,1530,1978,2,4,0,0,5,4,0,0,0,0,0,1,0,0,4
BC,2,1530,1979,1,1,0,0,9,6,0,0,0,0,0,0,0,0,1
BC,2,1530,1980,4,8,0,0,10,4,0,0,0,0,0,1,0,0,2
BC,2,1530,1981,0,0,0,0,1,0,0,0,0,0,0,0,0,0,1
BC,2,1530,1982,1,0,0,0,3,3,0,0,0,0,0,0,0,0,2
BC,2,1530,1983,2,2,0,0,3,1,0,0,0,0,0,0,0,0,0
BC,2,1530,1984,3,9,0,0,15,8,0,0,0,0,0,0,0,0,0
BC,2,1530,1985,0,1,0,0,0,0,0,8,0,0,0,0,0,0,0
BC,2,1530,1986,1,7,0,0,7,3,0,0,0,0,0,0,0,0,0
BC,2,1530,1987,5,4,0,0,10,4,0,0,0,0,0,1,0,0,0
BC,2,1530,1988,2,2,0,0,6,5,0,0,0,0,0,0,0,0,0
BC,2,1530,1989,0,0,0,0,3,0,0,0,0,0,0,0,0,0,0
BC,2,1530,1991,0,1,0,0,1,0,0,1,0,0,0,0,0,0,0
BC,2,1530,1992,0,0,0,0,1,1,0,0,0,0,0,0,0,0,0
BC,2,1530,1994,1,0,0,0,0,0,0,0,0,0,0,0,0,0,0
BC,2,1530,1995,3,0,0,0,3,0,0,0,0,0,0,0,0,0,0
BC,2,1530,1996,0,0,0,0,0,1,0,0,0,0,0,0,0,0,0
BC,2,1530,1998,0,0,0,0,1,0,0,0,0,0,0,0,0,0,0
BC,2,1530,1999,0,0,0,0,1,0,0,0,0,0,0,0,0,0,0
BC,2,1530,2000,0,2,0,0,2,0,0,0,0,0,0,0,0,0,0
BC,2,1530,2002,4,1,0,0,4,1,0,1,0,0,0,0,0,0,0
BC,2,1530,2003,1,5,0,0,4,2,0,0,0,0,0,0,0,0,0
BC,2,1530,2004,0,0,0,0,1,1,0,2,0,0,0,0,0,0,0
BC,2,1530,2005,0,1,0,0,1,1,0,0,0,0,0,0,0,0,0
BC,2,1530,2006,0,0,0,0,0,1,0,0,0,0,0,0,0,0,0
BC,2,1530,2007,0,1,0,0,0,0,0,0,0,0,0,0,0,0,0
BC,2,1530,2008,0,1,0,0,4,1,0,0,0,0,0,0,0,0,0
BC,2,1530,2010,5,5,0,0,3,5,0,0,0,0,0,0,0,0,0
BC,2,1530,2011,2,0,0,0,2,0,0,0,0,0,0,0,0,0,0
BC,2,1530,2012,0,1,0,0,1,0,0,0,0,0,0,0,0,0,0
BC,2,1530,2013,2,6,0,0,1,4,0,0,0,0,0,0,0,0,0
BC,2,1530,2014,1,3,0,0,5,9,0,1,0,0,0,0,0,0,0
BC,2,1530,2015,1,0,0,0,1,0,0,0,0,0,0,0,0,0,0
BC,2,1530,2016,1,0,0,0,4,5,0,0,0,0,0,0,0,0,0
BC,2,1530,2017,2,4,0,0,1,2,0,0,0,0,0,0,0,0,0
BC,2,1530,2018,0,2,0,0,0,0,0,0,0,0,0,0,0,0,0
BC,2,1530,2019,2,3,0,0,2,1,0,0,0,0,0,0,0,0,0
BC,2,1530,2020,0,4,0,0,1,4,0,0,0,0,0,0,0,0,0
BC,2,1530,2021,0,1,0,0,0,0,0,0,0,0,0,0,0,0,0
BC,2,1530,2023,0,0,0,0,0,1,0,0,0,0,0,0,0,0,0
BC,2,1530,2024,0,0,0,0,2,2,0,0,0,0,0,0,0,0,0
BC,2,1540,1988,0,1,0,0,0,0,0,1,0,0,0,0,0,0,0
BC,2,1550,1986,0,2,0,0,1,1,0,1,0,0,0,0,0,0,0
BC,2,1550,1987,0,0,0,0,0,1,0,0,0,0,0,0,0,0,0
BC,2,1550,2024,0,1,0,0,0,0,0,0,0,0,0,0,0,0,0
BC,2,1630,2024,0,4,0,0,0,0,0,0,0,0,0,0,0,0,0
BC,2,1650,1977,0,0,0,0,0,0,0,1,0,0,0,0,0,0,0
BC,2,1650,1978,0,1,0,0,0,0,0,0,0,0,0,0,0,0,1
BC,2,1650,1980,0,0,0,0,2,0,0,0,0,0,0,0,0,0,0
BC,2,1650,1985,0,0,0,0,0,0,0,1,0,0,0,0,0,0,0
BC,2,1650,1988,0,0,0,0,0,1,0,0,0,0,0,0,0,0,0
BC,2,1650,2021,0,2,0,2,0,1,0,0,0,0,0,0,0,0,0
BC,2,1650,2024,1,2,0,0,0,0,0,1,0,0,0,0,0,0,0
BC,2,1660,1978,0,2,0,0,0,0,0,0,0,0,0,0,0,0,0
BC,2,1660,1980,0,0,0,0,1,0,0,0,0,0,0,0,0,0,1
BC,2,1660,1981,0,1,0,0,0,0,0,0,0,0,0,0,0,0,0
BC,2,1660,1982,0,0,0,0,0,0,0,1,0,0,0,0,0,0,0
BC,2,1660,1984,0,0,0,0,0,0,0,2,0,0,0,0,0,0,0
BC,2,1660,1985,0,0,0,0,0,0,0,1,0,0,0,0,0,0,0
BC,2,1660,1987,0,0,0,0,3,1,0,0,0,0,0,0,0,0,0
BC,2,1660,2012,0,2,0,0,1,0,0,0,0,0,0,0,0,0,0
BC,2,1660,2017,0,0,0,0,0,0,0,1,0,0,0,0,0,0,0
BC,2,1660,2021,0,1,0,0,0,0,0,0,0,0,0,0,0,0,0
BC,2,1660,2023,0,0,0,1,0,0,0,2,0,0,0,0,0,0,0
BC,2,1660,2024,0,1,0,0,0,0,0,0,0,0,0,0,0,0,0
BC,2,1670,1984,0,1,0,0,0,0,0,0,0,0,0,0,0,0,0
BC,2,1670,1987,0,0,0,2,0,0,0,8,0,0,0,0,0,0,0
BC,2,1670,2014,0,0,0,0,0,0,0,1,0,0,0,0,0,0,0
BC,2,1670,2018,0,0,0,0,0,0,0,1,0,0,0,0,0,0,0
BC,2,1670,2022,0,0,0,0,0,0,0,1,0,0,0,0,0,0,0
BC,2,1692,1976,0,0,0,5,0,0,0,5,0,0,0,0,0,0,0
BC,2,1692,1977,0,0,0,3,0,0,0,0,0,0,0,0,0,0,2
BC,2,1692,1978,0,0,0,4,0,0,0,2,0,0,0,0,0,0,1
BC,2,1692,1979,0,0,0,3,0,0,0,5,0,0,0,0,0,0,2
BC,2,1692,1980,0,0,0,6,0,0,0,2,0,0,0,0,0,0,16
BC,2,1692,1981,0,0,0,10,1,0,0,29,0,0,0,0,0,0,16
BC,2,1692,1982,0,0,0,6,0,0,0,9,0,0,0,0,0,0,3
BC,2,1692,1984,0,0,0,22,0,0,0,17,0,0,0,0,0,0,0
BC,2,1692,1985,0,0,0,24,0,0,0,21,0,0,0,0,0,0,0
BC,2,1692,1987,0,0,0,18,0,0,0,43,0,0,0,0,0,0,0
BC,2,1692,1988,0,0,0,23,0,0,0,9,0,0,0,0,0,0,0
BC,2,1692,1989,0,0,0,4,0,0,0,0,0,0,0,0,0,0,0
BC,2,1692,1990,0,0,0,1,0,0,0,1,0,0,0,0,0,0,0
BC,2,1692,1991,0,0,0,17,0,0,0,16,0,0,0,0,0,0,0
BC,2,1692,1992,0,0,0,5,0,0,0,3,0,0,0,0,0,0,0
BC,2,1692,1993,0,0,0,9,0,0,0,32,0,0,0,0,0,0,0
BC,2,1692,1994,0,0,0,64,0,1,0,20,0,0,0,0,0,0,0
BC,2,1692,1995,1,1,0,51,0,0,0,10,0,0,0,0,0,0,0
BC,2,1692,1996,0,0,0,12,0,0,0,20,0,0,0,0,0,0,0
BC,2,1692,1998,0,0,0,23,0,0,0,16,0,0,0,0,0,0,0
BC,2,1692,1999,0,0,0,8,0,0,0,14,0,0,0,0,0,0,0
BC,2,1692,2000,0,0,0,13,0,0,0,43,0,0,0,0,0,0,0
BC,2,1692,2001,0,0,0,12,0,0,0,29,0,0,0,0,0,0,0
BC,2,1692,2002,0,0,0,12,0,0,0,28,0,0,0,0,0,0,0
BC,2,1692,2003,0,0,0,40,0,0,0,24,0,0,0,0,0,0,0
BC,2,1692,2004,0,0,0,13,0,0,0,9,0,0,0,0,0,0,0
BC,2,1692,2005,0,0,0,16,0,0,0,26,0,0,0,0,0,0,0
BC,2,1692,2006,0,0,0,23,0,0,0,21,0,0,0,0,0,0,0
BC,2,1692,2007,0,0,0,24,0,0,0,36,0,0,0,0,0,0,0
BC,2,1692,2008,0,0,0,30,0,0,0,1,0,0,0,0,0,0,0
BC,2,1692,2009,0,0,0,5,0,0,1,12,0,0,0,0,0,0,0
BC,2,1692,2010,0,0,0,8,0,0,0,2,0,0,0,0,0,0,0
BC,2,1692,2012,0,0,0,12,0,0,0,23,0,0,0,0,0,0,0
BC,2,1692,2013,0,0,0,1,0,0,0,7,0,3,0,0,0,0,0
BC,2,1692,2014,0,0,0,2,0,0,0,0,0,0,0,0,0,0,0
BC,2,1692,2015,0,0,0,4,0,0,0,7,0,0,0,0,0,0,0
BC,2,1692,2016,0,0,0,7,0,0,0,11,0,0,0,0,0,0,0
BC,2,1692,2017,0,0,0,1,0,0,0,1,0,0,0,0,0,0,0
BC,2,1692,2018,0,0,0,1,0,0,0,13,0,0,0,0,0,0,0
BC,2,1692,2019,0,0,0,3,0,0,0,44,0,0,0,0,0,0,0
BC,2,1692,2020,0,0,0,1,0,0,0,50,0,0,0,0,0,0,0
BC,2,1692,2021,0,0,0,8,0,0,0,21,0,0,0,0,0,0,0
BC,2,1692,2022,0,0,0,3,0,0,0,54,0,0,0,0,0,0,0
BC,2,1692,2023,0,0,0,3,0,0,0,2,0,0,0,0,0,0,0
BC,2,1692,2024,0,0,0,2,0,0,0,0,0,0,0,0,0,0,0
BC,2,1693,1985,0,0,0,1,0,0,0,0,0,0,0,0,0,0,0
BC,2,1693,1994,0,0,0,1,0,0,0,0,0,0,0,0,0,0,0
BC,2,1693,2003,0,0,0,1,0,0,0,0,0,0,0,0,0,0,0
BC,2,1693,2012,0,0,0,0,0,0,0,1,0,0,0,0,0,0,0
BC,2,1693,2013,0,0,0,0,0,0,0,3,0,0,0,0,0,0,0
BC,2,1693,2014,0,0,0,0,0,0,0,3,0,0,0,0,0,0,0
BC,2,1693,2015,0,0,0,0,0,0,0,1,0,0,0,0,0,0,0
BC,2,1693,2016,0,0,0,0,0,0,0,3,0,0,0,0,0,0,0
BC,2,1693,2017,0,0,0,1,0,0,0,0,0,0,0,0,0,0,0
BC,2,1693,2020,0,0,0,0,0,0,0,1,0,0,0,0,0,0,0
BC,2,1700,1994,0,0,0,0,0,0,0,1,0,0,0,0,0,0,0
BC,2,1700,2000,0,0,0,0,0,0,0,1,0,0,0,0,0,0,0
BC,2,1700,2017,0,0,0,0,0,0,0,1,0,0,0,0,0,0,0
BC,2,1700,2021,0,0,0,0,0,0,0,1,0,0,0,0,0,0,0
BC,2,1700,2022,0,0,0,0,0,0,0,3,0,0,0,0,0,0,0
BC,2,1710,1979,0,0,0,1,0,0,0,0,0,0,0,0,0,0,0
BC,2,1710,1981,0,0,0,0,0,0,0,0,0,0,0,0,0,0,4
BC,2,1710,1984,0,0,0,2,0,0,0,2,0,0,0,0,0,0,0
BC,2,1710,1985,0,0,0,1,0,0,0,1,0,0,0,0,0,0,0
BC,2,1710,1987,0,0,0,0,0,0,0,1,0,0,0,0,0,0,0
BC,2,1710,1988,0,0,0,0,0,0,0,2,0,0,0,0,0,0,0
BC,2,1710,1989,0,0,0,1,0,0,0,0,0,0,0,0,0,0,0
BC,2,1710,1990,0,0,0,1,0,0,0,0,0,0,0,0,0,0,0
BC,2,1710,1992,0,0,0,0,0,0,0,1,0,0,0,0,0,0,0
BC,2,1710,1994,0,0,0,1,0,0,0,0,0,0,0,0,0,0,0
BC,2,1710,1998,0,0,0,1,0,0,0,2,0,0,0,0,0,0,0
BC,2,1710,2000,0,0,0,0,0,0,0,1,0,0,0,0,0,0,0
BC,2,1710,2001,0,0,0,1,0,0,0,1,0,0,0,0,0,0,0
BC,2,1710,2003,0,0,0,1,0,0,0,0,0,0,0,0,0,0,0
BC,2,1710,2006,0,0,0,0,0,0,0,2,0,0,0,0,0,0,0
BC,2,1710,2008,0,0,0,0,0,0,0,1,0,0,0,0,0,0,0
BC,2,1710,2009,0,0,0,0,0,0,0,1,0,0,0,0,0,0,0
BC,2,1710,2010,0,0,0,2,0,0,0,0,0,0,0,0,0,0,0
BC,2,1710,2013,0,0,0,0,0,0,0,1,0,0,0,0,0,0,0
BC,2,1710,2014,0,0,0,1,0,0,0,4,0,0,0,0,0,0,0
BC,2,1710,2016,0,0,0,1,0,0,0,1,0,0,0,0,0,0,0
BC,2,1710,2017,0,0,0,4,0,0,0,0,0,0,0,0,0,0,0
BC,2,1710,2020,0,0,0,0,0,0,0,1,0,0,0,0,0,0,0
BC,2,1710,2022,0,0,0,1,0,0,0,0,0,0,0,0,0,0,0
BC,2,1721,1977,0,0,0,1,0,0,0,14,0,0,0,0,0,0,2
BC,2,1721,1978,0,0,0,0,0,0,0,4,0,0,0,0,0,0,0
BC,2,1721,1979,0,0,0,2,0,0,0,0,0,0,0,0,0,0,3
BC,2,1721,1981,0,0,0,12,0,0,0,13,0,0,0,0,0,0,5
BC,2,1721,1984,0,0,0,5,0,0,0,7,0,0,0,0,0,0,0
BC,2,1721,1985,0,0,0,1,0,0,0,0,0,0,0,0,0,0,0
BC,2,1721,1987,0,0,0,7,0,0,0,13,0,0,0,0,0,0,0
BC,2,1721,1988,0,0,0,0,0,0,0,1,0,0,0,0,0,0,0
BC,2,1721,1989,0,0,0,4,0,0,0,7,0,0,0,0,0,0,0
BC,2,1721,1990,0,0,0,4,0,0,0,1,0,0,0,0,0,0,0
BC,2,1721,1991,0,0,0,7,0,0,0,6,0,0,0,0,0,0,0
BC,2,1721,1992,0,0,0,6,0,0,0,7,0,0,0,0,0,0,0
BC,2,1721,1993,0,0,0,12,0,0,0,9,0,0,0,0,0,0,1
BC,2,1721,1994,0,0,0,4,0,0,0,1,0,0,0,0,0,0,0
BC,2,1721,1995,0,0,0,7,0,0,0,4,0,0,0,0,0,0,0
BC,2,1721,1996,0,0,0,12,0,0,0,10,0,0,0,0,0,0,0
BC,2,1721,1997,0,0,0,10,0,0,0,9,0,0,0,0,0,0,0
BC,2,1721,1998,0,0,0,8,0,0,0,11,0,0,0,0,0,0,0
BC,2,1721,1999,0,0,0,1,0,0,0,1,0,0,0,0,0,0,0
BC,2,1721,2000,0,0,0,11,0,0,0,4,0,0,0,0,0,0,0
BC,2,1721,2001,0,0,0,6,0,0,0,5,0,0,0,0,0,0,0
BC,2,1721,2003,0,0,0,10,0,0,0,16,0,0,0,0,0,0,0
BC,2,1721,2004,0,0,0,0,0,0,0,1,0,0,0,0,0,0,0
BC,2,1721,2005,0,0,0,2,0,0,0,5,0,0,0,0,0,0,0
BC,2,1721,2006,0,0,0,0,0,0,0,1,0,0,0,0,0,0,0
BC,2,1721,2007,0,0,0,1,0,0,0,2,0,0,0,0,0,0,0
BC,2,1721,2008,0,0,0,2,0,0,0,2,0,0,0,0,0,0,0
BC,2,1721,2009,0,0,0,10,0,0,0,6,0,0,0,0,0,0,1
BC,2,1721,2010,0,0,0,6,0,0,0,6,0,2,0,0,0,0,0
BC,2,1721,2011,0,0,0,5,0,0,0,4,0,0,0,0,0,0,0
BC,2,1721,2012,0,0,0,5,0,0,0,5,0,0,0,0,0,0,0
BC,2,1721,2013,0,0,0,2,0,0,0,0,0,0,0,0,0,0,0
BC,2,1721,2014,0,0,0,12,0,0,0,2,0,0,0,0,0,0,0
BC,2,1721,2015,0,0,0,6,0,0,0,1,0,1,0,0,0,0,0
BC,2,1721,2016,0,0,0,6,0,0,0,0,0,0,0,0,0,0,0
BC,2,1721,2018,0,0,0,8,0,0,0,1,0,0,0,0,0,0,0
BC,2,1721,2019,0,0,0,3,0,0,0,0,0,0,0,0,0,0,0
BC,2,1721,2020,0,0,0,1,0,0,0,2,0,0,0,0,0,0,0
BC,2,1721,2021,0,0,0,3,0,0,0,4,0,0,0,0,0,0,0
BC,2,1721,2022,0,0,0,13,0,0,0,13,0,0,0,0,0,0,0
BC,2,1721,2023,0,0,0,14,0,0,0,4,0,0,0,0,0,0,0
BC,2,1721,2024,0,0,0,13,0,0,0,3,0,2,0,0,0,0,0
BC,2,1722,1976,0,0,0,9,0,0,0,6,0,0,0,0,0,0,0
BC,2,1722,1977,0,0,0,7,0,0,0,3,0,0,0,0,0,0,2
BC,2,1722,1978,0,0,0,27,0,0,0,9,0,0,0,0,0,0,3
BC,2,1722,1979,0,0,0,22,0,0,0,2,0,0,0,0,0,0,18
BC,2,1722,1980,0,0,0,40,0,0,0,29,0,0,0,0,0,0,20
BC,2,1722,1981,0,0,0,65,0,0,0,4,0,0,0,0,0,0,26
BC,2,1722,1982,0,0,0,46,0,0,0,15,0,0,0,0,0,0,3
BC,2,1722,1983,0,0,0,28,0,0,0,17,0,0,0,0,0,0,1
BC,2,1722,1984,0,0,0,62,0,0,0,31,0,0,0,0,0,0,0
BC,2,1722,1985,0,0,0,71,0,0,0,8,0,0,0,0,0,0,0
BC,2,1722,1986,0,0,0,0,0,0,0,1,0,0,0,0,0,0,0
BC,2,1722,1987,0,0,0,131,0,0,0,48,0,0,0,0,0,0,0
BC,2,1722,1988,0,0,0,68,0,1,0,15,0,0,0,0,0,0,0
BC,2,1722,1989,0,1,0,77,0,0,0,1,0,0,0,0,0,0,0
BC,2,1722,1990,0,0,0,49,0,0,0,0,0,0,0,0,0,0,1
BC,2,1722,1991,0,0,0,78,0,0,0,7,0,0,0,0,0,0,0
BC,2,1722,1992,0,2,0,38,0,0,0,118,0,0,0,0,0,0,0
BC,2,1722,1993,0,0,0,142,0,0,0,20,0,0,0,0,0,0,0
BC,2,1722,1994,0,0,0,132,0,0,0,15,0,0,0,0,0,0,0
BC,2,1722,1995,1,1,0,217,0,0,0,9,0,0,0,0,0,0,0
BC,2,1722,1996,0,0,0,111,0,0,0,8,0,0,0,0,0,0,0
BC,2,1722,1997,0,0,0,83,0,0,0,11,0,0,0,0,0,0,0
BC,2,1722,1998,0,0,0,96,0,0,0,4,0,0,0,0,0,0,0
BC,2,1722,1999,0,0,0,50,0,0,0,11,0,0,0,0,0,0,0
BC,2,1722,2000,0,0,0,92,0,0,0,11,0,0,0,0,0,0,0
BC,2,1722,2001,0,0,0,110,0,0,0,16,0,0,0,0,0,0,1
BC,2,1722,2002,0,0,0,47,0,0,0,3,0,0,0,0,0,0,1
BC,2,1722,2003,0,0,0,166,0,0,0,99,0,0,0,0,0,0,2
BC,2,1722,2004,0,0,0,11,0,0,0,29,0,0,0,0,0,0,0
BC,2,1722,2005,0,0,0,30,0,0,0,64,0,0,0,0,0,0,0
BC,2,1722,2006,0,0,0,31,0,0,0,34,0,0,0,0,0,0,0
BC,2,1722,2007,0,0,0,43,0,0,0,36,0,0,0,0,0,0,1
BC,2,1722,2008,0,0,0,73,0,0,0,29,0,0,0,0,0,0,0
BC,2,1722,2009,0,0,0,93,0,0,0,10,0,1,0,0,0,0,3
BC,2,1722,2010,0,1,0,56,0,0,0,13,0,11,0,0,0,0,0
BC,2,1722,2011,0,0,2,91,0,0,0,16,0,0,0,0,0,0,0
BC,2,1722,2012,0,0,4,139,0,0,0,12,0,0,0,0,0,0,0
BC,2,1722,2013,0,0,1,116,0,0,0,8,0,0,0,0,0,0,0
BC,2,1722,2014,0,0,11,97,0,0,0,12,0,0,0,0,0,0,0
BC,2,1722,2015,0,0,0,137,0,0,0,8,0,0,0,0,0,0,1
BC,2,1722,2016,0,0,0,54,0,0,0,14,0,0,0,0,0,0,1
BC,2,1722,2017,0,0,0,67,0,0,0,12,0,0,0,0,0,0,1
BC,2,1722,2018,0,0,1,31,0,0,0,4,0,0,0,0,0,0,1
BC,2,1722,2019,0,0,0,65,0,0,0,26,0,2,0,0,0,0,1
BC,2,1722,2020,0,0,0,58,0,0,0,6,0,1,0,0,0,0,0
BC,2,1722,2021,0,0,0,66,0,0,0,2,0,3,0,0,0,0,0
BC,2,1722,2022,0,0,0,77,0,0,0,8,0,16,0,0,0,0,0
BC,2,1722,2023,0,0,0,45,0,0,0,5,0,19,0,0,0,0,0
BC,2,1722,2024,0,0,0,30,0,0,0,4,0,15,0,0,0,0,0
BC,2,1730,1984,0,0,0,1,0,0,0,0,0,0,0,0,0,0,0
BC,2,2210,2014,0,0,0,0,0,0,0,0,0,0,0,0,0,0,1
BC,2,2210,2020,0,0,0,0,0,0,0,0,0,0,0,0,0,0,2
BC,2,2210,2021,0,0,0,0,0,0,0,0,0,0,0,0,0,0,1
BC,2,3120,2013,0,0,0,0,0,0,0,11,0,0,0,0,0,0,0
BC,2,3120,2014,0,0,0,1,0,0,0,2,0,0,0,0,0,0,0
BC,2,3120,2018,0,0,0,7,0,0,0,8,0,0,0,0,0,0,0
BC,NA,1320,1991,5,16,0,0,14,17,0,0,0,0,0,1,0,0,0
BC,NA,1350,1991,0,0,0,0,0,1,0,0,0,0,0,0,0,0,0
BC,NA,1370,1991,1,3,0,0,3,2,0,0,0,0,0,0,0,0,0
BC,NA,1390,1991,0,0,0,0,2,2,0,0,0,0,0,0,0,0,1
BC,NA,1400,1991,0,1,0,0,2,0,0,0,0,0,0,0,0,0,0
BC,NA,1430,1991,0,1,0,0,2,0,0,0,0,0,0,0,0,0,0
BC,NA,1460,1991,0,1,0,0,0,0,0,0,0,0,0,0,0,0,0
BC,NA,1490,1991,0,0,0,0,2,3,0,0,0,0,0,0,0,0,0
BC,NA,1500,1991,0,0,0,0,2,0,0,0,0,0,0,0,0,0,0
BC,NA,1530,1991,1,1,0,0,0,2,0,0,0,0,0,0,0,0,0
BC,NA,1650,1991,0,0,0,0,0,0,0,1,0,0,0,0,0,0,0
BC,NA,1721,1991,0,0,0,1,0,0,0,8,0,0,0,0,0,0,0
BC,NA,1722,1991,0,0,0,15,0,0,0,1,0,0,0,0,0,0,0
MB,1,1290,1987,0,0,0,0,1,0,0,0,0,0,0,0,0,0,0
MB,1,1290,2015,0,0,0,0,0,1,0,0,0,0,0,0,0,0,0
MB,1,1310,1977,0,0,0,0,0,0,0,1,0,0,0,0,0,0,0
MB,1,1310,1978,0,0,0,0,0,0,0,1,0,0,0,0,0,0,0
MB,1,1310,1980,0,0,0,0,0,1,0,0,0,0,0,0,0,0,1
MB,1,1310,1981,0,0,0,0,0,0,0,1,0,0,0,0,0,0,0
MB,1,1310,1982,0,1,0,0,0,1,0,0,0,0,0,0,0,0,0
MB,1,1310,1983,0,0,0,0,0,2,0,0,0,0,0,0,0,0,0
MB,1,1310,1984,0,1,0,0,0,0,0,0,0,0,0,0,0,0,0
MB,1,1310,1986,0,0,0,0,1,2,0,0,0,0,0,0,0,0,0
MB,1,1310,1987,0,0,0,0,1,0,0,0,0,0,0,0,0,0,0
MB,1,1310,1989,0,0,0,0,0,0,0,2,0,0,0,0,0,0,0
MB,1,1310,1991,0,0,0,0,1,0,0,1,0,0,0,0,0,0,0
MB,1,1310,1992,1,2,0,0,2,1,0,0,0,0,0,0,0,0,0
MB,1,1310,1993,0,0,0,0,0,3,0,0,0,0,0,0,0,0,0
MB,1,1310,1994,0,0,0,0,0,1,0,4,0,0,0,0,0,0,0
MB,1,1310,1995,0,1,0,0,1,0,0,0,0,0,0,0,0,0,0
MB,1,1310,1996,0,0,0,0,0,0,0,3,0,0,0,0,0,0,0
MB,1,1310,1997,0,1,0,0,0,1,0,0,0,0,0,0,0,0,0
MB,1,1310,1998,0,0,0,0,0,1,0,1,0,0,0,0,0,0,0
MB,1,1310,1999,2,2,0,0,0,2,0,0,0,0,0,0,0,0,0
MB,1,1310,2000,1,1,0,0,0,0,0,0,0,0,0,0,0,0,0
MB,1,1310,2001,0,0,0,0,0,1,0,0,0,0,0,0,0,0,0
MB,1,1310,2002,1,1,0,0,2,4,0,0,0,0,0,0,0,0,0
MB,1,1310,2004,0,1,0,0,0,0,0,1,0,0,0,0,0,0,0
MB,1,1310,2005,0,1,0,0,0,0,0,2,0,0,0,0,0,0,0
MB,1,1310,2007,0,2,0,0,0,0,0,1,0,0,0,0,0,0,0
MB,1,1310,2008,1,1,0,0,0,0,0,3,0,0,0,0,0,0,0
MB,1,1310,2009,1,0,0,0,0,0,0,1,0,0,0,0,0,0,0
MB,1,1310,2010,0,0,0,0,0,0,0,1,0,0,0,0,0,0,0
MB,1,1310,2011,0,0,0,0,1,0,0,0,0,0,0,0,0,0,0
MB,1,1310,2012,0,1,0,0,2,0,0,1,0,0,0,0,0,0,0
MB,1,1310,2013,0,0,0,0,1,0,0,2,0,0,0,0,0,0,0
MB,1,1310,2014,1,1,0,0,0,0,0,0,0,0,0,0,0,0,0
MB,1,1310,2015,0,0,0,0,0,0,0,1,0,0,0,0,0,0,0
MB,1,1310,2016,0,0,0,0,0,1,0,1,0,0,0,0,0,0,0
MB,1,1310,2017,0,0,0,0,0,0,0,2,0,0,0,0,0,0,0
MB,1,1310,2018,3,0,0,0,0,1,0,0,0,0,0,0,0,0,0
MB,1,1310,2020,0,8,0,0,0,1,0,4,0,0,0,0,0,0,0
MB,1,1310,2021,0,0,0,0,2,1,0,2,0,0,0,0,0,0,0
MB,1,1310,2022,0,0,0,0,0,1,0,0,0,0,0,0,0,0,0
MB,1,1310,2023,4,2,0,0,1,0,0,0,0,0,0,0,0,0,0
MB,1,1310,2024,0,0,0,0,0,0,0,1,0,0,0,0,0,0,0
MB,1,1320,1976,86,86,0,1,183,255,0,7,0,0,0,4,2,0,77
MB,1,1320,1977,50,108,0,0,157,136,0,2,0,0,0,1,1,0,154
MB,1,1320,1978,65,115,0,2,146,206,0,14,0,0,0,13,6,0,91
MB,1,1320,1979,133,172,0,1,265,329,0,10,0,0,0,2,3,0,157
MB,1,1320,1980,89,104,0,1,171,197,0,12,0,0,0,9,3,0,151
MB,1,1320,1981,92,167,0,2,152,221,0,4,0,0,0,3,3,0,148
MB,1,1320,1982,71,98,0,7,135,168,0,4,0,0,0,1,7,0,108
MB,1,1320,1983,63,62,0,0,165,184,0,6,0,0,0,0,0,0,6
MB,1,1320,1984,26,32,0,0,76,118,0,6,0,0,0,0,0,0,0
MB,1,1320,1985,42,59,0,0,59,75,0,3,0,0,0,1,1,0,4
MB,1,1320,1986,57,71,0,0,114,139,0,13,0,0,0,1,0,0,9
MB,1,1320,1987,52,49,0,0,113,146,0,12,0,0,0,0,0,0,0
MB,1,1320,1988,44,53,0,1,53,82,0,8,0,0,0,0,0,0,0
MB,1,1320,1989,28,39,0,0,60,66,0,2,0,0,0,0,1,0,2
MB,1,1320,1990,33,59,0,0,47,88,0,1,0,0,0,0,1,0,0
MB,1,1320,1991,21,33,0,1,36,47,0,2,0,0,0,0,2,0,1
MB,1,1320,1992,32,79,0,2,71,110,0,2,0,0,0,0,0,0,2
MB,1,1320,1993,20,26,0,0,42,64,0,1,0,0,0,0,0,0,1
MB,1,1320,1994,28,67,0,3,61,96,0,5,0,0,0,0,0,0,2
MB,1,1320,1995,36,53,0,5,78,82,0,8,0,0,0,0,0,0,5
MB,1,1320,1996,62,72,0,0,130,167,0,2,0,0,0,0,0,0,1
MB,1,1320,1997,47,66,0,1,150,210,0,2,0,0,0,1,1,0,3
MB,1,1320,1998,46,71,0,0,139,177,0,10,0,0,0,0,0,0,6
MB,1,1320,1999,61,61,0,2,151,195,0,11,0,0,0,2,0,0,2
MB,1,1320,2000,51,83,0,0,103,123,0,1,0,0,0,1,3,0,3
MB,1,1320,2001,29,72,0,0,163,265,0,8,0,0,0,1,0,0,1
MB,1,1320,2002,58,95,0,1,130,175,0,5,0,0,0,0,1,0,1
MB,1,1320,2003,33,80,0,0,107,148,0,5,0,0,0,0,0,0,4
MB,1,1320,2004,25,86,0,1,98,96,0,5,0,0,0,1,0,0,1
MB,1,1320,2005,31,55,0,0,144,227,0,6,0,0,0,0,0,0,3
MB,1,1320,2006,35,34,0,0,154,185,0,1,0,0,0,0,0,0,1
MB,1,1320,2007,32,51,0,1,142,178,0,7,0,0,0,0,0,0,7
MB,1,1320,2008,33,78,0,1,97,138,0,0,0,0,0,0,0,0,0
MB,1,1320,2009,26,29,1,0,51,96,0,2,0,0,0,0,0,0,0
MB,1,1320,2010,17,34,0,0,87,143,0,0,0,0,0,0,0,0,2
MB,1,1320,2011,13,24,0,0,67,80,0,4,0,0,0,0,0,0,12
MB,1,1320,2012,33,40,0,1,73,92,0,0,0,0,0,0,0,0,5
MB,1,1320,2013,40,48,0,0,71,94,0,1,0,0,0,0,0,0,0
MB,1,1320,2014,19,36,0,0,66,100,1,1,0,0,0,0,1,0,2
MB,1,1320,2015,23,42,0,0,94,177,0,0,0,1,0,1,2,0,5
MB,1,1320,2016,13,25,0,2,65,100,0,1,0,0,0,0,0,0,2
MB,1,1320,2017,26,43,0,0,59,63,0,0,0,0,0,0,0,0,0
MB,1,1320,2018,11,28,0,0,57,50,0,1,0,0,0,0,0,0,3
MB,1,1320,2019,10,31,0,0,26,33,0,0,0,0,0,0,0,0,0
MB,1,1320,2020,17,36,0,0,45,73,0,0,0,0,0,0,0,0,2
MB,1,1320,2021,42,83,0,0,39,67,0,0,0,0,0,0,0,0,0
MB,1,1320,2022,12,42,0,0,44,57,0,0,0,0,0,0,0,0,0
MB,1,1320,2023,17,42,0,0,45,50,0,0,0,0,0,0,0,0,0
MB,1,1320,2024,12,32,0,0,35,51,0,0,0,0,0,0,1,0,0
MB,1,1321,1976,0,0,0,0,0,0,0,0,0,0,0,0,0,0,1
MB,1,1321,1977,0,0,0,0,0,1,0,0,0,0,0,0,0,0,1
MB,1,1321,1980,0,1,0,0,2,0,0,0,0,0,0,0,0,0,1
MB,1,1321,1981,1,0,0,0,1,0,0,0,0,0,0,0,0,0,0
MB,1,1321,1982,0,0,0,0,1,1,0,0,0,0,0,0,0,0,0
MB,1,1321,1985,1,0,0,0,2,0,0,0,0,0,0,0,0,0,0
MB,1,1321,1986,0,0,0,0,2,0,0,0,0,0,0,0,0,0,0
MB,1,1321,1988,0,0,0,0,1,0,0,0,0,0,0,0,0,0,0
MB,1,1321,1989,0,1,0,0,0,0,0,0,0,0,0,0,0,0,0
MB,1,1321,1994,0,0,0,0,2,0,0,0,0,0,0,0,0,0,0
MB,1,1321,1996,0,0,0,0,1,0,0,0,0,0,0,0,0,0,0
MB,1,1321,2000,0,0,0,0,1,0,0,0,0,0,0,0,0,0,0
MB,1,1321,2002,0,1,0,0,0,0,0,0,0,0,0,0,0,0,0
MB,1,1321,2009,0,1,0,0,0,0,0,0,0,0,0,0,0,0,0
MB,1,1321,2016,0,1,0,0,0,0,0,0,0,0,0,0,0,0,0
MB,1,1321,2023,0,0,0,0,0,1,0,0,0,0,0,0,0,0,0
MB,1,1330,1976,0,0,0,0,0,0,0,0,0,0,0,0,0,0,1
MB,1,1330,1977,1,0,0,0,0,0,0,0,0,0,0,0,0,0,2
MB,1,1330,1978,0,1,0,0,0,1,0,0,0,0,0,0,0,0,0
MB,1,1330,1980,1,1,0,0,0,0,0,0,0,0,0,0,0,0,5
MB,1,1330,1982,0,0,0,0,0,0,0,0,0,0,0,0,0,0,1
MB,1,1330,1983,1,0,0,0,0,0,0,0,0,0,0,0,0,0,0
MB,1,1330,1984,0,0,0,0,0,0,0,0,0,0,0,0,0,0,1
MB,1,1330,1985,0,0,0,0,0,0,0,0,0,0,0,0,0,0,2
MB,1,1330,1986,0,0,0,0,1,1,0,0,0,0,0,0,0,0,0
MB,1,1330,1991,0,1,0,0,1,1,0,0,0,0,0,0,0,0,0
MB,1,1330,1992,0,0,0,0,0,1,0,0,0,0,0,0,0,0,0
MB,1,1330,1994,0,0,0,0,1,1,0,0,0,0,0,0,0,0,0
MB,1,1330,1997,0,1,0,0,1,0,0,0,0,0,0,0,0,0,0
MB,1,1330,1998,0,1,0,0,0,0,0,0,0,0,0,0,0,0,0
MB,1,1330,1999,0,0,0,0,0,1,0,0,0,0,0,0,0,0,0
MB,1,1330,2000,1,0,0,0,0,0,0,0,0,0,0,0,0,0,0
MB,1,1330,2001,0,0,0,0,0,2,0,0,0,0,0,0,0,0,0
MB,1,1330,2005,0,0,0,0,0,1,0,0,0,0,0,0,0,0,0
MB,1,1330,2007,0,1,0,0,0,0,0,0,0,0,0,0,0,0,0
MB,1,1330,2008,0,1,0,0,0,1,0,0,0,0,0,0,0,0,0
MB,1,1330,2009,2,0,0,0,0,0,0,0,0,0,0,0,0,0,0
MB,1,1330,2010,0,0,0,0,0,2,0,0,0,0,0,0,0,0,0
MB,1,1330,2013,0,1,0,0,0,0,0,0,0,0,0,0,0,0,0
MB,1,1330,2015,1,1,0,0,1,1,0,0,0,0,0,0,0,0,0
MB,1,1330,2020,0,0,0,0,0,1,0,0,0,0,0,0,0,0,0
MB,1,1330,2021,0,0,0,0,0,0,0,1,0,0,0,0,0,0,0
MB,1,1330,2024,0,0,0,0,2,0,0,0,0,0,0,0,0,0,0
MB,1,1350,1976,4,9,0,0,16,26,0,1,0,0,0,0,0,0,8
MB,1,1350,1977,9,14,0,0,17,14,0,0,0,0,0,0,0,0,19
MB,1,1350,1978,6,8,0,0,18,12,0,0,0,0,0,0,0,0,3
MB,1,1350,1979,8,10,0,0,38,29,0,0,0,0,0,0,1,0,10
MB,1,1350,1980,16,13,0,0,13,10,0,0,0,0,0,1,0,0,5
MB,1,1350,1981,5,10,0,0,27,14,0,0,0,0,0,0,1,0,5
MB,1,1350,1982,5,5,0,0,21,7,0,0,0,0,0,0,0,0,9
MB,1,1350,1983,7,3,0,0,17,24,0,0,0,0,0,0,0,0,1
MB,1,1350,1984,1,6,0,0,8,5,0,0,0,0,0,0,0,0,0
MB,1,1350,1985,5,6,0,0,14,12,0,0,0,0,0,0,0,0,0
MB,1,1350,1986,0,3,0,0,10,10,0,0,0,0,0,0,0,0,0
MB,1,1350,1987,3,6,0,0,15,6,0,0,0,0,0,0,0,0,0
MB,1,1350,1988,0,2,0,0,6,4,0,0,0,0,0,0,0,0,0
MB,1,1350,1989,5,0,0,0,11,10,0,0,0,0,0,1,0,0,0
MB,1,1350,1990,1,5,0,0,9,2,0,0,0,0,0,0,0,0,0
MB,1,1350,1991,0,1,0,0,3,6,0,0,0,0,0,0,0,0,3
MB,1,1350,1992,0,6,0,0,11,2,0,0,0,0,0,0,0,0,0
MB,1,1350,1993,4,8,0,0,10,13,0,0,0,0,0,0,0,0,0
MB,1,1350,1994,6,9,0,0,8,5,0,0,0,0,0,0,0,0,0
MB,1,1350,1995,0,8,0,0,5,7,0,0,0,0,0,0,0,0,0
MB,1,1350,1996,9,12,0,0,13,17,0,0,0,0,0,0,0,0,0
MB,1,1350,1997,1,2,0,0,8,6,0,0,0,0,0,0,0,0,0
MB,1,1350,1998,3,9,0,0,16,10,0,0,0,0,0,0,0,0,0
MB,1,1350,1999,8,7,0,0,25,18,0,0,0,0,0,0,0,0,1
MB,1,1350,2000,3,20,0,0,17,20,0,0,0,0,0,0,0,0,0
MB,1,1350,2001,5,10,0,0,14,27,0,0,0,0,0,0,0,0,0
MB,1,1350,2002,12,16,0,0,9,14,0,0,0,0,0,0,0,0,0
MB,1,1350,2003,3,1,0,0,11,12,0,0,0,0,0,0,0,0,1
MB,1,1350,2004,6,8,0,0,20,10,0,0,0,0,0,0,0,0,1
MB,1,1350,2005,1,3,0,0,3,8,0,0,0,0,0,1,0,0,1
MB,1,1350,2006,1,2,0,0,6,19,0,0,0,0,0,0,0,0,0
MB,1,1350,2007,8,1,0,0,20,17,0,0,0,0,0,0,0,0,0
MB,1,1350,2008,1,6,0,0,7,9,0,0,0,0,0,0,0,0,0
MB,1,1350,2009,1,4,0,0,3,2,0,0,0,0,0,0,0,0,0
MB,1,1350,2010,1,2,0,0,12,10,0,0,0,0,0,0,0,0,0
MB,1,1350,2011,3,10,0,0,11,6,0,0,0,0,0,0,0,0,0
MB,1,1350,2012,5,4,0,0,7,3,0,0,0,0,0,0,0,0,0
MB,1,1350,2013,3,3,0,0,9,8,0,0,0,0,0,1,0,0,0
MB,1,1350,2014,0,4,0,0,8,13,0,0,0,0,0,0,0,0,1
MB,1,1350,2015,3,6,0,0,8,13,0,1,0,0,0,0,0,0,0
MB,1,1350,2016,3,1,0,0,7,9,0,0,0,0,0,0,0,0,1
MB,1,1350,2017,3,3,0,0,13,7,0,0,0,0,0,0,0,0,0
MB,1,1350,2018,1,3,0,0,4,13,0,0,0,0,0,0,0,0,0
MB,1,1350,2019,1,8,0,0,13,10,0,0,0,0,0,0,0,0,0
MB,1,1350,2020,0,3,0,0,10,13,0,0,0,0,0,0,0,0,0
MB,1,1350,2021,6,3,0,0,5,9,0,0,0,0,0,0,0,0,0
MB,1,1350,2022,2,5,0,0,10,8,0,0,0,0,0,0,0,0,0
MB,1,1350,2023,1,8,0,0,13,14,0,0,0,0,0,0,0,0,0
MB,1,1350,2024,4,9,0,0,6,7,0,0,0,0,0,0,0,0,1
MB,1,1360,1985,0,0,0,0,0,1,0,0,0,0,0,0,0,0,0
MB,1,1360,1992,0,0,0,0,0,2,0,0,0,0,0,0,0,0,0
MB,1,1370,1976,7,7,0,0,21,15,0,0,0,0,0,1,1,0,2
MB,1,1370,1977,3,5,0,0,24,10,0,0,0,0,0,0,0,0,7
MB,1,1370,1978,2,2,0,0,16,11,0,0,0,0,0,0,0,0,11
MB,1,1370,1979,2,1,0,0,15,33,0,0,0,0,0,0,0,0,6
MB,1,1370,1980,4,4,0,0,20,15,0,1,0,0,0,0,0,0,4
MB,1,1370,1981,7,5,0,0,16,8,0,0,0,0,0,0,0,0,6
MB,1,1370,1982,0,0,0,0,9,3,0,0,0,0,0,0,0,0,4
MB,1,1370,1983,2,4,0,0,9,17,0,0,0,0,0,0,0,0,0
MB,1,1370,1984,0,0,0,0,5,6,0,0,0,0,0,0,0,0,0
MB,1,1370,1985,3,2,0,0,10,7,0,0,0,0,0,0,0,0,0
MB,1,1370,1986,1,3,0,0,13,14,0,0,0,0,0,0,0,0,1
MB,1,1370,1987,5,0,0,0,8,13,0,0,0,0,0,0,0,0,1
MB,1,1370,1988,1,0,0,0,5,10,0,0,0,0,0,0,0,0,0
MB,1,1370,1989,1,2,0,0,7,8,0,0,0,0,0,0,0,0,0
MB,1,1370,1990,3,0,0,0,6,4,0,0,0,0,0,0,0,0,0
MB,1,1370,1991,0,0,0,0,2,3,0,0,0,0,0,0,0,0,0
MB,1,1370,1992,3,1,0,0,5,7,0,0,0,0,0,0,0,0,0
MB,1,1370,1993,0,0,0,0,3,4,0,0,0,0,0,0,0,0,0
MB,1,1370,1994,2,3,0,0,10,7,0,0,0,0,0,0,0,0,0
MB,1,1370,1995,1,2,0,0,1,3,0,1,0,0,0,0,0,0,0
MB,1,1370,1996,2,4,0,0,10,10,0,0,0,0,0,0,0,0,0
MB,1,1370,1997,2,4,0,0,8,13,0,0,0,0,0,0,0,0,0
MB,1,1370,1998,3,0,0,0,4,3,0,0,0,0,0,0,0,0,0
MB,1,1370,1999,2,1,0,0,11,16,0,0,0,0,0,0,0,0,0
MB,1,1370,2000,4,5,0,0,5,8,0,0,0,0,0,0,0,0,0
MB,1,1370,2001,1,3,0,0,6,11,0,0,0,0,0,0,0,0,0
MB,1,1370,2002,1,7,0,0,10,15,0,0,0,0,0,0,0,0,0
MB,1,1370,2003,3,4,0,0,3,7,0,0,0,0,0,0,0,0,0
MB,1,1370,2004,3,4,0,0,8,9,0,0,0,0,0,0,0,0,0
MB,1,1370,2005,1,2,0,0,5,7,0,0,0,0,0,0,0,0,0
MB,1,1370,2006,1,0,0,0,5,7,0,0,0,0,0,0,0,0,0
MB,1,1370,2007,0,4,0,0,4,8,0,0,0,0,0,0,0,0,0
MB,1,1370,2008,1,1,0,0,4,5,0,0,0,0,0,0,0,0,0
MB,1,1370,2009,3,2,0,0,2,1,0,0,0,0,0,0,0,0,0
MB,1,1370,2010,0,2,0,0,7,6,0,0,0,0,0,0,0,0,0
MB,1,1370,2011,0,0,0,0,2,4,0,0,0,0,0,0,0,0,0
MB,1,1370,2012,2,0,0,0,0,3,0,0,0,0,0,0,0,0,0
MB,1,1370,2013,1,6,0,0,2,5,0,0,0,0,0,0,0,0,2
MB,1,1370,2014,1,2,0,0,4,6,0,0,0,0,0,0,0,0,0
MB,1,1370,2015,5,3,0,0,8,7,0,0,0,0,0,0,0,0,0
MB,1,1370,2016,0,1,0,0,1,2,0,0,0,0,0,0,0,0,1
MB,1,1370,2017,3,3,0,0,6,3,0,0,0,0,0,0,0,0,0
MB,1,1370,2018,1,2,0,0,2,7,0,0,0,0,0,0,0,0,0
MB,1,1370,2019,2,6,0,0,2,1,0,0,0,0,0,0,0,0,0
MB,1,1370,2020,2,1,0,0,3,5,0,0,0,0,0,0,0,0,0
MB,1,1370,2021,1,0,0,0,5,6,0,0,0,0,0,0,0,0,0
MB,1,1370,2022,1,9,0,0,7,10,0,0,0,0,0,0,0,0,0
MB,1,1370,2023,5,2,0,0,5,5,0,0,0,0,0,0,0,0,0
MB,1,1370,2024,5,16,0,0,3,7,0,0,0,0,0,0,0,0,0
MB,1,1390,1976,7,5,0,0,28,22,0,1,0,0,0,0,1,0,13
MB,1,1390,1977,4,2,0,1,30,17,0,3,0,0,0,1,1,0,20
MB,1,1390,1978,1,2,0,0,11,12,0,2,0,0,0,0,1,0,10
MB,1,1390,1979,5,1,0,0,16,15,0,0,0,0,0,0,0,0,7
MB,1,1390,1980,5,2,0,0,16,10,0,1,0,0,0,1,3,0,12
MB,1,1390,1981,3,2,0,0,25,19,0,1,0,0,0,0,0,0,15
MB,1,1390,1982,1,0,0,0,7,12,0,2,0,0,0,0,1,0,6
MB,1,1390,1983,3,0,0,0,20,26,0,0,0,0,0,1,0,0,6
MB,1,1390,1984,0,0,0,0,7,1,0,0,0,0,0,0,0,0,0
MB,1,1390,1985,1,0,0,0,11,9,0,1,0,0,0,0,0,0,6
MB,1,1390,1986,6,3,0,0,10,11,0,2,0,0,0,1,0,0,0
MB,1,1390,1987,1,0,0,0,16,11,0,0,0,0,0,1,0,0,0
MB,1,1390,1988,4,2,0,0,5,6,0,0,0,0,0,1,1,0,0
MB,1,1390,1989,3,0,0,0,9,12,0,1,0,0,0,0,0,0,0
MB,1,1390,1990,1,2,0,0,5,8,0,0,0,0,0,2,1,0,0
MB,1,1390,1991,0,0,0,0,8,3,0,0,0,0,0,0,0,0,0
MB,1,1390,1992,2,0,0,0,7,3,0,3,0,0,0,0,0,0,0
MB,1,1390,1993,2,1,0,0,3,4,0,0,0,0,0,0,0,0,0
MB,1,1390,1994,1,4,0,0,16,9,0,2,0,0,0,0,0,0,0
MB,1,1390,1995,2,1,0,0,2,8,0,0,0,0,0,0,0,0,0
MB,1,1390,1996,6,6,0,0,27,9,0,0,0,0,0,1,0,0,0
MB,1,1390,1997,5,4,0,0,22,26,0,2,0,0,0,1,0,0,0
MB,1,1390,1998,6,2,0,0,11,12,0,0,0,0,0,0,0,0,2
MB,1,1390,1999,8,7,0,1,24,28,0,1,0,0,0,1,0,0,2
MB,1,1390,2000,4,4,0,0,17,18,0,1,0,0,0,1,2,0,1
MB,1,1390,2001,5,5,0,0,13,23,0,0,0,0,0,0,0,0,0
MB,1,1390,2002,5,7,0,1,32,30,0,2,0,0,0,0,1,0,3
MB,1,1390,2003,2,1,0,0,15,15,0,0,0,0,0,1,0,0,1
MB,1,1390,2004,4,2,0,0,15,16,0,0,0,0,0,0,0,0,2
MB,1,1390,2005,5,1,0,0,16,15,0,1,0,0,0,1,0,0,1
MB,1,1390,2006,4,3,0,0,9,7,0,0,0,0,0,0,0,0,1
MB,1,1390,2007,4,5,0,0,12,12,0,0,0,0,0,0,0,0,3
MB,1,1390,2008,9,8,0,0,13,11,0,0,0,0,0,0,0,0,2
MB,1,1390,2009,0,1,0,0,3,8,0,0,0,0,0,0,0,0,0
MB,1,1390,2010,2,1,0,0,8,10,0,0,0,0,0,0,0,0,0
MB,1,1390,2011,1,6,0,0,7,9,0,0,0,0,0,0,0,0,2
MB,1,1390,2012,1,4,0,0,9,7,0,0,0,0,0,0,0,0,0
MB,1,1390,2013,2,3,0,0,12,10,0,0,0,0,0,0,0,0,1
MB,1,1390,2014,4,9,0,0,21,15,0,0,0,0,0,0,0,0,0
MB,1,1390,2015,11,6,0,0,21,22,0,0,0,0,0,0,0,0,7
MB,1,1390,2016,3,1,0,0,12,10,0,0,0,0,0,0,0,0,1
MB,1,1390,2017,7,1,0,0,11,10,0,0,0,0,0,0,1,0,0
MB,1,1390,2018,1,2,0,0,12,9,0,0,0,0,0,0,0,0,1
MB,1,1390,2019,2,4,0,0,9,10,0,0,0,0,0,0,0,0,2
MB,1,1390,2020,5,2,0,0,14,12,0,0,0,0,0,0,0,0,0
MB,1,1390,2021,3,13,0,0,19,20,0,1,0,0,0,0,0,0,0
MB,1,1390,2022,3,5,0,0,15,18,0,2,0,0,0,0,0,0,1
MB,1,1390,2023,4,7,0,0,8,18,0,0,0,0,0,0,0,0,0
MB,1,1390,2024,4,6,0,0,2,12,0,0,0,0,0,0,1,0,0
MB,1,1400,1976,22,2,0,0,30,45,0,0,0,0,0,0,0,0,6
MB,1,1400,1977,5,1,0,0,13,11,0,0,0,0,0,5,2,0,12
MB,1,1400,1978,4,2,0,0,6,15,0,0,0,0,0,0,0,0,7
MB,1,1400,1979,8,7,0,0,35,41,0,0,0,0,0,1,6,0,6
MB,1,1400,1980,7,1,0,0,23,18,0,0,0,0,0,5,3,0,8
MB,1,1400,1981,3,0,0,0,20,17,0,0,0,0,0,3,2,0,9
MB,1,1400,1982,2,1,0,0,7,12,0,0,0,0,0,1,0,0,19
MB,1,1400,1983,5,6,0,0,27,31,0,0,0,0,0,0,0,0,2
MB,1,1400,1984,0,2,0,0,5,5,0,0,0,0,0,1,0,0,0
MB,1,1400,1985,3,1,0,0,10,9,0,0,0,0,0,0,2,0,0
MB,1,1400,1986,7,3,0,0,24,9,0,0,0,0,0,0,1,0,0
MB,1,1400,1987,6,0,0,0,10,7,0,0,0,0,0,1,1,0,0
MB,1,1400,1988,4,2,0,0,5,7,0,0,0,0,0,1,0,0,0
MB,1,1400,1989,1,1,0,0,8,6,0,0,0,0,0,0,0,0,0
MB,1,1400,1990,1,0,0,0,2,1,0,0,0,0,0,0,0,0,0
MB,1,1400,1991,0,1,0,0,1,1,0,0,0,0,0,0,0,0,0
MB,1,1400,1992,0,1,0,0,3,8,0,0,0,0,0,0,1,0,0
MB,1,1400,1993,0,0,0,0,0,5,0,0,0,0,0,2,0,0,0
MB,1,1400,1994,1,1,0,0,7,6,0,0,0,0,0,1,0,0,0
MB,1,1400,1995,0,1,0,0,16,13,0,0,0,0,0,0,0,0,0
MB,1,1400,1996,4,3,0,0,44,22,0,0,0,0,0,1,0,0,0
MB,1,1400,1997,3,1,0,0,28,17,0,0,0,0,0,0,0,0,0
MB,1,1400,1998,3,6,0,0,16,11,0,0,0,0,0,1,0,0,0
MB,1,1400,1999,9,5,0,0,20,21,0,0,0,0,0,0,1,0,0
MB,1,1400,2000,3,1,0,0,17,14,0,0,0,0,0,1,0,0,0
MB,1,1400,2001,8,13,0,0,35,27,0,0,0,0,0,1,1,0,0
MB,1,1400,2002,4,2,0,0,26,32,0,0,0,0,0,0,3,0,0
MB,1,1400,2003,4,3,0,0,20,23,0,0,0,0,0,0,1,0,0
MB,1,1400,2004,4,2,0,0,11,12,0,0,0,0,0,2,0,0,0
MB,1,1400,2005,3,4,0,0,14,10,0,0,0,0,0,0,0,0,0
MB,1,1400,2006,7,6,0,0,12,13,0,0,0,0,0,0,0,0,0
MB,1,1400,2007,1,4,0,0,20,14,0,0,0,0,0,0,0,0,0
MB,1,1400,2008,13,3,0,0,18,15,0,0,0,0,0,0,0,0,0
MB,1,1400,2009,1,1,0,0,9,11,0,0,0,0,0,0,0,0,0
MB,1,1400,2010,2,1,0,0,23,14,0,0,0,0,0,2,0,0,0
MB,1,1400,2011,0,7,0,0,24,18,0,0,0,0,0,0,0,0,0
MB,1,1400,2012,2,0,0,0,28,17,0,0,0,0,0,1,0,0,0
MB,1,1400,2013,7,6,0,0,36,37,0,0,0,0,0,0,0,0,1
MB,1,1400,2014,16,19,0,0,24,24,0,0,0,0,0,3,1,0,5
MB,1,1400,2015,10,23,0,0,39,34,0,1,0,0,0,0,0,0,1
MB,1,1400,2016,5,8,0,0,13,9,0,1,0,0,0,0,0,0,0
MB,1,1400,2017,10,10,0,0,29,24,0,0,0,0,0,0,0,0,0
MB,1,1400,2018,4,17,0,0,39,24,0,0,0,0,0,0,0,0,0
MB,1,1400,2019,16,23,0,0,31,28,0,0,0,0,0,0,0,0,0
MB,1,1400,2020,6,25,0,0,41,30,0,0,0,0,0,1,2,0,0
MB,1,1400,2021,11,15,0,0,9,24,0,0,0,0,0,0,0,0,0
MB,1,1400,2022,3,2,0,0,39,40,0,0,0,0,0,0,0,0,0
MB,1,1400,2023,11,5,0,0,31,41,0,0,0,0,0,0,0,0,0
MB,1,1400,2024,12,5,0,0,16,16,0,0,0,0,0,1,1,0,0
MB,1,1420,1976,4,0,0,0,18,18,0,0,0,0,0,0,1,0,1
MB,1,1420,1977,2,3,0,0,6,11,0,0,0,0,0,1,1,0,10
MB,1,1420,1978,2,1,0,0,13,7,0,1,0,0,0,0,0,0,1
MB,1,1420,1979,5,2,0,0,20,29,0,1,0,0,0,1,0,0,4
MB,1,1420,1980,4,8,0,0,7,7,0,0,0,0,0,0,2,0,6
MB,1,1420,1981,5,0,0,0,13,16,0,0,0,0,0,0,1,0,13
MB,1,1420,1982,3,0,0,0,11,12,0,0,0,0,0,0,0,0,2
MB,1,1420,1983,3,1,0,0,15,16,0,0,0,0,0,1,0,0,0
MB,1,1420,1984,1,0,0,0,3,2,0,0,0,0,0,0,0,0,0
MB,1,1420,1985,0,0,0,0,4,7,0,0,0,0,0,0,0,0,0
MB,1,1420,1986,2,1,0,0,16,20,0,0,0,0,0,0,0,0,0
MB,1,1420,1987,0,0,0,0,6,14,0,0,0,0,0,0,0,0,0
MB,1,1420,1988,0,0,0,0,5,2,0,0,0,0,0,0,0,0,0
MB,1,1420,1989,2,3,0,0,3,5,0,0,0,0,0,0,0,0,0
MB,1,1420,1990,1,2,0,0,5,4,0,0,0,0,0,0,0,0,0
MB,1,1420,1991,1,0,0,0,0,5,0,0,0,0,0,0,0,0,0
MB,1,1420,1992,1,0,0,0,3,9,0,0,0,0,0,0,0,0,0
MB,1,1420,1993,1,1,0,0,2,2,0,0,0,0,0,0,0,0,0
MB,1,1420,1994,0,1,0,0,10,6,0,0,0,0,0,0,0,0,1
MB,1,1420,1995,2,1,0,0,6,7,0,0,0,0,0,0,0,0,0
MB,1,1420,1996,3,2,0,0,23,20,0,0,0,0,0,0,0,0,0
MB,1,1420,1997,3,2,0,0,13,14,0,0,0,0,0,0,1,0,1
MB,1,1420,1998,3,0,0,0,7,5,0,0,0,0,0,0,0,0,0
MB,1,1420,1999,0,4,0,0,18,23,0,0,0,0,0,0,0,0,0
MB,1,1420,2000,3,4,0,0,9,6,0,0,0,0,0,0,0,0,0
MB,1,1420,2001,1,1,0,0,20,25,0,0,0,0,0,0,0,0,0
MB,1,1420,2002,4,6,0,0,7,14,0,0,0,0,0,0,0,0,0
MB,1,1420,2003,0,2,0,0,3,15,0,0,0,0,0,0,0,0,1
MB,1,1420,2004,0,3,0,0,5,15,0,0,0,0,0,0,0,0,0
MB,1,1420,2005,3,2,0,0,10,12,0,0,0,0,0,0,0,0,0
MB,1,1420,2006,1,1,0,0,4,8,0,0,0,0,0,0,0,0,0
MB,1,1420,2007,2,2,0,0,13,6,0,0,0,0,0,0,0,0,2
MB,1,1420,2008,1,4,0,0,9,9,0,0,0,0,0,0,0,0,0
MB,1,1420,2009,2,2,0,0,10,13,0,0,0,0,0,0,0,0,0
MB,1,1420,2010,2,0,0,0,2,13,0,0,0,0,0,0,0,0,0
MB,1,1420,2011,4,6,0,0,6,11,0,0,0,0,0,0,1,0,0
MB,1,1420,2012,2,2,0,0,1,2,0,0,0,0,0,0,0,0,0
MB,1,1420,2013,2,3,0,0,19,17,0,0,0,0,0,0,0,0,0
MB,1,1420,2014,2,3,0,0,7,9,0,0,0,0,0,0,0,0,0
MB,1,1420,2015,1,5,0,0,6,8,0,0,0,0,0,0,0,0,0
MB,1,1420,2016,7,4,0,1,4,3,0,0,0,0,0,0,0,0,0
MB,1,1420,2017,3,3,0,0,3,6,0,0,0,0,0,0,0,0,0
MB,1,1420,2018,1,0,0,0,3,4,0,0,0,0,0,0,0,0,0
MB,1,1420,2019,0,5,0,0,5,4,0,0,0,0,0,0,0,0,0
MB,1,1420,2020,1,3,0,0,4,7,0,0,0,0,0,0,1,0,1
MB,1,1420,2021,2,4,0,0,6,3,0,0,0,0,0,0,0,0,0
MB,1,1420,2022,9,8,0,0,24,27,0,0,0,0,0,0,0,0,0
MB,1,1420,2023,8,6,0,0,10,21,0,0,0,0,0,0,0,0,0
MB,1,1420,2024,2,3,0,0,2,2,0,0,0,0,0,0,0,0,0
MB,1,1430,1976,6,3,0,0,31,25,0,0,0,0,0,3,2,0,7
MB,1,1430,1977,8,5,0,0,16,15,0,0,0,0,0,2,0,0,14
MB,1,1430,1978,8,4,0,0,21,27,0,0,0,0,0,0,2,0,9
MB,1,1430,1979,14,10,0,0,47,33,0,0,0,0,0,4,0,0,10
MB,1,1430,1980,10,5,0,0,7,9,0,0,0,0,0,0,0,0,20
MB,1,1430,1981,7,7,0,0,26,22,0,0,0,0,0,2,0,0,9
MB,1,1430,1982,7,2,0,0,15,14,0,0,0,0,0,1,0,0,9
MB,1,1430,1983,3,4,0,0,18,22,0,0,0,0,0,1,1,0,0
MB,1,1430,1984,3,3,0,0,9,14,0,0,0,0,0,0,0,0,0
MB,1,1430,1985,5,3,0,0,21,9,0,0,0,0,0,0,0,0,0
MB,1,1430,1986,7,2,0,0,6,11,0,0,0,0,0,0,1,0,0
MB,1,1430,1987,1,1,0,0,5,7,0,0,0,0,0,0,0,0,0
MB,1,1430,1988,4,2,0,0,8,3,0,0,0,0,0,0,0,0,0
MB,1,1430,1989,3,1,0,0,11,18,0,0,0,0,0,0,0,0,0
MB,1,1430,1990,4,5,0,0,6,4,0,0,0,0,0,0,0,0,0
MB,1,1430,1991,2,3,0,0,3,3,0,0,0,0,0,0,0,0,0
MB,1,1430,1992,5,2,0,0,11,9,0,0,0,0,0,0,0,0,0
MB,1,1430,1993,3,3,0,0,5,10,0,0,0,0,0,0,0,0,0
MB,1,1430,1994,3,2,0,0,8,11,0,0,0,0,0,0,0,0,0
MB,1,1430,1995,5,1,0,0,15,8,0,0,0,0,0,0,1,0,0
MB,1,1430,1996,6,10,0,0,20,30,0,0,0,0,0,0,0,0,1
MB,1,1430,1997,7,15,0,0,24,23,0,0,0,0,0,0,0,0,0
MB,1,1430,1998,6,12,0,0,24,19,0,0,0,0,0,0,0,0,0
MB,1,1430,1999,12,9,0,0,15,39,0,0,0,0,0,0,0,0,0
MB,1,1430,2000,4,7,0,0,13,17,0,0,0,0,0,1,0,0,0
MB,1,1430,2001,11,7,0,0,17,11,0,0,0,0,0,0,0,0,0
MB,1,1430,2002,12,12,0,0,28,25,0,0,0,0,0,0,0,0,0
MB,1,1430,2003,3,4,0,0,14,20,0,0,0,0,0,0,0,0,0
MB,1,1430,2004,10,21,0,0,12,9,0,0,0,0,0,0,0,0,0
MB,1,1430,2005,5,7,0,0,9,13,0,0,0,0,0,0,0,0,0
MB,1,1430,2006,1,4,0,0,14,11,0,0,0,0,0,0,0,0,0
MB,1,1430,2007,8,14,0,0,22,25,0,0,0,0,0,1,0,0,0
MB,1,1430,2008,3,4,0,0,9,12,0,0,0,0,0,0,0,0,0
MB,1,1430,2009,3,4,0,0,10,3,0,0,0,0,0,0,0,0,0
MB,1,1430,2010,5,1,0,0,8,10,0,0,0,0,0,0,0,0,0
MB,1,1430,2011,3,4,0,0,8,8,0,0,0,0,0,0,0,0,0
MB,1,1430,2012,1,6,0,0,3,1,0,0,0,0,0,0,0,0,0
MB,1,1430,2013,1,2,0,0,4,13,0,1,0,0,0,0,0,0,0
MB,1,1430,2014,5,4,0,0,7,12,0,0,0,0,0,0,0,0,0
MB,1,1430,2015,4,6,0,0,15,16,0,0,0,0,0,0,1,0,0
MB,1,1430,2016,2,0,0,0,6,6,0,0,0,0,0,0,0,0,0
MB,1,1430,2017,3,5,0,0,6,6,0,0,0,0,0,0,0,0,0
MB,1,1430,2018,3,2,0,0,2,1,0,0,0,0,0,0,0,0,0
MB,1,1430,2019,2,2,0,0,7,2,0,0,0,0,0,0,0,0,0
MB,1,1430,2020,2,1,0,0,13,15,0,0,0,0,0,0,0,0,1
MB,1,1430,2021,5,5,0,0,14,10,0,0,0,0,0,0,0,0,0
MB,1,1430,2022,5,7,0,0,11,8,0,0,0,0,0,0,0,0,0
MB,1,1430,2023,6,11,0,0,13,13,0,0,0,0,0,0,0,0,0
MB,1,1430,2024,2,5,0,0,17,13,0,0,0,0,0,0,0,0,0
MB,1,1440,1976,1,0,0,0,1,4,0,0,0,0,0,0,0,0,0
MB,1,1440,1977,0,0,0,0,3,2,0,0,0,0,0,0,0,0,1
MB,1,1440,1978,0,0,0,0,0,0,0,0,0,0,0,0,1,0,0
MB,1,1440,1979,2,0,0,0,1,3,0,0,0,0,0,0,0,0,1
MB,1,1440,1980,0,4,0,0,0,4,0,0,0,0,0,1,2,0,0
MB,1,1440,1981,0,1,0,0,1,1,0,0,0,0,0,0,0,0,5
MB,1,1440,1982,1,0,0,0,0,1,0,0,0,0,0,0,0,0,0
MB,1,1440,1983,0,4,0,0,3,3,0,0,0,0,0,0,0,0,0
MB,1,1440,1984,1,0,0,0,0,0,0,0,0,0,0,0,0,0,0
MB,1,1440,1985,2,1,0,0,0,0,0,0,0,0,0,0,0,0,0
MB,1,1440,1986,0,0,0,0,1,0,0,0,0,0,0,0,0,0,0
MB,1,1440,1987,1,1,0,0,1,2,0,0,0,0,0,0,0,0,0
MB,1,1440,1989,1,1,0,0,1,0,0,0,0,0,0,0,0,0,0
MB,1,1440,1990,1,0,0,0,0,4,0,0,0,0,0,0,0,0,0
MB,1,1440,1991,0,1,0,0,0,2,0,0,0,0,0,0,0,0,0
MB,1,1440,1992,0,0,0,1,2,1,0,0,0,0,0,0,0,0,0
MB,1,1440,1993,0,2,0,0,0,1,0,0,0,0,0,0,0,0,0
MB,1,1440,1994,2,4,0,0,0,2,0,0,0,0,0,0,0,0,0
MB,1,1440,1995,0,0,0,0,0,1,0,0,0,0,0,0,0,0,0
MB,1,1440,1996,2,5,0,0,1,2,0,0,0,0,0,0,0,0,0
MB,1,1440,1997,2,1,0,0,1,1,0,0,0,0,0,0,0,0,0
MB,1,1440,1998,1,5,0,0,1,4,0,0,0,0,0,0,0,0,0
MB,1,1440,1999,3,4,0,0,0,2,0,0,0,0,0,0,0,0,0
MB,1,1440,2000,0,0,0,0,1,0,0,0,0,0,0,0,0,0,0
MB,1,1440,2001,0,1,0,0,0,0,0,0,0,0,0,1,0,0,0
MB,1,1440,2002,0,8,0,0,4,2,0,0,0,0,0,0,0,0,0
MB,1,1440,2003,2,0,0,0,0,3,0,0,0,0,0,0,0,0,0
MB,1,1440,2004,2,0,0,0,3,2,0,0,0,0,0,0,0,0,0
MB,1,1440,2005,0,7,0,0,0,2,0,0,0,0,0,0,0,0,0
MB,1,1440,2006,2,2,0,0,0,3,0,0,0,0,0,0,0,0,0
MB,1,1440,2007,1,8,0,0,2,4,0,0,0,0,0,0,0,0,0
MB,1,1440,2008,1,9,0,0,2,6,0,0,0,0,0,0,0,0,0
MB,1,1440,2009,0,0,0,0,1,0,0,0,0,0,0,0,0,0,0
MB,1,1440,2010,1,3,0,0,2,2,0,0,0,0,0,0,0,0,0
MB,1,1440,2011,0,0,0,0,1,1,0,0,0,0,0,0,0,0,0
MB,1,1440,2012,1,5,0,0,2,0,0,0,0,0,0,0,0,0,0
MB,1,1440,2013,0,2,0,0,2,5,0,0,0,0,0,0,0,0,0
MB,1,1440,2014,1,2,0,0,1,4,0,0,0,0,0,0,0,0,1
MB,1,1440,2015,0,6,0,0,1,3,0,0,0,0,0,0,0,0,0
MB,1,1440,2016,4,12,0,0,2,2,0,0,0,0,0,0,0,0,0
MB,1,1440,2017,0,8,0,0,0,5,0,0,0,0,0,0,0,0,0
MB,1,1440,2018,0,0,0,0,0,1,0,0,0,0,0,0,0,0,0
MB,1,1440,2019,2,2,0,0,0,0,0,0,0,0,0,0,0,0,0
MB,1,1440,2020,0,2,0,0,1,1,0,0,0,0,0,0,0,0,0
MB,1,1440,2021,2,4,0,0,2,1,0,0,0,0,0,0,0,0,0
MB,1,1440,2022,1,2,0,0,0,4,0,0,0,0,0,0,0,0,0
MB,1,1440,2023,1,5,0,0,2,6,0,0,0,0,0,0,0,0,0
MB,1,1440,2024,0,3,0,0,0,1,0,0,0,0,0,0,0,0,0
MB,1,1460,1976,2,6,0,0,17,24,0,0,0,0,0,0,0,0,6
MB,1,1460,1977,0,1,0,0,3,2,0,0,0,0,0,0,0,0,0
MB,1,1460,1978,2,1,0,0,6,12,0,0,0,0,0,0,0,0,5
MB,1,1460,1979,3,5,0,0,19,30,0,0,0,0,0,0,0,0,4
MB,1,1460,1980,2,5,0,0,4,7,0,0,0,0,0,0,0,0,2
MB,1,1460,1981,6,6,0,0,11,8,0,0,0,0,0,0,0,0,3
MB,1,1460,1982,5,0,0,0,11,10,0,0,0,0,0,0,0,0,6
MB,1,1460,1983,2,2,0,0,20,24,0,0,0,0,0,0,0,0,1
MB,1,1460,1984,0,1,0,0,2,4,0,0,0,0,0,0,0,0,0
MB,1,1460,1985,0,3,0,0,8,2,0,0,0,0,0,0,0,0,0
MB,1,1460,1986,3,2,0,0,19,11,0,0,0,0,0,0,0,0,0
MB,1,1460,1987,3,2,0,0,7,8,0,0,0,0,0,0,0,0,0
MB,1,1460,1988,2,0,0,0,2,1,0,0,0,0,0,0,0,0,0
MB,1,1460,1989,1,1,0,0,1,2,0,0,0,0,0,0,0,0,1
MB,1,1460,1990,2,0,0,0,7,9,0,0,0,0,0,0,0,0,0
MB,1,1460,1991,0,0,0,0,0,4,0,0,0,0,0,0,0,0,0
MB,1,1460,1992,0,1,0,0,2,3,0,0,0,0,0,0,0,0,0
MB,1,1460,1993,0,1,0,0,5,6,0,0,0,0,0,0,0,0,1
MB,1,1460,1994,1,2,0,0,9,11,0,0,0,0,0,0,0,0,0
MB,1,1460,1995,0,1,0,0,4,5,0,0,0,0,0,0,0,0,0
MB,1,1460,1996,4,3,0,0,12,10,0,0,0,0,0,0,0,0,0
MB,1,1460,1997,4,5,0,0,15,14,0,0,0,0,0,0,0,0,0
MB,1,1460,1998,2,1,0,0,7,7,0,0,0,0,0,0,0,0,0
MB,1,1460,1999,2,7,0,0,18,28,0,0,0,0,0,0,0,0,0
MB,1,1460,2000,4,1,0,0,4,1,0,0,0,0,0,0,0,0,0
MB,1,1460,2001,0,0,0,0,5,4,0,1,0,0,0,0,0,0,2
MB,1,1460,2002,6,10,0,0,2,6,0,0,0,0,0,0,0,0,0
MB,1,1460,2003,10,8,0,0,7,10,0,0,0,0,0,0,0,0,0
MB,1,1460,2004,1,2,0,0,8,5,0,0,0,0,0,0,0,0,0
MB,1,1460,2005,2,1,0,0,11,10,0,3,0,0,0,1,0,0,4
MB,1,1460,2006,1,2,0,0,10,6,0,0,0,0,0,0,0,0,1
MB,1,1460,2007,6,2,0,0,2,5,0,0,0,0,0,0,0,0,2
MB,1,1460,2008,5,3,0,0,9,8,0,0,0,0,0,1,0,0,0
MB,1,1460,2009,0,4,0,0,5,9,0,0,0,0,0,0,0,0,0
MB,1,1460,2010,3,3,0,0,15,29,0,0,0,0,0,0,0,0,0
MB,1,1460,2011,1,2,0,0,10,13,0,0,0,0,0,0,0,0,0
MB,1,1460,2012,1,2,0,0,4,6,0,0,0,0,0,0,0,0,0
MB,1,1460,2013,1,10,0,0,11,15,0,0,0,0,0,0,0,0,1
MB,1,1460,2014,6,9,0,0,18,22,0,0,0,0,0,0,0,0,5
MB,1,1460,2015,3,2,0,0,15,18,0,0,0,0,0,0,0,0,0
MB,1,1460,2016,3,4,0,0,9,4,0,0,0,0,0,0,0,0,0
MB,1,1460,2017,1,2,0,0,5,10,0,0,0,0,0,0,0,0,0
MB,1,1460,2018,3,3,0,0,3,5,0,0,0,0,0,0,0,0,0
MB,1,1460,2019,0,0,0,0,3,4,0,0,0,0,0,0,0,0,0
MB,1,1460,2020,0,1,0,0,4,7,0,0,0,0,0,0,0,0,0
MB,1,1460,2021,3,4,0,0,1,2,0,0,0,0,0,0,0,0,0
MB,1,1460,2022,2,6,0,0,10,19,0,0,0,0,0,0,0,0,0
MB,1,1460,2023,4,5,0,0,14,24,0,0,0,0,0,0,0,0,0
MB,1,1460,2024,0,4,0,0,3,3,0,0,0,0,0,0,0,0,0
MB,1,1470,1976,5,2,0,0,11,13,0,0,0,0,0,0,0,0,2
MB,1,1470,1977,2,7,0,0,1,5,0,0,0,0,0,0,0,0,0
MB,1,1470,1978,1,1,0,0,9,7,0,0,0,0,0,0,0,0,1
MB,1,1470,1979,4,3,0,0,19,20,0,1,0,0,0,0,0,0,0
MB,1,1470,1980,4,5,0,0,11,12,0,0,0,0,0,0,0,0,2
MB,1,1470,1981,3,4,0,0,5,12,0,0,0,0,0,0,0,0,3
MB,1,1470,1982,0,1,0,0,12,10,0,0,0,0,0,0,1,0,3
MB,1,1470,1983,0,2,0,0,11,15,0,0,0,0,0,0,0,0,0
MB,1,1470,1984,2,0,0,0,1,2,0,0,0,0,0,0,0,0,0
MB,1,1470,1985,1,0,0,0,2,7,0,0,0,0,0,0,0,0,0
MB,1,1470,1986,1,4,0,0,5,7,0,0,0,0,0,0,0,0,0
MB,1,1470,1987,0,1,0,0,3,4,0,0,0,0,0,0,0,0,0
MB,1,1470,1988,0,1,0,0,1,0,0,0,0,0,0,0,0,0,0
MB,1,1470,1989,0,0,0,0,1,3,0,0,0,0,0,0,0,0,0
MB,1,1470,1990,0,0,0,0,2,1,0,0,0,0,0,0,0,0,0
MB,1,1470,1991,0,0,0,0,1,0,0,0,0,0,0,0,0,0,0
MB,1,1470,1992,1,0,0,0,0,2,0,0,0,0,0,0,0,0,0
MB,1,1470,1993,0,0,0,0,1,2,0,0,0,0,0,0,0,0,0
MB,1,1470,1994,1,1,0,0,2,1,0,0,0,0,0,0,0,0,0
MB,1,1470,1995,1,4,0,0,6,7,0,0,0,0,0,0,0,0,0
MB,1,1470,1996,5,3,0,0,3,6,0,0,0,0,0,0,0,0,0
MB,1,1470,1997,5,3,0,0,15,10,0,1,0,0,0,0,0,0,0
MB,1,1470,1998,1,3,0,0,5,5,0,0,0,0,0,0,0,0,0
MB,1,1470,1999,1,5,0,0,8,15,0,0,0,0,0,0,0,0,1
MB,1,1470,2000,2,6,0,0,5,8,0,0,0,0,0,0,0,0,0
MB,1,1470,2001,3,0,0,0,6,10,0,1,0,0,0,0,0,0,0
MB,1,1470,2002,6,4,0,0,7,7,0,0,0,0,0,0,0,0,0
MB,1,1470,2003,1,3,0,0,15,14,0,0,0,0,0,0,0,0,0
MB,1,1470,2004,2,4,0,0,2,3,0,0,0,0,0,0,0,0,0
MB,1,1470,2005,0,4,0,0,5,4,0,0,0,0,0,0,0,0,0
MB,1,1470,2006,0,0,0,0,5,7,0,0,0,0,0,0,0,0,0
MB,1,1470,2007,2,8,0,0,0,2,0,1,0,0,0,0,0,0,2
MB,1,1470,2008,4,3,0,0,6,7,0,0,0,0,0,0,0,0,0
MB,1,1470,2009,3,3,0,0,1,7,0,0,0,0,0,0,0,0,0
MB,1,1470,2010,0,1,0,0,5,7,0,0,0,0,0,0,0,0,0
MB,1,1470,2011,1,1,0,0,4,4,0,0,0,0,0,0,0,0,0
MB,1,1470,2012,2,2,0,0,1,4,0,0,0,0,0,0,0,0,0
MB,1,1470,2013,2,9,0,0,7,16,0,0,0,0,0,0,0,0,0
MB,1,1470,2014,9,5,0,0,24,33,0,0,0,0,0,0,0,0,0
MB,1,1470,2015,5,8,0,0,23,57,0,1,0,0,0,0,0,0,1
MB,1,1470,2016,0,2,0,0,2,2,0,0,0,0,0,0,0,0,0
MB,1,1470,2017,4,17,0,0,9,22,0,0,0,0,0,0,0,0,0
MB,1,1470,2018,4,3,0,0,5,3,0,0,0,0,0,0,0,0,0
MB,1,1470,2019,2,0,0,0,1,2,0,0,0,0,0,0,0,0,0
MB,1,1470,2020,2,7,0,0,6,14,0,0,0,0,0,0,0,0,0
MB,1,1470,2021,2,17,0,0,0,5,0,0,0,0,0,0,0,0,0
MB,1,1470,2022,6,4,0,0,12,18,0,0,0,0,0,0,0,0,0
MB,1,1470,2023,5,15,0,0,4,15,0,0,0,0,0,0,0,0,0
MB,1,1470,2024,2,7,0,0,5,2,0,0,0,0,0,0,0,0,0
MB,1,1480,1976,0,0,0,0,1,1,0,0,0,0,0,0,0,0,1
MB,1,1480,1978,1,1,0,0,2,0,0,0,0,0,0,0,0,0,1
MB,1,1480,1979,0,0,0,0,0,2,0,0,0,0,0,0,0,0,0
MB,1,1480,1980,0,0,0,0,1,1,0,0,0,0,0,1,0,0,1
MB,1,1480,1981,0,0,0,0,0,0,0,0,0,0,0,0,1,0,2
MB,1,1480,1984,0,0,0,0,1,1,0,0,0,0,0,0,0,0,0
MB,1,1480,1985,0,0,0,0,1,4,0,0,0,0,0,0,0,0,0
MB,1,1480,1986,0,1,0,0,0,3,0,0,0,0,0,0,0,0,0
MB,1,1480,1987,0,0,0,0,3,0,0,0,0,0,0,0,0,0,0
MB,1,1480,1990,0,0,0,0,2,0,0,0,0,0,0,0,0,0,0
MB,1,1480,1991,1,0,0,0,0,0,0,0,0,0,0,0,0,0,0
MB,1,1480,1992,0,0,0,0,1,1,0,0,0,0,0,0,0,0,0
MB,1,1480,1994,0,0,0,0,3,0,0,0,0,0,0,0,0,0,0
MB,1,1480,1996,0,0,0,0,2,0,0,0,0,0,0,0,0,0,0
MB,1,1480,1997,0,0,0,0,1,0,0,0,0,0,0,0,0,0,0
MB,1,1480,1998,1,0,0,0,0,0,0,0,0,0,0,0,0,0,0
MB,1,1480,1999,1,0,0,0,0,1,0,0,0,0,0,0,0,0,0
MB,1,1480,2001,0,0,0,0,0,2,0,0,0,0,0,0,0,0,0
MB,1,1480,2002,0,0,0,0,2,3,0,0,0,0,0,0,0,0,0
MB,1,1480,2004,0,0,0,0,0,2,0,0,0,0,0,0,0,0,0
MB,1,1480,2005,0,0,0,0,1,0,0,0,0,0,0,0,0,0,0
MB,1,1480,2007,0,0,0,0,1,0,0,0,0,0,0,0,0,0,0
MB,1,1480,2008,0,1,0,0,1,3,0,0,0,0,0,0,0,0,0
MB,1,1480,2010,0,1,0,0,0,0,0,0,0,0,0,0,0,0,0
MB,1,1480,2013,0,0,0,0,0,1,0,0,0,0,0,0,0,0,0
MB,1,1480,2014,3,0,0,0,0,1,0,0,0,0,0,0,0,0,0
MB,1,1480,2015,0,3,0,0,0,0,0,0,0,0,0,0,0,0,0
MB,1,1480,2018,3,6,0,0,1,7,0,0,0,0,0,0,0,0,0
MB,1,1480,2019,0,0,0,0,0,3,0,0,0,0,0,0,0,0,0
MB,1,1480,2020,0,0,0,0,1,0,0,0,0,0,0,0,0,0,0
MB,1,1480,2022,1,1,0,0,0,0,0,0,0,0,0,0,0,0,0
MB,1,1480,2024,0,0,0,0,1,1,0,0,0,0,0,0,0,0,0
MB,1,1490,1976,14,24,0,0,31,30,0,0,0,0,0,4,2,0,13
MB,1,1490,1977,8,13,0,0,18,7,0,0,0,0,0,2,0,0,7
MB,1,1490,1978,3,6,0,0,5,9,0,0,0,0,0,1,1,0,3
MB,1,1490,1979,8,14,0,0,19,23,0,0,0,0,0,0,1,0,12
MB,1,1490,1980,11,19,0,0,38,29,0,1,0,0,0,4,5,0,21
MB,1,1490,1981,6,0,0,0,17,44,0,0,0,0,0,0,2,0,9
MB,1,1490,1982,14,19,0,0,28,50,0,0,0,0,0,0,2,0,14
MB,1,1490,1983,1,9,0,0,12,33,0,0,0,0,0,0,0,0,0
MB,1,1490,1984,7,8,0,0,10,21,0,0,0,0,0,1,1,0,0
MB,1,1490,1985,5,8,0,0,16,27,0,0,0,0,0,0,1,0,0
MB,1,1490,1986,8,12,0,0,6,17,0,0,0,0,0,0,0,0,0
MB,1,1490,1987,2,9,0,0,14,12,0,0,0,0,0,0,0,0,0
MB,1,1490,1988,2,6,0,0,6,9,0,0,0,0,0,0,0,0,0
MB,1,1490,1989,0,3,0,0,10,15,0,0,0,0,0,0,0,0,0
MB,1,1490,1990,4,10,0,0,8,17,0,0,0,0,0,0,0,0,0
MB,1,1490,1991,0,4,0,0,9,9,0,0,0,0,0,0,0,0,0
MB,1,1490,1992,1,14,0,0,8,21,0,0,0,0,0,0,0,0,0
MB,1,1490,1993,3,13,0,0,3,8,0,0,0,0,0,0,0,0,0
MB,1,1490,1994,2,10,0,1,12,23,0,0,0,0,0,0,0,0,0
MB,1,1490,1995,4,21,0,3,19,29,0,1,0,0,0,0,0,0,0
MB,1,1490,1996,1,10,0,0,9,19,0,0,0,0,0,1,0,0,0
MB,1,1490,1997,1,4,0,0,9,22,0,0,0,0,0,0,1,0,0
MB,1,1490,1998,3,4,0,0,10,9,0,0,0,0,0,0,0,0,1
MB,1,1490,1999,2,12,0,0,6,14,0,0,0,0,0,0,0,0,0
MB,1,1490,2000,9,16,0,0,16,28,0,0,0,0,0,0,0,0,0
MB,1,1490,2001,1,5,0,0,10,23,0,0,0,0,0,0,0,0,1
MB,1,1490,2002,6,7,0,0,9,16,0,0,0,0,0,0,0,0,0
MB,1,1490,2003,2,3,0,0,4,2,0,0,0,0,0,0,0,0,1
MB,1,1490,2004,6,7,0,0,21,20,0,0,0,0,0,0,0,0,0
MB,1,1490,2005,2,1,0,0,6,7,0,0,0,0,0,0,0,0,0
MB,1,1490,2006,1,3,0,0,7,10,0,0,0,0,0,0,0,0,0
MB,1,1490,2007,12,16,0,0,15,24,0,0,0,0,0,0,0,0,0
MB,1,1490,2008,5,27,0,0,24,59,0,0,0,0,0,1,4,0,1
MB,1,1490,2009,5,6,0,0,4,8,0,0,0,0,0,0,0,0,0
MB,1,1490,2010,7,9,0,0,20,26,0,0,0,0,0,1,3,0,0
MB,1,1490,2011,0,3,0,0,11,15,0,0,0,0,0,1,0,0,1
MB,1,1490,2012,1,7,0,0,4,7,0,0,0,0,0,0,0,0,0
MB,1,1490,2013,5,17,0,0,7,16,0,0,0,0,0,0,0,0,1
MB,1,1490,2014,5,5,0,0,8,13,0,0,0,0,0,0,0,0,0
MB,1,1490,2015,6,26,0,0,11,23,0,0,0,0,0,0,0,0,0
MB,1,1490,2016,6,5,0,0,8,7,0,0,0,0,0,0,0,0,0
MB,1,1490,2017,4,3,0,0,7,4,0,0,0,0,0,0,0,0,0
MB,1,1490,2018,8,15,0,0,12,12,0,0,0,0,0,0,0,0,0
MB,1,1490,2019,21,36,0,0,10,18,0,0,0,0,0,0,0,0,0
MB,1,1490,2020,2,5,0,0,6,6,0,1,0,0,0,0,0,0,0
MB,1,1490,2021,6,9,0,0,8,7,0,0,0,0,0,0,0,0,0
MB,1,1490,2022,4,14,0,0,6,13,0,0,0,0,0,0,0,0,0
MB,1,1490,2023,2,3,0,0,11,10,0,0,0,0,0,0,0,0,0
MB,1,1490,2024,5,13,0,0,1,7,0,0,0,0,0,0,0,0,1
MB,1,1500,1976,3,2,0,0,2,1,0,34,0,0,0,0,0,0,6
MB,1,1500,1977,1,0,0,0,1,1,0,14,0,0,0,0,0,0,10
MB,1,1500,1978,1,1,0,0,9,7,0,0,0,0,0,0,0,0,6
MB,1,1500,1979,2,1,0,0,35,27,0,2,0,0,0,0,1,0,4
MB,1,1500,1980,1,4,0,0,14,15,0,1,0,0,0,3,2,0,13
MB,1,1500,1981,2,2,0,0,10,12,0,3,0,0,0,5,0,0,2
MB,1,1500,1982,0,3,0,0,11,16,0,0,0,0,0,1,0,0,16
MB,1,1500,1983,1,0,0,0,22,24,0,0,0,0,0,0,0,0,0
MB,1,1500,1984,1,1,0,0,18,25,0,0,0,0,0,0,0,0,1
MB,1,1500,1985,1,4,0,0,46,23,0,0,0,0,0,8,0,0,1
MB,1,1500,1986,3,2,0,0,14,11,0,0,0,0,0,0,0,0,0
MB,1,1500,1987,1,4,0,0,14,11,0,1,0,0,0,0,0,0,0
MB,1,1500,1988,2,0,0,0,2,1,0,0,0,0,0,0,0,0,0
MB,1,1500,1989,0,1,0,0,6,3,0,0,0,0,0,0,0,0,0
MB,1,1500,1990,1,3,0,0,5,8,0,0,0,0,0,0,1,0,1
MB,1,1500,1991,0,0,0,0,5,3,0,0,0,0,0,0,0,0,0
MB,1,1500,1992,2,3,0,0,16,13,0,0,0,0,0,0,0,0,0
MB,1,1500,1993,2,3,0,0,9,12,0,0,0,0,0,0,0,0,0
MB,1,1500,1994,3,2,0,0,13,11,0,0,0,0,0,0,0,0,0
MB,1,1500,1995,2,1,0,0,9,8,0,1,0,0,0,0,0,0,0
MB,1,1500,1996,4,1,0,0,11,11,0,0,0,0,0,0,1,0,0
MB,1,1500,1997,0,2,0,0,14,15,0,0,0,0,0,0,0,0,0
MB,1,1500,1998,0,3,0,0,11,8,0,0,0,0,0,1,1,0,1
MB,1,1500,1999,5,0,0,0,7,6,0,0,0,0,0,0,0,0,0
MB,1,1500,2000,0,1,0,0,4,4,0,0,0,0,0,0,0,0,0
MB,1,1500,2001,2,4,0,0,12,15,0,0,0,0,0,0,0,0,0
MB,1,1500,2002,2,4,0,0,11,17,0,1,0,0,0,1,1,0,0
MB,1,1500,2003,0,1,0,0,1,2,0,0,0,0,0,0,0,0,0
MB,1,1500,2004,5,2,0,0,17,21,0,0,0,0,0,0,1,0,1
MB,1,1500,2005,0,0,0,0,5,5,0,0,0,0,0,0,2,0,0
MB,1,1500,2006,2,2,0,0,7,12,0,0,0,0,0,0,0,0,0
MB,1,1500,2007,2,1,0,0,12,7,0,0,0,0,0,0,0,0,0
MB,1,1500,2008,1,4,0,0,9,10,0,0,0,0,0,0,0,0,0
MB,1,1500,2009,1,1,0,0,3,3,0,0,0,0,0,0,0,0,0
MB,1,1500,2010,2,1,0,0,21,18,0,1,0,0,0,0,0,0,0
MB,1,1500,2011,3,2,0,0,7,7,0,0,0,0,0,0,0,0,0
MB,1,1500,2012,1,0,0,0,8,6,0,0,0,0,0,0,0,0,1
MB,1,1500,2013,0,3,0,0,15,7,0,0,0,0,0,0,0,0,0
MB,1,1500,2014,0,3,0,0,10,9,0,0,0,0,0,0,0,0,0
MB,1,1500,2015,3,2,0,0,12,9,0,0,0,0,0,0,0,0,0
MB,1,1500,2016,0,0,0,0,8,4,0,0,0,0,0,0,0,0,0
MB,1,1500,2017,2,1,0,0,4,5,0,0,0,0,0,0,0,0,0
MB,1,1500,2018,1,4,0,0,12,14,0,0,0,0,0,0,0,0,0
MB,1,1500,2019,2,0,0,0,4,2,0,0,0,0,0,1,0,0,0
MB,1,1500,2020,1,3,0,0,5,10,0,0,0,0,0,1,0,0,0
MB,1,1500,2021,1,0,0,0,1,1,0,0,0,0,0,0,0,0,0
MB,1,1500,2022,1,3,0,0,4,1,0,0,0,0,0,0,0,0,0
MB,1,1500,2023,0,1,0,0,8,8,0,0,0,0,0,0,0,0,0
MB,1,1500,2024,0,3,0,0,0,4,0,0,0,0,0,0,0,0,0
MB,1,1510,1976,2,1,0,0,10,2,0,1,0,0,0,0,0,0,1
MB,1,1510,1978,2,0,0,0,3,2,0,0,0,0,0,0,0,0,1
MB,1,1510,1979,0,0,0,1,3,5,0,0,0,0,0,0,0,0,5
MB,1,1510,1980,0,0,0,0,1,5,0,1,0,0,0,0,0,0,1
MB,1,1510,1981,0,0,0,0,2,0,0,0,0,0,0,0,0,0,6
MB,1,1510,1982,0,0,0,0,2,8,0,0,0,0,0,0,1,0,2
MB,1,1510,1983,0,0,0,0,2,10,0,0,0,0,0,0,0,0,0
MB,1,1510,1984,1,0,0,0,4,3,0,0,0,0,0,0,0,0,0
MB,1,1510,1985,0,2,0,0,0,4,0,1,0,0,0,0,0,0,0
MB,1,1510,1986,0,1,0,0,0,3,0,0,0,0,0,0,0,0,0
MB,1,1510,1987,0,0,0,0,5,2,0,0,0,0,0,0,0,0,1
MB,1,1510,1989,0,1,0,0,1,1,0,0,0,0,0,0,0,0,0
MB,1,1510,1990,0,1,0,0,5,4,0,0,0,0,0,0,0,0,0
MB,1,1510,1991,1,1,0,0,0,1,0,0,0,0,0,0,0,0,0
MB,1,1510,1992,0,0,0,0,2,0,0,0,0,0,0,0,0,0,0
MB,1,1510,1993,1,0,0,0,2,5,0,0,0,0,0,0,0,0,0
MB,1,1510,1994,0,0,0,0,0,1,0,0,0,0,0,0,0,0,0
MB,1,1510,1996,1,0,0,0,4,6,0,0,0,0,0,0,0,0,0
MB,1,1510,1997,1,0,0,0,1,5,0,0,0,0,0,0,0,0,0
MB,1,1510,1998,0,0,0,0,3,2,0,0,0,0,0,0,0,0,0
MB,1,1510,1999,1,1,0,0,2,1,0,0,0,0,0,0,0,0,0
MB,1,1510,2000,0,4,0,0,4,4,0,0,0,0,0,0,0,0,0
MB,1,1510,2001,0,0,0,0,2,2,0,0,0,0,0,0,0,0,0
MB,1,1510,2002,0,0,0,0,3,2,0,0,0,0,0,0,0,0,0
MB,1,1510,2003,0,0,0,0,1,0,0,0,0,0,0,0,0,0,0
MB,1,1510,2004,1,0,0,0,1,5,0,0,0,0,0,0,0,0,0
MB,1,1510,2005,1,1,0,0,4,4,0,0,0,0,0,0,0,0,0
MB,1,1510,2006,0,0,0,0,1,0,0,0,0,0,0,0,0,0,0
MB,1,1510,2007,0,0,0,0,1,3,0,1,0,0,0,0,0,0,0
MB,1,1510,2008,0,0,0,0,3,5,0,0,0,0,0,0,0,0,0
MB,1,1510,2009,0,1,0,0,5,3,0,0,0,0,0,0,0,0,0
MB,1,1510,2010,0,0,0,0,2,2,0,0,0,0,0,0,0,0,0
MB,1,1510,2011,0,0,0,0,2,0,0,0,0,0,0,0,0,0,0
MB,1,1510,2012,0,0,0,0,3,0,0,0,0,0,0,0,0,0,0
MB,1,1510,2013,0,0,0,0,0,1,0,0,0,0,0,0,0,0,0
MB,1,1510,2014,0,2,0,0,1,0,0,0,0,0,0,0,0,0,0
MB,1,1510,2015,0,2,0,0,4,2,0,0,0,0,0,0,0,0,0
MB,1,1510,2016,0,1,0,0,1,3,0,0,0,0,0,0,0,0,0
MB,1,1510,2017,0,0,0,0,0,1,0,0,0,0,0,0,0,0,0
MB,1,1510,2018,1,1,0,0,0,0,0,0,0,0,0,0,0,0,0
MB,1,1510,2019,1,1,0,0,4,0,0,0,0,0,0,0,0,0,0
MB,1,1510,2020,1,1,0,0,0,0,0,0,0,0,0,0,0,0,0
MB,1,1510,2021,0,1,0,0,0,3,0,0,0,0,0,0,0,0,0
MB,1,1510,2022,2,0,0,0,4,2,0,0,0,0,0,0,0,0,0
MB,1,1510,2023,0,0,0,0,6,4,0,0,0,0,0,0,0,0,0
MB,1,1510,2024,0,0,0,0,2,1,0,1,0,0,0,0,0,0,0
MB,1,1520,1980,0,0,0,0,1,0,0,0,0,0,0,0,0,0,0
MB,1,1530,1976,0,4,0,0,2,0,0,9,0,0,0,0,0,0,3
MB,1,1530,1977,4,1,0,0,2,3,0,1,0,0,0,1,0,0,6
MB,1,1530,1978,0,2,0,0,1,3,0,0,0,0,0,2,0,0,1
MB,1,1530,1979,0,0,0,0,8,3,0,0,0,0,0,0,0,0,3
MB,1,1530,1980,0,2,0,0,2,3,0,0,0,0,0,0,0,0,1
MB,1,1530,1981,1,0,0,0,1,1,0,0,0,0,0,0,0,0,1
MB,1,1530,1982,1,3,0,0,1,4,0,0,0,0,0,0,0,0,8
MB,1,1530,1983,2,1,0,0,7,4,0,0,0,0,0,0,0,0,0
MB,1,1530,1984,1,1,0,0,1,3,0,0,0,0,0,0,0,0,0
MB,1,1530,1985,0,0,0,0,0,0,0,3,0,0,0,0,0,0,0
MB,1,1530,1986,0,1,0,0,4,1,0,0,0,0,0,0,0,0,0
MB,1,1530,1987,1,2,0,0,3,2,0,0,0,0,0,0,0,0,0
MB,1,1530,1988,1,2,0,0,5,1,0,0,0,0,0,0,0,0,0
MB,1,1530,1989,1,1,0,0,0,3,0,0,0,0,0,0,0,0,0
MB,1,1530,1990,2,2,0,0,1,1,0,0,0,0,0,0,0,0,0
MB,1,1530,1991,0,2,0,0,4,4,0,1,0,0,0,0,0,0,0
MB,1,1530,1992,1,0,0,0,3,3,0,0,0,0,0,0,0,0,0
MB,1,1530,1993,1,2,0,0,2,2,0,0,0,0,0,0,0,0,0
MB,1,1530,1994,1,0,0,0,4,2,0,0,0,0,0,0,0,0,0
MB,1,1530,1995,1,0,0,0,2,2,0,1,0,0,0,0,0,0,0
MB,1,1530,1996,1,2,0,0,0,0,0,0,0,0,0,0,0,0,0
MB,1,1530,1997,1,2,0,0,4,1,0,0,0,0,0,0,0,0,0
MB,1,1530,1998,0,2,0,0,0,0,0,0,0,0,0,0,0,0,0
MB,1,1530,1999,4,6,0,0,7,5,0,0,0,0,0,0,0,0,0
MB,1,1530,2000,0,10,0,0,9,6,0,0,0,0,0,0,0,0,0
MB,1,1530,2001,2,2,0,0,1,0,0,0,0,0,0,0,0,0,0
MB,1,1530,2002,1,2,0,0,0,3,0,0,0,0,0,0,0,0,0
MB,1,1530,2003,0,1,0,0,4,0,0,0,0,0,0,0,0,0,0
MB,1,1530,2004,2,3,0,0,4,4,0,0,0,0,0,0,0,0,0
MB,1,1530,2005,2,2,0,0,1,3,0,0,0,0,0,0,0,0,0
MB,1,1530,2006,0,1,0,0,5,2,0,0,0,0,0,0,0,0,0
MB,1,1530,2007,6,3,0,1,9,7,0,0,0,0,0,0,0,0,0
MB,1,1530,2008,1,6,0,0,7,9,0,0,0,0,0,0,0,0,0
MB,1,1530,2009,0,4,0,0,1,2,0,0,0,0,0,0,0,0,0
MB,1,1530,2010,2,3,0,0,5,2,0,0,0,0,0,0,0,0,0
MB,1,1530,2011,1,4,0,0,6,1,0,0,0,0,0,1,0,0,0
MB,1,1530,2012,2,1,0,0,0,2,0,0,0,0,0,0,0,0,0
MB,1,1530,2013,4,2,0,0,2,4,0,0,0,0,0,0,0,0,0
MB,1,1530,2014,0,2,0,0,1,8,0,0,0,0,0,0,0,0,0
MB,1,1530,2015,0,4,0,0,13,5,0,0,0,0,0,1,0,0,0
MB,1,1530,2016,0,0,0,0,4,2,0,0,0,0,0,0,0,0,0
MB,1,1530,2017,1,1,0,0,1,2,0,0,0,0,0,0,0,0,0
MB,1,1530,2018,1,4,0,0,3,14,0,0,0,0,0,0,0,0,0
MB,1,1530,2019,4,12,0,0,17,13,0,2,0,0,0,0,0,0,0
MB,1,1530,2020,4,5,0,0,11,14,0,0,0,0,0,0,0,0,0
MB,1,1530,2021,0,1,0,0,2,0,0,0,0,0,0,0,0,0,0
MB,1,1530,2022,5,11,0,0,11,9,0,0,0,0,0,0,0,0,0
MB,1,1530,2023,4,6,0,0,8,8,0,0,0,0,0,0,0,0,0
MB,1,1530,2024,1,6,0,0,8,1,0,0,0,0,0,0,0,0,0
MB,1,1540,2014,0,1,0,0,0,1,0,0,0,0,0,0,0,0,0
MB,1,1590,1982,0,0,0,0,0,0,0,0,0,0,0,0,0,0,3
MB,1,1590,1987,1,0,0,0,0,0,0,0,0,0,0,0,0,0,0
MB,1,1590,1991,0,0,0,0,0,1,0,0,0,0,0,0,0,0,0
MB,1,1590,2003,0,1,0,0,0,0,0,0,0,0,0,0,0,0,0
MB,1,1620,1980,0,0,0,0,0,0,0,0,0,0,0,0,0,0,1
MB,1,1630,1994,2,3,0,0,0,0,0,2,0,0,0,0,0,0,0
MB,1,1650,1976,0,0,0,0,0,0,0,2,0,0,0,0,0,0,0
MB,1,1650,1977,0,0,0,0,0,0,0,0,0,0,0,0,0,0,1
MB,1,1650,1985,0,0,0,0,0,0,0,1,0,0,0,0,0,0,0
MB,1,1650,2001,0,0,0,0,1,0,0,0,0,0,0,0,0,0,0
MB,1,1650,2008,0,0,0,0,1,0,0,0,0,0,0,0,0,0,0
MB,1,1660,1976,0,0,0,0,0,0,0,5,0,0,0,0,0,0,0
MB,1,1660,1983,0,0,0,0,0,0,0,1,0,0,0,0,0,0,0
MB,1,1660,1985,0,0,0,0,0,0,0,1,0,0,0,0,0,0,0
MB,1,1660,1990,0,0,0,0,0,0,0,2,0,0,0,0,0,0,0
MB,1,1660,1991,1,0,0,0,0,0,0,1,0,0,0,0,0,0,0
MB,1,1660,1999,0,0,0,0,0,1,0,0,0,0,0,0,0,0,1
MB,1,1660,2019,1,0,0,0,0,0,0,0,0,0,0,0,0,0,0
MB,1,1670,1976,1,0,0,0,0,3,0,2,0,0,0,0,0,0,1
MB,1,1670,1977,0,0,0,2,0,0,0,2,0,0,0,0,0,0,1
MB,1,1670,1979,1,0,0,0,0,0,0,8,0,0,0,0,0,0,6
MB,1,1670,1980,0,0,0,0,0,0,0,2,0,0,0,0,0,0,0
MB,1,1670,1981,0,0,0,0,0,2,0,1,0,0,0,0,0,0,0
MB,1,1670,1982,0,0,0,0,0,0,0,1,0,0,0,0,0,0,2
MB,1,1670,1983,0,0,0,0,0,0,0,3,0,0,0,0,0,0,0
MB,1,1670,1984,0,0,0,0,0,0,0,1,0,0,0,0,0,0,0
MB,1,1670,1986,0,0,0,0,0,0,0,2,0,0,0,0,0,0,0
MB,1,1670,1987,0,0,0,0,0,0,0,1,0,0,0,0,0,0,0
MB,1,1670,1988,0,0,0,0,0,0,0,1,0,0,0,0,0,0,0
MB,1,1670,1993,0,0,0,0,1,0,0,1,0,0,0,0,0,0,0
MB,1,1670,1995,0,0,0,0,0,0,0,1,0,0,0,0,0,0,0
MB,1,1670,1996,0,0,0,0,0,0,0,2,0,0,0,0,0,0,0
MB,1,1670,1999,0,0,0,3,0,2,0,0,0,0,0,0,0,0,0
MB,1,1670,2000,0,0,0,0,1,0,0,0,0,0,0,0,0,0,0
MB,1,1670,2004,0,0,0,0,0,0,0,1,0,0,0,0,0,0,0
MB,1,1670,2006,0,0,0,0,0,0,0,1,0,0,0,0,0,0,0
MB,1,1670,2007,0,0,0,1,0,0,0,0,0,0,0,0,0,0,0
MB,1,1670,2012,0,0,0,0,0,0,0,1,0,0,0,0,0,0,0
MB,1,1670,2014,0,0,0,2,0,0,0,6,0,0,0,0,0,0,0
MB,1,1670,2015,0,0,0,0,0,0,0,1,0,0,0,0,0,0,0
MB,1,1670,2016,0,0,0,0,0,0,0,1,0,0,0,0,0,0,0
MB,1,1670,2017,0,0,0,0,0,0,0,2,0,0,0,0,0,0,0
MB,1,1670,2020,0,0,0,0,0,0,0,1,0,0,0,0,0,0,0
MB,1,1670,2024,0,0,0,0,0,0,0,1,0,0,0,0,0,0,0
MB,1,1692,1976,0,0,0,83,0,0,0,56,0,0,0,0,0,0,5
MB,1,1692,1977,0,0,0,44,0,0,0,69,0,0,0,0,0,0,16
MB,1,1692,1978,0,0,0,74,0,0,0,35,0,0,0,0,0,0,5
MB,1,1692,1979,0,0,0,142,0,0,0,232,0,0,0,0,0,0,43
MB,1,1692,1980,0,0,0,101,0,0,0,114,0,0,0,0,0,0,85
MB,1,1692,1981,0,0,0,76,0,0,0,111,0,0,0,0,0,0,28
MB,1,1692,1982,0,0,0,105,0,0,0,92,0,0,0,0,0,0,16
MB,1,1692,1983,0,0,0,118,0,75,0,32,0,0,0,0,2,0,12
MB,1,1692,1984,0,0,0,86,0,0,0,101,0,0,0,0,0,0,2
MB,1,1692,1985,0,0,0,101,0,0,0,114,0,0,0,0,0,0,1
MB,1,1692,1986,0,0,0,64,0,0,0,51,0,0,0,0,0,0,0
MB,1,1692,1987,0,0,0,88,0,1,0,54,0,0,0,0,0,0,0
MB,1,1692,1988,0,0,0,81,0,0,0,118,0,0,0,0,0,0,0
MB,1,1692,1989,0,0,0,99,0,0,0,108,0,0,0,0,0,0,3
MB,1,1692,1990,0,0,0,57,0,0,0,46,0,0,0,0,0,0,0
MB,1,1692,1991,0,0,0,65,0,0,0,77,0,0,0,0,0,0,1
MB,1,1692,1992,0,0,0,68,0,0,0,23,0,0,0,0,0,0,0
MB,1,1692,1993,0,0,0,62,0,0,0,73,0,0,0,0,0,0,1
MB,1,1692,1994,1,0,0,88,0,0,0,110,0,0,0,0,0,0,0
MB,1,1692,1995,0,0,0,46,0,0,0,69,0,0,0,0,0,0,0
MB,1,1692,1996,0,0,0,48,0,0,0,91,0,0,0,0,0,0,0
MB,1,1692,1997,0,0,0,46,0,0,0,73,0,0,0,0,0,0,0
MB,1,1692,1998,0,0,0,59,0,0,0,56,0,0,0,0,0,0,1
MB,1,1692,1999,0,0,0,18,0,0,0,11,0,0,0,0,0,0,0
MB,1,1692,2000,0,0,0,28,0,0,0,50,0,0,0,0,0,0,9
MB,1,1692,2001,0,0,0,15,0,0,0,18,0,0,0,0,0,0,0
MB,1,1692,2002,0,0,0,17,0,0,0,14,0,0,0,0,0,0,0
MB,1,1692,2003,0,0,0,31,0,0,0,17,0,0,0,0,0,0,0
MB,1,1692,2004,0,0,0,10,0,0,0,7,0,0,0,0,0,0,0
MB,1,1692,2005,0,0,0,11,0,0,0,9,0,0,0,0,0,0,0
MB,1,1692,2006,0,0,0,21,0,0,0,14,0,0,0,0,0,0,0
MB,1,1692,2007,0,0,0,8,0,0,0,3,0,0,0,0,0,0,0
MB,1,1692,2008,0,0,0,21,0,0,0,17,0,0,1,0,0,0,0
MB,1,1692,2009,0,0,0,5,0,0,0,5,0,0,0,0,0,0,0
MB,1,1692,2010,0,0,0,11,0,0,0,4,0,0,0,0,0,0,0
MB,1,1692,2011,0,0,0,9,0,0,0,1,0,0,0,0,0,0,0
MB,1,1692,2012,0,0,0,4,0,0,0,6,0,0,0,0,0,0,0
MB,1,1692,2013,0,0,0,3,0,0,0,4,0,0,0,0,0,0,0
MB,1,1692,2014,0,0,0,4,0,0,0,5,0,0,0,0,0,0,0
MB,1,1692,2015,0,0,0,2,0,0,0,0,0,0,0,0,0,0,0
MB,1,1692,2016,0,0,0,1,0,0,0,1,0,0,0,0,0,0,0
MB,1,1692,2017,0,0,0,5,0,0,0,6,0,0,0,0,0,0,0
MB,1,1692,2018,0,0,0,2,0,0,0,0,0,0,0,0,0,0,0
MB,1,1692,2019,0,0,0,5,0,0,0,2,0,0,0,0,0,0,0
MB,1,1692,2020,0,0,0,4,0,0,0,9,0,0,0,0,0,0,0
MB,1,1692,2021,0,0,0,3,0,0,0,0,0,0,0,0,0,0,0
MB,1,1692,2022,0,0,0,6,0,0,0,5,0,0,0,0,0,0,0
MB,1,1692,2023,0,0,0,3,0,0,0,1,0,0,0,0,0,0,0
MB,1,1692,2024,0,0,0,2,0,0,0,0,0,0,0,0,0,0,0
MB,1,1693,1976,0,0,0,48,0,0,0,35,0,0,0,0,0,0,12
MB,1,1693,1977,0,0,0,23,0,1,0,33,0,0,0,0,0,0,13
MB,1,1693,1978,0,0,0,65,0,0,0,16,0,0,0,0,0,0,0
MB,1,1693,1979,0,0,0,65,0,0,0,103,0,0,0,0,0,0,15
MB,1,1693,1980,0,0,0,29,0,0,0,8,0,0,0,0,0,0,13
MB,1,1693,1981,0,0,0,62,0,0,0,81,0,0,0,0,0,0,27
MB,1,1693,1982,0,0,0,105,0,0,0,75,0,0,0,0,0,0,23
MB,1,1693,1983,0,0,0,79,0,42,0,1,0,0,0,0,0,0,37
MB,1,1693,1984,0,0,0,42,0,0,0,102,0,0,0,0,0,0,0
MB,1,1693,1985,0,0,0,64,0,0,0,73,0,0,0,0,0,0,2
MB,1,1693,1986,0,0,0,87,0,0,0,48,0,0,0,0,0,0,2
MB,1,1693,1987,0,1,0,96,0,0,0,110,0,0,0,0,0,0,0
MB,1,1693,1988,0,0,0,84,0,0,0,125,0,0,0,0,0,0,0
MB,1,1693,1989,0,0,0,118,0,0,0,133,0,0,0,0,0,0,1
MB,1,1693,1990,0,0,0,70,0,0,0,64,0,0,0,0,0,0,0
MB,1,1693,1991,0,0,0,67,0,0,0,61,0,0,0,0,0,0,0
MB,1,1693,1992,0,0,0,105,0,0,0,19,0,0,0,0,0,0,0
MB,1,1693,1993,0,0,0,66,0,0,0,91,0,0,0,0,0,0,0
MB,1,1693,1994,0,0,0,130,0,0,0,121,0,0,0,0,0,0,0
MB,1,1693,1995,0,0,0,94,0,0,0,87,0,0,0,0,0,0,0
MB,1,1693,1996,0,0,0,55,0,0,0,57,0,0,0,0,0,0,1
MB,1,1693,1997,0,0,0,122,0,0,0,107,0,0,0,0,0,0,0
MB,1,1693,1998,0,0,0,97,0,0,0,75,0,0,0,0,0,0,0
MB,1,1693,1999,0,0,0,42,0,0,0,16,0,0,0,0,0,0,0
MB,1,1693,2000,0,0,0,56,0,0,0,57,0,0,0,0,0,0,0
MB,1,1693,2001,0,0,0,40,0,0,0,49,0,0,0,0,0,0,0
MB,1,1693,2002,0,0,0,34,0,0,0,19,0,0,0,0,0,0,0
MB,1,1693,2003,0,0,0,80,0,0,0,73,0,0,0,0,0,0,0
MB,1,1693,2004,0,0,0,15,0,0,0,11,0,0,0,0,0,0,0
MB,1,1693,2005,0,0,0,12,0,0,0,17,0,0,0,0,0,0,0
MB,1,1693,2006,0,0,0,50,0,0,0,36,0,0,0,0,0,0,0
MB,1,1693,2007,0,0,0,33,0,0,0,14,0,0,0,0,0,0,0
MB,1,1693,2008,0,0,0,42,0,0,0,43,0,0,0,0,0,0,0
MB,1,1693,2009,0,0,0,18,0,0,0,8,0,0,0,0,0,0,0
MB,1,1693,2010,0,0,0,23,0,0,0,17,0,0,0,0,0,0,1
MB,1,1693,2011,0,0,0,32,0,0,0,17,0,0,0,0,0,0,0
MB,1,1693,2012,0,0,0,7,0,0,0,10,0,0,0,0,0,0,0
MB,1,1693,2013,0,0,0,15,0,0,0,1,0,0,0,0,0,0,0
MB,1,1693,2014,0,0,0,6,0,0,0,10,0,0,0,0,0,0,0
MB,1,1693,2015,0,0,0,2,0,0,0,0,0,0,0,0,0,0,0
MB,1,1693,2016,0,0,0,3,0,0,0,4,0,0,0,0,0,0,0
MB,1,1693,2017,0,0,0,20,0,0,0,11,0,0,0,0,0,0,0
MB,1,1693,2018,0,0,0,4,0,0,0,0,0,0,0,0,0,0,0
MB,1,1693,2019,0,0,0,1,0,0,0,1,0,0,0,0,0,0,1
MB,1,1693,2020,0,0,0,7,0,0,0,10,0,0,0,0,0,0,0
MB,1,1693,2021,0,0,0,8,0,0,0,5,0,0,0,0,0,0,0
MB,1,1693,2022,0,0,0,10,0,0,0,11,0,0,0,0,0,0,0
MB,1,1693,2023,0,0,0,5,0,0,0,6,0,0,0,0,0,0,0
MB,1,1693,2024,0,0,0,3,0,0,0,2,0,0,0,0,0,0,0
MB,1,1700,1976,0,0,0,0,0,0,0,1,0,0,0,0,0,0,0
MB,1,1700,1978,0,0,0,2,0,0,0,0,0,0,0,0,0,0,0
MB,1,1700,1979,0,0,0,0,0,0,0,3,0,0,0,0,0,0,0
MB,1,1700,1980,0,0,0,3,0,0,0,0,0,0,0,0,0,0,0
MB,1,1700,1981,0,0,0,0,0,0,0,1,0,0,0,0,0,0,1
MB,1,1700,1982,0,0,0,4,0,0,0,0,0,0,0,0,0,0,0
MB,1,1700,1983,0,0,0,0,0,1,0,1,0,0,0,0,0,0,0
MB,1,1700,1985,0,0,0,0,0,0,0,3,0,0,0,0,0,0,0
MB,1,1700,1986,0,0,0,1,1,0,0,1,0,0,0,0,0,0,0
MB,1,1700,1987,0,0,0,3,0,2,0,13,0,0,0,0,0,0,0
MB,1,1700,1988,0,0,0,1,0,0,0,2,0,0,0,0,0,0,0
MB,1,1700,1989,0,0,0,0,0,0,0,1,0,0,0,0,0,0,0
MB,1,1700,1991,0,0,0,3,0,0,0,0,0,0,0,0,0,0,0
MB,1,1700,1992,0,0,0,6,0,0,0,7,0,0,0,0,0,0,0
MB,1,1700,1993,0,0,0,0,0,0,0,1,0,0,0,0,0,0,0
MB,1,1700,1994,0,0,0,1,0,0,0,5,0,0,0,0,0,0,0
MB,1,1700,1995,0,0,0,12,0,0,0,10,0,0,0,0,0,0,0
MB,1,1700,1996,0,0,0,7,0,0,0,7,0,0,0,0,0,0,0
MB,1,1700,1997,0,0,0,0,0,0,0,3,0,0,0,0,0,0,0
MB,1,1700,1998,0,0,0,7,0,0,0,15,0,0,0,0,0,0,0
MB,1,1700,1999,0,0,0,1,0,0,0,0,0,0,0,0,0,0,0
MB,1,1700,2000,0,0,0,3,0,0,0,6,0,0,0,0,0,0,0
MB,1,1700,2001,0,0,0,0,0,0,0,2,0,0,0,0,0,0,0
MB,1,1700,2002,0,0,0,3,0,0,0,5,0,0,0,0,0,0,0
MB,1,1700,2003,0,0,0,1,0,0,0,8,0,0,0,0,0,0,0
MB,1,1700,2004,0,0,0,0,0,0,0,3,0,0,0,0,0,0,0
MB,1,1700,2006,0,0,0,6,0,0,0,11,0,0,0,0,0,0,0
MB,1,1700,2007,0,0,0,1,0,0,0,7,0,0,0,0,0,0,0
MB,1,1700,2008,0,0,0,6,0,0,0,21,0,0,1,0,0,0,0
MB,1,1700,2009,0,0,0,4,0,0,0,2,0,0,0,0,0,0,0
MB,1,1700,2010,0,0,0,5,0,0,0,8,0,0,0,0,0,0,0
MB,1,1700,2011,0,0,0,6,0,0,0,11,0,0,0,0,0,0,0
MB,1,1700,2012,0,0,0,7,0,0,0,3,0,0,0,0,0,0,0
MB,1,1700,2014,0,0,0,3,0,0,0,3,0,0,0,0,0,0,0
MB,1,1700,2016,0,0,0,0,0,0,0,8,0,0,0,0,0,0,0
MB,1,1700,2017,0,0,0,3,0,0,0,1,0,0,0,0,0,0,0
MB,1,1700,2019,0,0,0,2,0,0,0,2,0,0,0,0,0,0,0
MB,1,1700,2020,0,0,0,1,0,0,0,2,0,0,0,0,0,0,0
MB,1,1700,2021,0,0,0,0,0,0,0,1,0,0,0,0,0,0,0
MB,1,1700,2022,0,0,0,2,0,0,0,2,0,0,0,0,0,0,0
MB,1,1700,2023,0,0,0,0,0,0,0,2,0,0,0,0,0,0,0
MB,1,1700,2024,0,0,0,0,0,0,0,2,0,0,0,0,0,0,0
MB,1,1710,1976,0,0,0,3,0,0,0,0,0,0,0,0,0,0,0
MB,1,1710,1978,0,0,0,0,0,0,0,1,0,0,0,0,0,0,0
MB,1,1710,1979,0,0,0,0,0,0,0,1,0,0,0,0,0,0,0
MB,1,1710,1980,0,0,0,4,0,0,0,3,0,0,0,0,0,0,0
MB,1,1710,1981,0,0,0,0,0,0,0,0,0,0,0,0,0,0,1
MB,1,1710,1982,0,0,0,0,0,0,0,0,0,0,0,0,0,0,2
MB,1,1710,1983,0,0,0,1,0,0,0,0,0,0,0,0,0,0,0
MB,1,1710,1984,0,0,0,0,0,0,0,1,0,0,0,0,0,0,0
MB,1,1710,1986,0,0,0,2,0,0,0,1,0,0,0,0,0,0,0
MB,1,1710,1987,0,0,0,0,0,0,0,1,0,0,0,0,0,0,0
MB,1,1710,1991,0,0,0,0,0,0,0,1,0,0,0,0,0,0,0
MB,1,1710,1992,0,0,0,2,0,0,0,5,0,0,0,0,0,0,0
MB,1,1710,1996,0,0,0,0,0,0,0,5,0,0,0,0,0,0,0
MB,1,1710,1997,0,0,0,1,0,0,0,1,0,0,0,0,0,0,0
MB,1,1710,1998,0,0,0,2,0,0,0,3,0,0,0,0,0,0,0
MB,1,1710,2002,0,0,0,4,0,0,0,1,0,0,0,1,0,0,0
MB,1,1710,2005,0,0,0,1,0,0,0,0,0,0,0,0,0,0,0
MB,1,1710,2007,0,0,0,8,0,0,0,1,0,0,0,0,0,0,0
MB,1,1710,2011,0,0,0,1,0,0,0,0,0,0,0,0,0,0,0
MB,1,1710,2012,0,0,0,3,0,0,0,0,0,0,0,0,0,0,0
MB,1,1710,2018,0,0,0,2,0,0,0,0,0,0,0,0,0,0,0
MB,1,1710,2019,0,0,0,2,0,0,0,1,0,0,0,0,0,0,0
MB,1,1710,2020,0,0,0,1,0,0,0,0,0,0,0,0,0,0,0
MB,1,1710,2022,0,0,0,4,0,0,0,1,0,0,0,0,0,0,0
MB,1,1710,2024,0,0,0,9,0,0,0,2,0,0,0,0,0,0,0
MB,1,1721,1976,0,0,0,12,0,0,0,67,0,0,0,0,0,0,2
MB,1,1721,1977,0,0,0,11,0,0,0,26,0,0,0,0,0,0,3
MB,1,1721,1978,0,0,0,27,0,0,0,26,0,0,0,0,0,0,3
MB,1,1721,1979,0,0,0,48,0,0,0,166,0,0,0,0,0,0,9
MB,1,1721,1980,0,0,0,13,0,0,0,46,0,0,0,0,0,0,10
MB,1,1721,1981,0,0,0,27,0,0,0,35,0,0,0,0,0,0,8
MB,1,1721,1982,0,0,0,20,0,0,0,49,0,0,0,0,0,0,15
MB,1,1721,1983,0,0,0,32,0,34,0,1,0,0,0,0,0,0,40
MB,1,1721,1984,0,0,0,43,0,0,0,53,0,0,0,0,0,0,1
MB,1,1721,1985,0,0,0,26,0,0,0,76,0,0,0,0,0,0,0
MB,1,1721,1986,0,0,0,33,0,0,0,37,0,0,0,0,0,0,0
MB,1,1721,1987,0,0,0,14,0,0,0,21,0,0,0,0,0,0,0
MB,1,1721,1988,0,0,0,14,0,0,0,26,0,0,0,0,0,0,0
MB,1,1721,1989,0,0,0,27,0,0,0,68,0,0,0,0,0,0,0
MB,1,1721,1990,0,0,0,23,0,0,0,26,0,0,0,0,0,0,0
MB,1,1721,1991,0,0,0,34,0,0,0,90,0,0,0,0,0,0,0
MB,1,1721,1992,0,0,0,28,0,0,0,17,0,0,0,0,0,0,0
MB,1,1721,1993,0,0,0,24,0,0,0,54,0,0,0,0,0,0,0
MB,1,1721,1994,0,0,0,33,0,0,0,52,0,0,0,0,0,0,1
MB,1,1721,1995,0,0,0,17,0,0,0,17,0,0,0,0,0,0,0
MB,1,1721,1996,0,0,0,49,0,0,0,51,0,0,0,0,0,0,0
MB,1,1721,1997,0,0,0,56,0,0,0,64,0,0,0,0,0,0,0
MB,1,1721,1998,0,0,0,51,0,1,0,81,0,0,0,0,0,0,2
MB,1,1721,1999,0,0,0,37,0,0,0,55,0,0,0,0,0,0,1
MB,1,1721,2000,0,0,0,28,0,0,0,33,0,0,0,0,0,0,0
MB,1,1721,2001,0,0,0,70,0,0,0,35,0,0,0,0,0,0,0
MB,1,1721,2002,0,0,0,52,0,0,0,40,0,0,0,0,0,0,0
MB,1,1721,2003,0,0,0,39,0,0,0,102,0,0,0,0,0,0,0
MB,1,1721,2004,0,0,0,32,0,0,0,31,0,0,0,0,0,0,0
MB,1,1721,2005,0,0,0,45,0,0,0,44,0,0,0,0,0,0,0
MB,1,1721,2006,0,0,0,40,0,0,0,69,0,0,0,0,0,0,0
MB,1,1721,2007,0,0,0,51,0,0,0,49,0,0,0,0,0,0,1
MB,1,1721,2008,0,0,0,62,0,0,0,29,0,0,0,0,0,0,0
MB,1,1721,2009,0,0,0,43,0,0,0,12,0,0,0,0,0,0,0
MB,1,1721,2010,0,0,1,43,0,0,0,43,0,20,0,0,0,0,0
MB,1,1721,2011,0,0,0,40,0,0,0,41,0,0,0,0,0,0,0
MB,1,1721,2012,0,0,0,32,0,0,0,32,0,0,0,0,0,0,0
MB,1,1721,2013,0,0,1,20,0,0,0,26,0,0,0,0,0,0,0
MB,1,1721,2014,0,0,1,22,0,0,0,26,0,0,0,0,0,0,0
MB,1,1721,2015,0,0,0,18,0,0,0,19,0,0,0,0,0,0,0
MB,1,1721,2016,0,0,0,9,0,0,0,21,0,0,0,0,0,0,0
MB,1,1721,2017,0,0,0,37,0,0,0,29,0,0,0,0,0,0,0
MB,1,1721,2018,0,0,0,21,0,0,0,6,0,0,0,0,0,0,0
MB,1,1721,2019,0,0,0,23,0,0,0,20,0,0,0,0,0,0,0
MB,1,1721,2020,0,0,0,20,0,0,0,26,0,0,0,0,0,0,0
MB,1,1721,2021,0,0,0,13,0,0,0,20,0,0,0,0,0,0,0
MB,1,1721,2022,0,0,0,31,0,0,0,13,0,0,0,0,0,0,0
MB,1,1721,2023,0,0,0,12,0,0,0,10,0,0,0,0,0,0,0
MB,1,1721,2024,0,0,0,11,0,0,0,12,0,5,0,0,0,0,0
MB,1,1722,1976,0,0,0,149,0,0,0,91,0,0,0,0,0,0,12
MB,1,1722,1977,0,0,0,49,0,0,0,53,0,0,0,0,0,0,21
MB,1,1722,1978,0,0,0,183,0,0,0,85,0,0,0,0,0,0,8
MB,1,1722,1979,0,0,0,123,0,0,0,128,0,0,0,0,0,0,16
MB,1,1722,1980,0,0,0,75,0,0,0,77,0,0,0,0,0,0,15
MB,1,1722,1981,0,0,0,87,0,0,0,51,0,0,0,0,0,0,25
MB,1,1722,1982,0,0,0,103,0,0,0,64,0,0,0,0,0,0,30
MB,1,1722,1983,0,0,0,105,0,14,0,6,0,0,0,0,0,0,21
MB,1,1722,1984,0,0,0,101,0,0,0,145,0,0,0,0,0,0,0
MB,1,1722,1985,0,0,0,122,0,0,0,108,0,0,0,0,0,0,1
MB,1,1722,1986,0,0,0,236,0,0,0,117,0,0,0,0,0,0,5
MB,1,1722,1987,0,3,0,200,0,0,0,98,0,0,0,0,0,0,0
MB,1,1722,1988,0,0,0,108,0,1,0,93,0,0,0,0,0,0,0
MB,1,1722,1989,0,0,0,141,0,0,0,114,0,0,0,0,0,0,1
MB,1,1722,1990,0,0,0,184,0,0,0,69,0,0,0,0,0,0,0
MB,1,1722,1991,0,0,0,119,0,0,0,90,0,0,0,0,0,0,0
MB,1,1722,1992,0,0,0,255,0,0,0,126,0,0,0,0,0,0,1
MB,1,1722,1993,0,0,0,163,0,0,0,116,0,0,0,0,0,0,1
MB,1,1722,1994,0,2,0,296,0,0,0,70,0,0,0,0,0,0,1
MB,1,1722,1995,0,0,0,167,0,0,0,46,0,0,0,0,0,0,1
MB,1,1722,1996,0,0,0,257,0,0,0,72,0,0,0,0,0,0,0
MB,1,1722,1997,0,0,0,273,0,0,0,104,0,0,0,0,0,0,3
MB,1,1722,1998,0,0,0,291,0,0,0,98,0,0,0,0,0,0,6
MB,1,1722,1999,0,0,0,341,0,0,0,83,0,0,0,0,0,0,4
MB,1,1722,2000,0,0,0,355,0,0,0,39,0,0,0,0,0,0,0
MB,1,1722,2001,0,0,0,392,0,0,0,127,0,0,0,0,0,0,0
MB,1,1722,2002,0,0,0,426,0,0,0,80,0,0,0,0,0,0,0
MB,1,1722,2003,0,0,0,309,0,0,0,207,0,0,0,0,0,0,2
MB,1,1722,2004,0,0,0,260,0,0,0,55,0,0,0,0,0,0,2
MB,1,1722,2005,0,0,0,356,0,0,0,188,0,0,0,0,0,0,0
MB,1,1722,2006,0,0,0,321,0,0,0,111,0,0,0,0,0,0,0
MB,1,1722,2007,0,0,0,419,0,0,0,123,0,0,0,0,0,0,1
MB,1,1722,2008,0,0,0,547,0,0,0,62,0,0,2,0,0,0,5
MB,1,1722,2009,0,0,0,273,0,0,1,57,0,0,0,0,0,0,0
MB,1,1722,2010,0,0,5,299,0,0,2,70,0,41,0,0,0,0,11
MB,1,1722,2011,0,0,9,377,0,0,4,106,0,1,0,0,0,0,0
MB,1,1722,2012,0,0,2,406,0,0,0,35,0,0,0,0,0,0,0
MB,1,1722,2013,0,0,5,344,0,0,1,52,0,0,0,0,0,0,0
MB,1,1722,2014,0,0,6,310,0,0,5,60,0,0,0,0,0,0,0
MB,1,1722,2015,0,0,0,382,0,0,0,56,0,0,0,0,0,0,1
MB,1,1722,2016,0,0,6,324,0,0,2,75,0,4,0,0,0,0,0
MB,1,1722,2017,0,0,0,250,0,0,0,57,0,4,0,0,0,0,0
MB,1,1722,2018,0,0,1,201,0,0,0,15,0,0,0,0,0,0,1
MB,1,1722,2019,0,0,2,252,0,0,1,56,0,2,0,0,0,0,0
MB,1,1722,2020,0,0,0,256,0,0,0,24,0,1,0,0,0,0,0
MB,1,1722,2021,0,0,3,348,0,0,10,41,0,11,0,0,0,0,0
MB,1,1722,2022,0,0,0,187,0,0,0,32,0,7,0,0,0,0,0
MB,1,1722,2023,0,0,0,153,0,0,0,38,0,0,0,0,0,0,0
MB,1,1722,2024,0,0,0,157,0,0,0,9,0,14,0,0,0,0,0
MB,1,1723,2007,0,0,0,7,0,0,0,12,0,0,0,0,0,0,0
MB,1,2210,2017,0,0,0,1,0,0,0,2,0,0,0,0,0,0,0
MB,1,2210,2022,0,0,0,0,0,0,0,1,0,0,0,0,0,0,0
MB,1,2280,1988,3,5,0,0,11,2,0,0,0,0,0,0,0,0,0
MB,1,2280,1999,0,0,0,0,0,1,0,0,0,0,0,0,0,0,0
MB,1,2280,2009,2,0,0,0,0,0,0,0,0,0,0,0,0,0,0
MB,1,2280,2012,1,0,0,0,0,1,0,0,0,0,0,0,0,0,0
MB,1,2280,2016,0,0,0,0,0,2,0,0,0,0,0,0,0,0,0
MB,1,2280,2019,1,2,0,0,0,1,0,0,0,0,0,0,0,0,0
MB,1,2280,2020,1,0,0,0,1,0,0,0,0,0,0,0,0,0,0
MB,1,2280,2021,0,0,0,0,0,0,0,0,0,0,0,0,0,0,1
MB,1,2280,2024,0,0,0,0,0,0,0,1,0,0,0,0,0,0,0
MB,1,2300,2008,0,0,0,1,0,0,0,1,0,0,0,0,0,0,0
MB,1,2300,2014,0,0,0,0,0,0,0,1,0,0,0,0,0,0,0
MB,1,2300,2015,0,0,0,0,0,0,0,0,0,1,0,0,0,0,0
MB,1,2300,2018,0,0,0,0,0,0,0,2,0,0,0,0,0,0,0
MB,1,2300,2022,0,0,0,1,0,0,0,2,0,0,0,0,0,0,0
MB,1,2300,2023,0,0,0,1,0,0,0,0,0,0,0,0,0,0,0
MB,2,1290,1978,0,0,0,0,0,0,0,1,0,0,0,0,0,0,0
MB,2,1290,1982,1,0,0,0,5,2,0,0,0,0,0,0,0,0,0
MB,2,1290,1983,0,1,0,0,0,0,0,0,0,0,0,0,0,0,0
MB,2,1290,1987,0,0,0,0,1,1,0,0,0,0,0,0,0,0,0
MB,2,1300,1982,1,1,0,0,0,0,0,0,0,0,0,0,0,0,0
MB,2,1310,1976,0,0,0,0,0,0,0,1,0,0,0,0,0,0,0
MB,2,1310,1977,0,0,0,0,0,0,0,1,0,0,0,0,0,0,0
MB,2,1310,1978,0,0,0,0,0,0,0,1,0,0,0,0,0,0,0
MB,2,1310,1979,0,0,0,0,0,0,0,2,0,0,0,0,0,0,0
MB,2,1310,1980,0,0,0,0,0,1,0,0,0,0,0,0,0,0,0
MB,2,1310,1981,0,0,0,0,0,1,0,0,0,0,0,0,0,0,0
MB,2,1310,1984,0,0,0,0,0,2,0,0,0,0,0,0,0,0,0
MB,2,1310,1986,0,0,0,0,0,1,0,0,0,0,0,0,0,0,0
MB,2,1310,1988,1,0,0,0,0,0,0,0,0,0,0,0,0,0,0
MB,2,1310,1991,0,0,0,0,1,0,0,0,0,0,0,0,0,0,0
MB,2,1310,1994,0,1,0,0,0,1,0,0,0,0,0,0,0,0,0
MB,2,1310,1998,0,0,0,0,0,1,0,0,0,0,0,0,0,0,0
MB,2,1310,2003,0,1,0,0,0,0,0,0,0,0,0,0,0,0,0
MB,2,1310,2004,0,0,0,0,0,0,0,1,0,0,0,0,0,0,0
MB,2,1310,2005,0,1,0,0,0,0,0,3,0,0,0,0,0,0,0
MB,2,1310,2006,0,0,0,0,0,0,0,1,0,0,0,0,0,0,0
MB,2,1310,2007,0,0,0,0,0,0,0,1,0,0,0,0,0,0,0
MB,2,1310,2013,0,0,0,0,0,0,0,1,0,0,0,0,0,0,0
MB,2,1310,2017,0,0,0,0,0,0,0,1,0,0,0,0,0,0,0
MB,2,1310,2023,1,0,0,0,0,0,0,1,0,0,0,0,0,0,0
MB,2,1320,1976,34,27,0,0,142,197,0,4,0,0,0,0,0,0,38
MB,2,1320,1977,28,41,0,1,113,153,0,5,0,0,0,3,3,0,65
MB,2,1320,1978,27,36,0,0,118,144,0,4,0,0,0,4,2,0,20
MB,2,1320,1979,61,41,0,0,127,153,0,4,0,0,0,5,5,0,29
MB,2,1320,1980,40,46,0,0,92,112,0,5,0,0,0,8,4,0,72
MB,2,1320,1981,26,30,0,0,56,84,0,1,0,0,0,2,0,0,14
MB,2,1320,1982,29,32,0,2,49,53,0,2,0,0,0,1,1,0,32
MB,2,1320,1983,24,22,0,0,108,103,0,4,0,0,0,3,2,0,3
MB,2,1320,1984,8,26,0,0,70,72,0,2,0,0,0,1,0,0,2
MB,2,1320,1985,12,13,0,0,25,28,0,3,0,0,0,0,0,0,0
MB,2,1320,1986,15,9,0,1,38,32,0,1,0,0,0,0,0,0,3
MB,2,1320,1987,7,14,0,0,45,58,0,5,0,0,0,0,0,0,0
MB,2,1320,1988,12,29,0,0,19,43,0,1,0,0,0,0,1,0,0
MB,2,1320,1989,14,15,0,0,30,44,0,3,0,0,0,0,0,0,0
MB,2,1320,1990,16,14,0,0,26,43,0,1,0,0,0,1,0,0,1
MB,2,1320,1991,4,11,0,0,21,29,0,2,0,0,0,1,0,0,3
MB,2,1320,1992,11,13,0,1,35,35,0,0,0,0,0,0,0,0,3
MB,2,1320,1993,4,3,0,0,12,16,0,1,0,0,0,0,0,0,1
MB,2,1320,1994,4,2,0,1,17,23,0,1,0,0,0,1,0,0,0
MB,2,1320,1995,7,6,0,0,11,26,0,0,0,0,0,0,0,0,0
MB,2,1320,1996,21,15,0,0,50,62,0,2,0,0,0,0,0,0,0
MB,2,1320,1997,16,16,0,0,60,51,0,1,0,0,0,0,0,0,2
MB,2,1320,1998,10,10,0,1,27,47,0,3,0,0,0,1,0,0,0
MB,2,1320,1999,8,5,0,0,35,44,0,0,0,0,0,0,0,0,1
MB,2,1320,2000,3,1,0,0,7,7,0,0,0,0,0,0,0,0,0
MB,2,1320,2001,2,6,0,0,9,22,0,2,0,0,0,0,1,0,1
MB,2,1320,2002,6,18,0,1,34,56,0,2,0,0,0,0,0,0,0
MB,2,1320,2003,5,8,0,0,6,18,0,1,0,0,0,0,0,0,0
MB,2,1320,2004,4,17,0,0,41,27,0,1,0,0,0,0,0,0,1
MB,2,1320,2005,5,12,0,0,38,30,0,1,0,0,0,0,0,0,0
MB,2,1320,2006,3,11,0,0,23,45,0,0,0,0,0,0,0,0,0
MB,2,1320,2007,7,9,0,0,25,34,0,0,0,0,0,0,0,0,2
MB,2,1320,2008,0,6,0,0,11,13,0,0,0,0,0,0,0,0,0
MB,2,1320,2009,2,1,0,0,12,19,0,1,0,0,0,0,0,0,0
MB,2,1320,2010,1,0,0,0,5,7,0,0,0,0,0,0,0,0,0
MB,2,1320,2011,1,2,0,0,8,14,0,0,0,0,0,0,0,0,1
MB,2,1320,2012,13,8,0,0,32,37,0,0,0,0,0,0,0,0,1
MB,2,1320,2013,8,4,0,0,21,32,0,0,0,0,0,0,0,0,0
MB,2,1320,2014,0,2,0,0,5,3,0,0,0,0,0,0,0,0,0
MB,2,1320,2015,2,1,0,0,14,11,0,0,0,0,0,0,0,0,0
MB,2,1320,2016,4,6,0,0,19,16,0,0,0,0,0,0,0,0,0
MB,2,1320,2017,12,13,0,0,23,25,0,0,0,0,0,0,0,0,0
MB,2,1320,2018,2,9,0,0,5,18,0,0,0,0,0,0,0,0,0
MB,2,1320,2019,1,2,0,0,2,3,0,0,0,0,0,0,0,0,0
MB,2,1320,2020,1,1,0,0,21,28,0,1,0,0,0,0,0,0,0
MB,2,1320,2021,21,32,0,0,22,21,0,0,0,0,0,0,0,0,0
MB,2,1320,2022,0,1,0,0,5,7,0,0,0,0,0,0,0,0,0
MB,2,1320,2023,0,1,0,0,1,1,0,0,0,0,0,0,0,0,0
MB,2,1320,2024,3,3,0,0,13,22,0,0,0,0,0,0,0,0,0
MB,2,1321,1980,0,0,0,0,1,0,0,0,0,0,0,0,0,0,0
MB,2,1321,1986,0,0,0,0,1,0,0,0,0,0,0,0,0,0,0
MB,2,1330,1977,0,0,0,0,0,1,0,0,0,0,0,0,0,0,0
MB,2,1330,1979,0,1,0,0,0,0,0,0,0,0,0,0,0,0,0
MB,2,1330,1980,0,0,0,0,0,0,0,0,0,0,0,0,0,0,2
MB,2,1330,1981,0,1,0,0,0,0,0,0,0,0,0,0,0,0,1
MB,2,1330,1983,0,1,0,0,0,0,0,0,0,0,0,0,0,0,0
MB,2,1330,1984,0,1,0,0,0,0,0,0,0,0,0,0,0,0,0
MB,2,1330,1990,0,1,0,0,0,0,0,0,0,0,0,0,0,0,0
MB,2,1330,1993,0,1,0,0,0,0,0,0,0,0,0,0,0,0,0
MB,2,1350,1976,0,0,0,0,1,1,0,0,0,0,0,0,0,0,0
MB,2,1350,1977,3,7,0,0,3,1,0,0,0,0,0,0,0,0,1
MB,2,1350,1978,1,2,0,0,2,3,0,0,0,0,0,2,0,0,1
MB,2,1350,1979,2,6,0,0,3,3,0,0,0,0,0,0,0,0,0
MB,2,1350,1980,0,0,0,0,4,3,0,0,0,0,0,0,0,0,0
MB,2,1350,1981,1,0,0,0,3,3,0,0,0,0,0,0,0,0,1
MB,2,1350,1982,0,2,0,0,6,3,0,0,0,0,0,1,0,0,4
MB,2,1350,1983,5,0,0,0,6,6,0,0,0,0,0,0,0,0,0
MB,2,1350,1984,0,1,0,0,3,6,0,0,0,0,0,0,0,0,0
MB,2,1350,1985,0,0,0,0,0,1,0,0,0,0,0,0,0,0,0
MB,2,1350,1986,3,3,0,0,2,2,0,0,0,0,0,0,0,0,1
MB,2,1350,1988,1,0,0,0,1,1,0,0,0,0,0,0,0,0,0
MB,2,1350,1989,4,1,0,0,0,0,0,0,0,0,0,0,0,0,0
MB,2,1350,1990,0,1,0,0,0,2,0,0,0,0,0,0,0,0,0
MB,2,1350,1991,0,1,0,0,2,1,0,0,0,0,0,0,0,0,0
MB,2,1350,1992,2,5,0,0,1,2,0,0,0,0,0,0,0,0,0
MB,2,1350,1994,0,1,0,0,0,0,0,0,0,0,0,0,0,0,0
MB,2,1350,1995,1,0,0,0,2,1,0,0,0,0,0,0,0,0,0
MB,2,1350,1996,0,0,0,0,2,2,0,0,0,0,0,0,0,0,0
MB,2,1350,1997,0,0,0,0,2,4,0,0,0,0,0,0,0,0,0
MB,2,1350,1998,4,0,0,0,5,0,0,0,0,0,0,0,0,0,0
MB,2,1350,1999,1,2,0,0,2,1,0,0,0,0,0,0,0,0,0
MB,2,1350,2001,1,4,0,0,2,2,0,0,0,0,0,0,0,0,0
MB,2,1350,2002,7,6,0,0,6,1,0,0,0,0,0,0,0,0,0
MB,2,1350,2003,4,0,0,0,0,4,0,0,0,0,0,0,0,0,0
MB,2,1350,2004,0,1,0,0,1,0,0,0,0,0,0,0,0,0,0
MB,2,1350,2005,0,0,0,0,2,0,0,0,0,0,0,0,0,0,0
MB,2,1350,2006,2,0,0,0,0,0,0,0,0,0,0,0,0,0,0
MB,2,1350,2007,0,0,0,0,1,0,0,0,0,0,0,0,0,0,0
MB,2,1350,2008,0,0,0,0,2,2,0,0,0,0,0,0,0,0,0
MB,2,1350,2009,0,1,0,0,0,0,0,0,0,0,0,0,0,0,0
MB,2,1350,2010,0,0,0,0,0,1,0,0,0,0,0,0,0,0,0
MB,2,1350,2013,1,0,0,0,0,0,0,0,0,0,0,0,0,0,0
MB,2,1350,2014,1,0,0,0,0,1,0,0,0,0,0,0,0,0,0
MB,2,1350,2016,1,4,0,0,0,0,0,0,0,0,0,0,0,0,0
MB,2,1350,2018,0,0,0,0,1,0,0,0,0,0,0,0,0,0,0
MB,2,1350,2020,0,1,0,0,1,1,0,0,0,0,0,0,0,0,0
MB,2,1350,2021,1,0,0,0,1,1,0,0,0,0,0,0,0,0,0
MB,2,1350,2022,1,0,0,0,0,1,0,0,0,0,0,0,0,0,0
MB,2,1350,2024,0,1,0,0,4,0,0,0,0,0,0,0,0,0,0
MB,2,1370,1976,0,0,0,0,8,9,0,0,0,0,0,0,0,0,1
MB,2,1370,1977,0,2,0,0,2,5,0,0,0,0,0,1,0,0,4
MB,2,1370,1978,1,1,0,0,8,5,0,0,0,0,0,0,0,0,0
MB,2,1370,1979,0,1,0,0,8,2,0,0,0,0,0,0,0,0,1
MB,2,1370,1980,0,0,0,0,4,6,0,0,0,0,0,1,0,0,1
MB,2,1370,1981,2,2,0,0,0,4,0,0,0,0,0,0,0,0,1
MB,2,1370,1982,0,1,0,0,4,1,0,0,0,0,0,0,0,0,1
MB,2,1370,1983,3,0,0,0,2,4,0,0,0,0,0,0,0,0,0
MB,2,1370,1984,3,0,0,0,2,2,0,0,0,0,0,0,0,0,0
MB,2,1370,1985,0,1,0,0,1,2,0,0,0,0,0,0,0,0,0
MB,2,1370,1986,0,0,0,0,6,6,0,0,0,0,0,0,0,0,0
MB,2,1370,1987,0,0,0,0,1,3,0,0,0,0,0,0,0,0,0
MB,2,1370,1988,0,0,0,0,1,2,0,0,0,0,0,0,0,0,0
MB,2,1370,1989,0,2,0,0,2,5,0,0,0,0,0,0,0,0,0
MB,2,1370,1990,0,0,0,0,0,1,0,0,0,0,0,0,0,0,0
MB,2,1370,1991,0,2,0,0,1,2,0,1,0,0,0,0,0,0,1
MB,2,1370,1992,0,1,0,0,3,2,0,0,0,0,0,0,0,0,0
MB,2,1370,1993,2,0,0,0,1,5,0,0,0,0,0,0,0,0,0
MB,2,1370,1994,0,0,0,0,1,3,0,0,0,0,0,0,0,0,0
MB,2,1370,1995,0,0,0,0,1,0,0,0,0,0,0,0,0,0,0
MB,2,1370,1996,1,4,0,0,5,6,0,0,0,0,0,0,0,0,0
MB,2,1370,1997,2,2,0,0,9,13,0,0,0,0,0,0,0,0,0
MB,2,1370,1998,0,0,0,0,1,2,0,0,0,0,0,0,0,0,0
MB,2,1370,1999,1,1,0,0,1,1,0,0,0,0,0,0,0,0,0
MB,2,1370,2000,0,0,0,0,1,1,0,0,0,0,0,0,0,0,0
MB,2,1370,2001,1,6,0,0,4,2,0,0,0,0,0,0,0,0,0
MB,2,1370,2002,1,2,0,0,2,7,0,0,0,0,0,0,0,0,0
MB,2,1370,2003,1,2,0,0,2,3,0,0,0,0,0,0,0,0,0
MB,2,1370,2004,1,0,0,0,0,2,0,0,0,0,0,0,0,0,0
MB,2,1370,2005,1,4,0,0,5,8,0,0,0,0,0,0,0,0,0
MB,2,1370,2006,0,0,0,0,1,0,0,0,0,0,0,0,0,0,0
MB,2,1370,2007,1,1,0,0,2,2,0,0,0,0,0,0,0,0,0
MB,2,1370,2008,1,0,0,0,0,0,0,0,0,0,0,0,0,0,0
MB,2,1370,2010,0,0,0,0,1,1,0,0,0,0,0,0,0,0,0
MB,2,1370,2012,1,0,0,0,0,0,0,0,0,0,0,0,0,0,0
MB,2,1370,2013,0,0,0,0,2,0,0,0,0,0,0,0,0,0,0
MB,2,1370,2014,0,0,0,0,1,1,0,0,0,0,0,0,0,0,0
MB,2,1370,2015,1,0,0,0,0,0,0,0,0,0,0,0,0,0,0
MB,2,1370,2016,0,0,0,0,8,3,0,0,0,0,0,0,0,0,0
MB,2,1370,2017,0,0,0,0,3,1,0,0,0,0,0,0,0,0,0
MB,2,1370,2019,0,1,0,0,0,0,0,0,0,0,0,0,0,0,0
MB,2,1370,2020,0,1,0,0,2,1,0,0,0,0,0,0,0,0,0
MB,2,1370,2021,0,1,0,0,1,2,0,0,0,0,0,0,0,0,0
MB,2,1370,2022,0,0,0,0,0,1,0,0,0,0,0,0,0,0,0
MB,2,1370,2023,1,0,0,0,0,1,0,0,0,0,0,0,0,0,0
MB,2,1370,2024,0,1,0,0,1,0,0,0,0,0,0,0,0,0,0
MB,2,1390,1976,1,0,0,0,6,4,0,1,0,0,0,0,0,0,1
MB,2,1390,1977,2,0,0,0,10,4,0,2,0,0,0,1,1,0,5
MB,2,1390,1978,1,0,0,0,5,6,0,0,0,0,0,0,0,0,5
MB,2,1390,1979,0,0,0,0,12,11,0,0,0,0,0,2,0,0,6
MB,2,1390,1980,3,0,0,0,8,4,0,0,0,0,0,1,2,0,6
MB,2,1390,1981,3,1,0,0,5,6,0,0,0,0,0,1,0,0,2
MB,2,1390,1982,1,0,0,0,2,1,0,0,0,0,0,0,0,0,2
MB,2,1390,1983,2,0,0,0,7,10,0,0,0,0,0,0,0,0,1
MB,2,1390,1984,2,0,0,0,4,4,0,0,0,0,0,0,0,0,1
MB,2,1390,1985,0,0,0,0,1,2,0,0,0,0,0,0,0,0,1
MB,2,1390,1986,0,0,0,0,2,0,0,1,0,0,0,0,0,0,0
MB,2,1390,1987,0,1,0,0,1,3,0,0,0,0,0,0,1,0,0
MB,2,1390,1988,1,0,0,0,5,0,0,0,0,0,0,0,0,0,0
MB,2,1390,1989,0,0,0,0,6,2,0,0,0,0,0,0,0,0,0
MB,2,1390,1990,1,1,0,0,8,11,0,0,0,0,0,0,0,0,0
MB,2,1390,1991,0,0,0,0,3,2,0,0,0,0,0,0,0,0,0
MB,2,1390,1992,2,0,0,0,3,4,0,1,0,0,0,0,0,0,0
MB,2,1390,1993,0,0,0,0,1,2,0,0,0,0,0,0,0,0,0
MB,2,1390,1994,0,0,0,0,2,2,0,0,0,0,0,0,0,0,0
MB,2,1390,1995,1,0,0,0,0,1,0,0,0,0,0,0,0,0,0
MB,2,1390,1996,0,0,0,0,5,3,0,0,0,0,0,0,0,0,0
MB,2,1390,1997,1,0,0,0,2,5,0,0,0,0,0,0,0,0,0
MB,2,1390,1998,1,0,0,0,5,1,0,0,0,0,0,0,0,0,0
MB,2,1390,1999,0,0,0,0,0,2,0,0,0,0,0,0,0,0,1
MB,2,1390,2000,0,0,0,0,1,1,0,0,0,0,0,0,0,0,0
MB,2,1390,2001,0,1,0,0,1,1,0,0,0,0,0,0,0,0,0
MB,2,1390,2002,0,0,0,0,10,10,0,0,0,0,0,0,0,0,0
MB,2,1390,2003,0,0,0,0,0,5,0,0,0,0,0,0,0,0,0
MB,2,1390,2004,0,0,0,0,5,2,0,0,0,0,0,0,0,0,0
MB,2,1390,2005,0,0,0,0,5,4,0,0,0,0,0,0,0,0,0
MB,2,1390,2006,0,0,0,0,2,0,0,0,0,0,0,0,0,0,0
MB,2,1390,2007,0,0,0,0,5,4,0,0,0,0,0,0,0,0,0
MB,2,1390,2008,2,0,0,0,0,1,0,0,0,0,0,0,0,0,0
MB,2,1390,2010,0,0,0,0,0,1,0,0,0,0,0,0,0,0,0
MB,2,1390,2011,0,0,0,0,0,1,0,0,0,0,0,0,0,0,0
MB,2,1390,2012,0,0,0,0,5,0,0,0,0,0,0,0,0,0,0
MB,2,1390,2013,0,0,0,0,12,6,0,0,0,0,0,0,0,0,0
MB,2,1390,2015,1,0,0,0,1,0,0,0,0,0,0,0,0,0,0
MB,2,1390,2016,2,1,0,0,6,3,0,0,0,0,0,0,0,0,0
MB,2,1390,2017,0,0,0,0,0,1,0,0,0,0,0,0,0,0,0
MB,2,1390,2018,0,0,0,0,2,2,0,0,0,0,0,0,0,0,0
MB,2,1390,2019,0,0,0,0,1,3,0,0,0,0,0,0,0,0,0
MB,2,1390,2020,1,0,0,0,2,3,0,0,0,0,0,0,0,0,0
MB,2,1390,2021,0,1,0,0,6,8,0,0,0,0,0,0,0,0,0
MB,2,1390,2022,0,0,0,0,3,4,0,0,0,0,0,0,0,0,0
MB,2,1390,2023,0,0,0,0,0,3,0,0,0,0,0,0,0,0,0
MB,2,1390,2024,0,1,0,0,1,3,0,0,0,0,0,0,0,0,0
MB,2,1400,1976,4,0,0,0,9,11,0,0,0,0,0,0,0,0,1
MB,2,1400,1977,0,2,0,0,7,11,0,0,0,0,0,0,0,0,3
MB,2,1400,1978,0,0,0,0,1,5,0,0,0,0,0,0,0,0,2
MB,2,1400,1979,1,0,0,0,10,9,0,0,0,0,0,0,1,0,2
MB,2,1400,1980,0,1,0,0,4,4,0,0,0,0,0,2,0,0,3
MB,2,1400,1981,2,0,0,0,5,5,0,0,0,0,0,1,0,0,3
MB,2,1400,1982,1,0,0,0,2,3,0,0,0,0,0,1,0,0,1
MB,2,1400,1983,4,2,0,0,14,10,0,0,0,0,0,0,0,0,0
MB,2,1400,1984,3,0,0,0,5,6,0,0,0,0,0,1,0,0,1
MB,2,1400,1985,0,0,0,0,1,1,0,0,0,0,0,0,0,0,0
MB,2,1400,1986,0,2,0,0,2,0,0,0,0,0,0,1,0,0,0
MB,2,1400,1987,1,1,0,0,2,1,0,0,0,0,0,0,1,0,0
MB,2,1400,1988,2,0,0,0,1,1,0,0,0,0,0,0,0,0,0
MB,2,1400,1989,0,0,0,0,5,2,0,0,0,0,0,0,0,0,0
MB,2,1400,1990,1,0,0,0,2,3,0,0,0,0,0,0,0,0,0
MB,2,1400,1992,0,0,0,0,4,4,0,0,0,0,0,0,0,0,0
MB,2,1400,1993,0,0,0,0,2,2,0,0,0,0,0,0,1,0,0
MB,2,1400,1994,0,0,0,0,1,3,0,0,0,0,0,0,0,0,0
MB,2,1400,1995,0,1,0,0,0,1,0,0,0,0,0,0,0,0,0
MB,2,1400,1996,0,0,0,0,2,10,0,0,0,0,0,0,0,0,0
MB,2,1400,1997,0,0,0,0,0,3,0,0,0,0,0,0,0,0,0
MB,2,1400,1998,1,0,0,0,1,0,0,0,0,0,0,0,0,0,0
MB,2,1400,1999,0,0,0,0,1,1,0,0,0,0,0,0,0,0,0
MB,2,1400,2000,1,0,0,0,0,0,0,0,0,0,0,0,0,0,0
MB,2,1400,2001,1,1,0,0,5,3,0,0,0,0,0,0,0,0,0
MB,2,1400,2002,1,0,0,0,7,4,0,0,0,0,0,0,0,0,0
MB,2,1400,2003,0,0,0,0,1,4,0,0,0,0,0,0,0,0,0
MB,2,1400,2004,1,1,0,0,5,1,0,0,0,0,0,0,0,0,0
MB,2,1400,2005,1,0,0,0,0,1,0,0,0,0,0,0,0,0,0
MB,2,1400,2006,0,1,0,0,0,1,0,0,0,0,0,0,0,0,0
MB,2,1400,2007,1,0,0,0,2,3,0,0,0,0,0,0,0,0,0
MB,2,1400,2008,0,1,0,0,5,3,0,0,0,0,0,0,0,0,0
MB,2,1400,2009,2,0,0,0,2,2,0,0,0,0,0,0,0,0,0
MB,2,1400,2010,0,1,0,0,1,0,0,0,0,0,0,0,0,0,0
MB,2,1400,2011,0,0,0,0,0,3,0,0,0,0,0,0,0,0,0
MB,2,1400,2012,0,0,0,0,3,3,0,0,0,0,0,0,0,0,0
MB,2,1400,2013,1,1,0,0,6,2,0,0,0,0,0,1,0,0,0
MB,2,1400,2015,0,0,0,0,1,0,0,0,0,0,0,0,0,0,0
MB,2,1400,2016,2,1,0,0,5,1,0,0,0,0,0,0,0,0,0
MB,2,1400,2017,2,1,0,0,3,9,0,0,0,0,0,0,0,0,0
MB,2,1400,2018,0,0,0,0,1,4,0,0,0,0,0,0,0,0,0
MB,2,1400,2019,0,0,0,0,1,2,0,0,0,0,0,0,0,0,0
MB,2,1400,2020,1,0,0,0,5,7,0,0,0,0,0,0,0,0,0
MB,2,1400,2021,6,2,0,0,12,13,0,0,0,0,0,0,0,0,0
MB,2,1400,2022,2,3,0,0,12,19,0,0,0,0,0,0,0,0,0
MB,2,1400,2024,1,1,0,0,3,3,0,0,0,0,0,0,0,0,0
MB,2,1420,1976,1,0,0,0,6,6,0,0,0,0,0,0,0,0,0
MB,2,1420,1977,0,1,0,0,4,2,0,0,0,0,0,0,0,0,0
MB,2,1420,1978,0,0,0,0,0,2,0,0,0,0,0,1,0,0,0
MB,2,1420,1979,0,0,0,0,2,2,0,0,0,0,0,0,0,0,1
MB,2,1420,1980,1,1,0,0,3,0,0,0,0,0,0,0,0,0,0
MB,2,1420,1981,0,1,0,0,0,1,0,0,0,0,0,0,0,0,0
MB,2,1420,1982,0,0,0,0,1,0,0,0,0,0,0,0,0,0,2
MB,2,1420,1983,3,0,0,0,4,3,0,0,0,0,0,0,0,0,0
MB,2,1420,1984,0,0,0,0,2,1,0,0,0,0,0,0,0,0,0
MB,2,1420,1985,0,0,0,0,1,1,0,0,0,0,0,0,0,0,0
MB,2,1420,1986,0,0,0,0,2,2,0,0,0,0,0,0,0,0,0
MB,2,1420,1988,0,0,0,0,1,1,0,0,0,0,0,0,0,0,0
MB,2,1420,1989,1,0,0,0,1,4,0,0,0,0,0,0,0,0,0
MB,2,1420,1990,0,1,0,0,1,1,0,0,0,0,0,0,0,0,0
MB,2,1420,1991,0,0,0,0,2,2,0,0,0,0,0,0,0,0,0
MB,2,1420,1992,0,0,0,0,2,0,0,0,0,0,0,0,0,0,0
MB,2,1420,1995,0,0,0,0,1,0,0,0,0,0,0,0,0,0,0
MB,2,1420,1996,2,0,0,0,1,2,0,0,0,0,0,0,0,0,0
MB,2,1420,1998,0,0,0,0,2,0,0,0,0,0,0,0,0,0,0
MB,2,1420,2001,0,0,0,0,0,2,0,0,0,0,0,0,0,0,0
MB,2,1420,2002,0,1,0,0,2,3,0,0,0,0,0,0,0,0,0
MB,2,1420,2003,0,0,0,0,1,0,0,0,0,0,0,0,0,0,0
MB,2,1420,2004,0,0,0,0,2,1,0,0,0,0,0,0,0,0,0
MB,2,1420,2011,0,0,0,0,1,0,0,0,0,0,0,0,0,0,0
MB,2,1420,2012,0,0,0,0,2,0,0,0,0,0,0,0,0,0,0
MB,2,1420,2015,0,0,0,0,0,1,0,0,0,0,0,0,0,0,0
MB,2,1420,2016,1,0,0,0,1,2,0,0,0,0,0,0,0,0,0
MB,2,1420,2017,4,0,0,0,12,5,0,0,0,0,0,0,0,0,0
MB,2,1420,2018,0,0,0,0,1,0,0,0,0,0,0,0,0,0,0
MB,2,1420,2020,0,0,0,0,1,4,0,0,0,0,0,0,0,0,0
MB,2,1420,2021,0,0,0,0,0,1,0,0,0,0,0,0,0,0,0
MB,2,1420,2022,0,0,0,0,2,0,0,0,0,0,0,0,0,0,0
MB,2,1420,2024,0,0,0,0,0,1,0,0,0,0,0,0,0,0,0
MB,2,1430,1976,2,2,0,0,11,11,0,0,0,0,0,0,0,0,3
MB,2,1430,1977,2,4,0,0,4,3,0,0,0,0,0,1,0,0,3
MB,2,1430,1978,1,2,0,0,3,10,0,0,0,0,0,0,0,0,1
MB,2,1430,1979,3,0,0,0,16,10,0,0,0,0,0,0,1,0,3
MB,2,1430,1980,2,4,0,0,8,2,0,0,0,0,0,0,0,0,4
MB,2,1430,1981,4,0,0,0,8,7,0,0,0,0,0,1,0,0,0
MB,2,1430,1982,0,2,0,0,8,4,0,0,0,0,0,1,0,0,0
MB,2,1430,1983,1,1,0,0,13,11,0,0,0,0,0,0,0,0,0
MB,2,1430,1984,4,1,0,0,6,6,0,0,0,0,0,1,0,0,0
MB,2,1430,1985,2,1,0,0,1,6,0,0,0,0,0,0,0,0,0
MB,2,1430,1986,1,0,0,0,3,2,0,0,0,0,0,0,0,0,0
MB,2,1430,1987,1,0,0,0,1,6,0,0,0,0,0,0,0,0,0
MB,2,1430,1988,2,2,0,0,4,4,0,0,0,0,0,0,0,0,0
MB,2,1430,1989,0,1,0,0,0,4,0,0,0,0,0,0,0,0,0
MB,2,1430,1990,1,1,0,0,1,6,0,0,0,0,0,0,0,0,0
MB,2,1430,1991,1,2,0,0,0,1,0,0,0,0,0,0,0,0,0
MB,2,1430,1992,2,0,0,0,4,2,0,0,0,0,0,0,0,0,0
MB,2,1430,1993,1,3,0,0,0,2,0,0,0,0,0,0,0,0,0
MB,2,1430,1994,0,1,0,0,2,3,0,0,0,0,0,0,0,0,0
MB,2,1430,1995,0,2,0,0,3,1,0,0,0,0,0,0,0,0,0
MB,2,1430,1996,2,0,0,0,4,3,0,0,0,0,0,0,0,0,0
MB,2,1430,1997,0,0,0,0,4,9,0,0,0,0,0,0,0,0,0
MB,2,1430,1998,1,0,0,0,7,7,0,0,0,0,0,0,0,0,0
MB,2,1430,1999,0,1,0,0,1,0,0,0,0,0,0,0,0,0,0
MB,2,1430,2000,0,0,0,0,0,1,0,0,0,0,0,0,0,0,0
MB,2,1430,2001,0,1,0,0,0,6,0,0,0,0,0,0,0,0,0
MB,2,1430,2002,3,5,0,0,5,4,0,0,0,0,0,0,0,0,0
MB,2,1430,2003,0,0,0,0,2,6,0,0,0,0,0,0,0,0,0
MB,2,1430,2004,1,5,0,0,6,6,0,0,0,0,0,0,0,0,0
MB,2,1430,2005,3,7,0,0,1,2,0,0,0,0,0,0,0,0,0
MB,2,1430,2006,1,0,0,0,3,5,0,0,0,0,0,0,0,0,0
MB,2,1430,2007,2,6,0,0,4,5,0,0,0,0,0,0,0,0,0
MB,2,1430,2008,0,2,0,0,1,1,0,0,0,0,0,0,0,0,0
MB,2,1430,2009,1,0,0,0,0,1,0,0,0,0,0,0,0,0,0
MB,2,1430,2010,0,0,0,0,0,1,0,0,0,0,0,0,0,0,0
MB,2,1430,2011,0,0,0,0,1,2,0,0,0,0,0,0,0,0,0
MB,2,1430,2012,0,0,0,0,1,0,0,0,0,0,0,0,0,0,0
MB,2,1430,2013,0,0,0,0,2,0,0,0,0,0,0,0,0,0,0
MB,2,1430,2015,0,0,0,0,1,3,0,0,0,0,0,0,0,0,0
MB,2,1430,2016,1,1,0,0,2,0,0,0,0,0,0,0,0,0,0
MB,2,1430,2017,0,1,0,0,4,6,0,0,0,0,0,0,0,0,0
MB,2,1430,2018,0,0,0,0,3,0,0,0,0,0,0,0,0,0,0
MB,2,1430,2019,0,0,0,0,1,1,0,0,0,0,0,0,0,0,0
MB,2,1430,2020,2,1,0,0,0,1,0,0,0,0,0,0,0,0,0
MB,2,1430,2021,2,3,0,0,6,3,0,0,0,0,0,0,0,0,0
MB,2,1430,2022,0,0,0,0,1,0,0,0,0,0,0,0,0,0,0
MB,2,1430,2024,0,0,0,0,4,2,0,0,0,0,0,0,0,0,0
MB,2,1440,1976,0,1,0,0,0,1,0,0,0,0,0,0,0,0,0
MB,2,1440,1980,1,0,0,0,0,2,0,0,0,0,0,0,0,0,0
MB,2,1440,1981,0,3,0,0,0,0,0,0,0,0,0,1,0,0,0
MB,2,1440,1983,0,3,0,0,0,3,0,0,0,0,0,0,0,0,0
MB,2,1440,1984,0,1,0,0,0,1,0,0,0,0,0,0,0,0,0
MB,2,1440,1986,0,1,0,0,0,1,0,0,0,0,0,0,0,0,0
MB,2,1440,1987,0,1,0,0,0,0,0,0,0,0,0,0,0,0,0
MB,2,1440,1988,0,1,0,0,1,0,0,0,0,0,0,0,0,0,0
MB,2,1440,1989,1,2,0,0,0,0,0,0,0,0,0,0,0,0,0
MB,2,1440,1990,1,0,0,0,0,0,0,0,0,0,0,0,0,0,0
MB,2,1440,1992,0,1,0,0,1,0,0,0,0,0,0,0,0,0,0
MB,2,1440,1996,0,0,0,0,0,1,0,0,0,0,0,1,0,0,0
MB,2,1440,1997,0,3,0,0,0,1,0,0,0,0,0,0,0,0,0
MB,2,1440,2002,0,1,0,0,0,0,0,0,0,0,0,0,0,0,0
MB,2,1440,2007,0,4,0,0,0,1,0,0,0,0,0,0,0,0,0
MB,2,1440,2011,2,0,0,0,2,0,0,0,0,0,0,0,0,0,0
MB,2,1440,2012,1,2,0,0,2,0,0,0,0,0,0,0,0,0,0
MB,2,1440,2014,0,1,0,0,0,0,0,0,0,0,0,0,0,0,0
MB,2,1440,2016,0,1,0,0,0,0,0,0,0,0,0,0,0,0,0
MB,2,1440,2018,0,1,0,0,0,0,0,0,0,0,0,0,0,0,0
MB,2,1440,2021,3,6,0,0,0,1,0,0,0,0,0,0,0,0,0
MB,2,1460,1976,0,1,0,0,4,7,0,0,0,0,0,0,0,0,1
MB,2,1460,1977,0,1,0,0,0,1,0,0,0,0,0,0,0,0,1
MB,2,1460,1978,1,1,0,0,0,4,0,0,0,0,0,0,0,0,1
MB,2,1460,1979,2,4,0,0,2,7,0,0,0,0,0,0,0,0,0
MB,2,1460,1980,1,2,0,0,1,3,0,0,0,0,0,0,0,0,3
MB,2,1460,1981,1,9,0,0,1,0,0,0,0,0,0,0,0,0,1
MB,2,1460,1982,0,3,0,0,0,1,0,0,0,0,0,0,0,0,5
MB,2,1460,1983,1,1,0,0,7,4,0,0,0,0,0,0,0,0,0
MB,2,1460,1984,1,1,0,0,2,1,0,0,0,0,0,0,0,0,0
MB,2,1460,1985,0,0,0,0,2,0,0,0,0,0,0,0,0,0,0
MB,2,1460,1986,0,0,0,0,4,0,0,0,0,0,0,0,0,0,0
MB,2,1460,1987,0,0,0,0,0,1,0,0,0,0,0,0,0,0,0
MB,2,1460,1988,1,1,0,0,1,1,0,0,0,0,0,0,0,0,0
MB,2,1460,1990,0,1,0,0,0,1,0,1,0,0,0,0,0,0,0
MB,2,1460,1991,0,0,0,0,0,0,0,0,0,0,0,0,0,0,1
MB,2,1460,1992,1,2,0,0,0,1,0,0,0,0,0,0,0,0,0
MB,2,1460,1993,0,1,0,0,1,0,0,0,0,0,0,0,0,0,0
MB,2,1460,1994,0,0,0,0,2,2,0,0,0,0,0,0,0,0,0
MB,2,1460,1995,0,3,0,0,2,0,0,0,0,0,0,0,0,0,0
MB,2,1460,1996,0,0,0,0,1,0,0,0,0,0,0,0,0,0,0
MB,2,1460,1997,0,1,0,0,3,4,0,0,0,0,0,0,0,0,0
MB,2,1460,1998,0,0,0,0,3,2,0,0,0,0,0,0,0,0,0
MB,2,1460,1999,0,1,0,0,5,1,0,0,0,0,0,0,0,0,0
MB,2,1460,2000,1,7,0,0,0,0,0,0,0,0,0,0,0,0,0
MB,2,1460,2001,4,6,0,0,0,0,0,0,0,0,0,0,0,0,0
MB,2,1460,2002,0,1,0,0,3,0,0,0,0,0,0,0,0,0,0
MB,2,1460,2003,4,6,0,0,7,8,0,0,0,0,0,0,0,0,0
MB,2,1460,2005,2,12,0,0,6,4,0,0,0,0,0,0,0,0,0
MB,2,1460,2006,1,7,0,0,2,2,0,0,0,0,0,0,0,0,0
MB,2,1460,2007,2,8,0,0,2,3,0,0,0,0,0,0,0,0,0
MB,2,1460,2008,0,1,0,0,2,0,0,0,0,0,0,0,0,0,0
MB,2,1460,2009,0,17,0,0,0,3,0,0,0,0,0,0,0,0,0
MB,2,1460,2010,3,6,0,0,1,4,0,0,0,0,0,0,0,0,0
MB,2,1460,2012,0,1,0,0,0,2,0,0,0,0,0,0,0,0,0
MB,2,1460,2013,0,1,0,0,2,4,0,0,0,0,0,0,0,0,0
MB,2,1460,2014,0,1,0,0,5,6,0,0,0,0,0,0,0,0,0
MB,2,1460,2015,0,0,0,0,1,1,0,0,0,0,0,0,0,0,0
MB,2,1460,2016,0,1,0,0,1,0,0,0,0,0,0,0,0,0,0
MB,2,1460,2017,0,4,0,0,1,3,0,0,0,0,0,0,0,0,0
MB,2,1460,2018,0,1,0,0,4,3,0,0,0,0,0,0,0,0,0
MB,2,1460,2020,0,0,0,0,2,4,0,0,0,0,0,0,0,0,0
MB,2,1460,2021,1,0,0,0,0,0,0,0,0,0,0,0,0,0,0
MB,2,1460,2023,0,0,0,0,0,2,0,0,0,0,0,0,0,0,0
MB,2,1460,2024,0,0,0,0,1,1,0,0,0,0,0,0,0,0,0
MB,2,1470,1976,0,0,0,0,0,0,0,0,0,0,0,0,0,0,1
MB,2,1470,1977,0,0,0,0,2,0,0,0,0,0,0,0,0,0,2
MB,2,1470,1978,0,1,0,0,0,0,0,0,0,0,0,0,0,0,0
MB,2,1470,1979,0,1,0,0,1,0,0,0,0,0,0,0,0,0,0
MB,2,1470,1980,0,0,0,0,0,1,0,0,0,0,0,0,0,0,0
MB,2,1470,1981,1,0,0,0,1,0,0,0,0,0,0,0,0,0,0
MB,2,1470,1982,0,1,0,0,2,5,0,0,0,0,0,0,0,0,0
MB,2,1470,1983,0,3,0,0,2,3,0,0,0,0,0,0,0,0,0
MB,2,1470,1984,0,0,0,0,1,1,0,0,0,0,0,0,0,0,0
MB,2,1470,1985,1,1,0,0,0,1,0,0,0,0,0,0,0,0,0
MB,2,1470,1987,1,1,0,0,0,1,0,0,0,0,0,0,0,0,0
MB,2,1470,1988,1,1,0,0,0,0,0,0,0,0,0,0,0,0,0
MB,2,1470,1989,0,1,0,0,1,0,0,0,0,0,0,0,0,0,0
MB,2,1470,1990,1,0,0,0,1,0,0,0,0,0,0,0,0,0,0
MB,2,1470,1991,0,1,0,0,0,0,0,0,0,0,0,0,0,0,0
MB,2,1470,1993,1,0,0,0,2,2,0,0,0,0,0,0,0,0,0
MB,2,1470,1994,0,0,0,0,2,5,0,0,0,0,0,0,0,0,0
MB,2,1470,1995,0,1,0,0,1,1,0,0,0,0,0,0,0,0,0
MB,2,1470,1996,1,0,0,0,1,3,0,0,0,0,0,0,0,0,0
MB,2,1470,1997,1,0,0,0,2,3,0,0,0,0,0,0,0,0,0
MB,2,1470,1998,0,0,0,0,1,0,0,0,0,0,0,0,0,0,0
MB,2,1470,1999,1,0,0,0,2,3,0,0,0,0,0,0,0,0,0
MB,2,1470,2000,0,0,0,0,1,0,0,0,0,0,0,0,0,0,0
MB,2,1470,2001,0,1,0,0,1,4,0,0,0,0,0,0,0,0,0
MB,2,1470,2002,1,0,0,0,0,0,0,0,0,0,0,0,0,0,0
MB,2,1470,2003,1,0,0,0,1,2,0,0,0,0,0,0,0,0,0
MB,2,1470,2005,1,5,0,0,3,6,0,0,0,0,0,0,0,0,0
MB,2,1470,2006,0,0,0,0,3,2,0,0,0,0,0,0,0,0,0
MB,2,1470,2007,1,0,0,0,0,0,0,0,0,0,0,0,0,0,0
MB,2,1470,2008,0,0,0,0,0,2,0,0,0,0,0,0,0,0,0
MB,2,1470,2009,2,0,0,0,5,3,0,0,0,0,0,0,0,0,0
MB,2,1470,2010,0,0,0,0,0,1,0,0,0,0,0,0,0,0,0
MB,2,1470,2012,0,0,0,0,0,2,0,0,0,0,0,0,0,0,0
MB,2,1470,2014,1,0,0,0,0,1,0,0,0,0,0,0,0,0,0
MB,2,1470,2015,0,0,0,0,1,1,0,0,0,0,0,0,0,0,0
MB,2,1470,2017,0,0,0,0,1,0,0,0,0,0,0,0,0,0,0
MB,2,1470,2018,4,0,0,0,1,0,0,0,0,0,0,0,0,0,0
MB,2,1470,2019,0,1,0,0,1,0,0,0,0,0,0,0,0,0,0
MB,2,1470,2020,0,0,0,0,0,1,0,0,0,0,0,0,0,0,0
MB,2,1470,2024,0,9,0,0,4,13,0,0,0,0,0,0,0,0,0
MB,2,1480,1976,0,0,0,0,1,1,0,0,0,0,0,0,0,0,0
MB,2,1480,1979,0,0,0,0,0,0,0,0,0,0,0,0,0,0,1
MB,2,1480,1981,0,0,0,0,0,0,0,0,0,0,0,0,0,0,1
MB,2,1480,1993,0,0,0,0,1,0,0,0,0,0,0,0,0,0,0
MB,2,1480,1995,0,1,0,0,0,0,0,0,0,0,0,0,0,0,0
MB,2,1480,1999,0,0,0,0,0,1,0,0,0,0,0,0,0,0,0
MB,2,1480,2001,0,1,0,0,0,0,0,0,0,0,0,0,0,0,0
MB,2,1480,2009,0,0,0,0,1,0,0,0,0,0,0,0,0,0,0
MB,2,1480,2014,0,0,0,0,1,1,0,0,0,0,0,0,0,0,0
MB,2,1490,1976,0,0,0,0,0,2,0,0,0,0,0,1,0,0,3
MB,2,1490,1977,2,1,0,0,2,2,0,0,0,0,0,0,0,0,7
MB,2,1490,1978,1,4,0,0,1,13,0,0,0,0,0,0,0,0,1
MB,2,1490,1979,2,1,0,0,5,5,0,0,0,0,0,0,0,0,0
MB,2,1490,1980,1,0,0,0,5,1,0,0,0,0,0,1,0,0,6
MB,2,1490,1981,0,0,0,0,3,10,0,0,0,0,0,0,0,0,1
MB,2,1490,1982,1,4,0,0,9,6,0,0,0,0,0,0,0,0,6
MB,2,1490,1983,0,9,0,0,11,13,0,0,0,0,0,0,0,0,0
MB,2,1490,1984,1,1,0,0,2,7,0,0,0,0,0,0,0,0,0
MB,2,1490,1985,0,0,0,0,4,2,0,0,0,0,0,0,0,0,0
MB,2,1490,1986,7,3,0,0,9,4,0,0,0,0,0,0,0,0,0
MB,2,1490,1987,1,1,0,0,0,1,0,0,0,0,0,0,0,0,0
MB,2,1490,1988,1,1,0,0,3,2,0,0,0,0,0,0,0,0,0
MB,2,1490,1989,0,1,0,0,1,2,0,0,0,0,0,0,0,0,0
MB,2,1490,1990,0,0,0,0,0,1,0,0,0,0,0,0,0,0,0
MB,2,1490,1991,1,0,0,0,1,1,0,0,0,0,0,1,0,0,1
MB,2,1490,1992,0,3,0,0,2,3,0,0,0,0,0,0,0,0,0
MB,2,1490,1993,1,1,0,0,2,2,0,0,0,0,0,0,0,0,0
MB,2,1490,1994,4,7,0,0,5,5,0,0,0,0,0,0,0,0,0
MB,2,1490,1995,0,1,0,0,2,2,0,0,0,0,0,0,0,0,0
MB,2,1490,1996,5,3,0,0,4,9,0,0,0,0,0,0,0,0,0
MB,2,1490,1997,0,1,0,0,0,1,0,0,0,0,0,0,0,0,0
MB,2,1490,1998,0,0,0,0,3,3,0,0,0,0,0,0,0,0,0
MB,2,1490,1999,2,3,0,0,2,6,0,0,0,0,0,0,0,0,0
MB,2,1490,2001,0,2,0,0,3,5,0,0,0,0,0,0,0,0,0
MB,2,1490,2002,0,0,0,0,1,5,0,0,0,0,0,0,0,0,0
MB,2,1490,2003,0,0,0,0,1,0,0,0,0,0,0,0,0,0,0
MB,2,1490,2005,1,2,0,0,2,2,0,0,0,0,0,0,0,0,0
MB,2,1490,2006,1,1,0,0,0,0,0,0,0,0,0,0,0,0,0
MB,2,1490,2007,0,0,0,0,2,0,0,0,0,0,0,0,0,0,0
MB,2,1490,2009,3,5,0,0,0,3,0,0,0,0,0,0,0,0,0
MB,2,1490,2010,0,0,0,0,0,2,0,0,0,0,0,0,0,0,0
MB,2,1490,2012,0,5,0,1,1,0,0,0,0,0,0,0,0,0,0
MB,2,1490,2013,0,1,0,0,3,2,0,0,0,0,0,0,0,0,0
MB,2,1490,2014,1,0,0,0,2,8,0,0,0,0,0,0,0,0,0
MB,2,1490,2015,0,0,0,0,0,1,0,0,0,0,0,0,0,0,0
MB,2,1490,2017,0,0,0,0,4,4,0,0,0,0,0,0,0,0,0
MB,2,1490,2019,0,0,0,0,0,1,0,0,0,0,0,0,0,0,0
MB,2,1490,2020,1,0,0,0,0,0,0,0,0,0,0,0,0,0,0
MB,2,1490,2023,0,0,0,0,0,1,0,0,0,0,0,0,0,0,0
MB,2,1490,2024,0,0,0,0,2,3,0,0,0,0,0,0,0,0,0
MB,2,1500,1976,0,1,0,0,0,1,0,1,0,0,0,0,0,0,2
MB,2,1500,1977,1,0,0,0,0,1,0,4,0,0,0,0,0,0,4
MB,2,1500,1978,0,0,0,0,2,1,0,0,0,0,0,0,0,0,1
MB,2,1500,1979,1,0,0,0,5,3,0,0,0,0,0,0,0,0,2
MB,2,1500,1980,2,2,0,0,6,5,0,0,0,0,0,0,0,0,0
MB,2,1500,1981,0,0,0,0,2,1,0,0,0,0,0,0,0,0,1
MB,2,1500,1982,0,0,0,0,11,4,0,0,0,0,0,0,0,0,1
MB,2,1500,1983,0,0,0,0,7,1,0,0,0,0,0,0,1,0,0
MB,2,1500,1984,0,0,0,0,5,6,0,0,0,0,0,0,0,0,0
MB,2,1500,1985,0,0,0,0,5,4,0,0,0,0,0,0,0,0,0
MB,2,1500,1986,1,1,0,0,4,5,0,0,0,0,0,0,0,0,0
MB,2,1500,1987,0,0,0,0,0,5,0,0,0,0,0,1,0,0,1
MB,2,1500,1988,0,0,0,0,1,0,0,0,0,0,0,0,0,0,0
MB,2,1500,1990,0,0,0,0,4,0,0,0,0,0,0,0,0,0,0
MB,2,1500,1991,2,0,0,0,14,8,0,1,0,0,0,0,0,0,2
MB,2,1500,1992,1,1,0,0,8,5,0,0,0,0,0,0,0,0,1
MB,2,1500,1993,0,2,0,0,0,2,0,0,0,0,0,0,0,0,0
MB,2,1500,1994,0,0,0,0,2,6,0,0,0,0,0,0,0,0,0
MB,2,1500,1995,2,2,0,0,2,0,0,0,0,0,0,0,0,0,0
MB,2,1500,1996,1,0,0,0,0,0,0,0,0,0,0,0,0,0,0
MB,2,1500,1998,0,0,0,0,1,3,0,0,0,0,0,0,0,0,0
MB,2,1500,1999,0,0,0,0,1,1,0,0,0,0,0,0,0,0,2
MB,2,1500,2000,1,0,0,0,1,1,0,1,0,0,0,0,0,0,0
MB,2,1500,2001,0,0,0,0,1,0,0,0,0,0,0,0,0,0,0
MB,2,1500,2002,0,0,0,0,0,2,0,0,0,0,0,0,0,0,0
MB,2,1500,2003,0,0,0,0,1,1,0,0,0,0,0,0,0,0,0
MB,2,1500,2004,0,0,0,0,1,1,0,0,0,0,0,0,0,0,0
MB,2,1500,2005,1,0,0,0,2,0,0,0,0,0,0,0,0,0,0
MB,2,1500,2006,1,0,0,0,0,1,0,0,0,0,0,0,0,0,0
MB,2,1500,2007,0,0,0,0,9,6,0,0,0,0,0,0,0,0,0
MB,2,1500,2008,0,0,0,0,1,0,0,0,0,0,0,0,0,0,0
MB,2,1500,2009,0,0,0,0,1,1,0,0,0,0,0,0,0,0,0
MB,2,1500,2010,0,0,0,0,1,0,0,0,0,0,0,0,0,0,0
MB,2,1500,2012,0,0,0,0,9,0,0,0,0,0,0,0,0,0,0
MB,2,1500,2013,1,0,0,0,2,1,0,0,0,0,0,0,0,0,0
MB,2,1500,2016,1,0,0,0,0,0,0,0,0,0,0,0,0,0,0
MB,2,1500,2017,0,0,0,0,1,4,0,0,0,0,0,0,0,0,0
MB,2,1500,2018,0,2,0,0,1,0,0,0,0,0,0,0,0,0,0
MB,2,1500,2020,2,0,0,0,3,2,0,0,0,0,0,0,0,0,0
MB,2,1500,2021,0,0,0,0,2,0,0,0,0,0,0,0,0,0,0
MB,2,1500,2022,0,0,0,0,1,0,0,0,0,0,0,0,0,0,0
MB,2,1500,2024,0,1,0,0,0,1,0,0,0,0,0,0,0,0,0
MB,2,1510,1976,1,1,0,0,3,4,0,0,0,0,0,0,0,0,0
MB,2,1510,1978,0,0,0,0,1,2,0,0,0,0,0,0,0,0,0
MB,2,1510,1979,0,2,0,0,2,1,0,0,0,0,0,0,0,0,1
MB,2,1510,1980,0,0,0,0,2,1,0,0,0,0,0,0,0,0,0
MB,2,1510,1981,2,0,0,0,0,2,0,0,0,0,0,0,0,0,0
MB,2,1510,1982,0,0,0,0,2,2,0,0,0,0,0,0,0,0,2
MB,2,1510,1983,0,0,0,0,0,1,0,0,0,0,0,0,0,0,0
MB,2,1510,1984,3,0,0,0,4,8,0,1,0,0,0,0,0,0,0
MB,2,1510,1985,0,0,0,0,0,4,0,0,0,0,0,0,0,0,0
MB,2,1510,1986,0,0,0,0,1,0,0,0,0,0,0,0,0,0,0
MB,2,1510,1987,0,0,0,0,1,0,0,0,0,0,0,0,0,0,0
MB,2,1510,1988,0,0,0,0,1,0,0,0,0,0,0,0,0,0,0
MB,2,1510,1989,0,1,0,0,0,0,0,0,0,0,0,0,0,0,0
MB,2,1510,1990,0,0,0,0,1,0,0,0,0,0,0,0,0,0,0
MB,2,1510,1992,0,1,0,0,0,1,0,0,0,0,0,0,0,0,0
MB,2,1510,1993,0,0,0,0,0,1,0,0,0,0,0,0,0,0,0
MB,2,1510,1994,0,0,0,0,0,2,0,0,0,0,0,0,0,0,0
MB,2,1510,1996,0,1,0,0,0,1,0,0,0,0,0,0,0,0,0
MB,2,1510,1998,0,1,0,0,0,0,0,0,0,0,0,0,0,0,0
MB,2,1510,1999,1,0,0,0,2,1,0,0,0,0,0,0,0,0,0
MB,2,1510,2000,0,1,0,0,0,1,0,0,0,0,0,0,0,0,0
MB,2,1510,2002,0,0,0,0,1,0,0,0,0,0,0,0,0,0,0
MB,2,1510,2005,1,0,0,0,1,1,0,0,0,0,0,0,0,0,0
MB,2,1510,2006,0,0,0,0,5,2,0,0,0,0,0,0,0,0,0
MB,2,1510,2007,0,1,0,0,1,0,0,0,0,0,0,0,0,0,0
MB,2,1510,2009,0,0,0,0,0,1,0,0,0,0,0,0,0,0,0
MB,2,1510,2010,0,0,0,0,1,1,0,0,0,0,0,0,0,0,0
MB,2,1510,2011,0,0,0,0,2,0,0,0,0,0,0,0,0,0,0
MB,2,1510,2013,1,0,0,0,0,3,0,0,0,0,0,0,0,0,0
MB,2,1510,2014,0,0,0,0,0,1,0,0,0,0,0,0,0,0,0
MB,2,1510,2015,0,0,0,0,0,1,0,0,0,0,0,0,0,0,0
MB,2,1510,2017,0,1,0,0,0,0,0,0,0,0,0,0,0,0,0
MB,2,1510,2018,0,1,0,0,0,0,0,0,0,0,0,0,0,0,0
MB,2,1510,2020,0,0,0,0,1,0,0,0,0,0,0,0,0,0,0
MB,2,1520,1981,1,0,0,0,0,0,0,0,0,0,0,0,0,0,0
MB,2,1530,1976,0,0,0,0,1,0,0,2,0,0,0,0,0,0,0
MB,2,1530,1977,0,0,0,0,0,1,0,0,0,0,0,0,0,0,2
MB,2,1530,1978,1,1,0,0,0,0,0,0,0,0,0,0,0,0,0
MB,2,1530,1980,0,0,0,0,1,1,0,0,0,0,0,0,0,0,0
MB,2,1530,1981,0,1,0,0,0,0,0,0,0,0,0,0,0,0,0
MB,2,1530,1982,0,1,0,0,1,2,0,0,0,0,0,0,0,0,0
MB,2,1530,1983,0,0,0,0,4,2,0,0,0,0,0,0,0,0,0
MB,2,1530,1984,0,1,0,0,4,1,0,0,0,0,0,0,0,0,0
MB,2,1530,1985,1,1,0,0,0,0,0,1,0,0,0,0,0,0,0
MB,2,1530,1986,0,0,0,0,3,5,0,0,0,0,0,0,0,0,0
MB,2,1530,1987,0,0,0,0,0,1,0,0,0,0,0,0,0,0,0
MB,2,1530,1990,0,0,0,0,0,1,0,0,0,0,0,0,0,0,0
MB,2,1530,1991,1,0,0,0,1,0,0,0,0,0,0,0,0,0,1
MB,2,1530,1992,0,1,0,0,3,0,0,0,0,0,0,0,0,0,0
MB,2,1530,1993,0,0,0,0,0,1,0,0,0,0,0,0,0,0,0
MB,2,1530,1994,1,0,0,0,2,0,0,0,0,0,0,0,0,0,0
MB,2,1530,1995,0,1,0,0,0,0,0,0,0,0,0,0,0,0,0
MB,2,1530,1996,1,0,0,0,1,2,0,0,0,0,0,0,0,0,0
MB,2,1530,1997,0,0,0,0,1,0,0,0,0,0,0,0,0,0,0
MB,2,1530,2000,0,0,0,0,2,0,0,0,0,0,0,0,0,0,0
MB,2,1530,2001,0,0,0,0,1,1,0,0,0,0,0,0,0,0,0
MB,2,1530,2002,0,1,0,0,3,0,0,0,0,0,0,0,0,0,0
MB,2,1530,2004,0,1,0,0,0,1,0,0,0,0,0,0,0,0,0
MB,2,1530,2009,1,1,0,0,0,0,0,0,0,0,0,0,0,0,0
MB,2,1530,2010,0,0,0,0,1,0,0,0,0,0,0,0,0,0,0
MB,2,1530,2012,0,1,0,0,0,0,0,0,0,0,0,0,0,0,0
MB,2,1530,2013,0,0,0,0,0,1,0,0,0,0,0,0,0,0,0
MB,2,1530,2018,0,1,0,0,0,0,0,0,0,0,0,0,0,0,0
MB,2,1530,2019,0,1,0,0,0,1,0,0,0,0,0,0,0,0,0
MB,2,1530,2020,0,0,0,0,0,3,0,0,0,0,0,0,0,0,0
MB,2,1530,2021,0,0,0,0,1,0,0,0,0,0,0,0,0,0,0
MB,2,1540,1978,0,0,0,0,0,0,0,1,0,0,0,0,0,0,0
MB,2,1540,1980,1,0,0,0,0,0,0,1,0,0,0,0,0,0,0
MB,2,1540,1981,0,0,0,0,0,0,0,0,0,0,0,0,0,0,1
MB,2,1590,1987,0,0,0,0,0,1,0,0,0,0,0,0,0,0,0
MB,2,1590,2008,0,0,0,0,0,0,0,1,0,0,0,0,0,0,0
MB,2,1620,1980,1,0,0,0,0,0,0,0,0,0,0,0,0,0,0
MB,2,1630,1984,0,0,0,0,0,0,0,1,0,0,0,0,0,0,0
MB,2,1630,1987,0,0,0,0,1,0,0,0,0,0,0,0,0,0,0
MB,2,1630,1993,0,0,0,0,1,0,0,0,0,0,0,0,0,0,0
MB,2,1630,1994,0,0,0,0,0,0,0,1,0,0,0,0,0,0,0
MB,2,1650,1990,0,0,0,0,0,1,0,1,0,0,0,0,0,0,0
MB,2,1650,1993,0,0,0,0,0,1,0,0,0,0,0,0,0,0,0
MB,2,1660,1980,0,0,0,0,0,0,0,0,0,0,0,0,0,0,1
MB,2,1660,1981,1,0,0,0,0,0,0,1,0,0,0,0,0,0,0
MB,2,1660,1982,0,0,0,0,0,0,0,2,0,0,0,0,0,0,0
MB,2,1660,1984,1,0,0,0,0,0,0,0,0,0,0,0,0,0,0
MB,2,1660,1993,0,0,0,0,1,0,0,0,0,0,0,0,0,0,0
MB,2,1670,1985,0,0,0,0,0,0,0,3,0,0,0,0,0,0,0
MB,2,1670,1988,1,0,0,0,0,0,0,0,0,0,0,0,0,0,0
MB,2,1670,2001,0,0,0,0,0,0,0,2,0,0,0,0,0,0,0
MB,2,1670,2007,0,0,0,0,0,0,0,1,0,0,0,0,0,0,0
MB,2,1692,1976,0,0,0,6,0,0,0,5,0,0,0,0,0,0,1
MB,2,1692,1977,0,0,0,9,0,0,0,8,0,0,0,0,0,0,0
MB,2,1692,1978,0,0,0,15,0,0,0,5,0,0,0,0,0,0,1
MB,2,1692,1979,0,0,0,16,0,0,0,31,0,0,0,0,0,0,2
MB,2,1692,1980,0,0,0,3,0,0,0,2,0,0,0,0,0,0,4
MB,2,1692,1981,0,0,0,12,0,0,0,27,0,0,0,0,0,0,9
MB,2,1692,1982,0,0,0,19,0,0,0,12,0,0,0,0,0,0,2
MB,2,1692,1983,0,0,0,27,0,19,0,5,0,0,0,0,0,0,6
MB,2,1692,1984,0,0,0,23,0,0,0,25,0,0,0,0,0,0,0
MB,2,1692,1985,0,0,0,27,0,0,0,20,0,0,0,0,0,0,0
MB,2,1692,1986,0,0,0,11,0,0,0,11,0,0,0,0,0,0,0
MB,2,1692,1987,0,0,0,11,0,0,0,0,0,0,0,0,0,0,0
MB,2,1692,1988,0,0,0,11,0,0,0,19,0,0,0,0,0,0,0
MB,2,1692,1989,0,0,0,36,0,0,0,34,0,0,0,0,0,0,0
MB,2,1692,1990,0,0,0,17,0,0,0,16,0,0,0,0,0,0,0
MB,2,1692,1991,0,0,0,7,0,0,0,19,0,0,0,0,0,0,1
MB,2,1692,1992,0,0,0,14,0,0,0,9,0,0,0,0,0,0,0
MB,2,1692,1993,0,0,0,8,0,0,0,14,0,0,0,0,0,0,0
MB,2,1692,1994,0,0,0,8,0,0,0,17,0,0,0,0,0,0,0
MB,2,1692,1995,0,0,0,11,0,0,0,21,0,0,0,0,0,0,1
MB,2,1692,1996,0,0,0,6,0,0,0,14,0,0,0,0,0,0,0
MB,2,1692,1997,0,0,0,13,0,0,0,19,0,0,0,0,0,0,0
MB,2,1692,1998,0,0,0,10,0,0,0,19,0,0,0,0,0,0,0
MB,2,1692,1999,0,0,0,2,0,0,0,4,0,0,0,0,0,0,0
MB,2,1692,2000,0,0,0,4,0,0,0,3,0,0,0,0,0,0,2
MB,2,1692,2001,0,0,0,4,0,0,0,3,0,0,0,0,0,0,0
MB,2,1692,2002,0,0,0,11,0,0,0,10,0,0,0,0,0,0,0
MB,2,1692,2003,0,0,0,6,0,0,0,4,0,0,0,0,0,0,0
MB,2,1692,2004,0,0,0,22,0,0,0,25,0,0,0,0,0,0,0
MB,2,1692,2005,0,0,0,11,0,0,0,12,0,0,0,0,0,0,0
MB,2,1692,2006,0,0,0,7,0,0,0,11,0,0,0,0,0,0,0
MB,2,1692,2007,0,0,0,10,0,0,0,15,0,0,0,0,0,0,0
MB,2,1692,2008,0,0,0,34,0,0,0,43,0,0,0,0,0,0,0
MB,2,1692,2009,0,0,0,3,0,0,0,0,0,0,0,0,0,0,0
MB,2,1692,2010,0,0,0,1,0,0,0,0,0,0,0,0,0,0,0
MB,2,1692,2011,0,0,0,2,0,0,0,2,0,0,0,0,0,0,0
MB,2,1692,2012,0,0,0,0,0,0,0,3,0,0,0,0,0,0,0
MB,2,1692,2013,0,0,0,1,0,0,0,0,0,0,0,0,0,0,0
MB,2,1692,2014,0,0,0,4,0,0,0,3,0,0,0,0,0,0,0
MB,2,1692,2016,0,0,0,6,0,0,0,10,0,0,0,0,0,0,0
MB,2,1692,2017,0,0,0,1,0,0,0,1,0,0,0,0,0,0,0
MB,2,1692,2018,0,0,0,5,0,0,0,4,0,0,0,0,0,0,0
MB,2,1692,2019,0,0,0,2,0,0,0,4,0,1,0,0,0,0,0
MB,2,1692,2020,0,0,0,8,0,0,0,6,0,0,0,0,0,0,0
MB,2,1692,2021,0,0,0,1,0,0,0,2,0,0,0,0,0,0,0
MB,2,1692,2022,0,0,0,3,0,0,0,0,0,0,0,0,0,0,0
MB,2,1692,2024,0,0,0,6,0,0,0,6,0,0,0,0,0,0,0
MB,2,1693,1976,0,0,0,4,0,0,0,0,0,0,0,0,0,0,0
MB,2,1693,1977,0,0,0,7,0,0,0,6,0,0,0,0,0,0,1
MB,2,1693,1978,0,0,0,12,0,0,0,4,0,0,0,0,0,0,1
MB,2,1693,1979,0,0,0,7,0,0,0,11,0,0,0,0,0,0,0
MB,2,1693,1980,0,0,0,0,0,0,0,1,0,0,0,0,0,0,0
MB,2,1693,1981,0,0,0,9,0,0,0,9,0,0,0,0,0,0,0
MB,2,1693,1982,0,0,0,19,0,0,0,15,0,0,0,0,0,0,6
MB,2,1693,1983,0,0,0,12,0,4,0,0,0,0,0,0,0,0,6
MB,2,1693,1984,0,0,0,6,0,0,0,15,0,0,0,0,0,0,1
MB,2,1693,1985,0,0,0,16,0,0,0,23,0,0,0,0,0,0,0
MB,2,1693,1986,0,0,0,8,0,0,0,2,0,0,0,0,0,0,0
MB,2,1693,1987,0,0,0,6,0,0,0,6,0,0,0,0,0,0,0
MB,2,1693,1988,0,0,0,9,0,0,0,9,0,0,0,0,0,0,0
MB,2,1693,1989,0,0,0,19,0,0,0,26,0,0,0,0,0,0,0
MB,2,1693,1990,0,0,0,11,0,0,0,22,0,0,0,0,0,0,0
MB,2,1693,1991,0,0,0,8,0,0,0,18,0,0,0,0,0,0,1
MB,2,1693,1992,0,0,0,15,0,0,0,9,0,0,0,0,0,0,0
MB,2,1693,1993,0,0,0,12,0,0,0,28,0,0,0,0,0,0,0
MB,2,1693,1994,0,0,0,8,0,0,0,12,0,0,0,0,0,0,0
MB,2,1693,1995,0,0,0,14,0,0,0,18,0,0,0,0,0,0,1
MB,2,1693,1996,0,0,0,9,0,0,0,6,0,0,0,0,0,0,0
MB,2,1693,1997,0,0,0,14,0,0,0,25,0,0,0,0,0,0,0
MB,2,1693,1998,0,0,0,6,0,0,0,10,0,0,0,0,0,0,0
MB,2,1693,1999,0,0,0,5,0,0,0,3,0,0,0,0,0,0,0
MB,2,1693,2000,0,0,0,4,0,0,0,4,0,0,0,0,0,0,0
MB,2,1693,2001,0,0,0,10,0,0,0,9,0,0,0,0,0,0,0
MB,2,1693,2002,0,0,0,12,0,0,0,8,0,0,0,0,0,0,0
MB,2,1693,2003,0,0,0,16,0,0,0,12,0,0,0,0,0,0,0
MB,2,1693,2004,0,0,0,13,0,0,0,8,0,0,0,0,0,0,0
MB,2,1693,2005,0,0,0,12,0,0,0,9,0,0,0,0,0,0,0
MB,2,1693,2006,0,0,0,12,0,0,0,19,0,0,0,0,0,0,0
MB,2,1693,2007,0,0,0,23,0,0,0,19,0,0,0,0,0,0,0
MB,2,1693,2008,0,0,0,25,0,0,0,37,0,0,0,0,0,0,0
MB,2,1693,2009,0,0,0,3,0,0,0,2,0,0,0,0,0,0,0
MB,2,1693,2010,0,0,0,1,0,0,0,3,0,0,0,0,0,0,0
MB,2,1693,2011,0,0,0,4,0,0,0,5,0,0,0,0,0,0,0
MB,2,1693,2012,0,0,0,1,0,0,0,5,0,0,0,0,0,0,0
MB,2,1693,2013,0,0,0,4,0,0,0,2,0,0,0,0,0,0,0
MB,2,1693,2014,0,0,0,2,0,0,0,4,0,0,0,0,0,0,0
MB,2,1693,2016,0,0,0,6,0,0,0,13,0,0,0,0,0,0,0
MB,2,1693,2017,0,0,0,2,0,0,0,7,0,0,0,0,0,0,0
MB,2,1693,2018,0,0,0,2,0,0,0,1,0,0,0,0,0,0,0
MB,2,1693,2019,0,0,0,0,0,0,0,5,0,0,0,0,0,0,0
MB,2,1693,2020,0,0,0,11,0,0,0,11,0,0,0,0,0,0,0
MB,2,1693,2021,0,0,0,0,0,0,0,1,0,0,0,0,0,0,0
MB,2,1693,2022,0,0,0,2,0,0,0,1,0,0,0,0,0,0,0
MB,2,1693,2024,0,0,0,2,0,0,0,1,0,0,0,0,0,0,0
MB,2,1700,1978,0,0,0,1,0,0,0,0,0,0,0,0,0,0,0
MB,2,1700,1979,0,0,0,0,0,0,0,2,0,0,0,0,0,0,0
MB,2,1700,1981,0,0,0,1,0,0,0,1,0,0,0,0,0,0,0
MB,2,1700,1984,0,0,0,1,0,0,0,0,0,0,0,0,0,0,0
MB,2,1700,1986,0,0,0,0,0,0,0,2,0,0,0,0,0,0,0
MB,2,1700,1988,0,0,0,0,0,0,0,2,0,0,0,0,0,0,0
MB,2,1700,1989,0,0,0,1,0,0,0,0,0,0,0,0,0,0,0
MB,2,1700,1990,0,0,0,0,0,0,0,1,0,0,0,0,0,0,0
MB,2,1700,1992,0,0,0,0,0,0,0,5,0,0,0,0,0,0,0
MB,2,1700,1994,0,0,0,2,0,0,0,1,0,0,0,0,0,0,0
MB,2,1700,1995,0,0,0,8,0,0,0,13,0,0,0,0,0,0,0
MB,2,1700,1996,0,0,0,1,0,0,0,1,0,0,0,0,0,0,0
MB,2,1700,1998,0,0,0,1,0,0,0,3,0,0,0,0,0,0,0
MB,2,1700,2000,0,0,0,1,0,0,0,2,0,0,0,0,0,0,0
MB,2,1700,2001,0,0,0,1,0,0,0,0,0,0,0,0,0,0,0
MB,2,1700,2002,0,0,0,1,0,0,0,2,0,0,0,0,0,0,0
MB,2,1700,2003,0,0,0,2,0,0,0,2,0,0,0,0,0,0,0
MB,2,1700,2004,0,0,0,3,0,0,0,9,0,0,0,0,0,0,0
MB,2,1700,2005,0,0,0,2,0,0,0,7,0,0,0,0,0,0,0
MB,2,1700,2006,0,0,0,0,0,0,0,1,0,0,0,0,0,0,0
MB,2,1700,2007,0,0,0,9,0,0,0,14,0,0,0,0,0,0,0
MB,2,1700,2008,0,0,0,10,0,0,0,42,0,0,0,0,0,0,0
MB,2,1700,2009,0,0,0,1,0,0,0,0,0,0,0,0,0,0,0
MB,2,1700,2010,0,0,0,1,0,0,0,0,0,0,0,0,0,0,0
MB,2,1700,2011,0,0,0,1,0,0,0,4,0,0,0,0,0,0,0
MB,2,1700,2012,0,0,0,0,0,0,0,12,0,0,0,0,0,0,0
MB,2,1700,2013,0,0,0,0,0,0,0,3,0,0,0,0,0,0,0
MB,2,1700,2016,0,0,0,3,0,0,0,20,0,0,0,0,0,0,0
MB,2,1700,2017,0,0,0,0,0,0,0,1,0,0,0,0,0,0,0
MB,2,1700,2018,0,0,0,1,0,0,0,2,0,0,0,0,0,0,0
MB,2,1700,2019,0,0,0,0,0,0,0,3,0,0,0,0,0,0,0
MB,2,1700,2020,0,0,0,1,0,0,0,5,0,0,0,0,0,0,0
MB,2,1700,2022,0,0,0,2,0,0,0,5,0,0,0,0,0,0,0
MB,2,1700,2024,0,0,0,2,0,0,0,2,0,0,0,0,0,0,0
MB,2,1710,1976,0,0,0,0,0,0,0,2,0,0,0,0,0,0,0
MB,2,1710,1978,0,0,0,0,0,0,0,0,0,0,0,0,0,0,1
MB,2,1710,1980,0,0,0,0,0,0,0,0,0,0,0,0,0,0,1
MB,2,1710,1981,0,0,0,0,0,0,0,0,0,0,0,0,0,0,2
MB,2,1710,1989,0,0,0,0,0,0,0,1,0,0,0,0,0,0,0
MB,2,1710,1990,0,0,0,0,0,0,0,1,0,0,0,0,0,0,0
MB,2,1710,1991,0,0,0,1,0,0,0,1,0,0,0,0,0,0,0
MB,2,1710,1992,0,0,0,1,0,0,0,0,0,0,0,0,0,0,0
MB,2,1710,1995,0,0,0,0,0,0,0,1,0,0,0,0,0,0,0
MB,2,1710,1998,0,0,0,0,0,0,0,1,0,0,0,0,0,0,0
MB,2,1710,2004,0,0,0,1,0,0,0,2,0,0,0,0,0,0,0
MB,2,1710,2007,0,0,0,1,0,0,0,0,0,0,0,0,0,0,0
MB,2,1710,2008,0,0,0,0,0,0,0,2,0,0,0,0,0,0,0
MB,2,1710,2011,0,0,0,0,0,0,0,1,0,0,0,0,0,0,0
MB,2,1710,2022,0,0,0,1,0,0,0,0,0,0,0,0,0,0,0
MB,2,1721,1976,0,0,0,3,0,0,0,22,0,0,0,0,0,0,2
MB,2,1721,1977,0,0,0,7,0,0,0,15,0,0,0,0,0,0,4
MB,2,1721,1978,0,0,0,7,0,0,0,13,0,0,0,0,0,0,0
MB,2,1721,1979,0,0,0,16,0,0,0,48,0,0,0,0,0,0,3
MB,2,1721,1980,0,0,0,2,0,0,0,7,0,0,0,0,0,0,3
MB,2,1721,1981,0,0,0,0,0,0,0,6,0,0,0,0,0,0,1
MB,2,1721,1982,0,0,0,6,0,0,0,11,0,0,0,0,0,0,5
MB,2,1721,1983,0,0,0,15,0,12,0,1,0,0,0,0,0,0,11
MB,2,1721,1984,0,0,0,19,0,0,0,21,0,0,0,0,0,0,0
MB,2,1721,1985,0,0,0,4,0,0,0,24,0,0,0,0,0,0,0
MB,2,1721,1986,0,0,0,4,0,0,0,4,0,0,0,0,0,0,0
MB,2,1721,1987,0,0,0,1,0,0,0,2,0,0,0,0,0,0,0
MB,2,1721,1988,0,0,0,9,0,0,0,3,0,0,0,0,0,0,0
MB,2,1721,1989,0,0,0,9,0,0,0,20,0,0,0,0,0,0,0
MB,2,1721,1990,0,0,0,5,0,0,0,10,0,0,0,0,0,0,0
MB,2,1721,1991,0,0,0,2,0,0,0,9,0,0,0,0,0,0,0
MB,2,1721,1992,0,0,0,3,0,0,0,3,0,0,0,0,0,0,0
MB,2,1721,1993,0,0,0,4,0,0,0,12,0,0,0,0,0,0,0
MB,2,1721,1994,0,0,0,7,0,0,0,3,0,0,0,0,0,0,0
MB,2,1721,1995,0,0,0,4,0,0,0,6,0,0,0,0,0,0,0
MB,2,1721,1996,0,0,0,14,0,0,0,14,0,0,0,0,0,0,0
MB,2,1721,1997,0,0,0,13,0,0,0,9,0,0,0,0,0,0,0
MB,2,1721,1998,0,0,0,4,0,0,0,12,0,0,0,0,0,0,0
MB,2,1721,1999,0,0,0,2,0,0,0,3,0,0,0,0,0,0,0
MB,2,1721,2000,0,0,0,18,0,0,0,12,0,0,0,0,0,0,0
MB,2,1721,2001,0,0,0,5,0,0,0,1,0,0,0,0,0,0,0
MB,2,1721,2002,0,0,0,2,0,0,0,5,0,0,0,0,0,0,0
MB,2,1721,2003,0,0,0,5,0,0,0,7,0,0,0,0,0,0,0
MB,2,1721,2004,0,0,0,4,0,0,0,0,0,0,0,0,0,0,0
MB,2,1721,2005,0,0,0,11,0,0,0,15,0,0,0,0,0,0,0
MB,2,1721,2006,0,0,0,5,0,0,0,14,0,0,0,0,0,0,0
MB,2,1721,2007,0,0,0,25,0,0,0,14,0,0,0,0,0,0,0
MB,2,1721,2008,0,0,0,11,0,0,0,17,0,0,0,0,0,0,0
MB,2,1721,2009,0,0,0,4,0,0,0,3,0,0,0,0,0,0,0
MB,2,1721,2010,0,0,0,3,0,0,0,1,0,1,0,0,0,0,0
MB,2,1721,2011,0,0,0,2,0,0,0,2,0,0,0,0,0,0,0
MB,2,1721,2012,0,0,0,0,0,0,0,2,0,0,0,0,0,0,0
MB,2,1721,2013,0,0,0,0,0,0,0,1,0,0,0,0,0,0,0
MB,2,1721,2014,0,0,0,0,0,0,0,4,0,0,0,0,0,0,0
MB,2,1721,2015,0,0,0,2,0,0,0,1,0,0,0,0,0,0,0
MB,2,1721,2016,0,0,0,0,0,0,0,4,0,0,0,0,0,0,0
MB,2,1721,2017,0,0,0,4,0,0,0,4,0,0,0,0,0,0,0
MB,2,1721,2018,0,0,0,2,0,0,0,0,0,0,0,0,0,0,0
MB,2,1721,2019,0,0,0,0,0,0,0,5,0,0,0,0,0,0,0
MB,2,1721,2020,0,0,0,2,0,0,0,9,0,0,0,0,0,0,0
MB,2,1721,2021,0,0,0,7,0,0,0,4,0,0,0,0,0,0,0
MB,2,1721,2022,0,0,0,3,0,0,0,1,0,0,0,0,0,0,0
MB,2,1721,2024,0,0,0,2,0,0,0,0,0,0,0,0,0,0,0
MB,2,1722,1976,0,0,0,59,0,0,0,51,0,0,0,0,0,0,3
MB,2,1722,1977,0,0,0,67,0,0,0,37,0,0,0,0,0,0,14
MB,2,1722,1978,0,0,0,59,0,0,0,53,0,0,0,0,0,0,1
MB,2,1722,1979,0,0,0,100,0,0,0,56,0,0,0,0,0,0,17
MB,2,1722,1980,0,0,0,8,0,0,0,11,0,0,0,0,0,0,6
MB,2,1722,1981,0,0,0,19,0,0,0,14,0,0,0,0,0,0,10
MB,2,1722,1982,0,0,0,56,0,0,0,12,0,0,0,0,0,0,9
MB,2,1722,1983,1,0,0,64,0,15,0,8,0,0,0,0,0,0,13
MB,2,1722,1984,0,0,0,43,0,1,0,36,0,0,0,0,0,0,2
MB,2,1722,1985,0,0,0,64,0,0,0,78,0,0,0,0,0,0,1
MB,2,1722,1986,0,0,0,57,0,0,0,31,0,0,0,0,0,0,1
MB,2,1722,1987,0,0,0,67,0,0,0,33,0,0,0,0,0,0,0
MB,2,1722,1988,0,0,0,21,0,0,0,16,0,0,0,0,0,0,0
MB,2,1722,1989,0,0,0,63,0,0,0,39,0,0,0,0,0,0,0
MB,2,1722,1990,0,0,0,84,0,0,0,33,0,0,0,0,0,0,0
MB,2,1722,1991,0,0,0,41,0,0,0,9,0,0,0,0,0,0,0
MB,2,1722,1992,0,0,0,65,0,0,0,30,0,0,0,0,0,0,0
MB,2,1722,1993,0,0,0,72,0,0,0,43,0,0,0,0,0,0,0
MB,2,1722,1994,0,0,0,48,0,0,0,6,0,0,0,0,0,0,0
MB,2,1722,1995,0,0,0,65,0,0,0,22,0,0,0,0,0,0,0
MB,2,1722,1996,0,0,0,96,1,0,0,25,0,0,0,0,0,0,2
MB,2,1722,1997,0,0,0,100,0,0,0,17,0,0,0,0,0,0,1
MB,2,1722,1998,0,0,0,60,0,0,0,12,0,0,0,0,0,0,3
MB,2,1722,1999,0,0,0,43,0,0,0,7,0,0,0,0,0,0,0
MB,2,1722,2000,0,0,0,68,0,0,0,5,0,0,0,0,0,0,0
MB,2,1722,2001,0,0,0,73,0,0,0,15,0,0,0,0,0,0,0
MB,2,1722,2002,0,0,0,57,0,0,0,11,0,0,0,0,0,0,0
MB,2,1722,2003,0,0,0,50,0,0,0,25,0,0,0,0,0,0,0
MB,2,1722,2004,0,0,0,76,0,0,0,36,0,0,0,0,0,0,0
MB,2,1722,2005,0,0,0,67,0,0,0,63,0,0,0,0,0,0,0
MB,2,1722,2006,0,0,0,70,0,0,0,34,0,0,0,0,0,0,0
MB,2,1722,2007,0,0,0,73,0,0,0,15,0,0,0,0,0,0,0
MB,2,1722,2008,0,0,0,60,0,0,0,13,0,0,0,0,0,0,0
MB,2,1722,2009,0,0,0,37,0,0,0,11,0,0,0,0,0,0,0
MB,2,1722,2010,0,0,0,20,0,0,0,12,0,1,0,0,0,0,2
MB,2,1722,2011,0,0,0,28,0,0,0,4,0,0,0,0,0,0,0
MB,2,1722,2012,0,0,0,62,0,0,0,9,0,0,0,0,0,0,0
MB,2,1722,2013,0,0,0,51,0,0,0,11,0,0,0,0,0,0,0
MB,2,1722,2014,0,0,1,5,0,0,2,1,0,0,0,0,0,0,0
MB,2,1722,2015,0,0,0,32,0,0,0,3,0,0,0,0,0,0,0
MB,2,1722,2016,0,0,0,33,0,0,0,10,0,0,0,0,0,0,0
MB,2,1722,2017,0,0,0,40,0,0,0,12,0,0,0,0,0,0,0
MB,2,1722,2018,0,0,0,9,0,0,0,2,0,0,0,0,0,0,0
MB,2,1722,2019,0,0,0,40,0,0,0,5,0,0,0,0,0,0,0
MB,2,1722,2020,0,0,0,22,0,0,0,11,0,0,0,0,0,0,0
MB,2,1722,2021,0,0,1,71,0,0,0,16,0,4,0,0,0,0,0
MB,2,1722,2022,0,0,0,44,0,0,0,10,0,0,0,0,0,0,0
MB,2,1722,2023,0,0,0,10,0,0,0,2,0,0,0,0,0,0,0
MB,2,1722,2024,0,0,0,42,0,0,0,10,0,0,0,0,0,0,0
MB,2,1723,2007,0,0,0,3,0,0,0,0,0,0,0,0,0,0,0
MB,2,2300,2022,0,0,0,1,0,0,0,6,0,0,0,0,0,0,0
MB,NA,1320,1991,0,2,0,0,7,7,0,0,0,0,0,0,1,0,1
MB,NA,1330,1991,1,0,0,0,0,0,0,0,0,0,0,0,0,0,0
MB,NA,1430,1991,0,0,0,0,0,1,0,0,0,0,0,0,0,0,0
MB,NA,1460,1991,0,0,0,0,2,0,0,0,0,0,0,0,0,0,0
MB,NA,1490,1991,1,1,0,0,0,0,0,0,0,0,0,0,0,0,0
MB,NA,1693,1991,0,0,0,3,0,0,0,3,0,0,0,0,0,0,0
MB,NA,1721,1991,0,0,0,2,0,0,0,1,0,0,0,0,0,0,0
MB,NA,1722,1991,0,0,0,10,0,0,0,4,0,0,0,0,0,0,0
NB,1,300,2017,0,0,1,0,0,0,4,0,0,0,0,0,0,0,0
NB,1,310,2017,0,0,1,0,0,0,4,0,0,0,0,0,0,0,0
NB,1,1290,1977,2,0,0,0,0,0,0,3,0,0,0,0,0,0,2
NB,1,1290,1978,1,0,0,0,1,3,0,0,0,0,0,0,0,0,2
NB,1,1290,1979,0,0,0,0,0,0,0,4,0,0,0,0,0,0,1
NB,1,1290,1980,1,1,0,0,5,1,0,0,0,0,0,0,0,0,6
NB,1,1290,1981,3,0,0,0,1,0,0,1,0,0,0,0,0,0,1
NB,1,1290,1982,0,0,0,0,0,0,0,0,0,0,0,0,0,0,1
NB,1,1290,1983,2,0,0,0,2,1,0,0,0,0,0,0,0,0,0
NB,1,1290,1984,2,0,0,0,3,1,0,0,0,0,0,0,0,0,0
NB,1,1290,1985,0,0,0,0,0,0,0,4,0,0,0,0,0,0,0
NB,1,1290,1986,3,2,0,0,0,0,0,6,0,0,0,0,0,0,0
NB,1,1290,1987,2,0,0,0,6,5,0,0,0,0,0,0,0,0,0
NB,1,1290,1988,0,0,0,0,1,4,0,0,0,0,0,0,0,0,0
NB,1,1290,1990,0,0,0,0,1,1,0,0,0,0,0,0,0,0,0
NB,1,1290,1991,1,3,0,0,3,6,0,0,0,0,0,0,0,0,0
NB,1,1290,1992,0,2,0,0,3,4,0,0,0,0,0,0,0,0,0
NB,1,1290,1993,0,1,0,0,2,0,0,0,0,0,0,0,0,0,0
NB,1,1290,1994,0,1,0,0,2,0,0,0,0,0,0,0,0,0,0
NB,1,1290,2001,0,1,0,0,2,3,0,0,0,0,0,0,0,0,0
NB,1,1290,2002,0,1,0,0,0,0,0,0,0,0,0,0,0,0,0
NB,1,1290,2007,1,0,0,0,0,0,0,1,0,0,0,0,0,0,0
NB,1,1290,2008,0,1,0,0,0,0,0,0,0,0,0,0,0,0,0
NB,1,1290,2010,0,0,0,0,1,2,0,0,0,0,0,0,0,0,0
NB,1,1290,2012,0,1,0,0,0,0,0,0,0,0,0,0,0,0,0
NB,1,1290,2013,0,0,0,0,0,1,0,0,0,0,0,0,0,0,0
NB,1,1290,2017,0,1,0,0,2,0,0,0,0,0,0,0,0,0,0
NB,1,1290,2018,0,0,0,0,1,0,0,2,0,0,0,0,0,0,0
NB,1,1290,2023,0,0,0,0,1,0,0,0,0,0,0,0,0,0,0
NB,1,1290,2024,0,2,0,0,0,0,0,0,0,0,0,0,0,0,0
NB,1,1300,1976,1,0,0,0,0,0,0,2,0,0,0,0,0,0,1
NB,1,1300,1978,0,2,0,0,0,0,0,0,0,0,0,0,0,0,0
NB,1,1300,1979,0,0,0,0,0,0,0,1,0,0,0,0,0,0,0
NB,1,1300,1981,0,0,0,0,1,0,0,1,0,0,0,0,0,0,0
NB,1,1300,1982,1,0,0,0,0,0,0,8,0,0,0,0,0,0,2
NB,1,1300,1983,2,1,0,0,0,0,0,2,0,0,0,0,0,0,0
NB,1,1300,1985,0,0,0,0,0,1,0,1,0,0,0,0,0,0,0
NB,1,1300,1986,2,1,0,0,3,5,0,1,0,0,0,0,0,0,0
NB,1,1300,1987,0,1,0,0,0,0,0,0,0,0,0,0,0,0,0
NB,1,1300,1992,0,0,0,0,0,1,0,0,0,0,0,0,0,0,0
NB,1,1300,1995,0,2,0,0,0,0,0,3,0,0,0,0,0,0,0
NB,1,1300,1996,2,0,0,0,0,0,0,2,0,0,0,0,0,0,0
NB,1,1300,1997,0,0,0,0,1,0,0,0,0,0,0,0,0,0,0
NB,1,1300,1999,0,1,0,0,0,1,0,0,0,0,0,0,0,0,0
NB,1,1300,2003,0,0,0,0,0,0,0,5,0,0,0,0,0,0,0
NB,1,1300,2004,0,0,0,0,0,0,0,1,0,0,0,0,0,0,0
NB,1,1300,2007,1,0,0,0,0,0,0,0,0,0,0,0,0,0,0
NB,1,1300,2008,0,2,0,0,0,0,0,0,0,0,0,0,0,0,0
NB,1,1300,2020,0,1,0,0,0,0,0,0,0,0,0,0,0,0,0
NB,1,1300,2021,0,0,0,0,0,0,0,1,0,0,0,0,0,0,0
NB,1,1310,1976,0,1,0,0,0,2,0,4,0,0,0,0,0,0,1
NB,1,1310,1977,0,0,0,0,0,0,0,3,0,0,0,0,0,0,2
NB,1,1310,1978,0,1,0,0,0,3,0,7,0,0,0,0,0,0,2
NB,1,1310,1979,0,1,0,0,0,0,0,15,0,0,0,0,0,0,0
NB,1,1310,1980,1,0,0,0,0,0,0,4,0,0,0,0,0,0,0
NB,1,1310,1981,0,0,0,0,0,1,0,4,0,0,0,0,0,0,1
NB,1,1310,1982,0,0,0,0,0,0,0,3,0,0,0,0,0,0,0
NB,1,1310,1983,1,0,0,0,0,0,0,2,0,0,0,0,0,0,0
NB,1,1310,1984,0,0,0,0,2,3,0,0,0,0,0,0,0,0,0
NB,1,1310,1985,2,1,0,0,0,0,0,3,0,0,0,0,0,0,0
NB,1,1310,1986,4,1,0,0,0,0,0,8,0,0,0,0,0,0,0
NB,1,1310,1987,1,0,0,0,1,1,0,0,0,0,0,0,0,0,0
NB,1,1310,1988,1,1,0,0,2,2,0,0,0,0,0,0,0,0,0
NB,1,1310,1989,0,0,0,0,0,0,0,1,0,0,0,0,0,0,0
NB,1,1310,1990,0,0,0,0,1,0,0,0,0,0,0,0,0,0,0
NB,1,1310,1991,0,0,0,0,3,0,0,0,0,0,0,0,0,0,0
NB,1,1310,1992,0,1,0,0,1,4,0,0,0,0,0,0,0,0,0
NB,1,1310,1993,0,0,0,0,2,3,0,0,0,0,0,0,0,0,0
NB,1,1310,1994,0,1,0,0,2,1,0,3,0,0,0,0,0,0,0
NB,1,1310,1995,0,0,0,0,0,0,0,2,0,0,0,0,0,0,0
NB,1,1310,1996,0,1,0,0,0,0,0,3,0,0,0,0,0,0,0
NB,1,1310,1997,0,0,0,0,0,0,0,2,0,0,0,0,0,0,0
NB,1,1310,1998,0,0,0,0,1,3,0,0,0,0,0,0,0,0,0
NB,1,1310,1999,0,0,0,0,4,5,0,2,0,0,0,0,0,0,0
NB,1,1310,2000,0,0,0,0,0,1,0,1,0,0,0,0,0,0,0
NB,1,1310,2001,0,0,0,0,4,0,0,0,0,0,0,0,0,0,0
NB,1,1310,2002,0,0,0,0,1,1,0,0,0,0,0,0,0,0,0
NB,1,1310,2003,0,1,0,0,0,0,0,11,0,0,0,0,0,0,0
NB,1,1310,2004,0,0,0,0,0,0,0,9,0,0,0,0,0,0,0
NB,1,1310,2005,0,1,0,0,0,0,0,6,0,0,0,0,0,0,0
NB,1,1310,2006,1,0,0,0,0,0,0,6,0,0,0,0,0,0,0
NB,1,1310,2007,0,0,0,0,0,0,0,5,0,0,0,0,0,0,0
NB,1,1310,2008,0,0,0,0,0,0,0,5,0,0,0,0,0,0,0
NB,1,1310,2009,0,0,0,0,0,0,0,1,0,0,0,0,0,0,0
NB,1,1310,2010,0,0,0,0,1,0,0,1,0,0,0,0,0,0,0
NB,1,1310,2011,0,0,0,0,0,1,0,2,0,0,0,0,0,0,0
NB,1,1310,2012,0,0,0,0,1,0,0,0,0,0,0,0,0,0,0
NB,1,1310,2013,0,0,0,0,0,1,0,0,0,0,0,0,0,0,0
NB,1,1310,2014,1,0,0,0,3,0,0,5,0,0,0,0,0,0,0
NB,1,1310,2015,1,0,0,0,1,0,0,3,0,0,0,0,0,0,0
NB,1,1310,2016,0,0,0,0,3,1,0,2,0,0,0,0,0,0,0
NB,1,1310,2017,0,1,0,0,5,1,0,3,0,0,0,0,0,0,0
NB,1,1310,2018,0,0,0,0,1,0,0,0,0,0,0,0,0,0,0
NB,1,1310,2019,0,0,0,0,1,0,0,0,0,0,0,0,0,0,0
NB,1,1310,2020,0,0,0,0,2,1,0,1,0,0,0,0,0,0,0
NB,1,1310,2022,0,0,0,0,0,0,0,2,0,0,0,0,0,0,0
NB,1,1320,1976,1,0,0,0,4,10,0,0,0,0,0,0,0,0,1
NB,1,1320,1977,2,1,0,0,7,4,0,0,0,0,0,0,0,0,2
NB,1,1320,1978,3,3,0,0,6,10,0,0,0,0,0,0,0,0,4
NB,1,1320,1979,8,1,0,0,9,9,0,1,0,0,0,0,0,0,0
NB,1,1320,1980,2,0,0,0,6,15,0,0,0,0,0,0,0,0,1
NB,1,1320,1981,2,2,0,0,8,20,0,0,0,0,0,1,0,0,5
NB,1,1320,1982,0,1,0,0,2,3,0,0,0,0,0,0,0,0,4
NB,1,1320,1983,1,2,0,0,14,7,0,2,0,0,0,0,0,0,1
NB,1,1320,1984,2,1,0,0,4,8,0,0,0,0,0,0,0,0,0
NB,1,1320,1985,3,4,0,0,12,13,0,0,0,0,0,0,0,0,0
NB,1,1320,1986,0,1,0,0,11,8,0,0,0,0,0,0,0,0,0
NB,1,1320,1987,3,3,0,0,18,12,0,0,0,0,0,0,0,0,0
NB,1,1320,1988,2,1,0,1,3,7,0,0,0,0,0,0,0,0,0
NB,1,1320,1989,1,2,0,0,7,11,0,0,0,0,0,0,0,0,1
NB,1,1320,1990,4,6,0,0,12,10,0,0,0,0,0,0,0,0,0
NB,1,1320,1991,7,14,0,0,25,26,0,0,0,0,0,0,0,0,0
NB,1,1320,1992,11,13,0,0,39,33,0,0,0,0,0,0,0,0,0
NB,1,1320,1993,5,5,0,0,22,22,0,1,0,0,0,0,0,0,0
NB,1,1320,1994,2,4,0,0,13,20,0,1,0,0,0,0,0,0,0
NB,1,1320,1995,4,2,0,0,19,31,0,0,0,0,0,0,0,0,0
NB,1,1320,1996,8,3,0,0,29,25,0,1,0,0,0,0,0,0,0
NB,1,1320,1997,6,2,0,0,31,20,0,0,0,0,0,0,0,0,0
NB,1,1320,1998,3,5,0,0,27,28,0,2,0,0,0,0,0,0,0
NB,1,1320,1999,3,5,0,0,18,28,0,2,0,0,0,0,0,0,0
NB,1,1320,2000,10,6,0,0,19,24,0,2,0,0,0,0,0,0,0
NB,1,1320,2001,5,15,0,0,49,55,0,0,0,0,0,0,0,0,0
NB,1,1320,2002,7,6,0,0,38,52,0,4,0,0,0,0,0,0,0
NB,1,1320,2003,12,10,0,0,49,52,0,2,0,0,0,0,0,0,0
NB,1,1320,2004,12,14,0,0,37,40,0,2,0,0,0,1,1,0,1
NB,1,1320,2005,3,11,0,0,32,54,0,2,0,0,0,0,1,0,2
NB,1,1320,2006,11,21,0,0,39,46,0,1,0,0,0,0,0,0,0
NB,1,1320,2007,13,15,0,0,39,46,0,1,0,0,0,0,0,0,0
NB,1,1320,2008,8,14,0,0,46,42,0,3,0,0,0,0,0,0,1
NB,1,1320,2009,4,8,0,0,24,33,0,0,0,0,0,0,0,0,1
NB,1,1320,2010,2,3,0,0,18,24,0,1,0,0,0,0,0,0,0
NB,1,1320,2011,4,2,0,0,22,25,0,0,0,0,0,0,0,0,0
NB,1,1320,2012,6,7,0,0,26,29,0,0,0,0,0,0,0,0,0
NB,1,1320,2013,4,16,0,0,25,27,0,1,0,0,0,0,0,0,0
NB,1,1320,2014,13,8,0,0,32,33,0,3,0,0,0,0,0,0,0
NB,1,1320,2015,4,15,0,0,33,45,0,0,0,0,0,0,0,0,1
NB,1,1320,2016,5,5,0,0,43,33,0,3,0,0,0,0,0,0,0
NB,1,1320,2017,14,38,0,0,35,47,0,0,0,0,0,1,0,0,0
NB,1,1320,2018,15,19,0,0,29,26,0,0,0,0,0,0,1,0,0
NB,1,1320,2019,8,19,0,0,45,44,0,1,0,0,0,0,1,0,0
NB,1,1320,2020,8,12,0,0,49,50,0,0,0,0,0,0,0,0,0
NB,1,1320,2021,4,8,0,0,27,31,0,1,0,0,0,0,0,0,0
NB,1,1320,2022,4,20,0,0,44,43,0,0,0,0,0,0,0,0,0
NB,1,1320,2023,12,18,0,0,44,58,0,0,0,0,0,0,0,0,0
NB,1,1320,2024,9,16,0,0,65,67,0,0,0,0,0,0,0,0,0
NB,1,1321,1976,0,0,0,0,3,2,0,0,0,0,0,0,0,0,0
NB,1,1321,1977,0,1,0,0,0,1,0,0,0,0,0,0,0,0,0
NB,1,1321,1978,2,0,0,0,3,2,0,0,0,0,0,0,0,0,1
NB,1,1321,1979,0,0,0,1,1,1,0,0,0,0,0,0,0,0,1
NB,1,1321,1980,2,1,0,0,2,7,0,0,0,0,0,0,0,0,1
NB,1,1321,1981,0,0,0,0,1,1,0,0,0,0,0,0,0,0,1
NB,1,1321,1982,0,0,0,0,0,3,0,0,0,0,0,0,0,0,0
NB,1,1321,1983,0,1,0,0,3,2,0,0,0,0,0,0,0,0,0
NB,1,1321,1984,1,2,0,0,0,1,0,0,0,0,0,0,0,0,0
NB,1,1321,1985,0,0,0,0,4,1,0,0,0,0,0,0,0,0,0
NB,1,1321,1986,1,2,0,0,1,2,0,0,0,0,0,0,0,0,0
NB,1,1321,1987,0,2,0,0,5,7,0,0,0,0,0,0,0,0,0
NB,1,1321,1988,3,0,0,0,2,5,0,0,0,0,0,0,0,0,0
NB,1,1321,1989,0,4,0,0,3,2,0,0,0,0,0,0,0,0,0
NB,1,1321,1990,2,3,0,0,6,2,0,0,0,0,0,0,0,0,0
NB,1,1321,1991,2,3,0,0,0,4,0,0,0,0,0,0,0,0,0
NB,1,1321,1992,1,3,0,0,10,10,0,0,0,0,0,0,0,0,0
NB,1,1321,1993,2,1,0,0,0,6,0,0,0,0,0,0,0,0,0
NB,1,1321,1994,0,2,0,0,9,5,0,0,0,0,0,0,0,0,0
NB,1,1321,1995,0,1,0,0,5,4,0,0,0,0,0,0,0,0,0
NB,1,1321,1996,1,3,0,0,10,5,0,0,0,0,0,0,0,0,0
NB,1,1321,1997,1,5,0,0,1,2,0,0,0,0,0,0,0,0,0
NB,1,1321,1998,0,0,0,0,3,2,0,0,0,0,0,0,0,0,0
NB,1,1321,1999,0,2,0,0,4,2,0,0,0,0,0,0,0,0,0
NB,1,1321,2000,0,0,0,1,2,5,0,0,0,0,0,0,0,0,0
NB,1,1321,2001,2,0,0,0,1,0,0,0,0,0,0,0,0,0,0
NB,1,1321,2002,1,2,0,0,2,3,0,0,0,0,0,0,0,0,0
NB,1,1321,2003,2,4,0,0,7,6,0,0,0,0,0,0,0,0,0
NB,1,1321,2004,1,2,0,0,2,4,0,0,0,0,0,0,0,0,0
NB,1,1321,2005,2,0,0,0,2,3,0,0,0,0,0,0,0,0,0
NB,1,1321,2006,2,2,0,0,1,0,0,0,0,0,0,0,0,0,0
NB,1,1321,2007,1,1,0,0,7,11,0,0,0,0,0,0,0,0,0
NB,1,1321,2008,0,2,0,0,4,2,0,0,0,0,0,0,0,0,0
NB,1,1321,2009,6,6,0,0,6,3,0,0,0,0,0,0,0,0,0
NB,1,1321,2010,2,2,0,0,1,2,0,0,0,0,0,0,0,0,0
NB,1,1321,2011,0,2,0,0,6,0,0,0,0,0,0,0,0,0,0
NB,1,1321,2012,0,3,0,0,6,3,0,0,0,0,0,0,0,0,0
NB,1,1321,2013,1,0,0,0,1,2,0,0,0,0,0,0,0,0,0
NB,1,1321,2014,0,0,0,0,3,4,0,0,0,0,0,0,0,0,0
NB,1,1321,2015,0,3,0,0,6,1,0,0,0,0,0,0,0,0,0
NB,1,1321,2016,1,2,0,0,2,1,0,0,0,0,0,0,0,0,0
NB,1,1321,2017,1,0,0,0,6,6,0,0,0,0,0,0,0,0,0
NB,1,1321,2018,1,1,0,0,5,1,0,0,0,0,0,0,0,0,0
NB,1,1321,2019,0,3,0,0,4,1,0,0,0,0,0,0,0,0,0
NB,1,1321,2020,0,2,0,0,5,4,0,0,0,0,0,0,0,0,0
NB,1,1321,2021,0,0,0,0,1,2,0,0,0,0,0,0,0,0,0
NB,1,1321,2022,0,1,0,0,1,2,0,0,0,0,0,0,0,0,0
NB,1,1321,2023,0,0,0,0,0,4,0,0,0,0,0,0,0,0,0
NB,1,1321,2024,1,2,0,0,1,0,0,0,0,0,0,0,0,0,0
NB,1,1330,1976,15,15,0,0,107,122,0,0,0,0,0,0,0,0,31
NB,1,1330,1977,19,7,0,0,115,119,0,0,0,0,0,0,0,0,84
NB,1,1330,1978,23,30,0,0,139,117,0,8,0,0,0,0,1,0,71
NB,1,1330,1979,29,25,0,2,199,133,0,2,0,0,0,0,2,0,40
NB,1,1330,1980,34,39,0,0,168,177,0,7,0,0,0,1,1,0,102
NB,1,1330,1981,15,8,0,0,146,136,0,3,0,0,0,3,0,0,77
NB,1,1330,1982,25,21,0,0,72,80,0,2,0,0,0,0,1,0,51
NB,1,1330,1983,22,15,0,2,118,107,0,14,0,0,0,2,1,0,10
NB,1,1330,1984,32,18,0,1,117,92,0,7,0,0,0,0,1,0,0
NB,1,1330,1985,25,16,0,1,129,125,0,4,0,0,0,0,0,0,2
NB,1,1330,1986,39,29,0,0,119,91,0,4,0,0,0,0,0,0,1
NB,1,1330,1987,30,20,0,0,126,104,0,4,0,0,0,2,2,0,3
NB,1,1330,1988,21,9,0,0,90,84,0,3,0,0,0,0,0,0,3
NB,1,1330,1989,29,15,0,0,120,93,0,3,0,0,0,0,0,0,1
NB,1,1330,1990,20,15,0,0,82,97,0,3,0,0,0,0,1,0,1
NB,1,1330,1991,22,18,0,2,73,57,0,1,0,0,0,1,0,0,1
NB,1,1330,1992,26,35,0,0,145,113,0,3,0,0,0,0,0,0,4
NB,1,1330,1993,20,20,0,0,82,64,0,1,0,0,0,1,0,0,2
NB,1,1330,1994,14,7,0,0,135,116,0,6,0,0,0,0,0,0,0
NB,1,1330,1995,21,13,0,2,106,114,0,1,0,0,0,0,0,0,4
NB,1,1330,1996,26,28,0,0,111,100,0,2,0,0,0,0,0,0,1
NB,1,1330,1997,14,9,0,0,74,74,0,2,0,0,0,0,0,0,0
NB,1,1330,1998,24,13,0,0,99,70,0,2,0,0,0,0,0,0,3
NB,1,1330,1999,28,37,0,0,82,72,0,4,0,0,0,0,0,0,0
NB,1,1330,2000,24,28,0,0,63,58,0,1,0,0,0,1,0,0,0
NB,1,1330,2001,15,21,0,4,81,69,0,1,0,0,0,0,0,0,0
NB,1,1330,2002,12,26,0,3,75,80,0,6,0,0,0,0,0,0,1
NB,1,1330,2003,31,29,0,1,94,94,0,5,0,0,0,0,0,0,4
NB,1,1330,2004,20,25,0,2,74,66,0,6,0,0,0,0,0,0,1
NB,1,1330,2005,14,20,0,0,75,69,0,1,0,0,0,0,0,0,2
NB,1,1330,2006,12,17,0,1,55,60,0,5,0,0,0,0,0,0,0
NB,1,1330,2007,12,13,0,0,38,50,0,4,0,0,0,0,0,0,1
NB,1,1330,2008,27,27,0,0,57,54,0,3,0,0,0,0,0,0,1
NB,1,1330,2009,8,17,0,1,46,45,0,2,0,0,0,0,0,0,0
NB,1,1330,2010,7,7,0,0,49,44,0,2,0,0,0,0,0,0,0
NB,1,1330,2011,7,8,0,1,38,27,0,5,0,0,0,0,1,0,6
NB,1,1330,2012,11,12,0,1,48,39,0,1,0,0,0,1,0,0,0
NB,1,1330,2013,15,7,0,0,32,15,0,2,0,0,0,0,0,0,1
NB,1,1330,2014,20,11,0,0,51,30,0,0,0,0,0,0,0,0,0
NB,1,1330,2015,11,7,0,0,32,48,0,2,0,0,0,0,0,0,0
NB,1,1330,2016,13,20,0,1,38,33,0,3,0,0,0,0,0,0,0
NB,1,1330,2017,18,20,0,1,32,19,0,0,0,0,0,0,0,0,0
NB,1,1330,2018,10,9,0,0,40,37,0,0,0,0,0,0,0,0,0
NB,1,1330,2019,5,7,0,0,28,25,0,1,0,0,0,2,0,0,0
NB,1,1330,2020,16,19,0,0,43,46,0,0,0,0,0,0,0,0,0
NB,1,1330,2021,9,13,0,0,46,43,0,0,0,0,0,0,0,0,0
NB,1,1330,2022,14,17,0,0,36,37,0,0,0,0,0,0,0,0,0
NB,1,1330,2023,8,9,0,0,39,47,0,0,0,0,0,0,0,0,0
NB,1,1330,2024,5,10,0,0,43,39,0,0,0,0,0,0,0,0,0
NB,1,1350,1980,1,0,0,0,0,0,0,0,0,0,0,0,0,0,0
NB,1,1350,1983,0,0,0,0,3,0,0,0,0,0,0,0,0,0,0
NB,1,1350,1990,0,0,0,0,1,1,0,0,0,0,0,0,0,0,0
NB,1,1350,1991,0,0,0,0,0,1,0,0,0,0,0,0,0,0,0
NB,1,1350,1992,1,0,0,0,4,2,0,0,0,0,0,0,0,0,0
NB,1,1350,1993,1,0,0,0,1,2,0,0,0,0,0,0,0,0,1
NB,1,1350,1994,0,0,0,0,1,1,0,0,0,0,0,0,0,0,1
NB,1,1350,1995,0,0,0,0,1,0,0,0,0,0,0,0,0,0,0
NB,1,1350,1996,0,0,0,0,2,3,0,0,0,0,0,0,0,0,0
NB,1,1350,1997,0,0,0,0,0,2,0,0,0,0,0,0,0,0,0
NB,1,1350,1998,0,0,0,0,0,2,0,0,0,0,0,0,0,0,0
NB,1,1350,1999,0,0,0,0,3,2,0,0,0,0,0,0,0,0,0
NB,1,1350,2001,0,0,0,0,2,3,0,0,0,0,0,0,0,0,0
NB,1,1350,2002,0,0,0,0,1,1,0,0,0,0,0,0,0,0,0
NB,1,1350,2003,0,1,0,0,1,2,0,0,0,0,0,0,0,0,0
NB,1,1350,2004,0,0,0,0,2,1,0,0,0,0,0,0,0,0,0
NB,1,1350,2005,1,1,0,0,3,2,0,0,0,0,0,0,0,0,0
NB,1,1350,2006,1,0,0,0,0,0,0,0,0,0,0,0,0,0,0
NB,1,1350,2007,0,0,0,0,4,1,0,0,0,0,0,0,0,0,0
NB,1,1350,2008,3,1,0,0,1,3,0,0,0,0,0,0,0,0,0
NB,1,1350,2009,1,0,0,0,2,0,0,0,0,0,0,0,0,0,0
NB,1,1350,2011,0,0,0,0,0,1,0,0,0,0,0,0,0,0,0
NB,1,1350,2012,0,0,0,0,1,0,0,0,0,0,0,0,0,0,0
NB,1,1350,2013,0,0,0,0,2,2,0,0,0,0,0,0,0,0,0
NB,1,1350,2014,0,0,0,0,1,0,0,0,0,0,0,0,0,0,0
NB,1,1350,2015,0,1,0,0,1,0,0,0,0,0,0,0,0,0,0
NB,1,1350,2016,0,0,0,0,0,1,0,0,0,0,0,0,0,0,0
NB,1,1350,2017,0,0,0,0,3,3,0,0,0,0,0,0,0,0,0
NB,1,1350,2018,0,0,0,0,1,0,0,0,0,0,0,0,0,0,0
NB,1,1350,2019,0,0,0,0,5,0,0,0,0,0,0,0,0,0,0
NB,1,1350,2020,0,0,0,0,3,1,0,0,0,0,0,0,0,0,0
NB,1,1350,2021,0,0,0,0,0,1,0,0,0,0,0,0,0,0,0
NB,1,1350,2022,0,0,0,0,1,0,0,0,0,0,0,0,0,0,0
NB,1,1350,2023,0,0,0,0,2,0,0,0,0,1,0,0,0,0,0
NB,1,1350,2024,0,0,0,0,5,2,0,0,0,0,0,0,0,0,0
NB,1,1360,1996,0,0,0,0,0,1,0,0,0,0,0,0,0,0,0
NB,1,1360,2007,0,0,0,0,0,1,0,0,0,0,0,0,0,0,0
NB,1,1370,1976,0,1,0,0,17,7,0,0,0,0,0,0,0,0,1
NB,1,1370,1977,4,0,0,0,10,11,0,0,0,0,0,0,0,0,4
NB,1,1370,1978,3,1,0,0,16,11,0,0,0,0,0,0,0,0,2
NB,1,1370,1979,4,5,0,0,9,21,0,0,0,0,0,0,0,0,4
NB,1,1370,1980,6,2,0,0,14,11,0,1,0,0,0,0,0,0,9
NB,1,1370,1981,1,3,0,0,8,8,0,0,0,0,0,0,0,0,2
NB,1,1370,1982,2,1,0,0,6,3,0,0,0,0,0,0,0,0,1
NB,1,1370,1983,4,4,0,0,16,15,0,1,0,0,0,0,1,0,1
NB,1,1370,1984,3,1,0,0,6,7,0,0,0,0,0,0,0,0,0
NB,1,1370,1985,0,1,0,0,4,7,0,0,0,0,0,0,0,0,0
NB,1,1370,1986,6,4,0,0,17,9,0,0,0,0,0,0,0,0,1
NB,1,1370,1987,5,2,0,0,13,14,0,1,0,0,0,0,0,0,0
NB,1,1370,1988,1,0,0,0,7,6,0,0,0,0,0,0,0,0,0
NB,1,1370,1989,3,1,0,0,10,8,0,0,0,0,0,0,0,0,0
NB,1,1370,1990,4,2,0,0,10,7,0,0,0,0,0,0,0,0,0
NB,1,1370,1991,5,1,0,0,8,6,0,0,0,0,0,0,0,0,0
NB,1,1370,1992,9,3,0,0,24,13,0,0,0,0,0,0,0,0,0
NB,1,1370,1993,2,1,0,0,8,16,0,0,0,0,0,0,0,0,1
NB,1,1370,1994,3,0,0,0,8,5,0,0,0,0,0,0,0,0,0
NB,1,1370,1995,4,3,0,0,20,11,0,0,0,0,0,0,0,0,0
NB,1,1370,1996,4,2,0,0,11,9,0,1,0,0,0,0,0,0,0
NB,1,1370,1997,3,3,0,0,22,27,0,0,0,0,0,0,0,0,0
NB,1,1370,1998,1,0,0,0,10,7,0,0,0,0,0,0,0,0,0
NB,1,1370,1999,4,3,0,0,8,3,0,0,0,0,0,0,0,0,0
NB,1,1370,2000,8,1,0,0,14,11,0,0,0,0,0,0,0,0,0
NB,1,1370,2001,4,3,0,0,13,13,0,0,0,0,0,0,0,0,0
NB,1,1370,2002,6,2,0,0,4,5,0,0,0,0,0,0,0,0,0
NB,1,1370,2003,5,2,0,0,13,18,0,0,0,0,0,0,0,0,1
NB,1,1370,2004,4,1,0,0,10,8,0,0,0,0,0,0,0,0,0
NB,1,1370,2005,2,1,0,0,6,15,0,0,0,0,0,0,0,0,0
NB,1,1370,2006,1,0,0,0,9,3,0,0,0,0,0,0,0,0,0
NB,1,1370,2007,5,0,0,0,16,8,0,0,0,0,0,0,0,0,0
NB,1,1370,2008,1,1,0,0,11,14,0,0,0,0,0,0,0,0,0
NB,1,1370,2009,1,2,0,0,10,6,0,0,0,0,0,0,0,0,0
NB,1,1370,2010,0,0,0,0,3,5,0,0,0,0,0,1,0,0,0
NB,1,1370,2011,0,5,0,0,9,5,0,0,0,0,0,0,0,0,0
NB,1,1370,2012,1,4,0,0,4,4,0,0,0,0,0,0,0,0,0
NB,1,1370,2013,0,0,0,0,3,3,0,0,0,0,0,0,0,0,0
NB,1,1370,2014,2,1,0,0,7,3,0,0,0,0,0,0,0,0,0
NB,1,1370,2015,3,1,0,0,8,7,0,0,0,0,0,0,0,0,0
NB,1,1370,2016,2,2,0,0,2,2,0,0,0,0,0,0,0,0,0
NB,1,1370,2017,0,0,0,0,10,10,0,0,0,0,0,0,0,0,0
NB,1,1370,2018,2,0,0,0,7,4,0,0,0,0,0,0,0,0,0
NB,1,1370,2019,1,0,0,0,11,4,0,0,0,0,0,0,0,0,0
NB,1,1370,2020,2,0,0,0,7,10,0,0,0,0,0,0,0,0,0
NB,1,1370,2021,2,2,0,0,3,2,0,0,0,0,0,0,0,0,1
NB,1,1370,2022,0,1,0,0,1,1,0,0,0,0,0,0,0,0,0
NB,1,1370,2023,1,0,0,0,8,13,0,0,0,0,0,0,0,0,0
NB,1,1370,2024,0,3,0,0,5,3,0,0,0,0,0,0,0,0,0
NB,1,1390,1976,14,6,0,0,70,50,0,5,0,0,0,1,3,0,24
NB,1,1390,1977,10,4,0,0,75,58,0,2,0,0,0,0,3,0,44
NB,1,1390,1978,22,6,0,0,89,50,0,3,0,0,0,7,4,0,31
NB,1,1390,1979,17,11,0,1,61,57,0,5,0,0,0,8,1,0,20
NB,1,1390,1980,2,1,0,0,48,54,0,3,0,0,0,1,3,0,27
NB,1,1390,1981,14,7,0,0,50,56,0,0,0,0,0,2,2,0,29
NB,1,1390,1982,8,6,0,0,30,24,0,1,0,0,0,1,0,0,12
NB,1,1390,1983,16,9,0,0,59,51,0,4,0,0,0,2,1,0,4
NB,1,1390,1984,4,4,0,0,24,29,0,1,0,0,0,0,0,0,2
NB,1,1390,1985,14,11,0,0,62,76,0,1,0,0,0,0,5,0,5
NB,1,1390,1986,22,3,0,0,52,55,0,2,0,0,0,0,1,0,5
NB,1,1390,1987,11,10,0,0,38,34,0,0,0,0,0,3,2,0,0
NB,1,1390,1988,19,6,0,2,25,28,0,3,0,0,0,1,0,0,1
NB,1,1390,1989,20,3,0,0,76,47,0,1,0,0,0,2,0,0,0
NB,1,1390,1990,17,11,0,0,46,55,0,0,0,0,0,3,1,0,0
NB,1,1390,1991,20,7,0,0,33,21,0,1,0,0,0,2,0,0,2
NB,1,1390,1992,28,14,0,1,35,31,0,5,0,0,0,1,0,0,3
NB,1,1390,1993,13,3,0,2,69,46,0,5,0,0,0,0,1,0,6
NB,1,1390,1994,10,5,0,0,39,34,0,1,0,0,0,2,0,0,4
NB,1,1390,1995,9,9,0,0,78,60,0,1,0,0,0,0,1,0,1
NB,1,1390,1996,10,8,0,0,37,34,0,0,0,0,0,1,0,0,1
NB,1,1390,1997,9,7,0,0,55,31,0,0,0,0,0,0,0,0,2
NB,1,1390,1998,9,4,0,0,26,30,0,1,0,0,0,0,0,0,0
NB,1,1390,1999,11,3,0,0,49,52,0,2,0,0,0,0,0,0,2
NB,1,1390,2000,15,9,0,0,59,46,0,0,0,0,0,1,0,0,2
NB,1,1390,2001,19,10,0,0,40,34,0,0,0,0,0,1,0,0,1
NB,1,1390,2002,16,5,0,0,40,46,0,0,0,0,0,0,0,0,4
NB,1,1390,2003,9,3,0,0,57,41,0,3,0,0,0,1,0,0,3
NB,1,1390,2004,12,9,0,0,31,30,0,2,0,0,0,0,1,0,3
NB,1,1390,2005,11,4,0,0,45,35,0,5,0,0,0,0,0,0,6
NB,1,1390,2006,8,5,0,0,50,44,0,2,0,0,0,0,0,0,1
NB,1,1390,2007,9,3,0,0,55,61,0,5,0,0,0,0,3,0,9
NB,1,1390,2008,12,9,0,1,41,32,0,2,0,0,0,0,1,0,3
NB,1,1390,2009,5,4,0,0,22,14,0,0,0,0,0,0,0,0,0
NB,1,1390,2010,7,5,0,0,22,22,0,0,0,0,0,0,1,0,0
NB,1,1390,2011,3,3,0,0,20,15,0,0,0,0,0,0,0,0,1
NB,1,1390,2012,3,2,0,0,23,10,0,2,0,0,0,0,0,0,0
NB,1,1390,2013,5,2,0,0,19,14,0,0,0,0,0,0,0,0,1
NB,1,1390,2014,5,3,0,0,16,28,0,1,0,0,0,0,1,0,1
NB,1,1390,2015,3,2,0,0,29,31,0,2,0,0,0,0,0,0,0
NB,1,1390,2016,7,4,0,0,22,33,0,0,0,0,0,0,0,0,0
NB,1,1390,2017,12,7,0,0,28,58,0,0,0,0,0,0,0,0,0
NB,1,1390,2018,5,6,0,0,24,50,0,0,0,0,0,0,0,0,1
NB,1,1390,2019,1,6,0,0,20,13,0,1,0,0,0,0,0,0,0
NB,1,1390,2020,9,8,0,0,42,47,0,0,0,0,0,0,0,0,0
NB,1,1390,2021,9,4,0,0,25,19,0,0,1,0,0,0,0,0,0
NB,1,1390,2022,3,2,0,0,20,16,0,1,0,0,0,0,0,0,0
NB,1,1390,2023,9,5,0,0,29,42,0,1,0,0,0,0,0,0,0
NB,1,1390,2024,10,6,0,0,18,34,0,1,0,0,0,0,0,0,0
NB,1,1400,1976,7,7,0,0,43,44,0,0,0,0,0,2,5,0,16
NB,1,1400,1977,4,3,0,0,50,31,0,0,0,0,0,3,4,0,28
NB,1,1400,1978,7,3,0,0,62,50,0,1,0,0,0,1,3,0,12
NB,1,1400,1979,25,23,0,0,72,45,0,0,0,0,0,2,10,0,12
NB,1,1400,1980,14,10,0,0,37,24,0,0,0,0,0,2,3,0,14
NB,1,1400,1981,11,5,0,0,26,15,0,0,0,0,0,0,1,0,9
NB,1,1400,1982,1,0,0,0,12,6,0,0,0,0,0,0,0,0,0
NB,1,1400,1983,11,5,0,1,44,52,0,0,0,0,0,2,4,0,1
NB,1,1400,1984,2,4,0,0,19,15,0,0,0,0,0,1,1,0,0
NB,1,1400,1985,3,4,0,0,36,22,0,0,0,0,0,5,2,0,0
NB,1,1400,1986,4,3,0,0,42,36,0,0,0,0,0,0,0,0,0
NB,1,1400,1987,5,3,0,0,21,22,0,0,0,0,0,0,1,0,0
NB,1,1400,1988,3,1,0,0,13,4,0,0,0,0,0,0,0,0,1
NB,1,1400,1989,2,3,0,0,14,9,0,0,0,0,0,0,1,0,0
NB,1,1400,1990,6,14,0,0,29,11,0,0,0,0,0,1,0,0,0
NB,1,1400,1991,1,2,0,0,11,6,0,0,0,0,0,0,0,0,0
NB,1,1400,1992,5,6,0,0,8,10,0,0,0,0,0,2,2,0,0
NB,1,1400,1993,6,2,0,0,23,26,0,0,0,0,0,0,0,0,0
NB,1,1400,1994,6,1,0,0,44,36,0,0,0,0,0,0,1,0,0
NB,1,1400,1995,9,14,0,0,42,33,0,0,0,0,0,0,0,0,1
NB,1,1400,1996,6,7,0,0,36,21,0,1,0,0,0,0,0,0,0
NB,1,1400,1997,3,8,0,0,17,22,0,0,0,0,0,1,0,0,0
NB,1,1400,1998,8,6,0,0,16,8,0,0,0,0,0,0,0,0,1
NB,1,1400,1999,3,2,0,0,20,8,0,0,0,0,0,1,0,0,0
NB,1,1400,2000,8,11,0,0,22,11,0,0,0,0,0,0,0,0,0
NB,1,1400,2001,3,5,0,0,19,21,0,0,0,0,0,0,0,0,0
NB,1,1400,2002,0,1,0,0,16,10,0,0,0,0,0,0,0,0,0
NB,1,1400,2003,3,6,0,0,28,23,0,0,0,0,0,0,0,0,0
NB,1,1400,2004,1,8,0,0,4,6,0,0,0,0,0,0,0,0,0
NB,1,1400,2005,1,6,0,0,22,22,0,0,0,0,0,1,0,0,0
NB,1,1400,2006,3,1,0,0,5,5,0,0,0,0,0,0,0,0,0
NB,1,1400,2007,0,4,0,0,15,7,0,0,0,0,0,1,0,0,0
NB,1,1400,2008,3,8,0,0,7,9,0,0,0,0,0,0,0,0,0
NB,1,1400,2009,1,4,0,0,8,15,0,0,0,0,0,0,0,0,0
NB,1,1400,2010,3,4,0,0,23,14,0,0,0,0,0,2,0,0,2
NB,1,1400,2011,4,6,0,0,15,9,0,0,0,0,0,0,0,0,0
NB,1,1400,2012,1,2,0,0,3,9,0,0,0,0,0,1,1,0,0
NB,1,1400,2013,0,1,0,0,3,4,0,0,0,0,0,1,0,0,0
NB,1,1400,2014,3,10,0,0,8,8,0,0,0,0,0,1,0,0,0
NB,1,1400,2015,1,5,0,0,4,6,0,0,0,0,0,0,0,0,0
NB,1,1400,2016,0,0,0,0,2,4,0,0,0,0,0,0,0,0,0
NB,1,1400,2017,1,1,0,0,4,2,0,0,0,0,0,0,0,0,0
NB,1,1400,2018,0,0,0,0,2,2,0,0,0,0,0,0,0,0,0
NB,1,1400,2019,1,2,0,0,3,5,0,0,0,0,0,0,0,0,0
NB,1,1400,2020,1,7,0,0,16,30,0,0,0,0,0,0,0,0,0
NB,1,1400,2021,0,0,0,0,8,4,0,0,0,0,0,0,0,0,0
NB,1,1400,2022,0,2,0,0,8,8,0,0,0,0,0,0,0,0,0
NB,1,1400,2023,0,1,0,0,7,5,0,0,0,0,0,0,0,0,0
NB,1,1400,2024,2,4,0,0,6,10,0,0,0,0,0,0,0,0,0
NB,1,1420,1976,0,0,0,0,1,0,0,0,0,0,0,0,0,0,0
NB,1,1420,1977,0,0,0,0,1,2,0,0,0,0,0,0,0,0,0
NB,1,1420,1978,0,0,0,0,1,0,0,0,0,0,0,0,0,0,2
NB,1,1420,1979,1,0,0,0,0,0,0,0,0,0,0,0,0,0,0
NB,1,1420,1980,0,0,0,0,1,2,0,0,0,0,0,0,0,0,1
NB,1,1420,1981,0,0,0,0,0,0,0,0,0,0,0,0,0,0,1
NB,1,1420,1983,0,0,0,0,1,3,0,0,0,0,0,0,0,0,1
NB,1,1420,1984,0,0,0,0,2,0,0,0,0,0,0,0,0,0,0
NB,1,1420,1985,1,0,0,0,0,0,0,0,0,0,0,0,0,0,0
NB,1,1420,1986,0,0,0,0,2,2,0,0,0,0,0,0,0,0,0
NB,1,1420,1988,0,0,0,0,3,0,0,0,0,0,0,1,0,0,0
NB,1,1420,1989,0,0,0,0,1,2,0,0,0,0,0,0,0,0,0
NB,1,1420,1990,0,0,0,0,0,1,0,0,0,0,0,0,0,0,0
NB,1,1420,1991,0,0,0,0,0,1,0,0,0,0,0,0,0,0,0
NB,1,1420,1992,1,0,0,0,5,6,0,0,0,0,0,0,0,0,0
NB,1,1420,1993,0,1,0,0,0,0,0,0,0,0,0,0,0,0,0
NB,1,1420,1994,0,0,0,0,2,2,0,0,0,0,0,0,0,0,0
NB,1,1420,1995,0,0,0,0,1,1,0,0,0,0,0,0,0,0,0
NB,1,1420,1996,0,0,0,0,0,3,0,0,0,0,0,0,0,0,0
NB,1,1420,1997,0,0,0,0,2,0,0,0,0,0,0,0,0,0,0
NB,1,1420,1998,0,0,0,0,1,0,0,0,0,0,0,0,0,0,0
NB,1,1420,1999,0,0,0,0,3,3,0,0,0,0,0,0,0,0,0
NB,1,1420,2000,0,0,0,0,4,0,0,0,0,0,0,0,0,0,0
NB,1,1420,2001,0,0,0,0,0,3,0,0,0,0,0,0,0,0,0
NB,1,1420,2003,0,0,0,0,3,0,0,0,0,0,0,0,0,0,0
NB,1,1420,2004,0,0,0,0,0,1,0,0,0,0,0,0,0,0,0
NB,1,1420,2005,0,0,0,0,2,2,0,0,0,0,0,0,0,0,1
NB,1,1420,2006,0,0,0,0,1,0,0,0,0,0,0,0,0,0,0
NB,1,1420,2008,0,0,0,0,1,0,0,0,0,0,0,0,0,0,0
NB,1,1420,2009,0,0,0,0,3,1,0,0,0,0,0,0,0,0,0
NB,1,1420,2010,0,0,0,0,0,1,0,0,0,0,0,0,0,0,0
NB,1,1420,2013,0,0,0,0,1,0,0,0,0,0,0,0,0,0,0
NB,1,1420,2015,1,0,0,0,9,4,0,0,0,0,0,0,0,0,0
NB,1,1420,2016,0,0,0,0,1,5,0,0,0,0,0,0,0,0,0
NB,1,1420,2017,0,1,0,0,0,4,0,0,0,0,0,0,0,0,0
NB,1,1420,2018,0,0,0,0,1,1,0,0,0,0,0,0,0,0,0
NB,1,1420,2019,0,0,0,0,1,1,0,0,0,0,0,0,0,0,0
NB,1,1420,2020,1,0,0,0,0,1,0,0,0,0,0,0,0,0,0
NB,1,1420,2021,0,0,0,0,0,1,0,0,0,0,0,0,0,0,0
NB,1,1420,2022,0,1,0,0,1,1,0,0,0,0,0,0,0,0,0
NB,1,1420,2023,0,0,0,0,1,1,0,0,0,0,0,0,0,0,0
NB,1,1420,2024,0,1,0,0,1,1,0,0,0,0,0,0,0,0,0
NB,1,1430,1976,2,0,0,0,9,5,0,0,0,0,0,0,0,0,5
NB,1,1430,1977,3,0,0,0,7,6,0,0,0,0,0,0,0,0,5
NB,1,1430,1978,1,4,0,0,3,6,0,0,0,0,0,0,0,0,1
NB,1,1430,1979,4,0,0,0,9,7,0,0,0,0,0,2,0,0,7
NB,1,1430,1980,1,0,0,0,7,4,0,0,0,0,0,0,0,0,6
NB,1,1430,1981,0,0,0,0,6,11,0,0,0,0,0,2,0,0,1
NB,1,1430,1982,2,1,0,0,3,2,0,0,0,0,0,0,0,0,4
NB,1,1430,1983,0,0,0,0,3,1,0,0,0,0,0,0,0,0,0
NB,1,1430,1984,0,0,0,0,0,4,0,0,0,0,0,0,0,0,0
NB,1,1430,1985,1,0,0,0,9,6,0,0,0,0,0,0,0,0,0
NB,1,1430,1986,0,0,0,0,3,6,0,0,0,0,0,0,1,0,0
NB,1,1430,1987,1,0,0,0,7,5,0,0,0,0,0,0,0,0,0
NB,1,1430,1988,1,0,0,0,4,1,0,0,0,0,0,0,0,0,0
NB,1,1430,1989,1,0,0,0,11,6,0,0,0,0,0,0,0,0,0
NB,1,1430,1990,5,0,0,0,6,7,0,0,0,0,0,0,0,0,0
NB,1,1430,1991,0,1,0,0,3,1,0,0,0,0,0,0,0,0,0
NB,1,1430,1992,0,0,0,0,3,4,0,0,0,0,0,0,0,0,0
NB,1,1430,1993,0,0,0,0,4,3,0,0,0,0,0,0,0,0,0
NB,1,1430,1994,0,0,0,0,6,8,0,0,0,0,0,0,0,0,0
NB,1,1430,1995,1,1,0,0,5,7,0,0,0,0,0,0,0,0,0
NB,1,1430,1996,0,0,0,0,6,3,0,0,0,0,0,0,0,0,0
NB,1,1430,1997,0,0,0,0,3,3,0,0,0,0,0,0,0,0,0
NB,1,1430,1998,0,0,0,0,1,4,0,0,0,0,0,0,0,0,0
NB,1,1430,1999,2,0,0,0,8,6,0,0,0,0,0,0,0,0,0
NB,1,1430,2000,0,1,0,0,2,2,0,0,0,0,0,0,0,0,0
NB,1,1430,2001,1,0,0,0,4,6,0,0,0,0,0,0,0,0,0
NB,1,1430,2002,0,0,0,0,6,5,0,0,0,0,0,0,0,0,0
NB,1,1430,2003,0,0,0,0,10,14,0,0,0,0,0,0,0,0,0
NB,1,1430,2004,2,1,0,0,5,4,0,0,0,0,0,0,0,0,0
NB,1,1430,2005,2,1,0,0,6,4,0,0,0,0,0,0,0,0,0
NB,1,1430,2006,0,0,0,0,3,6,0,0,0,0,0,0,0,0,0
NB,1,1430,2007,2,0,0,0,1,7,0,0,0,0,0,0,0,0,0
NB,1,1430,2008,1,0,0,0,3,2,0,0,0,0,0,0,0,0,1
NB,1,1430,2009,2,2,0,0,5,0,0,0,0,0,0,0,0,0,0
NB,1,1430,2010,0,0,0,0,3,2,0,0,0,0,0,0,0,0,0
NB,1,1430,2011,0,0,0,0,1,2,0,0,0,0,0,0,0,0,1
NB,1,1430,2013,0,0,0,0,1,5,0,0,0,0,0,0,0,0,0
NB,1,1430,2014,0,0,0,0,1,1,0,0,0,0,0,0,0,0,0
NB,1,1430,2015,0,0,0,0,4,2,0,0,0,0,0,0,0,0,0
NB,1,1430,2016,0,0,0,0,2,3,0,0,0,0,0,0,0,0,0
NB,1,1430,2017,1,0,0,0,3,2,0,0,0,0,0,0,0,0,0
NB,1,1430,2018,0,1,0,0,3,2,0,0,0,0,0,0,0,0,0
NB,1,1430,2019,0,0,0,0,2,1,0,0,0,0,0,0,0,0,0
NB,1,1430,2020,0,0,0,0,3,4,0,0,0,0,0,0,1,0,0
NB,1,1430,2021,0,1,0,0,2,0,0,0,0,0,0,0,0,0,0
NB,1,1430,2022,1,1,0,0,2,0,0,0,0,0,0,0,0,0,0
NB,1,1430,2023,0,3,0,0,4,2,0,0,0,0,0,0,0,0,0
NB,1,1430,2024,0,0,0,0,5,4,0,0,0,0,0,0,0,0,0
NB,1,1440,1976,6,3,0,0,9,11,0,0,0,0,0,1,0,0,4
NB,1,1440,1977,8,17,0,0,10,14,0,0,0,0,0,3,3,0,12
NB,1,1440,1978,11,13,0,0,13,12,0,1,0,0,0,0,1,0,8
NB,1,1440,1979,5,5,0,0,10,24,0,0,0,0,0,0,5,0,0
NB,1,1440,1980,7,20,0,0,21,23,0,0,0,0,0,2,3,0,3
NB,1,1440,1981,6,19,0,0,7,19,0,0,0,0,0,1,1,0,9
NB,1,1440,1982,1,3,0,0,8,6,0,0,0,0,0,0,0,0,3
NB,1,1440,1983,17,17,0,0,12,14,0,1,0,0,0,0,0,0,1
NB,1,1440,1984,7,6,0,0,9,17,0,0,0,0,0,0,1,0,0
NB,1,1440,1985,1,4,0,0,10,6,0,0,0,0,0,5,4,0,0
NB,1,1440,1986,6,16,0,0,11,11,0,0,0,0,0,0,1,0,1
NB,1,1440,1987,2,12,0,0,15,29,0,0,0,0,0,2,1,0,1
NB,1,1440,1988,4,11,0,0,3,20,0,0,0,0,0,0,1,0,0
NB,1,1440,1989,6,13,0,0,5,11,0,0,0,0,0,2,3,0,0
NB,1,1440,1990,3,22,0,0,4,19,0,0,0,0,0,1,2,0,2
NB,1,1440,1991,8,19,0,0,14,7,0,0,0,0,0,0,3,0,1
NB,1,1440,1992,4,28,0,0,11,11,0,0,0,0,0,1,0,0,0
NB,1,1440,1993,13,29,0,0,13,25,0,0,0,0,0,0,2,0,0
NB,1,1440,1994,14,39,0,0,19,22,0,0,0,0,0,0,0,0,0
NB,1,1440,1995,9,40,0,0,7,20,0,0,0,0,0,1,0,0,0
NB,1,1440,1996,12,29,0,0,22,26,0,0,0,0,0,0,0,0,1
NB,1,1440,1997,5,28,0,0,8,16,0,0,0,0,0,0,0,0,0
NB,1,1440,1998,5,34,0,0,10,23,0,0,0,0,0,0,1,0,0
NB,1,1440,1999,4,12,0,0,8,14,0,0,0,0,0,0,0,0,0
NB,1,1440,2000,9,15,0,0,21,16,0,0,0,0,0,0,0,0,0
NB,1,1440,2001,3,21,0,0,13,15,0,0,0,0,0,0,1,0,0
NB,1,1440,2002,5,21,0,0,10,21,0,0,0,0,0,1,1,0,0
NB,1,1440,2003,5,30,0,0,18,17,0,0,0,0,0,0,0,0,0
NB,1,1440,2004,4,12,0,0,13,14,0,0,0,0,0,0,0,0,0
NB,1,1440,2005,9,44,0,0,15,41,0,0,0,0,0,0,0,0,0
NB,1,1440,2006,5,22,0,0,21,40,0,0,0,0,0,0,0,0,0
NB,1,1440,2007,10,30,0,0,10,11,0,0,0,0,0,0,0,0,1
NB,1,1440,2008,4,17,0,0,13,18,0,0,0,0,0,0,1,0,0
NB,1,1440,2009,10,30,0,0,13,24,0,0,0,0,0,0,0,0,0
NB,1,1440,2010,5,25,0,0,5,18,0,0,0,0,0,0,0,0,0
NB,1,1440,2011,4,14,0,0,13,11,0,0,0,0,0,0,0,0,0
NB,1,1440,2012,2,5,0,0,15,11,0,0,0,0,0,0,0,0,0
NB,1,1440,2013,2,14,0,0,12,15,0,0,0,0,0,0,0,0,0
NB,1,1440,2014,9,25,0,0,15,27,0,0,0,0,0,0,0,0,0
NB,1,1440,2015,10,15,0,0,12,23,0,0,0,0,0,1,1,0,0
NB,1,1440,2016,4,24,0,0,9,9,0,0,0,0,0,0,0,0,0
NB,1,1440,2017,12,14,0,0,17,22,0,0,0,0,0,2,0,0,3
NB,1,1440,2018,9,22,0,0,20,31,0,0,0,0,0,1,1,0,0
NB,1,1440,2019,18,24,0,0,24,28,0,0,0,0,0,0,0,0,0
NB,1,1440,2020,16,47,0,0,21,34,0,0,0,0,0,0,0,0,0
NB,1,1440,2021,8,20,0,0,14,20,0,0,0,0,0,1,0,0,0
NB,1,1440,2022,4,10,0,0,10,14,0,0,0,0,0,0,0,0,0
NB,1,1440,2023,1,20,0,0,14,21,0,0,0,0,0,1,0,0,0
NB,1,1440,2024,1,7,0,0,9,23,0,0,0,0,0,0,0,0,0
NB,1,1460,1980,0,0,0,0,0,1,0,0,0,0,0,0,0,0,0
NB,1,1460,1981,1,0,0,0,0,0,0,0,0,0,0,0,0,0,0
NB,1,1460,1987,0,0,0,0,0,1,0,0,0,0,0,0,0,0,0
NB,1,1460,1998,0,0,0,0,0,1,0,0,0,0,0,0,0,0,0
NB,1,1460,2005,0,0,0,0,1,2,0,0,0,0,0,0,0,0,0
NB,1,1460,2020,0,0,0,0,2,0,0,0,0,0,0,0,0,0,0
NB,1,1480,1976,1,1,0,0,6,9,0,0,0,0,0,0,0,0,3
NB,1,1480,1977,4,0,0,0,1,0,0,0,0,0,0,0,0,0,3
NB,1,1480,1978,1,0,0,0,1,0,0,0,0,0,0,1,0,0,2
NB,1,1480,1979,1,1,0,0,6,4,0,0,0,0,0,0,0,0,0
NB,1,1480,1980,0,0,0,0,3,0,0,1,0,0,0,0,0,0,0
NB,1,1480,1981,0,0,0,0,0,6,0,0,0,0,0,0,0,0,1
NB,1,1480,1982,0,0,0,0,0,0,0,0,0,0,0,0,0,0,1
NB,1,1480,1983,1,0,0,0,1,1,0,0,0,0,0,0,0,0,0
NB,1,1480,1984,1,1,0,0,5,6,0,0,0,0,0,0,0,0,0
NB,1,1480,1985,0,1,0,0,1,2,0,0,0,0,0,0,0,0,0
NB,1,1480,1986,0,2,0,0,3,6,0,0,0,0,0,0,0,0,0
NB,1,1480,1987,5,3,0,0,5,6,0,0,0,0,0,0,0,0,0
NB,1,1480,1988,0,0,0,0,0,3,0,0,0,0,0,0,0,0,0
NB,1,1480,1989,0,3,0,0,5,0,0,0,0,0,0,0,0,0,0
NB,1,1480,1990,2,0,0,0,4,0,0,0,0,0,0,0,0,0,0
NB,1,1480,1991,0,0,0,0,2,3,0,0,0,0,0,0,0,0,0
NB,1,1480,1992,3,0,0,0,2,1,0,0,0,0,0,0,0,0,0
NB,1,1480,1993,1,0,0,0,0,2,0,0,0,0,0,0,0,0,0
NB,1,1480,1994,0,2,0,0,0,0,0,0,0,0,0,0,0,0,0
NB,1,1480,1995,0,0,0,0,1,1,0,0,0,0,0,0,0,0,0
NB,1,1480,1996,1,1,0,0,2,8,0,0,0,0,0,1,0,0,0
NB,1,1480,1997,0,2,0,0,4,1,0,0,0,0,0,0,0,0,0
NB,1,1480,1998,0,0,0,0,3,5,0,0,0,0,0,1,0,0,0
NB,1,1480,1999,0,0,0,0,1,0,0,0,0,0,0,0,0,0,0
NB,1,1480,2000,2,0,0,0,2,7,0,0,0,0,0,0,0,0,0
NB,1,1480,2001,1,1,0,0,2,4,0,0,0,0,0,0,0,0,0
NB,1,1480,2002,0,1,0,0,1,2,0,0,0,0,0,0,0,0,0
NB,1,1480,2003,2,0,0,0,1,5,0,0,0,0,0,0,0,0,0
NB,1,1480,2004,2,2,0,0,1,6,0,0,0,0,0,0,0,0,0
NB,1,1480,2005,1,1,0,0,6,5,0,0,0,0,0,0,0,0,0
NB,1,1480,2006,1,0,0,0,4,2,0,0,0,0,0,0,0,0,0
NB,1,1480,2007,0,0,0,0,2,1,0,0,0,0,0,0,0,0,0
NB,1,1480,2008,1,1,0,0,0,3,0,0,0,0,0,0,0,0,0
NB,1,1480,2009,0,0,0,0,3,1,0,0,0,0,0,0,0,0,0
NB,1,1480,2010,1,0,0,0,2,12,0,0,0,0,0,0,0,0,0
NB,1,1480,2012,0,0,0,0,1,1,0,0,0,0,0,0,0,0,0
NB,1,1480,2013,0,1,0,0,1,2,0,0,0,0,0,0,0,0,0
NB,1,1480,2014,5,1,0,0,4,2,0,0,0,0,0,0,0,0,0
NB,1,1480,2015,2,1,0,0,0,0,0,0,0,0,0,0,0,0,0
NB,1,1480,2016,0,0,0,0,2,0,0,0,0,0,0,0,0,0,0
NB,1,1480,2017,0,0,0,0,1,3,0,0,0,0,0,0,0,0,0
NB,1,1480,2018,0,0,0,0,2,1,0,0,0,0,0,0,0,0,0
NB,1,1480,2020,1,0,0,0,1,2,0,0,0,0,0,0,0,0,0
NB,1,1480,2021,0,1,0,0,1,0,0,0,0,0,0,0,0,0,0
NB,1,1480,2022,0,0,0,0,1,2,0,0,0,0,0,0,0,0,0
NB,1,1480,2023,2,0,0,0,5,2,0,0,0,0,0,0,0,0,0
NB,1,1490,1976,2,1,0,0,4,2,0,0,0,0,0,0,0,0,0
NB,1,1490,1977,2,0,0,0,1,3,0,0,0,0,0,0,0,0,5
NB,1,1490,1978,0,0,0,0,0,0,0,0,0,0,0,0,0,0,3
NB,1,1490,1979,0,0,0,0,4,2,0,0,0,0,0,1,0,0,0
NB,1,1490,1980,0,0,0,0,7,4,0,0,0,0,0,0,0,0,1
NB,1,1490,1981,0,0,0,0,5,1,0,0,0,0,0,0,0,0,0
NB,1,1490,1982,0,0,0,0,2,2,0,0,0,0,0,0,0,0,2
NB,1,1490,1983,0,0,0,0,3,3,0,0,0,0,0,0,0,0,0
NB,1,1490,1984,1,1,0,0,5,3,0,0,0,0,0,0,0,0,0
NB,1,1490,1985,2,1,0,0,4,5,0,0,0,0,0,0,0,0,0
NB,1,1490,1986,1,0,0,0,5,6,0,0,0,0,0,0,0,0,0
NB,1,1490,1987,1,0,0,0,3,1,0,0,0,0,0,0,0,0,0
NB,1,1490,1988,1,0,0,0,2,1,0,0,0,0,0,0,0,0,0
NB,1,1490,1989,2,0,0,0,5,1,0,0,0,0,0,0,0,0,0
NB,1,1490,1990,2,1,0,0,2,4,0,0,0,0,0,0,0,0,0
NB,1,1490,1991,0,1,0,0,7,1,0,0,0,0,0,0,0,0,0
NB,1,1490,1992,0,1,0,0,0,1,0,0,0,0,0,0,0,0,0
NB,1,1490,1993,0,0,0,0,2,0,0,0,0,0,0,0,0,0,0
NB,1,1490,1994,1,1,0,0,1,0,0,0,0,0,0,0,0,0,0
NB,1,1490,1995,0,0,0,0,2,1,0,0,0,0,0,0,0,0,0
NB,1,1490,1996,1,2,0,0,0,1,0,0,0,0,0,0,0,0,0
NB,1,1490,1997,1,0,0,0,1,0,0,0,0,0,0,0,0,0,0
NB,1,1490,1998,1,0,0,0,1,0,0,0,0,0,0,0,0,0,0
NB,1,1490,1999,0,0,0,0,1,1,0,0,0,0,0,0,0,0,0
NB,1,1490,2000,0,1,0,0,0,0,0,0,0,0,0,0,0,0,0
NB,1,1490,2001,0,0,0,0,1,1,0,0,0,0,0,0,0,0,0
NB,1,1490,2002,1,0,0,0,3,1,0,0,0,0,0,0,0,0,0
NB,1,1490,2003,2,0,0,0,0,3,0,0,0,0,0,0,0,0,0
NB,1,1490,2004,0,0,0,0,1,3,0,0,0,0,0,0,0,0,0
NB,1,1490,2005,1,0,0,0,6,1,0,0,0,0,0,0,0,0,0
NB,1,1490,2006,0,0,0,0,0,8,0,0,0,0,0,0,0,0,0
NB,1,1490,2007,0,0,0,0,1,1,0,0,0,0,0,0,0,0,0
NB,1,1490,2008,1,1,0,0,1,1,0,0,0,0,0,0,0,0,0
NB,1,1490,2009,2,2,0,0,3,2,0,0,0,0,0,0,0,0,0
NB,1,1490,2010,0,0,0,0,3,1,0,0,0,0,0,0,0,0,0
NB,1,1490,2011,0,0,0,0,3,0,0,0,0,0,0,0,0,0,0
NB,1,1490,2012,0,0,0,0,2,1,0,0,0,0,0,0,0,0,0
NB,1,1490,2013,1,1,0,0,3,1,0,0,0,0,0,0,0,0,0
NB,1,1490,2014,2,0,0,0,2,0,0,0,0,0,0,0,0,0,0
NB,1,1490,2015,0,0,0,0,1,1,0,0,0,0,0,0,0,0,0
NB,1,1490,2016,0,0,0,0,0,2,0,0,0,0,0,0,0,0,0
NB,1,1490,2017,0,1,0,0,1,1,0,0,0,0,0,0,0,0,0
NB,1,1490,2018,0,0,0,0,0,1,0,0,0,0,0,0,0,0,0
NB,1,1490,2019,0,0,0,0,1,0,0,0,0,0,0,0,0,0,0
NB,1,1490,2020,0,0,0,0,1,0,0,0,0,0,0,0,0,0,0
NB,1,1490,2021,0,0,0,0,2,1,0,0,0,0,0,0,0,0,0
NB,1,1490,2022,0,1,0,0,0,1,0,0,0,0,0,0,0,0,0
NB,1,1490,2023,0,0,0,0,0,3,0,0,0,0,0,0,0,0,0
NB,1,1500,1976,3,8,0,0,38,28,0,0,0,0,0,2,0,0,14
NB,1,1500,1977,2,3,0,0,26,20,0,0,0,0,0,4,3,0,20
NB,1,1500,1978,2,2,0,0,24,29,0,0,0,0,0,0,0,0,4
NB,1,1500,1979,13,12,0,0,52,32,0,1,0,0,0,0,1,0,8
NB,1,1500,1980,14,11,0,0,59,35,0,2,0,0,0,5,4,0,7
NB,1,1500,1981,20,9,0,0,22,29,0,28,0,0,0,1,0,0,11
NB,1,1500,1982,1,1,0,0,16,6,0,0,0,0,0,2,1,0,1
NB,1,1500,1983,5,5,0,0,0,2,0,65,0,0,0,0,0,0,9
NB,1,1500,1984,6,10,0,0,13,24,0,0,0,0,0,1,1,0,0
NB,1,1500,1985,9,4,0,0,21,20,0,1,0,0,0,0,0,0,0
NB,1,1500,1986,15,10,0,0,51,39,0,0,0,0,0,0,1,0,2
NB,1,1500,1987,5,6,0,0,26,37,0,0,0,0,0,1,1,0,0
NB,1,1500,1988,6,5,0,0,33,17,0,3,0,0,0,2,0,0,0
NB,1,1500,1989,7,14,0,0,30,31,0,0,0,0,0,0,0,0,1
NB,1,1500,1990,6,11,0,0,28,42,0,1,0,0,0,1,0,0,4
NB,1,1500,1991,5,7,0,0,33,24,0,0,0,0,0,0,0,0,1
NB,1,1500,1992,10,14,0,0,31,20,0,1,0,0,0,0,0,0,1
NB,1,1500,1993,2,6,0,0,42,17,0,0,0,0,0,0,0,0,1
NB,1,1500,1994,21,11,0,0,27,28,0,0,0,0,0,0,0,0,2
NB,1,1500,1995,3,0,0,0,13,18,0,0,0,0,0,0,0,0,0
NB,1,1500,1996,10,17,0,0,18,32,0,0,0,0,0,1,0,0,0
NB,1,1500,1997,4,6,0,0,27,29,0,0,0,0,0,0,0,0,4
NB,1,1500,1998,7,11,0,0,34,31,0,0,0,0,0,0,0,0,0
NB,1,1500,1999,6,5,0,0,21,15,0,0,0,0,0,0,0,0,0
NB,1,1500,2000,9,9,0,0,14,8,0,0,0,0,0,0,0,0,1
NB,1,1500,2001,8,4,0,0,19,12,0,0,0,0,0,0,0,0,0
NB,1,1500,2002,8,4,0,0,34,36,0,1,0,0,0,0,3,0,0
NB,1,1500,2003,9,4,0,0,33,29,0,1,0,0,0,0,1,0,0
NB,1,1500,2004,6,1,0,0,40,27,0,0,0,0,0,0,0,0,0
NB,1,1500,2005,14,10,0,0,35,12,0,2,0,0,0,2,0,0,3
NB,1,1500,2006,1,2,0,0,22,27,0,2,0,0,0,0,0,0,1
NB,1,1500,2007,6,6,0,0,35,25,0,0,0,0,0,0,0,0,1
NB,1,1500,2008,11,8,0,1,26,18,0,0,0,0,0,0,0,0,0
NB,1,1500,2009,0,5,0,0,21,18,0,1,0,0,0,0,0,0,0
NB,1,1500,2010,0,3,0,0,6,8,0,0,0,0,0,0,0,0,1
NB,1,1500,2011,7,5,0,0,16,16,0,1,0,0,0,0,1,0,2
NB,1,1500,2012,5,2,0,0,11,11,0,1,0,0,0,0,0,0,0
NB,1,1500,2013,2,2,0,0,14,11,0,0,0,0,0,0,0,0,0
NB,1,1500,2014,3,2,0,0,12,9,0,0,0,0,0,0,0,0,0
NB,1,1500,2015,2,3,0,0,7,10,0,1,0,0,0,0,0,0,1
NB,1,1500,2016,1,3,0,0,13,13,0,0,0,0,0,0,0,0,0
NB,1,1500,2017,7,0,0,0,10,8,0,1,0,0,0,0,0,0,0
NB,1,1500,2018,3,4,0,0,9,7,0,0,0,0,0,0,0,0,0
NB,1,1500,2019,3,1,0,0,17,13,0,0,0,0,0,2,0,0,0
NB,1,1500,2020,1,3,0,0,10,15,0,0,0,0,0,0,0,0,0
NB,1,1500,2021,5,1,0,0,18,8,0,0,0,0,0,0,0,0,0
NB,1,1500,2022,1,3,0,0,7,8,0,0,0,0,0,0,0,0,0
NB,1,1500,2023,7,5,0,0,21,13,0,0,0,0,0,1,0,0,0
NB,1,1500,2024,2,2,0,0,5,5,0,2,0,0,0,1,0,0,0
NB,1,1510,1976,6,13,0,0,13,11,0,3,0,0,0,0,0,0,12
NB,1,1510,1977,10,7,0,0,6,7,0,2,0,0,0,0,0,0,14
NB,1,1510,1978,11,22,0,0,22,19,0,0,0,0,0,0,0,0,4
NB,1,1510,1979,12,28,0,0,19,22,0,1,0,0,0,0,0,0,17
NB,1,1510,1980,7,19,0,0,4,8,0,50,0,0,0,0,0,0,2
NB,1,1510,1981,2,18,0,0,10,11,0,0,0,0,0,0,0,0,2
NB,1,1510,1982,5,5,0,0,2,9,0,2,0,0,0,0,0,0,0
NB,1,1510,1983,1,15,0,0,17,15,0,1,0,0,0,0,0,0,0
NB,1,1510,1984,0,3,0,0,14,10,0,0,0,0,0,0,0,0,0
NB,1,1510,1985,0,4,0,0,9,6,0,0,0,0,0,0,0,0,0
NB,1,1510,1986,8,14,0,0,16,8,0,0,0,0,0,0,0,0,0
NB,1,1510,1987,5,16,0,0,8,3,0,0,0,0,0,0,0,0,0
NB,1,1510,1988,2,5,0,0,7,9,0,0,0,0,0,0,0,0,0
NB,1,1510,1989,2,14,0,0,10,13,0,0,0,0,0,0,0,0,0
NB,1,1510,1990,1,15,0,0,11,9,0,0,0,0,0,0,0,0,0
NB,1,1510,1991,7,14,0,0,7,12,0,0,0,0,0,0,0,0,0
NB,1,1510,1992,4,14,0,1,7,10,0,0,0,0,0,0,0,0,0
NB,1,1510,1993,2,2,0,0,10,7,0,0,0,0,0,0,0,0,0
NB,1,1510,1994,0,2,0,0,2,2,0,0,0,0,0,0,0,0,0
NB,1,1510,1995,3,6,0,0,6,7,0,0,0,0,0,0,0,0,0
NB,1,1510,1996,12,28,0,0,24,28,0,0,0,0,0,0,0,0,0
NB,1,1510,1997,2,5,0,0,8,8,0,0,0,0,0,0,0,0,1
NB,1,1510,1998,3,6,0,0,6,2,0,0,0,0,0,0,0,0,0
NB,1,1510,1999,7,11,0,0,12,5,0,0,0,0,0,0,0,0,0
NB,1,1510,2000,8,13,0,0,8,4,0,0,0,0,0,0,0,0,1
NB,1,1510,2001,6,12,0,0,12,7,0,0,0,0,0,0,0,0,0
NB,1,1510,2002,3,2,0,0,7,3,0,0,0,0,0,0,0,0,0
NB,1,1510,2003,8,31,0,0,14,32,0,0,0,0,0,0,0,0,1
NB,1,1510,2004,11,43,0,0,11,12,0,0,0,0,0,0,0,0,1
NB,1,1510,2005,7,20,0,0,8,7,0,0,0,0,0,0,0,0,0
NB,1,1510,2006,5,18,0,0,9,18,0,2,0,0,0,0,0,0,0
NB,1,1510,2007,4,10,0,0,1,1,0,0,0,0,0,0,0,0,0
NB,1,1510,2008,11,29,0,0,10,6,0,0,0,0,0,0,0,0,0
NB,1,1510,2009,13,35,0,0,7,12,0,0,0,0,0,0,0,0,0
NB,1,1510,2010,1,6,0,0,2,1,0,0,0,0,0,0,0,0,0
NB,1,1510,2011,3,12,0,0,6,5,0,0,0,0,0,0,0,0,0
NB,1,1510,2012,1,4,0,0,2,3,0,0,0,0,0,0,0,0,0
NB,1,1510,2013,1,5,0,0,3,1,0,0,0,0,0,0,0,0,0
NB,1,1510,2014,4,17,0,0,4,6,0,0,0,0,0,0,0,0,0
NB,1,1510,2015,3,13,0,0,4,5,0,0,0,0,0,0,0,0,0
NB,1,1510,2016,4,14,0,0,6,6,0,0,0,0,0,0,0,0,0
NB,1,1510,2017,3,9,0,0,7,6,0,0,0,0,0,0,0,0,1
NB,1,1510,2018,0,8,0,0,4,2,0,0,0,0,0,0,0,0,1
NB,1,1510,2019,3,8,0,0,4,4,0,0,0,0,0,0,0,0,0
NB,1,1510,2020,6,18,0,0,10,13,0,0,0,0,0,0,0,0,0
NB,1,1510,2021,5,15,0,0,17,17,0,0,0,0,0,0,0,0,0
NB,1,1510,2022,0,4,0,0,5,1,0,0,0,0,0,0,0,0,0
NB,1,1510,2023,1,10,0,0,2,5,0,0,0,2,0,0,0,0,0
NB,1,1510,2024,1,4,0,0,0,2,0,0,0,0,0,0,0,0,0
NB,1,1520,1976,1,0,0,0,0,1,0,0,0,0,0,0,0,0,2
NB,1,1520,1979,3,3,0,0,0,0,0,1,0,0,0,0,0,0,0
NB,1,1520,1980,0,1,0,0,0,0,0,0,0,0,0,0,0,0,0
NB,1,1520,1981,0,0,0,0,0,0,0,1,0,0,0,0,0,0,0
NB,1,1520,1985,1,0,0,0,0,0,0,0,0,0,0,0,0,0,0
NB,1,1520,1987,0,1,0,0,0,0,0,0,0,0,0,0,0,0,0
NB,1,1520,1988,0,2,0,0,1,0,0,0,0,0,0,0,0,0,0
NB,1,1520,1989,0,2,0,0,2,0,0,0,0,0,0,0,0,0,0
NB,1,1520,1990,0,1,0,0,0,1,0,0,0,0,0,0,0,0,0
NB,1,1520,1991,2,0,0,0,0,0,0,0,0,0,0,0,0,0,0
NB,1,1520,1992,0,1,0,0,0,0,0,0,0,0,0,0,0,0,0
NB,1,1520,1995,1,1,0,0,0,0,0,0,0,0,0,0,0,0,0
NB,1,1520,2000,2,0,0,0,0,0,0,0,0,0,0,0,0,0,0
NB,1,1520,2001,0,0,0,0,0,1,0,0,0,0,0,0,0,0,0
NB,1,1520,2003,0,2,0,0,0,0,0,0,0,0,0,0,0,0,0
NB,1,1520,2004,3,3,0,0,0,0,0,0,0,0,0,0,0,0,0
NB,1,1520,2005,1,2,0,0,0,0,0,0,0,0,0,0,0,0,0
NB,1,1520,2006,1,1,0,0,0,0,0,0,0,0,0,0,0,0,0
NB,1,1520,2008,0,0,0,0,0,1,0,0,0,0,0,0,0,0,0
NB,1,1520,2009,1,0,0,0,0,0,0,0,0,0,0,0,0,0,0
NB,1,1520,2010,0,1,0,0,0,0,0,0,0,0,0,0,0,0,0
NB,1,1520,2011,0,0,0,0,0,1,0,0,0,0,0,0,0,0,0
NB,1,1520,2012,0,1,0,0,1,0,0,0,0,0,0,0,0,0,0
NB,1,1520,2018,1,1,0,0,1,2,0,0,0,0,0,0,0,0,0
NB,1,1520,2020,0,1,0,0,0,0,0,0,0,0,0,0,0,0,0
NB,1,1520,2023,0,1,0,0,0,0,0,0,0,0,0,0,0,0,0
NB,1,1530,1977,0,2,0,0,1,2,0,1,0,0,0,0,0,0,1
NB,1,1530,1978,2,0,0,0,0,2,0,0,0,0,0,1,0,0,0
NB,1,1530,1979,1,3,0,0,5,0,0,0,0,0,0,0,0,0,0
NB,1,1530,1980,0,0,0,0,0,2,0,3,0,0,0,0,0,0,3
NB,1,1530,1981,0,0,0,0,1,0,0,0,0,0,0,0,0,0,0
NB,1,1530,1982,1,9,0,0,1,1,0,1,0,0,0,0,0,0,2
NB,1,1530,1983,0,1,0,0,1,0,0,0,0,0,0,0,0,0,0
NB,1,1530,1984,0,1,0,0,5,2,0,0,0,0,0,0,0,0,0
NB,1,1530,1985,1,1,0,0,0,0,0,5,0,0,0,0,0,0,0
NB,1,1530,1986,0,2,0,0,3,0,0,0,0,0,0,0,0,0,0
NB,1,1530,1987,1,1,0,0,2,2,0,0,0,0,0,0,0,0,0
NB,1,1530,1989,0,1,0,0,1,2,0,0,0,0,0,0,0,0,0
NB,1,1530,1990,0,2,0,0,2,1,0,0,0,0,0,0,0,0,0
NB,1,1530,1991,3,0,0,0,4,3,0,0,0,0,0,0,0,0,0
NB,1,1530,1992,0,0,0,0,0,1,0,0,0,0,0,0,0,0,0
NB,1,1530,1993,0,1,0,0,1,1,0,0,0,0,0,0,0,0,0
NB,1,1530,1994,1,1,0,0,0,0,0,0,0,0,0,0,0,0,0
NB,1,1530,1995,0,0,0,0,1,0,0,0,0,0,0,0,0,0,0
NB,1,1530,1996,2,2,0,0,0,0,0,2,0,0,0,0,0,0,0
NB,1,1530,1997,0,0,0,0,1,0,0,1,0,0,0,0,0,0,0
NB,1,1530,1998,1,0,0,0,1,2,0,0,0,0,0,0,0,0,0
NB,1,1530,1999,0,0,0,0,2,0,0,0,0,0,0,0,0,0,0
NB,1,1530,2001,1,0,0,0,2,0,0,0,0,0,0,0,0,0,0
NB,1,1530,2002,1,0,0,0,3,0,0,0,0,0,0,0,0,0,0
NB,1,1530,2003,2,0,0,0,2,1,0,0,0,0,0,0,0,0,0
NB,1,1530,2004,1,4,0,0,0,0,0,0,0,0,0,1,0,0,0
NB,1,1530,2005,0,6,0,0,7,1,0,0,0,0,0,0,0,0,0
NB,1,1530,2007,1,2,0,0,0,1,0,0,0,0,0,0,0,0,0
NB,1,1530,2008,1,7,0,0,1,2,0,0,0,0,0,0,0,0,0
NB,1,1530,2009,0,1,0,0,0,0,0,0,0,0,0,0,0,0,0
NB,1,1530,2010,1,0,0,0,0,1,0,0,0,0,0,0,0,0,0
NB,1,1530,2011,2,9,0,0,3,4,0,0,0,0,0,0,0,0,0
NB,1,1530,2012,0,1,0,0,2,1,0,0,0,0,0,0,0,0,0
NB,1,1530,2015,0,4,0,0,1,1,0,0,0,0,0,0,0,0,0
NB,1,1530,2016,0,1,0,0,0,0,0,0,0,0,0,0,0,0,0
NB,1,1530,2017,0,2,0,0,4,1,0,0,0,0,0,0,0,0,0
NB,1,1530,2018,1,14,0,0,1,3,0,0,0,0,0,0,0,0,0
NB,1,1530,2019,0,8,0,0,2,1,0,0,0,0,0,0,0,0,0
NB,1,1530,2020,0,0,0,0,2,1,0,0,0,0,0,0,0,0,0
NB,1,1530,2021,0,2,0,0,0,0,0,0,0,0,0,0,0,0,0
NB,1,1530,2023,0,1,0,0,6,2,0,0,0,0,0,0,0,0,0
NB,1,1530,2024,1,0,0,0,2,3,0,1,0,0,0,0,0,0,0
NB,1,1540,1976,1,1,0,0,0,0,0,1,0,0,0,0,0,0,1
NB,1,1540,1979,2,1,0,0,0,1,0,2,0,0,0,0,0,0,0
NB,1,1540,1980,0,1,0,0,0,0,0,0,0,0,0,0,0,0,0
NB,1,1540,1981,1,2,0,0,1,0,0,1,0,0,0,0,0,0,1
NB,1,1540,1983,2,3,0,0,0,0,0,0,0,0,0,0,0,0,0
NB,1,1540,1985,0,0,0,0,0,0,0,3,0,0,0,0,0,0,0
NB,1,1540,1991,0,5,0,0,0,0,0,1,0,0,0,0,0,0,0
NB,1,1540,1993,1,1,0,0,0,0,0,0,0,0,0,0,0,0,0
NB,1,1540,2000,0,0,0,0,1,0,0,0,0,0,0,0,0,0,0
NB,1,1540,2001,0,0,0,0,0,0,0,1,0,0,0,0,0,0,0
NB,1,1540,2003,0,1,0,0,0,0,0,0,0,0,0,0,0,0,0
NB,1,1540,2007,0,4,0,0,0,0,0,1,0,0,0,0,0,0,0
NB,1,1540,2008,0,0,0,0,0,0,0,1,0,0,0,0,0,0,0
NB,1,1540,2010,0,1,0,0,0,0,0,0,0,0,0,0,0,0,0
NB,1,1540,2017,2,0,0,0,0,0,0,0,0,0,0,0,0,0,0
NB,1,1540,2021,1,5,0,0,0,0,0,0,0,0,0,0,0,0,0
NB,1,1540,2023,0,6,0,0,0,0,0,0,0,0,0,0,0,0,0
NB,1,1550,1987,0,0,0,0,0,1,0,0,0,0,0,0,0,0,0
NB,1,1590,1976,0,1,0,0,0,0,0,3,0,0,0,0,0,0,2
NB,1,1590,1977,3,5,0,0,3,2,0,0,0,0,0,0,0,0,3
NB,1,1590,1978,3,2,0,0,1,1,0,1,0,0,0,0,0,0,1
NB,1,1590,1979,3,1,0,0,1,0,0,0,0,0,0,0,0,0,1
NB,1,1590,1980,0,0,0,0,0,0,0,5,0,0,0,0,0,0,6
NB,1,1590,1981,1,1,0,0,3,0,0,1,0,0,0,1,0,0,0
NB,1,1590,1982,0,0,0,0,0,1,0,0,0,0,0,0,0,0,0
NB,1,1590,1983,1,1,0,0,0,0,0,0,0,0,0,0,0,0,0
NB,1,1590,1985,0,0,0,0,0,0,0,2,0,0,0,0,0,0,0
NB,1,1590,1986,1,2,0,0,1,1,0,0,0,0,0,2,0,0,0
NB,1,1590,1987,6,0,0,0,0,0,0,0,0,0,0,0,0,0,0
NB,1,1590,1988,5,1,0,0,0,0,0,0,0,0,0,0,0,0,0
NB,1,1590,1990,5,4,0,0,3,2,0,1,0,0,0,0,0,0,0
NB,1,1590,1991,22,16,0,0,1,3,0,0,0,0,0,0,0,0,0
NB,1,1590,1992,15,5,0,0,1,2,0,0,0,0,0,0,0,0,0
NB,1,1590,1993,17,11,0,0,1,1,0,0,0,0,0,0,0,0,0
NB,1,1590,1994,0,0,0,0,0,1,0,0,0,0,0,0,0,0,0
NB,1,1590,1995,0,0,0,0,1,0,0,0,0,0,0,0,0,0,0
NB,1,1590,1997,0,1,0,0,0,0,0,0,0,0,0,0,0,0,0
NB,1,1590,2000,5,7,0,0,0,0,0,0,0,0,0,0,0,0,0
NB,1,1590,2002,1,1,0,0,0,0,0,0,0,0,0,0,0,0,0
NB,1,1590,2003,7,14,0,0,2,3,0,0,0,0,0,0,0,0,0
NB,1,1590,2004,4,0,0,0,1,0,0,0,0,0,0,0,0,0,0
NB,1,1590,2005,8,6,0,0,3,3,0,0,0,0,0,0,0,0,0
NB,1,1590,2006,0,9,0,0,0,0,0,0,0,0,0,0,0,0,0
NB,1,1590,2007,12,5,0,0,0,0,0,0,0,0,0,0,0,0,0
NB,1,1590,2008,39,32,0,0,4,9,0,0,0,0,0,0,0,0,0
NB,1,1590,2009,12,2,0,0,1,1,0,0,0,0,0,0,0,0,0
NB,1,1590,2010,6,9,0,0,1,1,0,0,0,0,0,0,0,0,0
NB,1,1590,2011,1,2,0,0,0,0,0,0,0,0,0,0,0,0,0
NB,1,1590,2013,4,1,0,0,0,0,0,0,0,0,0,0,0,0,0
NB,1,1590,2015,7,8,0,0,0,0,0,0,0,0,0,0,0,0,0
NB,1,1590,2016,2,3,0,0,0,0,0,0,0,0,0,0,0,0,0
NB,1,1590,2017,7,11,0,0,0,0,0,0,0,0,0,0,0,0,0
NB,1,1590,2018,2,0,0,0,0,0,0,0,0,0,0,0,0,0,0
NB,1,1590,2019,4,2,0,0,0,1,0,0,0,0,0,0,0,0,0
NB,1,1590,2021,0,0,0,0,0,3,0,0,0,0,0,0,0,0,0
NB,1,1590,2022,0,1,0,0,0,0,0,0,0,0,0,0,0,0,0
NB,1,1590,2023,0,2,0,0,0,1,0,0,0,0,0,0,0,0,0
NB,1,1620,1986,0,0,0,0,0,0,0,1,0,0,0,0,0,0,0
NB,1,1620,2008,0,1,0,0,0,0,0,0,0,0,0,0,0,0,0
NB,1,1630,1976,1,0,0,0,0,0,0,2,0,0,0,0,0,0,0
NB,1,1630,1979,0,0,0,0,0,0,0,1,0,0,0,0,0,0,0
NB,1,1630,1981,0,1,0,0,0,0,0,0,0,0,0,0,0,0,1
NB,1,1630,1983,0,0,0,0,0,0,0,1,0,0,0,0,0,0,0
NB,1,1630,1987,0,0,0,0,3,1,0,0,0,0,0,0,0,0,0
NB,1,1630,1991,0,1,0,0,1,0,0,1,0,0,0,0,0,0,0
NB,1,1630,1994,0,0,0,0,0,0,0,1,0,0,0,0,0,0,0
NB,1,1630,1995,0,0,0,0,0,0,0,2,0,0,0,0,0,0,0
NB,1,1630,1996,0,0,0,0,0,0,0,1,0,0,0,0,0,0,0
NB,1,1630,1997,1,0,0,0,0,0,0,0,0,0,0,0,0,0,0
NB,1,1630,1998,0,0,0,0,0,1,0,0,0,0,0,0,0,0,0
NB,1,1630,2000,0,0,0,0,1,1,0,1,0,0,0,0,0,0,0
NB,1,1630,2003,0,0,0,0,0,0,0,1,0,0,0,0,0,0,0
NB,1,1630,2009,0,1,0,0,0,0,0,1,0,0,0,0,0,0,0
NB,1,1630,2010,1,0,0,0,0,0,0,1,0,0,0,0,0,0,0
NB,1,1630,2015,0,1,0,0,0,0,0,0,0,0,0,0,0,0,0
NB,1,1630,2016,0,0,0,0,0,1,0,2,0,0,0,0,0,0,0
NB,1,1630,2017,1,0,0,0,1,0,0,0,0,0,0,0,0,0,0
NB,1,1630,2020,0,0,0,0,0,0,0,1,0,0,0,0,0,0,0
NB,1,1630,2023,0,0,0,0,0,1,0,0,0,0,0,0,0,0,0
NB,1,1630,2024,0,0,0,0,1,0,0,0,0,0,0,0,0,0,0
NB,1,1650,1976,0,1,0,0,0,0,0,1,0,0,0,0,0,0,1
NB,1,1650,1978,1,3,0,0,0,0,0,0,0,0,0,0,0,0,0
NB,1,1650,1979,0,2,0,0,0,0,0,1,0,0,0,0,0,0,0
NB,1,1650,1980,0,0,0,0,0,0,0,2,0,0,0,0,0,0,0
NB,1,1650,1981,0,0,0,0,0,0,0,2,0,0,0,0,0,0,0
NB,1,1650,1982,0,0,0,0,0,0,0,1,0,0,0,0,0,0,1
NB,1,1650,1983,0,1,0,0,0,0,0,2,0,0,0,0,0,0,0
NB,1,1650,1985,2,0,0,0,0,0,0,0,0,0,0,0,0,0,0
NB,1,1650,1986,0,0,0,0,0,0,0,1,0,0,0,0,0,0,0
NB,1,1650,1988,0,0,0,0,1,0,0,0,0,0,0,0,0,0,0
NB,1,1650,1990,1,0,0,0,0,0,0,0,0,0,0,0,0,0,0
NB,1,1650,1991,0,0,0,0,0,0,0,2,0,0,0,0,0,0,0
NB,1,1650,1993,0,1,0,0,2,0,0,0,0,0,0,0,0,0,0
NB,1,1650,1998,0,1,0,0,0,0,0,0,0,0,0,0,0,0,0
NB,1,1650,2002,0,0,0,0,1,0,0,0,0,0,0,0,0,0,0
NB,1,1650,2003,0,0,0,0,0,0,0,1,0,0,0,0,0,0,0
NB,1,1650,2006,0,0,0,0,1,0,0,0,0,0,0,0,0,0,0
NB,1,1650,2007,0,0,0,0,1,0,0,0,0,0,0,0,0,0,0
NB,1,1650,2008,0,0,0,0,0,0,0,1,0,0,0,0,0,0,0
NB,1,1650,2011,0,0,0,0,1,0,0,0,0,0,0,0,0,0,0
NB,1,1650,2012,0,0,0,0,0,0,0,1,0,0,0,0,0,0,0
NB,1,1650,2013,0,1,0,0,0,0,0,0,0,0,0,0,0,0,0
NB,1,1650,2015,0,1,0,0,0,0,0,0,0,0,0,0,0,0,0
NB,1,1650,2017,1,0,0,0,0,0,0,0,0,0,0,0,0,0,0
NB,1,1650,2021,0,0,0,0,0,1,0,0,0,0,0,0,0,0,0
NB,1,1650,2023,0,0,0,0,1,0,0,0,0,0,0,0,0,0,0
NB,1,1660,1976,2,2,0,0,0,0,0,9,0,0,0,0,0,0,3
NB,1,1660,1977,1,1,0,0,0,0,0,6,0,0,0,0,0,0,0
NB,1,1660,1978,3,2,0,0,0,0,0,2,0,0,0,0,0,0,0
NB,1,1660,1979,0,0,0,0,0,0,0,4,0,0,0,0,0,0,0
NB,1,1660,1980,0,1,0,0,0,0,0,4,0,0,0,0,0,0,0
NB,1,1660,1981,0,0,0,0,0,0,0,2,0,0,0,0,0,0,0
NB,1,1660,1982,0,0,0,0,0,0,0,3,0,0,0,0,0,0,1
NB,1,1660,1984,0,0,0,0,0,0,0,2,0,0,0,0,0,0,0
NB,1,1660,1985,1,1,0,0,0,0,0,1,0,0,0,0,0,0,0
NB,1,1660,1986,0,1,0,0,1,2,0,0,0,0,0,0,0,0,0
NB,1,1660,1987,1,2,0,0,0,0,0,0,0,0,0,0,0,0,0
NB,1,1660,1990,1,1,0,0,0,0,0,2,0,0,0,0,0,0,0
NB,1,1660,1991,1,2,0,0,1,0,0,6,0,0,0,0,0,0,0
NB,1,1660,1993,1,0,0,0,0,0,0,0,0,0,0,0,0,0,0
NB,1,1660,1995,0,0,0,0,0,0,0,3,0,0,0,0,0,0,0
NB,1,1660,1996,0,0,0,0,0,0,0,2,0,0,0,0,0,0,0
NB,1,1660,1997,1,0,0,0,0,0,0,0,0,0,0,0,0,0,0
NB,1,1660,1998,1,0,0,0,0,4,0,0,0,0,0,0,0,0,0
NB,1,1660,1999,0,0,0,0,1,0,0,0,0,0,0,0,0,0,1
NB,1,1660,2000,2,1,0,0,0,0,0,1,0,0,0,0,0,0,0
NB,1,1660,2005,1,1,0,0,0,0,0,2,0,0,0,0,0,0,0
NB,1,1660,2006,0,0,0,0,0,0,0,3,0,0,0,0,0,0,0
NB,1,1660,2007,0,0,0,0,0,1,0,1,0,0,0,0,0,0,0
NB,1,1660,2008,1,2,0,0,0,0,0,0,0,0,0,0,0,0,0
NB,1,1660,2012,0,0,0,0,0,1,0,0,0,0,0,0,0,0,0
NB,1,1660,2015,0,2,0,0,0,0,0,0,0,0,0,0,0,0,0
NB,1,1660,2016,0,0,0,0,0,0,0,1,0,0,0,0,0,0,0
NB,1,1670,1976,0,0,0,0,0,0,0,2,0,0,0,0,0,0,0
NB,1,1670,1984,0,1,0,0,0,0,0,0,0,0,0,0,0,0,0
NB,1,1670,1991,0,0,0,0,0,0,0,1,0,0,0,0,0,0,0
NB,1,1670,1998,0,0,0,0,0,0,0,1,0,0,0,0,0,0,0
NB,1,1670,2005,0,0,0,0,0,0,0,2,0,0,0,0,0,0,0
NB,1,1670,2011,0,1,0,0,0,0,0,2,0,0,0,0,0,0,0
NB,1,1670,2019,0,0,0,0,0,0,0,1,0,0,0,0,0,0,0
NB,1,1692,1986,0,0,0,0,0,0,0,1,0,0,0,0,0,0,0
NB,1,1692,1990,0,0,0,3,0,0,0,0,0,0,0,0,0,0,0
NB,1,1692,1992,0,0,0,1,0,0,0,0,0,0,0,0,0,0,0
NB,1,1692,1998,0,0,0,2,0,0,0,2,0,0,0,0,0,0,0
NB,1,1692,2002,0,0,0,1,0,0,0,0,0,0,0,0,0,0,0
NB,1,1692,2004,0,0,0,0,0,0,0,1,0,0,0,0,0,0,0
NB,1,1692,2008,0,0,0,1,0,0,0,0,0,0,0,0,0,0,0
NB,1,1693,1990,0,0,0,1,0,0,0,1,0,0,0,0,0,0,0
NB,1,1721,1994,0,0,0,2,0,0,0,0,0,0,0,0,0,0,0
NB,1,1721,2011,0,0,0,0,0,0,0,1,0,0,0,0,0,0,0
NB,1,1721,2021,0,0,0,0,0,0,0,1,0,0,0,0,0,0,0
NB,1,1722,1976,0,0,0,4,0,0,0,4,0,0,0,0,0,0,4
NB,1,1722,1977,0,0,0,1,0,0,0,2,0,0,0,0,0,0,6
NB,1,1722,1978,0,0,0,7,0,0,0,8,0,0,0,0,0,0,3
NB,1,1722,1979,0,0,0,2,0,0,0,3,0,0,0,0,0,0,3
NB,1,1722,1980,0,0,0,1,0,0,0,4,0,0,0,0,0,0,2
NB,1,1722,1981,0,0,0,1,0,0,0,3,0,0,0,0,0,0,3
NB,1,1722,1982,0,0,0,4,0,0,0,6,0,0,0,0,0,0,5
NB,1,1722,1983,0,0,0,13,0,0,0,16,0,0,0,0,0,0,0
NB,1,1722,1984,0,0,0,5,0,0,0,10,0,0,0,0,0,0,0
NB,1,1722,1985,0,0,0,10,0,0,0,8,0,0,0,0,0,0,0
NB,1,1722,1986,0,0,0,8,0,0,0,19,0,0,0,0,0,0,0
NB,1,1722,1987,0,0,0,8,0,0,0,10,0,0,0,0,0,0,1
NB,1,1722,1988,0,0,0,6,0,0,0,10,0,0,0,0,0,0,0
NB,1,1722,1989,0,0,0,8,0,0,0,5,0,0,0,0,0,0,0
NB,1,1722,1990,2,0,0,10,0,0,0,7,0,0,0,0,0,0,0
NB,1,1722,1991,0,0,0,8,0,0,0,1,0,0,0,0,0,0,0
NB,1,1722,1992,0,0,0,2,0,0,0,3,0,0,0,0,0,0,0
NB,1,1722,1993,0,0,0,17,0,0,0,19,0,0,0,0,0,0,1
NB,1,1722,1994,0,0,0,6,0,0,0,6,0,0,0,0,0,0,0
NB,1,1722,1995,0,0,0,6,0,0,0,14,0,0,0,0,0,0,4
NB,1,1722,1996,0,0,0,6,0,0,0,3,0,0,0,0,0,0,0
NB,1,1722,1997,0,0,0,7,0,0,0,2,0,0,0,0,0,0,0
NB,1,1722,1998,0,0,0,20,0,0,0,18,0,0,0,0,0,0,0
NB,1,1722,1999,0,0,0,12,0,0,0,5,0,0,0,0,0,0,0
NB,1,1722,2000,0,0,0,8,0,0,0,2,0,0,0,0,0,0,0
NB,1,1722,2001,0,0,0,12,0,0,0,5,0,0,0,0,0,0,0
NB,1,1722,2002,0,0,0,8,0,0,0,2,0,0,0,0,0,0,0
NB,1,1722,2003,0,0,0,21,0,0,0,14,0,0,0,0,0,0,0
NB,1,1722,2004,0,0,0,10,0,0,0,7,0,0,0,0,0,0,4
NB,1,1722,2005,0,0,0,29,0,0,0,23,0,0,0,0,0,0,0
NB,1,1722,2006,0,0,0,23,0,0,0,15,0,0,0,0,0,0,0
NB,1,1722,2007,0,0,0,48,0,0,0,45,0,0,0,0,0,0,0
NB,1,1722,2008,0,0,0,29,0,0,0,19,0,0,0,0,0,0,0
NB,1,1722,2009,0,0,0,37,0,0,1,19,0,1,0,0,0,0,0
NB,1,1722,2010,0,0,0,19,0,0,0,19,0,0,0,0,0,0,0
NB,1,1722,2011,0,0,3,21,0,0,0,11,0,0,0,0,0,0,0
NB,1,1722,2012,0,0,0,28,0,0,0,20,0,0,0,0,0,0,0
NB,1,1722,2013,0,0,1,27,0,0,0,23,0,0,0,0,0,0,0
NB,1,1722,2014,0,0,4,22,0,1,1,19,0,0,0,0,0,0,0
NB,1,1722,2015,0,0,1,32,0,0,1,14,0,0,0,0,0,0,0
NB,1,1722,2016,0,0,0,48,0,0,1,40,0,1,0,0,0,0,0
NB,1,1722,2017,0,0,0,97,0,0,0,49,0,5,0,0,0,0,0
NB,1,1722,2018,0,0,1,25,0,0,0,5,0,0,0,0,0,0,0
NB,1,1722,2019,0,0,2,72,0,0,3,35,0,1,0,0,0,0,0
NB,1,1722,2020,0,0,0,53,0,0,0,29,0,9,0,0,0,0,0
NB,1,1722,2021,0,0,0,23,0,0,0,10,0,0,0,0,0,0,0
NB,1,1722,2022,0,0,0,35,0,0,0,9,0,0,0,0,0,0,0
NB,1,1722,2023,0,0,0,57,0,0,0,34,0,5,0,0,0,0,1
NB,1,1722,2024,0,0,0,19,0,0,0,3,0,7,0,0,0,0,0
NB,1,2280,1989,2,1,0,0,4,3,0,0,0,0,0,0,0,0,0
NB,1,2280,1990,2,0,0,0,1,2,0,0,0,0,0,0,0,0,0
NB,1,2280,2000,0,0,0,0,0,3,0,0,0,0,0,0,0,0,0
NB,1,2280,2006,29,55,0,0,28,62,0,0,0,0,0,1,1,0,0
NB,1,2280,2007,42,39,0,1,51,52,0,0,0,0,0,1,3,0,2
NB,1,2280,2008,55,42,0,0,55,84,0,1,0,0,0,0,2,0,3
NB,1,2280,2009,24,21,0,0,31,35,0,0,0,0,0,0,0,0,1
NB,1,2280,2010,50,23,0,0,63,80,0,0,0,0,0,1,1,0,1
NB,1,2280,2011,50,40,0,0,38,50,0,0,0,0,0,1,1,0,0
NB,1,2280,2012,31,25,0,0,19,46,0,0,0,0,0,0,1,0,0
NB,1,2280,2013,53,46,0,0,28,41,0,0,0,0,0,1,1,0,0
NB,1,2280,2014,51,30,0,0,43,45,0,1,0,0,0,0,0,0,0
NB,1,2280,2015,44,34,0,1,48,70,0,0,0,0,0,0,0,0,0
NB,1,2280,2016,29,14,0,0,41,53,0,0,0,0,0,0,0,0,0
NB,1,2280,2017,33,31,0,0,35,36,0,2,0,0,0,0,0,0,0
NB,1,2280,2018,24,24,0,0,17,29,0,0,0,0,0,0,0,0,0
NB,1,2280,2019,37,19,0,0,40,53,0,0,0,0,0,0,0,0,0
NB,1,2280,2020,36,38,0,0,35,34,0,0,0,0,0,1,0,0,1
NB,1,2280,2021,36,19,0,0,29,23,0,1,0,0,0,0,0,0,0
NB,1,2280,2022,38,30,0,0,29,38,0,0,0,0,0,0,1,0,1
NB,1,2280,2023,7,10,0,0,21,21,0,0,0,0,0,0,0,0,0
NB,1,2280,2024,11,9,0,0,7,16,0,0,0,0,0,0,0,0,1
NB,1,2300,2020,0,0,0,0,0,0,0,0,0,0,0,0,0,0,2
NB,2,1290,1976,0,1,0,0,0,0,0,1,0,0,0,0,0,0,5
NB,2,1290,1977,0,0,0,0,0,0,0,2,0,0,0,0,0,0,3
NB,2,1290,1978,0,0,0,0,0,1,0,0,0,0,0,0,0,0,1
NB,2,1290,1979,1,0,0,0,0,0,0,10,0,0,0,0,0,0,2
NB,2,1290,1980,0,0,0,0,1,2,0,0,0,0,0,0,0,0,1
NB,2,1290,1981,0,0,0,0,0,5,0,0,0,0,0,0,0,0,4
NB,2,1290,1982,0,0,0,0,0,0,0,3,0,0,0,0,0,0,11
NB,2,1290,1983,0,0,0,0,1,0,0,0,0,0,0,0,0,0,0
NB,2,1290,1984,1,0,0,0,3,1,0,0,0,0,0,0,0,0,0
NB,2,1290,1985,2,0,0,0,0,0,0,3,0,0,0,0,0,0,0
NB,2,1290,1986,1,1,0,0,0,1,0,3,0,0,0,0,0,0,0
NB,2,1290,1987,0,0,0,0,0,3,0,0,0,0,0,0,0,0,0
NB,2,1290,1988,0,0,0,0,0,6,0,0,0,0,0,0,0,0,0
NB,2,1290,1989,2,0,0,0,0,1,0,0,0,0,0,0,0,0,0
NB,2,1290,1990,1,1,0,0,2,1,0,0,0,0,0,0,0,0,0
NB,2,1290,1992,0,0,0,0,1,0,0,0,0,0,0,0,0,0,0
NB,2,1290,1994,0,0,0,0,0,2,0,0,0,0,0,0,0,0,0
NB,2,1290,1995,0,0,0,0,0,0,0,1,0,0,0,0,0,0,0
NB,2,1290,1996,0,2,0,0,1,0,0,2,0,0,0,0,0,0,0
NB,2,1290,1997,0,0,0,0,2,0,0,0,0,0,0,0,0,0,0
NB,2,1290,1999,0,0,0,0,1,0,0,0,0,0,0,0,0,0,0
NB,2,1290,2000,0,0,0,0,0,0,0,0,0,0,0,0,0,0,1
NB,2,1290,2001,0,0,0,0,1,1,0,0,0,0,0,0,0,0,0
NB,2,1290,2002,2,1,0,0,2,2,0,0,0,0,0,0,0,0,0
NB,2,1290,2003,0,0,0,0,4,3,0,0,0,0,0,0,0,0,0
NB,2,1290,2004,0,2,0,0,2,0,0,0,0,0,0,0,0,0,0
NB,2,1290,2005,1,1,0,0,0,0,0,0,0,0,0,0,0,0,0
NB,2,1290,2007,0,0,0,0,1,0,0,0,0,0,0,0,0,0,0
NB,2,1290,2012,0,0,0,0,0,2,0,0,0,0,0,0,0,0,0
NB,2,1290,2015,0,2,0,0,1,0,0,0,0,0,0,0,0,0,0
NB,2,1290,2024,1,0,0,0,0,1,0,0,0,0,0,0,0,0,0
NB,2,1300,1976,1,0,0,0,0,0,0,5,0,0,0,0,0,0,3
NB,2,1300,1977,1,0,0,0,0,0,0,0,0,0,0,0,0,0,1
NB,2,1300,1979,1,0,0,1,0,0,0,1,0,0,0,0,0,0,3
NB,2,1300,1980,0,0,0,0,1,1,0,0,0,0,0,0,0,0,0
NB,2,1300,1981,0,0,0,0,2,1,0,0,0,0,0,0,0,0,1
NB,2,1300,1982,0,0,0,0,0,0,0,1,0,0,0,0,0,0,1
NB,2,1300,1983,0,0,0,0,0,0,0,3,0,0,0,0,0,0,0
NB,2,1300,1984,0,0,0,0,1,1,0,0,0,0,0,0,0,0,0
NB,2,1300,1985,0,0,0,0,0,0,0,2,0,0,0,0,0,0,0
NB,2,1300,1987,0,1,0,0,0,1,0,0,0,0,0,0,0,0,0
NB,2,1300,1988,1,0,0,0,1,2,0,0,0,0,0,0,0,0,0
NB,2,1300,1989,0,1,0,0,0,0,0,0,0,0,0,0,0,0,0
NB,2,1300,1990,0,0,0,0,3,2,0,0,0,0,0,0,0,0,0
NB,2,1300,1992,1,0,0,0,1,1,0,0,0,0,0,0,0,0,0
NB,2,1300,1993,0,1,0,0,1,1,0,0,0,0,0,0,0,0,0
NB,2,1300,1994,0,0,0,0,0,1,0,0,0,0,0,0,0,0,0
NB,2,1300,1996,1,1,0,0,0,1,0,0,0,0,0,0,0,0,0
NB,2,1300,1997,0,1,0,0,0,0,0,0,0,0,0,0,0,0,0
NB,2,1300,2001,0,1,0,0,1,0,0,0,0,0,0,0,0,0,0
NB,2,1300,2002,0,1,0,0,1,1,0,0,0,0,0,0,0,0,0
NB,2,1300,2003,0,0,0,0,0,0,0,1,0,0,0,0,0,0,0
NB,2,1300,2005,0,0,0,0,0,0,0,2,0,0,0,0,0,0,0
NB,2,1310,1976,0,0,0,0,0,0,0,0,0,0,0,0,0,0,1
NB,2,1310,1977,0,0,0,0,0,1,0,1,0,0,0,0,0,0,1
NB,2,1310,1978,0,0,0,0,0,0,0,1,0,0,0,0,0,0,0
NB,2,1310,1979,0,0,0,0,0,0,0,3,0,0,0,0,0,0,0
NB,2,1310,1980,0,1,0,0,0,0,0,5,0,0,0,0,0,0,0
NB,2,1310,1981,1,0,0,0,0,0,0,3,0,0,0,0,0,0,3
NB,2,1310,1983,0,0,0,0,0,0,0,2,0,0,0,0,0,0,0
NB,2,1310,1985,0,0,0,0,0,0,0,2,0,0,0,0,0,0,0
NB,2,1310,1986,1,0,0,0,0,0,0,1,0,0,0,0,0,0,0
NB,2,1310,1987,1,0,0,0,4,4,0,0,0,0,0,0,0,0,1
NB,2,1310,1988,0,1,0,0,0,6,0,0,0,0,0,0,0,0,0
NB,2,1310,1989,0,0,0,0,0,0,0,1,0,0,0,0,0,0,0
NB,2,1310,1991,0,0,0,0,0,2,0,0,0,0,0,0,0,0,0
NB,2,1310,1992,0,0,0,0,0,1,0,0,0,0,0,0,0,0,0
NB,2,1310,1993,1,0,0,0,1,0,0,0,0,0,0,0,0,0,0
NB,2,1310,1994,1,0,0,0,0,0,0,5,0,0,0,0,0,0,0
NB,2,1310,1995,1,0,0,0,0,2,0,1,0,0,0,0,0,0,1
NB,2,1310,1996,0,0,0,0,0,0,0,4,0,0,0,0,0,0,0
NB,2,1310,1997,1,0,0,0,0,0,0,2,0,0,0,0,0,0,0
NB,2,1310,1999,0,0,0,0,1,0,0,0,0,0,0,0,0,0,0
NB,2,1310,2001,1,0,0,0,2,0,0,0,0,0,0,0,0,0,0
NB,2,1310,2002,2,0,0,0,3,2,0,0,0,0,0,0,0,0,0
NB,2,1310,2003,1,1,0,0,0,0,0,5,0,0,0,0,0,0,0
NB,2,1310,2004,1,0,0,0,0,0,0,3,0,0,0,0,0,0,0
NB,2,1310,2005,0,0,0,0,0,0,0,6,0,0,0,0,0,0,1
NB,2,1310,2006,0,0,0,0,0,0,0,5,0,0,0,0,0,0,0
NB,2,1310,2007,0,1,0,0,0,0,0,0,0,0,0,0,0,0,0
NB,2,1310,2008,0,1,0,0,0,0,0,3,0,0,0,0,0,0,0
NB,2,1310,2011,0,0,0,0,1,0,0,0,0,0,0,0,0,0,0
NB,2,1310,2017,0,0,0,0,0,0,0,1,0,0,0,0,0,0,0
NB,2,1320,1976,0,0,0,0,0,1,0,0,0,0,0,0,0,0,0
NB,2,1320,1977,0,0,0,0,0,1,0,1,0,0,0,0,0,0,2
NB,2,1320,1978,0,0,0,0,1,1,0,0,0,0,0,0,0,0,0
NB,2,1320,1979,1,1,0,0,4,6,0,1,0,0,0,0,0,0,0
NB,2,1320,1980,0,0,0,0,3,2,0,0,0,0,0,0,0,0,3
NB,2,1320,1981,0,0,0,0,1,1,0,1,0,0,0,0,0,0,8
NB,2,1320,1982,0,0,0,0,0,0,0,0,0,0,0,0,0,0,1
NB,2,1320,1983,1,1,0,0,0,1,0,0,0,0,0,0,0,0,0
NB,2,1320,1984,0,2,0,0,1,3,0,0,0,0,0,0,0,0,0
NB,2,1320,1985,0,0,0,0,3,2,0,0,0,0,0,0,0,0,0
NB,2,1320,1986,1,1,0,0,8,6,0,0,0,0,0,0,0,0,0
NB,2,1320,1987,1,0,0,1,2,6,0,1,0,0,0,0,0,0,0
NB,2,1320,1988,0,0,0,0,0,1,0,0,0,0,0,0,0,0,0
NB,2,1320,1989,1,0,0,0,1,4,0,0,0,0,0,0,0,0,0
NB,2,1320,1990,2,3,0,0,4,1,0,0,0,0,0,0,0,0,0
NB,2,1320,1991,0,0,0,0,1,4,0,0,0,0,0,0,0,0,0
NB,2,1320,1992,1,0,0,0,6,10,0,0,0,0,0,0,0,0,0
NB,2,1320,1993,0,1,0,0,9,4,0,0,0,0,0,0,0,0,0
NB,2,1320,1994,1,2,0,0,4,11,0,0,0,0,0,0,0,0,0
NB,2,1320,1995,1,0,0,0,9,10,0,0,0,0,0,0,0,0,0
NB,2,1320,1996,0,0,0,0,3,7,0,0,0,0,0,0,0,0,0
NB,2,1320,1997,0,0,0,0,4,7,0,0,0,0,0,0,0,0,0
NB,2,1320,1998,2,3,0,0,4,9,0,0,0,0,0,0,0,0,0
NB,2,1320,1999,1,1,0,0,3,0,0,0,0,0,0,0,0,0,0
NB,2,1320,2000,1,0,0,0,2,3,0,0,0,0,0,0,0,0,0
NB,2,1320,2001,0,2,0,0,10,5,0,1,0,0,0,0,0,0,1
NB,2,1320,2002,0,1,0,0,10,13,0,0,0,0,0,0,0,0,0
NB,2,1320,2003,3,9,0,0,7,12,0,0,0,0,0,0,0,0,1
NB,2,1320,2004,3,4,0,0,12,7,0,1,0,0,0,0,0,0,0
NB,2,1320,2005,1,2,0,0,17,13,0,0,0,0,0,0,0,0,0
NB,2,1320,2006,2,2,0,0,2,8,0,1,0,0,0,0,0,0,0
NB,2,1320,2007,0,2,0,0,2,0,0,0,0,0,0,0,0,0,0
NB,2,1320,2008,4,6,0,0,11,4,0,0,0,0,0,0,0,0,0
NB,2,1320,2009,0,1,0,0,0,2,0,0,0,0,0,0,0,0,0
NB,2,1320,2010,0,4,0,0,3,5,0,0,0,0,0,0,0,0,0
NB,2,1320,2011,3,5,0,0,3,7,0,0,0,0,0,0,0,0,0
NB,2,1320,2012,0,0,0,0,1,1,0,0,0,0,0,0,0,0,0
NB,2,1320,2013,0,0,0,0,3,3,0,0,0,0,0,0,0,0,0
NB,2,1320,2014,0,0,0,0,2,2,0,0,0,0,0,0,0,0,0
NB,2,1320,2015,0,1,0,0,4,6,0,0,0,0,0,0,0,0,1
NB,2,1320,2016,0,0,0,0,1,0,0,0,0,0,0,0,0,0,0
NB,2,1320,2017,0,2,0,0,2,1,0,0,0,0,0,0,0,0,0
NB,2,1320,2018,0,4,0,0,7,5,0,0,0,0,0,0,0,0,0
NB,2,1320,2019,0,0,0,0,3,1,0,0,0,0,0,0,0,0,0
NB,2,1320,2020,0,1,0,0,2,1,0,0,0,0,0,0,0,0,0
NB,2,1320,2021,0,1,0,0,2,2,0,0,0,0,0,0,0,0,0
NB,2,1320,2022,1,1,0,0,3,2,0,0,0,0,0,0,0,0,0
NB,2,1320,2023,0,1,0,0,1,0,0,0,0,0,0,0,0,0,0
NB,2,1320,2024,3,12,0,0,3,3,0,0,0,0,0,0,0,0,0
NB,2,1321,1976,1,1,0,0,1,1,0,0,0,0,0,0,0,0,4
NB,2,1321,1977,0,0,0,0,0,2,0,0,0,0,0,0,0,0,0
NB,2,1321,1978,0,0,0,0,0,0,0,0,0,0,0,0,0,0,1
NB,2,1321,1979,0,0,0,0,3,0,0,1,0,0,0,0,0,0,0
NB,2,1321,1980,0,0,0,0,0,2,0,0,0,0,0,0,0,0,1
NB,2,1321,1981,1,0,0,0,0,0,0,0,0,0,0,0,0,0,0
NB,2,1321,1982,0,0,0,0,0,3,0,0,0,0,0,0,0,0,0
NB,2,1321,1983,0,0,0,0,1,1,0,0,0,0,0,0,0,0,0
NB,2,1321,1984,0,1,0,0,0,1,0,0,0,0,0,0,0,0,0
NB,2,1321,1985,0,0,0,0,2,2,0,0,0,0,0,0,0,0,0
NB,2,1321,1986,1,0,0,0,3,2,0,0,0,0,0,0,0,0,0
NB,2,1321,1987,0,4,0,0,0,3,0,0,0,0,0,0,0,0,0
NB,2,1321,1988,0,0,0,0,1,2,0,0,0,0,0,0,0,0,0
NB,2,1321,1989,1,1,0,0,0,0,0,0,0,0,0,0,0,0,0
NB,2,1321,1990,0,0,0,0,0,4,0,0,0,0,0,0,0,0,0
NB,2,1321,1991,0,1,0,0,1,1,0,0,0,0,0,0,0,0,0
NB,2,1321,1992,0,2,0,0,1,2,0,0,0,0,0,0,0,0,0
NB,2,1321,1993,1,3,0,0,5,2,0,0,0,0,0,0,0,0,0
NB,2,1321,1994,0,0,0,0,2,2,0,0,0,0,0,0,0,0,1
NB,2,1321,1995,0,0,0,0,0,3,0,0,0,0,0,0,0,0,0
NB,2,1321,1996,0,1,0,0,0,3,0,0,0,0,0,0,0,0,0
NB,2,1321,1997,0,0,0,0,0,1,0,0,0,0,0,0,0,0,0
NB,2,1321,1998,0,0,0,0,1,0,0,0,0,0,0,0,0,0,0
NB,2,1321,1999,0,0,0,0,0,1,0,0,0,0,0,0,0,0,0
NB,2,1321,2000,1,3,0,0,0,0,0,0,0,0,0,0,0,0,0
NB,2,1321,2003,0,1,0,0,2,0,0,0,0,0,0,0,0,0,0
NB,2,1321,2004,0,2,0,0,1,0,0,0,0,0,0,0,0,0,0
NB,2,1321,2005,0,3,0,0,2,4,0,0,0,0,0,0,0,0,1
NB,2,1321,2006,0,0,0,0,1,1,0,0,0,0,0,0,0,0,0
NB,2,1321,2007,0,1,0,0,2,3,0,0,0,0,0,0,0,0,0
NB,2,1321,2008,0,0,0,0,1,2,0,0,0,0,0,0,0,0,0
NB,2,1321,2009,0,2,0,0,1,1,0,0,0,0,0,0,0,0,0
NB,2,1321,2010,0,1,0,0,0,0,0,0,0,0,0,0,0,0,0
NB,2,1321,2011,0,0,0,0,0,1,0,0,0,0,0,0,0,0,0
NB,2,1321,2013,0,2,0,0,0,1,0,0,0,0,0,0,0,0,0
NB,2,1321,2014,0,0,0,0,1,1,0,0,0,0,0,0,0,0,0
NB,2,1321,2015,0,1,0,0,0,0,0,0,0,0,0,0,0,0,0
NB,2,1321,2018,0,0,0,0,0,1,0,0,0,0,0,0,0,0,0
NB,2,1321,2020,0,0,0,0,1,0,0,0,0,0,0,0,0,0,0
NB,2,1321,2021,0,0,0,0,0,1,0,0,0,0,0,0,0,0,0
NB,2,1321,2022,0,1,0,0,0,0,0,0,0,0,0,0,0,0,0
NB,2,1321,2024,0,1,0,0,1,0,0,0,0,0,0,0,0,0,0
NB,2,1330,1976,1,6,0,0,22,38,0,1,0,0,0,0,0,0,62
NB,2,1330,1977,1,4,0,0,31,21,0,1,0,0,0,0,0,0,35
NB,2,1330,1978,6,4,0,0,33,37,0,1,0,0,0,0,0,0,41
NB,2,1330,1979,7,7,0,0,47,39,0,1,0,0,0,1,1,0,18
NB,2,1330,1980,3,9,0,0,47,69,0,4,0,0,0,0,0,0,33
NB,2,1330,1981,5,12,0,0,54,39,0,1,0,0,0,2,2,0,75
NB,2,1330,1982,2,4,0,0,15,11,0,0,0,0,0,0,0,0,23
NB,2,1330,1983,9,11,0,0,62,49,0,5,0,0,0,1,0,0,2
NB,2,1330,1984,4,1,0,0,72,54,0,9,0,0,0,0,1,0,1
NB,2,1330,1985,8,6,0,0,56,42,0,0,0,0,0,0,0,0,0
NB,2,1330,1986,11,16,0,1,80,69,0,0,0,0,0,0,0,0,2
NB,2,1330,1987,5,10,0,1,45,52,0,3,0,0,0,1,1,0,1
NB,2,1330,1988,18,18,0,1,50,65,0,4,0,0,0,0,0,0,0
NB,2,1330,1989,14,4,0,0,44,46,0,4,0,0,0,0,0,0,0
NB,2,1330,1990,17,20,0,0,47,64,0,0,0,0,0,0,0,0,1
NB,2,1330,1991,9,7,0,0,32,26,0,1,0,0,0,0,0,0,0
NB,2,1330,1992,19,17,0,0,54,27,0,0,0,0,0,0,0,0,1
NB,2,1330,1993,10,13,0,1,63,71,0,3,0,0,0,0,0,0,1
NB,2,1330,1994,7,8,0,1,94,124,0,3,0,0,0,0,0,0,0
NB,2,1330,1995,10,9,0,0,66,58,0,2,0,0,0,0,0,0,3
NB,2,1330,1996,6,8,0,0,32,26,0,0,0,0,0,0,0,0,0
NB,2,1330,1997,9,2,0,0,26,20,0,1,0,0,0,0,0,0,0
NB,2,1330,1998,1,9,0,0,22,30,0,0,0,0,0,0,0,0,0
NB,2,1330,1999,1,6,0,0,9,5,0,0,0,0,0,0,0,0,0
NB,2,1330,2000,4,3,0,0,19,15,0,0,0,0,0,0,0,0,0
NB,2,1330,2001,2,4,0,0,25,15,0,0,0,0,0,0,0,0,0
NB,2,1330,2002,7,12,0,0,39,45,0,3,0,0,0,0,0,0,0
NB,2,1330,2003,17,9,0,0,50,58,0,4,0,0,0,0,0,0,0
NB,2,1330,2004,8,7,0,0,23,17,0,0,0,0,0,0,0,0,0
NB,2,1330,2005,8,6,0,0,41,44,0,1,0,0,0,0,0,0,0
NB,2,1330,2006,4,3,0,1,25,27,0,3,0,0,0,0,0,0,3
NB,2,1330,2007,3,0,0,0,9,7,0,0,0,0,0,0,0,0,0
NB,2,1330,2008,4,7,0,1,25,37,0,3,0,0,0,0,0,0,0
NB,2,1330,2009,3,7,0,0,8,7,0,0,0,0,0,0,0,0,0
NB,2,1330,2010,2,2,0,0,12,11,0,0,0,0,0,0,0,0,0
NB,2,1330,2011,3,4,0,0,13,10,0,0,0,0,0,0,0,0,0
NB,2,1330,2012,6,4,0,1,7,8,0,1,0,0,0,0,0,0,0
NB,2,1330,2013,0,2,0,0,3,4,0,0,0,0,0,0,0,0,0
NB,2,1330,2014,6,2,0,0,9,1,0,0,0,0,0,0,0,0,0
NB,2,1330,2015,5,4,0,0,3,4,0,0,0,0,0,0,0,0,0
NB,2,1330,2016,0,0,0,0,1,1,0,0,0,0,0,0,0,0,0
NB,2,1330,2017,3,3,0,0,2,3,0,4,0,0,0,0,0,0,0
NB,2,1330,2018,0,0,0,0,11,8,0,1,0,0,0,1,0,0,0
NB,2,1330,2019,2,2,0,0,0,2,0,0,0,0,0,0,0,0,0
NB,2,1330,2020,1,1,0,0,8,6,0,0,0,0,0,0,0,0,0
NB,2,1330,2021,4,3,0,0,4,11,0,0,0,0,0,0,0,0,0
NB,2,1330,2022,0,2,0,0,2,2,0,0,0,0,0,0,0,0,0
NB,2,1330,2023,0,0,0,0,1,2,0,0,0,0,0,0,0,0,0
NB,2,1330,2024,1,2,0,0,1,3,0,0,0,0,0,0,0,0,0
NB,2,1350,1987,0,0,0,0,1,0,0,0,0,0,0,0,0,0,0
NB,2,1350,1998,0,0,0,0,1,0,0,0,0,0,0,0,0,0,0
NB,2,1350,2002,0,1,0,0,2,0,0,0,0,0,0,0,0,0,0
NB,2,1350,2003,0,0,0,0,0,1,0,0,0,0,0,0,0,0,0
NB,2,1350,2004,1,0,0,0,0,0,0,0,0,0,0,0,0,0,0
NB,2,1350,2006,0,0,0,0,0,1,0,0,0,0,0,0,0,0,0
NB,2,1350,2011,0,0,0,0,1,0,0,0,0,0,0,0,0,0,0
NB,2,1350,2021,0,0,0,0,0,1,0,0,0,0,0,0,0,0,0
NB,2,1360,1992,0,0,0,0,1,0,0,0,0,0,0,0,0,0,0
NB,2,1360,2024,0,0,0,0,1,0,0,0,0,0,0,0,0,0,0
NB,2,1370,1976,0,2,0,0,7,1,0,0,0,0,0,0,0,0,2
NB,2,1370,1977,0,1,0,0,2,2,0,0,0,0,0,0,0,0,4
NB,2,1370,1979,1,0,0,0,3,7,0,0,0,0,0,0,0,0,1
NB,2,1370,1980,2,0,0,0,0,1,0,0,0,0,0,0,0,0,0
NB,2,1370,1981,1,0,0,0,0,2,0,0,0,0,0,0,0,0,0
NB,2,1370,1982,0,0,0,0,0,0,0,0,0,0,0,0,0,0,3
NB,2,1370,1983,0,2,0,0,2,1,0,0,0,0,0,0,0,0,0
NB,2,1370,1984,0,0,0,0,2,1,0,0,0,0,0,0,0,0,0
NB,2,1370,1985,0,0,0,0,1,2,0,0,0,0,0,0,0,0,0
NB,2,1370,1986,1,0,0,0,6,7,0,0,0,0,0,0,0,0,0
NB,2,1370,1987,0,1,0,0,4,3,0,0,0,0,0,0,0,0,0
NB,2,1370,1988,0,0,0,0,1,2,0,0,0,0,0,0,0,0,0
NB,2,1370,1989,0,2,0,0,3,5,0,0,0,0,0,0,0,0,0
NB,2,1370,1991,0,0,0,0,1,0,0,0,0,0,0,0,0,0,0
NB,2,1370,1992,0,1,0,0,5,4,0,0,0,0,0,0,0,0,0
NB,2,1370,1993,0,2,0,0,6,3,0,0,0,0,0,0,0,0,0
NB,2,1370,1994,1,0,0,0,12,9,0,0,0,0,0,0,0,0,0
NB,2,1370,1995,1,0,0,0,6,11,0,0,0,0,0,0,0,0,0
NB,2,1370,1996,0,2,0,0,3,2,0,0,0,0,0,0,0,0,0
NB,2,1370,1997,0,0,0,0,2,1,0,0,0,0,0,0,0,0,0
NB,2,1370,1998,0,0,0,0,2,2,0,0,0,0,0,0,0,0,0
NB,2,1370,2000,1,0,0,0,1,1,0,0,0,0,0,0,0,0,0
NB,2,1370,2001,1,0,0,0,1,1,0,0,0,0,0,0,0,0,0
NB,2,1370,2002,0,1,0,0,6,2,0,0,0,0,0,0,0,0,0
NB,2,1370,2003,0,1,0,0,4,2,0,0,0,0,0,0,0,0,0
NB,2,1370,2004,0,1,0,0,3,3,0,0,0,0,0,0,0,0,0
NB,2,1370,2005,2,5,0,0,2,7,0,0,0,0,0,0,0,0,0
NB,2,1370,2006,1,0,0,0,1,2,0,0,0,0,0,0,0,0,0
NB,2,1370,2007,1,0,0,0,0,0,0,0,0,0,0,0,0,0,0
NB,2,1370,2008,0,0,0,0,0,1,0,0,0,0,0,0,0,0,0
NB,2,1370,2009,0,0,0,0,1,0,0,0,0,0,0,0,0,0,0
NB,2,1370,2010,0,3,0,0,1,0,0,0,0,0,0,0,0,0,0
NB,2,1370,2012,0,0,0,0,1,1,0,0,0,0,0,0,0,0,0
NB,2,1370,2013,0,0,0,0,0,1,0,0,0,0,0,0,0,0,0
NB,2,1370,2015,0,0,0,0,1,1,0,0,0,0,0,0,0,0,0
NB,2,1370,2019,0,0,0,0,1,0,0,0,0,0,0,0,0,0,0
NB,2,1370,2021,0,0,0,0,0,1,0,0,0,0,0,0,0,0,0
NB,2,1370,2022,0,0,0,0,3,1,0,0,0,0,0,0,0,0,0
NB,2,1370,2024,0,1,0,0,1,1,0,0,0,0,0,0,0,0,0
NB,2,1390,1976,3,2,0,0,26,6,0,1,0,0,0,0,0,0,13
NB,2,1390,1977,1,0,0,0,15,11,0,2,0,0,0,0,1,0,19
NB,2,1390,1978,2,1,0,0,31,21,0,0,0,0,0,0,2,0,19
NB,2,1390,1979,2,2,0,0,23,28,0,5,0,0,0,1,1,0,11
NB,2,1390,1980,0,1,0,0,9,5,0,0,0,0,0,0,1,0,13
NB,2,1390,1981,4,1,0,0,4,10,0,0,0,0,0,0,0,0,15
NB,2,1390,1982,0,0,0,0,1,0,0,0,0,0,0,0,0,0,6
NB,2,1390,1983,4,4,0,0,29,13,0,0,0,0,0,1,1,0,2
NB,2,1390,1984,3,2,0,0,28,8,0,2,0,0,0,0,1,0,2
NB,2,1390,1985,5,0,0,0,17,13,0,0,0,0,0,0,0,0,0
NB,2,1390,1986,1,0,0,0,16,16,0,0,0,0,0,0,0,0,0
NB,2,1390,1987,0,5,0,0,14,10,0,0,0,0,0,1,0,0,1
NB,2,1390,1988,0,5,0,0,5,4,0,0,0,0,0,0,0,0,0
NB,2,1390,1989,5,11,0,0,14,11,0,0,0,0,0,0,0,0,0
NB,2,1390,1990,2,1,0,0,16,13,0,0,0,0,0,0,0,0,0
NB,2,1390,1991,0,0,0,0,12,4,0,0,0,0,0,0,0,0,5
NB,2,1390,1992,7,9,0,0,4,17,0,0,0,0,0,0,0,0,0
NB,2,1390,1993,0,3,0,0,17,10,0,1,0,0,0,0,0,0,1
NB,2,1390,1994,6,3,0,0,25,22,0,1,0,0,0,1,0,0,3
NB,2,1390,1995,5,2,0,0,31,22,0,0,0,0,0,0,0,0,1
NB,2,1390,1996,1,1,0,0,4,4,0,1,0,0,0,0,0,0,0
NB,2,1390,1997,1,0,0,0,9,4,0,0,0,0,0,0,0,0,0
NB,2,1390,1998,2,0,0,0,9,6,0,0,0,0,0,0,0,0,0
NB,2,1390,1999,1,0,0,0,10,6,0,1,0,0,0,0,0,0,0
NB,2,1390,2000,6,0,0,0,6,9,0,0,0,0,0,0,0,0,0
NB,2,1390,2001,1,0,0,0,6,1,0,0,0,0,0,0,0,0,0
NB,2,1390,2002,6,3,0,0,9,13,0,1,0,0,0,0,0,0,0
NB,2,1390,2003,2,0,0,0,15,14,0,2,0,0,0,0,0,0,1
NB,2,1390,2004,3,0,0,0,7,5,0,0,0,0,0,0,0,0,0
NB,2,1390,2005,6,4,0,0,21,27,0,2,0,0,0,0,1,0,0
NB,2,1390,2006,0,0,0,0,11,2,0,2,0,0,0,0,0,0,0
NB,2,1390,2007,0,0,0,0,7,3,0,0,0,0,0,0,0,0,0
NB,2,1390,2008,0,0,0,0,7,4,0,1,0,0,0,0,0,0,0
NB,2,1390,2009,0,0,0,0,1,0,0,0,0,0,0,0,0,0,0
NB,2,1390,2010,1,0,0,0,2,8,0,0,0,0,0,0,0,0,1
NB,2,1390,2011,1,1,0,0,5,5,0,0,0,0,0,0,0,0,0
NB,2,1390,2012,0,0,0,0,1,0,0,0,0,0,0,0,0,0,0
NB,2,1390,2013,0,0,0,0,1,1,0,0,0,0,0,0,0,0,0
NB,2,1390,2014,1,0,0,0,4,3,0,0,0,0,0,0,0,0,0
NB,2,1390,2015,0,0,0,0,4,9,0,1,0,0,0,0,0,0,0
NB,2,1390,2018,0,0,0,0,2,1,0,0,0,0,0,0,0,0,0
NB,2,1390,2019,0,0,0,0,2,2,0,0,0,0,0,0,0,0,0
NB,2,1390,2020,0,2,0,0,0,1,0,0,0,0,0,0,0,0,0
NB,2,1390,2021,1,0,0,0,2,1,0,0,0,0,0,0,0,0,0
NB,2,1390,2022,0,1,0,0,2,3,0,0,0,0,0,0,0,0,0
NB,2,1390,2023,1,0,0,0,2,0,0,0,0,0,0,0,0,0,0
NB,2,1390,2024,0,0,0,0,2,1,0,0,0,0,0,0,0,0,0
NB,2,1400,1976,1,3,0,0,9,6,0,0,0,0,0,0,0,0,7
NB,2,1400,1977,0,2,0,0,3,5,0,0,0,0,0,0,0,0,3
NB,2,1400,1978,0,1,0,0,2,4,0,0,0,0,0,0,0,0,5
NB,2,1400,1979,7,2,0,0,11,13,0,0,0,0,0,0,2,0,6
NB,2,1400,1980,1,2,0,0,5,1,0,0,0,0,0,0,0,0,4
NB,2,1400,1981,0,1,0,0,1,1,0,0,0,0,0,0,0,0,3
NB,2,1400,1982,0,0,0,0,1,2,0,0,0,0,0,0,0,0,4
NB,2,1400,1983,0,1,0,0,12,8,0,0,0,0,0,0,0,0,0
NB,2,1400,1984,4,2,0,0,1,9,0,0,0,0,0,0,0,0,0
NB,2,1400,1985,0,0,0,0,6,0,0,0,0,0,0,0,0,0,0
NB,2,1400,1986,0,0,0,0,3,10,0,0,0,0,0,0,0,0,0
NB,2,1400,1987,0,0,0,0,1,1,0,0,0,0,0,0,0,0,0
NB,2,1400,1988,2,0,0,0,4,0,0,0,0,0,0,0,0,0,0
NB,2,1400,1989,0,0,0,0,1,0,0,0,0,0,0,0,0,0,0
NB,2,1400,1990,0,5,0,0,0,2,0,0,0,0,0,0,0,0,0
NB,2,1400,1991,0,0,0,0,2,2,0,0,0,0,0,0,0,0,0
NB,2,1400,1992,0,0,0,0,2,3,0,0,0,0,0,0,1,0,0
NB,2,1400,1993,0,2,0,0,2,5,0,0,0,0,0,0,2,0,0
NB,2,1400,1994,5,4,0,0,15,17,0,0,0,0,0,0,0,0,0
NB,2,1400,1995,1,1,0,0,20,17,0,0,0,0,0,0,0,0,0
NB,2,1400,1996,2,1,0,0,5,6,0,0,0,0,0,0,0,0,0
NB,2,1400,1997,0,0,0,0,1,1,0,0,0,0,0,0,0,0,0
NB,2,1400,1998,0,1,0,0,1,1,0,0,0,0,0,0,0,0,0
NB,2,1400,2000,0,0,0,0,2,1,0,0,0,0,0,1,0,0,0
NB,2,1400,2001,2,1,0,0,1,2,0,0,0,0,0,0,0,0,0
NB,2,1400,2002,0,3,0,0,3,0,0,0,0,0,0,0,0,0,0
NB,2,1400,2003,0,0,0,0,3,2,0,0,0,0,0,0,0,0,0
NB,2,1400,2004,1,1,0,0,1,0,0,0,0,0,0,0,0,0,0
NB,2,1400,2005,0,3,0,0,4,8,0,0,0,0,0,0,0,0,0
NB,2,1400,2006,0,0,0,0,1,0,0,0,0,0,0,0,0,0,0
NB,2,1400,2007,0,0,0,0,1,1,0,0,0,0,0,0,0,0,0
NB,2,1400,2008,0,1,0,0,1,2,0,0,0,0,0,0,0,0,0
NB,2,1400,2010,0,0,0,0,3,4,0,0,0,0,0,0,0,0,0
NB,2,1400,2011,1,1,0,0,1,3,0,0,0,0,0,0,0,0,0
NB,2,1400,2015,0,0,0,0,0,0,0,0,0,0,0,0,0,0,1
NB,2,1400,2018,0,0,0,0,0,1,0,0,0,0,0,0,0,0,0
NB,2,1400,2020,0,0,0,0,2,1,0,0,0,0,0,0,0,0,0
NB,2,1420,1986,0,0,0,0,1,0,0,0,0,0,0,0,0,0,0
NB,2,1420,1987,1,1,0,0,0,0,0,0,0,0,0,0,0,0,0
NB,2,1420,1989,0,0,0,0,1,0,0,0,0,0,0,0,0,0,0
NB,2,1420,1996,0,0,0,0,1,0,0,0,0,0,0,0,0,0,0
NB,2,1420,2006,0,0,0,0,0,1,0,0,0,0,0,0,0,0,0
NB,2,1430,1976,0,0,0,0,1,4,0,0,0,0,0,0,0,0,4
NB,2,1430,1977,2,0,0,0,0,2,0,0,0,0,0,0,0,0,3
NB,2,1430,1978,0,1,0,0,3,7,0,0,0,0,0,0,0,0,5
NB,2,1430,1979,1,1,0,0,0,7,0,0,0,0,0,0,0,0,2
NB,2,1430,1980,0,2,0,0,5,4,0,0,0,0,0,0,0,0,4
NB,2,1430,1981,1,0,0,0,5,2,0,0,0,0,0,0,1,0,2
NB,2,1430,1982,0,0,0,0,0,0,0,0,0,0,0,0,0,0,1
NB,2,1430,1983,0,0,0,0,0,1,0,0,0,0,0,0,0,0,0
NB,2,1430,1984,0,1,0,0,4,9,0,0,0,0,0,0,0,0,0
NB,2,1430,1985,0,0,0,0,5,3,0,0,0,0,0,0,0,0,1
NB,2,1430,1986,0,3,0,0,6,7,0,0,0,0,0,1,0,0,0
NB,2,1430,1987,0,2,0,0,1,3,0,0,0,0,0,0,0,0,0
NB,2,1430,1988,1,1,0,0,1,0,0,0,0,0,0,0,0,0,0
NB,2,1430,1989,0,0,0,0,3,2,0,0,0,0,0,0,0,0,0
NB,2,1430,1990,1,0,0,0,10,4,0,0,0,0,0,0,0,0,0
NB,2,1430,1991,0,1,0,0,3,3,0,0,0,0,0,0,0,0,0
NB,2,1430,1992,1,1,0,0,0,0,0,0,0,0,0,0,0,0,0
NB,2,1430,1993,0,1,0,0,4,3,0,0,0,0,0,0,0,0,0
NB,2,1430,1994,1,0,0,0,5,11,0,0,0,0,0,0,0,0,0
NB,2,1430,1995,0,1,0,0,3,2,0,0,0,0,0,0,0,0,0
NB,2,1430,1996,0,4,0,0,2,2,0,0,0,0,0,0,0,0,0
NB,2,1430,1997,0,0,0,0,0,2,0,0,0,0,0,0,0,0,0
NB,2,1430,1998,0,0,0,0,6,0,0,0,0,0,0,0,0,0,0
NB,2,1430,1999,0,0,0,0,4,2,0,0,0,0,0,0,0,0,0
NB,2,1430,2000,1,0,0,0,2,0,0,0,0,0,0,0,0,0,0
NB,2,1430,2002,0,0,0,0,2,5,0,0,0,0,0,0,0,0,0
NB,2,1430,2003,0,1,0,0,4,3,0,0,0,0,0,0,0,0,0
NB,2,1430,2004,1,1,0,0,2,0,0,0,0,0,0,0,0,0,0
NB,2,1430,2005,0,0,0,0,2,2,0,0,0,0,0,0,0,0,0
NB,2,1430,2006,0,0,0,0,0,1,0,0,0,0,0,0,0,0,0
NB,2,1430,2007,0,1,0,0,0,2,0,0,0,0,0,0,0,0,0
NB,2,1430,2008,0,0,0,0,2,1,0,0,0,0,0,0,0,0,0
NB,2,1430,2010,0,1,0,0,1,2,0,0,0,0,0,0,0,0,0
NB,2,1430,2013,0,0,0,0,0,1,0,0,0,0,0,0,0,0,0
NB,2,1430,2023,0,0,0,0,0,2,0,0,0,0,0,0,0,0,0
NB,2,1440,1976,0,0,0,0,0,1,0,0,0,0,0,0,0,0,0
NB,2,1440,1977,0,0,0,0,0,0,0,0,0,0,0,0,0,0,1
NB,2,1440,1978,0,1,0,0,3,0,0,0,0,0,0,0,0,0,0
NB,2,1440,1979,0,5,0,0,0,1,0,0,0,0,0,0,0,0,0
NB,2,1440,1980,0,1,0,0,1,2,0,0,0,0,0,1,0,0,4
NB,2,1440,1981,0,0,0,0,0,1,0,0,0,0,0,0,0,0,1
NB,2,1440,1982,0,0,0,0,0,0,0,0,0,0,0,0,0,0,1
NB,2,1440,1985,3,2,0,0,0,0,0,0,0,0,0,0,0,0,0
NB,2,1440,1986,0,1,0,0,0,0,0,0,0,0,0,0,0,0,0
NB,2,1440,1987,1,2,0,0,2,4,0,0,0,0,0,0,0,0,0
NB,2,1440,1988,2,0,0,0,2,0,0,0,0,0,0,0,0,0,0
NB,2,1440,1989,0,0,0,0,1,1,0,0,0,0,0,0,1,0,0
NB,2,1440,1990,2,1,0,0,0,0,0,0,0,0,0,0,0,0,0
NB,2,1440,1991,0,0,0,0,0,1,0,0,0,0,0,0,0,0,0
NB,2,1440,1992,0,2,0,0,1,0,0,0,0,0,0,0,0,0,0
NB,2,1440,1993,0,2,0,0,0,0,0,0,0,0,0,0,0,0,0
NB,2,1440,1994,0,6,0,0,0,3,0,0,0,0,0,0,0,0,0
NB,2,1440,1995,0,1,0,0,0,0,0,0,0,0,0,0,0,0,0
NB,2,1440,1996,2,4,0,0,1,1,0,0,0,0,0,0,1,0,0
NB,2,1440,1997,0,2,0,0,0,0,0,0,0,0,0,0,0,0,0
NB,2,1440,1998,0,0,0,0,0,1,0,0,0,0,0,0,0,0,0
NB,2,1440,1999,0,1,0,0,0,2,0,0,0,0,0,0,0,0,0
NB,2,1440,2000,0,0,0,0,0,1,0,0,0,0,0,0,0,0,0
NB,2,1440,2002,1,1,0,0,0,0,0,0,0,0,0,0,0,0,0
NB,2,1440,2003,1,2,0,0,0,0,0,0,0,0,0,0,0,0,0
NB,2,1440,2004,0,0,0,0,2,2,0,0,0,0,0,0,0,0,0
NB,2,1440,2005,0,2,0,0,3,3,0,0,0,0,0,0,0,0,0
NB,2,1440,2008,0,1,0,0,0,1,0,0,0,0,0,0,0,0,0
NB,2,1440,2009,0,3,0,0,1,1,0,0,0,0,0,0,0,0,0
NB,2,1440,2018,0,0,0,0,0,1,0,0,0,0,0,0,0,0,0
NB,2,1440,2020,0,0,0,0,0,2,0,0,0,0,0,0,0,0,0
NB,2,1440,2024,0,1,0,0,1,0,0,0,0,0,0,0,0,0,0
NB,2,1460,2005,1,0,0,0,0,2,0,0,0,0,0,0,0,0,0
NB,2,1480,1976,0,1,0,0,0,1,0,0,0,0,0,0,0,0,1
NB,2,1480,1977,1,0,0,0,0,0,0,0,0,0,0,0,0,0,0
NB,2,1480,1978,0,0,0,0,1,1,0,0,0,0,0,0,0,0,0
NB,2,1480,1980,0,0,0,0,0,2,0,0,0,0,0,0,0,0,2
NB,2,1480,1981,0,3,0,0,0,2,0,0,0,0,0,0,0,0,4
NB,2,1480,1982,0,3,0,0,0,1,0,0,0,0,0,0,0,0,3
NB,2,1480,1983,2,3,0,0,1,0,0,0,0,0,0,0,0,0,0
NB,2,1480,1984,0,0,0,0,0,1,0,0,0,0,0,0,0,0,0
NB,2,1480,1986,1,1,0,0,5,2,0,0,0,0,0,0,0,0,0
NB,2,1480,1987,0,0,0,0,0,0,0,0,0,0,0,0,1,0,0
NB,2,1480,1988,1,1,0,0,0,1,0,0,0,0,0,0,0,0,0
NB,2,1480,1989,0,0,0,0,1,3,0,0,0,0,0,0,0,0,0
NB,2,1480,1990,0,0,0,0,1,1,0,0,0,0,0,0,0,0,0
NB,2,1480,1992,0,0,0,0,1,2,0,0,0,0,0,0,0,0,0
NB,2,1480,1993,0,1,0,0,1,0,0,0,0,0,0,0,0,0,0
NB,2,1480,1994,0,1,0,0,2,2,0,0,0,0,0,0,0,0,0
NB,2,1480,1995,2,0,0,0,1,1,0,0,0,0,0,0,0,0,0
NB,2,1480,1996,0,3,0,0,1,0,0,0,0,0,0,0,0,0,0
NB,2,1480,1997,0,0,0,0,1,2,0,0,0,0,0,0,1,0,0
NB,2,1480,1998,3,1,0,0,7,1,0,0,0,0,0,0,0,0,0
NB,2,1480,2001,2,3,0,0,10,7,0,0,0,0,0,0,0,0,0
NB,2,1480,2002,0,0,0,0,1,1,0,0,0,0,0,0,0,0,0
NB,2,1480,2004,1,0,0,0,0,0,0,0,0,0,0,0,0,0,0
NB,2,1480,2005,0,1,0,0,1,0,0,0,0,0,0,0,0,0,0
NB,2,1480,2006,0,0,0,0,1,0,0,0,0,0,0,0,0,0,0
NB,2,1480,2015,1,0,0,0,0,0,0,0,0,0,0,0,0,0,0
NB,2,1480,2020,0,1,0,0,0,0,0,0,0,0,0,0,0,0,0
NB,2,1490,1976,0,0,0,0,0,1,0,0,0,0,0,0,0,0,1
NB,2,1490,1977,0,0,0,0,0,1,0,0,0,0,0,0,0,0,0
NB,2,1490,1978,0,1,0,0,2,2,0,0,0,0,0,0,0,0,0
NB,2,1490,1979,0,0,0,0,3,0,0,0,0,0,0,0,0,0,0
NB,2,1490,1980,1,0,0,0,0,1,0,0,0,0,0,0,0,0,2
NB,2,1490,1981,1,0,0,0,0,1,0,0,0,0,0,0,0,0,1
NB,2,1490,1983,0,0,0,0,1,0,0,0,0,0,0,0,0,0,0
NB,2,1490,1984,0,0,0,0,0,3,0,0,0,0,0,0,0,0,0
NB,2,1490,1986,0,0,0,0,2,7,0,0,0,0,0,0,0,0,0
NB,2,1490,1988,1,0,0,0,0,0,0,0,0,0,0,0,0,0,0
NB,2,1490,1989,0,1,0,0,1,1,0,0,0,0,0,0,0,0,0
NB,2,1490,1990,1,1,0,0,7,1,0,0,0,0,0,0,0,0,1
NB,2,1490,1993,1,0,0,0,4,2,0,0,0,0,0,0,0,0,0
NB,2,1490,1994,0,1,0,0,0,1,0,0,0,0,0,0,0,0,0
NB,2,1490,1995,0,1,0,0,2,4,0,0,0,0,0,0,0,0,0
NB,2,1490,1997,1,0,0,0,2,1,0,0,0,0,0,0,0,0,0
NB,2,1490,1998,0,0,0,0,2,0,0,0,0,0,0,0,0,0,0
NB,2,1490,2001,0,0,0,0,1,1,0,0,0,0,0,0,0,0,0
NB,2,1490,2002,2,0,0,0,0,1,0,0,0,0,0,0,0,0,0
NB,2,1490,2003,1,0,0,0,1,1,0,0,0,0,0,0,0,0,0
NB,2,1490,2004,0,0,0,0,0,1,0,0,0,0,0,0,0,0,0
NB,2,1490,2007,1,1,0,0,0,0,0,0,0,0,0,0,0,0,0
NB,2,1500,1976,0,0,0,0,2,2,0,0,0,0,0,0,0,0,0
NB,2,1500,1977,0,0,0,0,3,2,0,0,0,0,0,0,0,0,9
NB,2,1500,1978,0,0,0,0,3,4,0,0,0,0,0,0,0,0,0
NB,2,1500,1979,0,1,0,0,1,4,0,0,0,0,0,0,0,0,1
NB,2,1500,1980,0,0,0,0,4,3,0,0,0,0,0,0,0,0,5
NB,2,1500,1981,0,0,0,0,1,0,0,0,0,0,0,0,0,0,3
NB,2,1500,1982,0,0,0,0,0,2,0,0,0,0,0,0,0,0,1
NB,2,1500,1983,0,0,0,0,0,1,0,0,0,0,0,0,0,0,0
NB,2,1500,1984,0,0,0,0,5,7,0,0,0,0,0,0,0,0,0
NB,2,1500,1985,0,1,0,0,1,4,0,0,0,0,0,0,0,0,0
NB,2,1500,1986,2,1,0,0,2,5,0,0,0,0,0,0,0,0,0
NB,2,1500,1987,1,2,0,0,1,2,0,0,0,0,0,0,0,0,0
NB,2,1500,1988,0,1,0,0,3,3,0,0,0,0,0,0,0,0,0
NB,2,1500,1989,0,6,0,0,4,4,0,1,0,0,0,0,1,0,0
NB,2,1500,1990,2,2,0,0,5,6,0,0,0,0,0,0,0,0,0
NB,2,1500,1991,0,0,0,0,0,2,0,0,0,0,0,0,0,0,0
NB,2,1500,1992,0,0,0,0,6,1,0,0,0,0,0,0,1,0,0
NB,2,1500,1993,0,0,0,0,1,2,0,0,0,0,0,0,0,0,0
NB,2,1500,1994,2,0,0,0,11,9,0,0,0,0,0,0,0,0,0
NB,2,1500,1995,0,1,0,0,3,1,0,0,0,0,0,0,0,0,0
NB,2,1500,1996,0,0,0,0,1,2,0,0,0,0,0,0,0,0,0
NB,2,1500,1998,1,0,0,0,3,0,0,0,0,0,0,0,0,0,0
NB,2,1500,1999,1,0,0,0,0,0,0,0,0,0,0,0,0,0,0
NB,2,1500,2000,0,1,0,0,1,4,0,0,0,0,0,0,0,0,0
NB,2,1500,2001,0,1,0,0,3,3,0,0,0,0,0,0,0,0,0
NB,2,1500,2002,1,0,0,0,4,5,0,0,0,0,0,0,1,0,0
NB,2,1500,2003,0,1,0,0,4,1,0,1,0,0,0,0,0,0,0
NB,2,1500,2004,1,0,0,0,2,1,0,0,0,0,0,0,0,0,0
NB,2,1500,2005,1,2,0,0,5,3,0,0,0,0,0,0,0,0,0
NB,2,1500,2006,1,0,0,0,0,1,0,0,0,0,0,0,0,0,0
NB,2,1500,2008,1,1,0,0,0,0,0,0,0,0,0,0,0,0,0
NB,2,1500,2011,0,0,0,0,0,1,0,0,0,0,0,0,0,0,0
NB,2,1500,2018,0,0,0,0,0,1,0,0,0,0,0,0,0,0,0
NB,2,1500,2020,0,0,0,0,2,2,0,0,0,0,0,1,0,0,0
NB,2,1500,2023,0,0,0,0,2,1,0,0,0,0,0,0,0,0,0
NB,2,1510,1976,0,0,0,0,0,3,0,0,0,0,0,0,0,0,1
NB,2,1510,1977,0,0,0,0,0,1,0,0,0,0,0,0,0,0,1
NB,2,1510,1978,0,0,0,0,0,0,0,0,0,0,0,0,0,0,1
NB,2,1510,1979,1,1,0,0,4,3,0,0,0,0,0,0,0,0,2
NB,2,1510,1980,1,0,0,0,0,0,0,3,0,0,0,0,0,0,2
NB,2,1510,1981,0,0,0,0,0,0,0,0,0,0,0,0,0,0,1
NB,2,1510,1982,0,0,0,0,1,0,0,0,0,0,0,0,0,0,2
NB,2,1510,1983,1,0,0,0,1,0,0,0,0,0,0,0,0,0,0
NB,2,1510,1984,1,0,0,0,2,2,0,0,0,0,0,0,0,0,0
NB,2,1510,1985,0,0,0,0,0,3,0,0,0,0,0,0,0,0,0
NB,2,1510,1986,1,0,0,0,1,3,0,0,0,0,0,0,0,0,0
NB,2,1510,1987,1,1,0,0,0,0,0,0,0,0,0,0,0,0,0
NB,2,1510,1988,0,1,0,0,0,2,0,0,0,0,0,0,0,0,0
NB,2,1510,1989,0,1,0,0,1,0,0,0,0,0,0,0,0,0,0
NB,2,1510,1990,0,1,0,0,2,1,0,0,0,0,0,0,0,0,0
NB,2,1510,1991,0,0,0,0,0,1,0,0,0,0,0,0,0,0,0
NB,2,1510,1992,1,0,0,0,2,3,0,0,0,0,0,0,0,0,0
NB,2,1510,1993,1,1,0,0,3,4,0,0,0,0,0,0,0,0,0
NB,2,1510,1994,0,2,0,0,5,3,0,0,0,0,0,0,0,0,0
NB,2,1510,1995,5,5,0,0,6,5,0,0,0,0,0,0,0,0,0
NB,2,1510,1996,4,11,0,0,6,5,0,0,0,0,0,0,0,0,0
NB,2,1510,1997,1,2,0,0,2,4,0,0,0,0,0,0,0,0,0
NB,2,1510,1999,0,0,0,0,2,1,0,0,0,0,0,0,0,0,0
NB,2,1510,2001,2,2,0,0,0,2,0,0,0,0,0,0,0,0,1
NB,2,1510,2002,1,4,0,0,2,2,0,0,0,0,0,0,0,0,0
NB,2,1510,2003,0,2,0,0,3,0,0,0,0,0,0,0,0,0,0
NB,2,1510,2005,0,0,0,0,0,1,0,0,0,0,0,0,0,0,0
NB,2,1520,1976,1,0,0,0,0,0,0,0,0,0,0,0,0,0,3
NB,2,1520,1979,0,1,0,0,0,1,0,1,0,0,0,0,0,0,5
NB,2,1520,1982,2,4,0,0,0,0,0,0,0,0,0,0,0,0,2
NB,2,1520,1984,0,0,0,0,0,1,0,0,0,0,0,0,0,0,0
NB,2,1520,1985,1,1,0,0,4,0,0,0,0,0,0,0,0,0,0
NB,2,1520,1986,0,0,0,0,0,1,0,0,0,0,0,0,0,0,0
NB,2,1520,1988,0,5,0,0,0,0,0,0,0,0,0,0,0,0,0
NB,2,1520,1993,0,0,0,0,0,1,0,0,0,0,0,0,0,0,0
NB,2,1520,1994,0,0,0,0,0,1,0,0,0,0,0,0,0,0,0
NB,2,1520,1996,0,0,0,0,1,0,0,0,0,0,0,0,0,0,0
NB,2,1520,1997,0,1,0,0,0,0,0,0,0,0,0,0,0,0,0
NB,2,1520,1999,0,0,0,0,0,1,0,0,0,0,0,0,0,0,0
NB,2,1520,2013,0,2,0,0,0,0,0,0,0,0,0,0,0,0,0
NB,2,1520,2022,0,2,0,0,0,0,0,0,0,0,0,0,0,0,0
NB,2,1530,1976,0,0,0,0,2,1,0,0,0,0,0,0,0,0,0
NB,2,1530,1986,0,0,0,0,1,1,0,0,0,0,0,0,0,0,0
NB,2,1530,1988,0,0,0,0,1,0,0,0,0,0,0,0,0,0,0
NB,2,1530,1990,1,0,0,0,0,0,0,0,0,0,0,0,0,0,0
NB,2,1530,1991,0,0,0,0,0,0,0,1,0,0,0,0,0,0,0
NB,2,1530,1992,0,1,0,0,1,0,0,0,0,0,0,0,0,0,0
NB,2,1530,1993,0,0,0,0,1,0,0,0,0,0,0,0,0,0,0
NB,2,1530,1995,1,0,0,0,2,0,0,0,0,0,0,0,0,0,0
NB,2,1530,1996,0,0,0,0,0,1,0,0,0,0,0,0,0,0,0
NB,2,1540,1976,0,0,0,0,0,1,0,0,0,0,0,0,0,0,0
NB,2,1540,1979,1,2,0,0,0,0,0,0,0,0,0,0,0,0,1
NB,2,1540,1980,0,1,0,0,0,0,0,1,0,0,0,0,0,0,0
NB,2,1540,1981,1,2,0,0,0,0,0,0,0,0,0,0,0,0,0
NB,2,1540,1982,0,0,0,0,0,0,0,0,0,0,0,0,0,0,1
NB,2,1540,1984,1,1,0,0,0,0,0,0,0,0,0,0,0,0,0
NB,2,1540,1988,0,0,0,0,0,0,0,1,0,0,0,0,0,0,0
NB,2,1540,1992,0,1,0,0,0,0,0,2,0,0,0,0,0,0,0
NB,2,1540,1994,0,0,0,0,0,0,0,2,0,0,0,0,0,0,0
NB,2,1540,2003,1,0,0,0,0,0,0,0,0,0,0,0,0,0,0
NB,2,1540,2019,0,2,0,0,0,0,0,0,0,0,0,0,0,0,0
NB,2,1540,2020,0,0,0,0,0,0,0,5,0,0,0,0,0,0,0
NB,2,1590,1977,0,1,0,0,0,0,0,0,0,0,0,0,0,0,0
NB,2,1590,1986,0,0,0,0,0,1,0,0,0,0,0,0,0,0,0
NB,2,1590,1988,0,0,0,0,0,0,0,0,0,0,0,1,0,0,0
NB,2,1590,1990,2,0,0,0,0,0,0,0,0,0,0,0,0,0,0
NB,2,1590,1994,0,0,0,0,1,0,0,0,0,0,0,0,0,0,0
NB,2,1590,1996,1,0,0,0,0,0,0,0,0,0,0,0,0,0,0
NB,2,1590,2001,0,0,0,0,1,2,0,0,0,0,0,0,0,0,0
NB,2,1590,2003,2,1,0,0,1,2,0,0,0,0,0,0,0,0,0
NB,2,1590,2004,0,0,0,0,2,0,0,0,0,0,0,0,0,0,0
NB,2,1590,2010,0,2,0,0,0,0,0,0,0,0,0,0,0,0,0
NB,2,1590,2012,1,0,0,0,0,0,0,0,0,0,0,0,0,0,0
NB,2,1590,2015,1,2,0,0,0,0,0,0,0,0,0,0,0,0,0
NB,2,1590,2020,1,1,0,0,1,1,0,0,0,0,0,0,0,0,0
NB,2,1590,2021,0,2,0,0,1,0,0,0,0,0,0,0,0,0,0
NB,2,1630,1976,1,0,0,0,0,0,0,0,0,0,0,0,0,0,0
NB,2,1630,1977,0,1,0,0,0,0,0,0,0,0,0,0,0,0,0
NB,2,1630,1979,0,1,0,0,0,0,0,0,0,0,0,0,0,0,0
NB,2,1630,1987,0,0,0,0,2,2,0,0,0,0,0,0,0,0,0
NB,2,1630,1988,1,0,0,0,3,4,0,0,0,0,0,0,0,0,0
NB,2,1630,1990,0,0,0,0,2,2,0,0,0,0,0,0,0,0,0
NB,2,1630,2000,2,0,0,0,0,1,0,0,0,0,0,0,0,0,0
NB,2,1630,2002,0,1,0,0,0,0,0,0,0,0,0,0,0,0,0
NB,2,1630,2003,0,2,0,0,0,0,0,0,0,0,0,0,0,0,0
NB,2,1630,2004,0,0,0,0,0,0,0,1,0,0,0,0,0,0,0
NB,2,1630,2012,0,1,0,0,0,0,0,0,0,0,0,0,0,0,0
NB,2,1630,2020,0,1,0,0,0,1,0,0,0,0,0,0,0,0,0
NB,2,1630,2021,0,1,0,0,0,0,0,2,0,0,0,0,0,0,0
NB,2,1650,1980,0,0,0,0,0,0,0,1,0,0,0,0,0,0,1
NB,2,1650,1987,0,0,0,0,0,1,0,0,0,0,0,0,0,0,0
NB,2,1650,1989,0,1,0,0,0,0,0,0,0,0,0,0,0,0,0
NB,2,1650,2001,1,1,0,0,0,0,0,0,0,0,0,0,0,0,0
NB,2,1650,2005,0,1,0,0,1,0,0,0,0,0,0,0,0,0,0
NB,2,1650,2019,0,0,0,0,0,1,0,0,0,0,0,0,0,0,0
NB,2,1650,2020,0,1,0,0,0,2,0,0,0,0,0,0,0,0,0
NB,2,1650,2021,0,2,0,0,2,0,0,0,0,0,0,0,0,0,0
NB,2,1660,1976,0,1,0,0,0,0,0,5,0,0,0,0,0,0,3
NB,2,1660,1977,0,0,0,0,0,0,0,8,0,0,0,0,0,0,1
NB,2,1660,1978,1,1,0,0,0,0,0,0,0,0,0,0,0,0,0
NB,2,1660,1979,0,0,0,0,0,0,0,1,0,0,0,0,0,0,0
NB,2,1660,1980,1,0,0,0,0,0,0,6,0,0,0,0,0,0,4
NB,2,1660,1981,0,0,0,0,0,0,0,1,0,0,0,0,0,0,2
NB,2,1660,1982,0,0,0,0,0,0,0,0,0,0,0,0,0,0,1
NB,2,1660,1987,0,0,0,0,0,1,0,0,0,0,0,0,0,0,0
NB,2,1660,1988,0,0,0,0,1,4,0,0,0,0,0,0,0,0,0
NB,2,1660,1990,0,0,0,0,0,0,0,1,0,0,0,0,0,0,0
NB,2,1660,1993,0,0,0,0,0,2,0,0,0,0,0,0,0,0,0
NB,2,1660,1994,0,3,0,0,0,1,0,0,0,0,0,0,0,0,0
NB,2,1660,1995,0,0,0,0,1,1,0,0,0,0,0,0,0,0,0
NB,2,1660,1997,0,0,0,0,0,0,0,1,0,0,0,0,0,0,0
NB,2,1660,1998,0,0,0,0,0,1,0,0,0,0,0,0,0,0,0
NB,2,1660,2000,0,1,0,0,0,0,0,0,0,0,0,0,0,0,0
NB,2,1660,2001,0,1,0,0,0,0,0,0,0,0,0,0,0,0,0
NB,2,1660,2002,0,0,0,0,1,0,0,0,0,0,0,0,0,0,0
NB,2,1660,2003,0,0,0,0,0,0,0,1,0,0,0,0,0,0,0
NB,2,1660,2010,0,0,0,0,0,1,0,7,0,0,0,0,0,0,0
NB,2,1660,2012,0,1,0,0,2,0,0,0,0,0,0,0,0,0,0
NB,2,1660,2019,1,2,0,0,0,0,0,2,0,0,0,0,0,0,0
NB,2,1660,2020,0,0,0,1,0,0,0,7,0,0,0,0,0,0,0
NB,2,1660,2021,1,2,0,0,0,1,0,11,0,0,0,0,0,0,0
NB,2,1670,1989,0,0,0,0,0,0,0,1,0,0,0,0,0,0,0
NB,2,1692,1996,0,0,0,7,0,0,0,1,0,0,0,0,0,0,0
NB,2,1692,1998,0,0,0,1,0,0,0,1,0,0,0,0,0,0,0
NB,2,1692,1999,0,0,0,2,0,0,0,0,0,0,0,0,0,0,0
NB,2,1692,2002,0,0,0,1,0,0,0,0,0,0,0,0,0,0,0
NB,2,1692,2004,0,0,0,2,0,0,0,1,0,0,0,0,0,0,0
NB,2,1692,2005,0,0,0,1,0,0,0,0,0,0,0,0,0,0,0
NB,2,1692,2007,0,0,0,4,0,0,0,0,0,0,0,0,0,0,0
NB,2,1692,2014,0,0,0,5,0,0,0,2,0,0,0,0,0,0,0
NB,2,1692,2021,0,0,0,1,0,0,0,0,0,0,0,0,0,0,0
NB,2,1693,1978,0,0,0,0,0,0,0,1,0,0,0,0,0,0,0
NB,2,1721,1984,0,0,0,0,0,0,0,1,0,0,0,0,0,0,0
NB,2,1722,1976,0,0,0,10,0,0,0,10,0,0,0,0,0,0,5
NB,2,1722,1977,0,0,0,11,0,0,0,7,0,0,0,0,0,0,6
NB,2,1722,1978,0,0,0,10,0,0,0,13,0,0,0,0,0,0,3
NB,2,1722,1979,0,0,0,3,0,0,0,3,0,0,0,0,0,0,5
NB,2,1722,1980,0,0,0,9,0,0,0,2,0,0,0,0,0,0,7
NB,2,1722,1981,0,0,0,13,0,0,0,3,0,0,0,0,0,0,5
NB,2,1722,1982,0,0,0,3,0,0,0,4,0,0,0,0,0,0,5
NB,2,1722,1983,0,0,0,21,0,0,0,13,0,0,0,0,0,0,0
NB,2,1722,1984,0,0,0,5,0,0,0,8,0,0,0,0,0,0,0
NB,2,1722,1985,0,0,0,22,0,0,0,16,0,0,0,0,0,0,0
NB,2,1722,1986,0,0,0,15,0,0,0,25,0,0,0,0,0,0,0
NB,2,1722,1987,0,0,0,15,0,0,0,15,0,0,0,0,0,0,0
NB,2,1722,1988,0,0,0,6,0,0,0,18,0,0,0,0,0,0,0
NB,2,1722,1989,0,0,0,14,0,0,0,17,0,0,0,0,0,0,1
NB,2,1722,1990,1,0,0,19,0,0,0,22,0,0,0,0,0,0,0
NB,2,1722,1991,0,0,0,17,0,0,0,2,0,0,0,0,0,0,0
NB,2,1722,1992,0,0,0,18,0,0,0,8,0,0,0,0,0,0,0
NB,2,1722,1993,0,0,0,23,0,0,0,17,0,0,0,0,0,0,0
NB,2,1722,1994,0,0,0,19,0,0,0,24,0,0,0,0,0,0,1
NB,2,1722,1995,0,0,0,19,0,0,0,35,0,0,0,0,0,0,0
NB,2,1722,1996,0,0,0,8,0,0,0,9,0,0,0,0,0,0,1
NB,2,1722,1997,0,0,0,30,0,0,0,7,0,0,0,0,1,0,0
NB,2,1722,1998,0,0,0,10,0,0,0,13,0,0,0,0,0,0,0
NB,2,1722,1999,0,0,0,1,0,0,0,2,0,0,0,0,0,0,0
NB,2,1722,2000,0,0,0,9,0,0,0,4,0,0,0,0,0,0,0
NB,2,1722,2001,0,0,0,16,0,0,0,9,0,0,0,0,0,0,0
NB,2,1722,2002,0,0,0,34,0,0,0,19,0,0,0,0,0,0,0
NB,2,1722,2003,0,0,0,22,0,0,0,36,0,0,0,0,0,0,0
NB,2,1722,2004,0,0,0,31,0,0,0,15,0,0,0,0,0,0,1
NB,2,1722,2005,0,0,0,32,0,0,0,22,0,0,0,0,0,0,0
NB,2,1722,2006,0,0,0,57,0,0,0,57,0,0,0,0,0,0,0
NB,2,1722,2007,0,0,0,24,0,0,0,22,0,0,0,0,0,0,0
NB,2,1722,2008,0,0,0,33,0,0,0,13,0,0,0,0,0,0,0
NB,2,1722,2009,0,0,0,53,0,0,0,15,0,1,0,0,0,0,0
NB,2,1722,2010,0,0,1,28,0,0,1,15,0,0,0,0,0,0,0
NB,2,1722,2011,0,0,0,26,0,0,0,27,0,0,0,0,0,0,0
NB,2,1722,2012,0,0,1,15,0,0,0,17,0,0,0,0,0,0,0
NB,2,1722,2013,0,0,1,38,0,0,1,21,0,0,0,0,0,0,0
NB,2,1722,2014,0,0,1,28,0,0,0,17,0,0,0,0,0,0,0
NB,2,1722,2015,0,0,0,34,0,0,0,18,0,0,0,0,0,0,0
NB,2,1722,2016,0,0,0,13,0,0,0,15,0,0,0,0,0,0,0
NB,2,1722,2017,0,0,0,16,0,0,0,13,0,0,0,0,0,0,0
NB,2,1722,2018,0,0,5,19,0,0,1,11,0,0,0,0,0,0,0
NB,2,1722,2019,0,0,0,10,0,0,0,5,0,0,0,0,0,0,0
NB,2,1722,2020,0,0,0,23,0,0,0,18,0,0,0,0,0,0,0
NB,2,1722,2021,0,0,0,39,0,0,0,15,0,2,0,0,0,0,0
NB,2,1722,2022,0,0,0,27,0,0,0,11,0,1,0,0,0,0,0
NB,2,1722,2023,0,0,0,30,0,0,0,11,0,2,0,0,0,0,0
NB,2,1722,2024,0,0,0,17,0,0,0,7,0,8,0,0,0,0,0
NB,2,2280,1990,0,2,0,0,0,1,0,0,0,0,0,0,0,0,0
NB,2,2280,2000,0,1,0,0,1,1,0,0,0,0,0,1,0,0,0
NB,2,2280,2003,0,0,0,0,3,1,0,0,0,0,0,0,0,0,0
NB,2,2280,2005,1,1,0,0,0,0,0,0,0,0,0,0,0,0,0
NB,2,2280,2006,22,14,0,0,25,31,0,0,0,0,0,0,1,0,0
NB,2,2280,2007,21,10,0,0,15,23,0,1,0,0,0,0,0,0,0
NB,2,2280,2008,14,12,0,0,10,14,0,0,0,0,0,0,0,0,0
NB,2,2280,2009,20,10,0,0,19,15,0,0,0,0,0,1,1,0,0
NB,2,2280,2010,29,21,0,0,17,26,0,0,0,0,0,0,0,0,0
NB,2,2280,2011,17,13,0,0,9,14,0,0,0,0,0,0,0,0,0
NB,2,2280,2012,6,10,0,0,3,10,0,0,0,0,0,0,0,0,0
NB,2,2280,2013,6,4,0,0,6,7,0,0,0,0,0,0,0,0,0
NB,2,2280,2014,5,3,0,0,7,11,0,0,0,0,0,0,0,0,0
NB,2,2280,2015,14,9,0,0,8,16,0,0,0,0,0,0,0,0,0
NB,2,2280,2016,10,8,0,0,7,18,0,0,0,0,0,0,0,0,0
NB,2,2280,2017,7,9,0,0,10,16,0,0,0,0,0,0,0,0,0
NB,2,2280,2018,16,6,0,0,2,10,0,0,0,0,0,0,0,0,0
NB,2,2280,2019,5,3,0,0,3,4,0,0,0,0,0,0,0,0,0
NB,2,2280,2020,2,5,0,0,9,10,0,0,0,0,0,0,0,0,0
NB,2,2280,2021,2,11,0,0,1,6,0,0,0,0,0,0,0,0,0
NB,2,2280,2022,4,3,0,0,5,9,0,0,0,0,0,0,0,0,0
NB,2,2280,2023,2,0,0,0,0,0,0,0,0,0,0,0,0,0,0
NB,2,2280,2024,5,3,0,0,0,6,0,0,0,0,0,0,0,0,0
NB,NA,1290,1991,0,0,0,0,1,0,0,0,0,0,0,0,0,0,1
NB,NA,1290,1996,0,0,0,0,0,1,0,0,0,0,0,0,0,0,0
NB,NA,1330,1991,5,1,0,0,17,11,0,0,0,0,0,0,0,0,0
NB,NA,1390,1991,1,1,0,0,4,7,0,1,0,0,0,1,0,0,0
NB,NA,1430,1991,1,0,0,0,0,2,0,0,0,0,0,0,0,0,0
NB,NA,1440,1991,1,4,0,0,2,0,0,0,0,0,0,0,0,0,0
NB,NA,1480,1991,0,0,0,0,1,0,0,0,0,0,0,0,0,0,0
NB,NA,1490,1991,0,0,0,0,3,0,0,0,0,0,0,0,0,0,0
NB,NA,1500,1991,1,0,0,0,5,2,0,0,0,0,0,0,0,0,0
NB,NA,1540,1994,0,0,0,0,0,0,0,1,0,0,0,0,0,0,0
NB,NA,1650,1991,0,0,0,0,0,0,0,1,0,0,0,0,0,0,0
NB,NA,1660,1994,0,1,0,0,0,0,0,3,0,0,0,0,0,0,0
NB,NA,1722,1991,0,0,0,3,0,0,0,0,0,0,0,0,0,0,0
NF,1,300,2010,0,0,0,12,0,0,0,2,0,0,0,0,0,0,0
NF,1,300,2011,0,0,0,27,0,0,0,25,0,0,0,0,0,0,0
NF,1,300,2012,0,0,0,32,0,0,0,24,0,0,0,0,0,0,0
NF,1,300,2013,0,0,55,2,0,0,0,0,0,80,0,0,0,0,0
NF,1,300,2014,0,0,120,0,0,0,87,0,0,0,0,0,0,0,0
NF,1,300,2015,0,0,0,68,0,0,0,38,0,0,0,0,0,0,0
NF,1,300,2016,0,0,49,0,0,0,27,0,0,0,0,0,0,0,0
NF,1,300,2017,0,0,105,0,0,0,66,0,0,0,0,0,0,0,0
NF,1,300,2018,0,0,0,103,0,0,0,67,0,0,0,0,0,0,0
NF,1,300,2019,0,0,0,58,0,0,0,58,0,0,0,0,0,0,0
NF,1,300,2020,0,0,0,75,0,0,0,114,0,0,0,0,0,0,0
NF,1,300,2021,0,0,0,26,0,0,0,34,0,0,0,0,0,0,0
NF,1,300,2022,0,0,0,16,0,0,0,9,0,0,0,0,0,0,0
NF,1,300,2023,0,0,0,30,0,0,0,57,0,0,0,0,0,0,0
NF,1,300,2024,0,0,0,32,0,0,0,30,0,0,0,0,0,0,0
NF,1,310,2010,0,0,0,21,0,0,0,70,0,0,0,0,0,0,0
NF,1,310,2011,0,0,0,60,0,0,0,97,0,0,0,0,0,0,0
NF,1,310,2012,0,0,0,161,0,0,0,143,0,0,0,0,0,0,0
NF,1,310,2013,0,0,65,0,0,0,0,0,0,130,0,0,0,0,0
NF,1,310,2014,0,0,108,0,0,0,187,0,0,0,0,0,0,0,0
NF,1,310,2015,0,0,0,111,0,0,0,234,0,0,0,0,0,0,0
NF,1,310,2016,0,0,157,0,0,0,205,0,0,0,0,0,0,0,0
NF,1,310,2017,0,0,160,0,0,0,167,0,0,0,0,0,0,0,0
NF,1,310,2018,0,0,0,194,0,0,0,101,0,0,0,0,0,0,0
NF,1,310,2019,0,0,0,96,0,0,0,123,0,0,0,0,0,0,0
NF,1,310,2020,0,0,0,115,0,0,0,207,0,0,0,0,0,0,0
NF,1,310,2021,0,0,0,98,0,0,0,85,0,0,0,0,0,0,0
NF,1,310,2022,0,0,0,21,0,0,0,40,0,0,0,0,0,0,0
NF,1,310,2023,0,0,0,88,0,0,0,99,0,0,0,0,0,0,0
NF,1,310,2024,0,0,0,36,0,0,0,22,0,0,0,0,0,0,0
NF,1,1290,1976,0,0,0,0,0,0,0,3,0,0,0,0,0,0,8
NF,1,1290,1977,1,0,0,0,0,0,0,4,0,0,0,0,0,0,2
NF,1,1290,1978,3,0,0,0,3,2,0,10,0,0,0,0,0,0,1
NF,1,1290,1979,1,0,0,0,0,0,0,15,0,0,0,0,0,0,4
NF,1,1290,1980,1,1,0,0,2,3,0,0,0,0,0,0,0,0,2
NF,1,1290,1981,0,1,0,0,3,3,0,0,0,0,0,0,0,0,2
NF,1,1290,1982,0,2,0,0,0,0,0,3,0,0,0,0,0,0,1
NF,1,1290,1983,2,1,0,0,7,12,0,0,0,0,0,0,0,0,1
NF,1,1290,1984,0,0,0,0,13,3,0,0,0,0,0,0,0,0,0
NF,1,1290,1985,0,0,0,0,1,0,0,12,0,0,0,0,0,0,0
NF,1,1290,1986,1,0,0,0,0,0,0,21,0,0,0,0,0,0,0
NF,1,1290,1987,8,0,0,0,3,5,0,2,0,0,0,0,0,0,0
NF,1,1290,1988,0,1,0,0,3,7,0,1,0,0,0,0,0,0,0
NF,1,1290,1989,0,3,0,0,4,4,0,0,0,0,0,0,0,0,0
NF,1,1290,1990,1,2,0,0,13,6,0,1,0,0,0,1,0,0,0
NF,1,1290,1991,1,1,0,0,1,0,0,0,0,0,0,0,0,0,0
NF,1,1290,1992,2,3,0,0,12,6,0,1,0,0,0,0,0,0,0
NF,1,1290,1993,0,1,0,0,0,3,0,0,0,0,0,0,0,0,1
NF,1,1290,1994,2,1,0,0,9,7,0,1,0,0,0,0,0,0,1
NF,1,1290,1995,1,0,0,0,1,3,0,21,0,0,0,0,0,0,0
NF,1,1290,1996,20,3,0,0,8,26,0,6,0,0,0,0,0,0,0
NF,1,1290,1997,3,1,0,0,11,18,0,3,0,0,0,0,0,0,1
NF,1,1290,1998,8,1,0,0,7,17,0,2,0,0,0,0,0,0,0
NF,1,1290,1999,5,0,0,0,6,13,0,0,0,0,0,0,0,0,1
NF,1,1290,2000,1,3,0,0,19,8,0,3,0,0,0,0,0,0,0
NF,1,1290,2001,7,1,0,0,16,9,0,1,0,0,0,0,0,0,2
NF,1,1290,2002,5,0,0,0,5,5,0,3,0,0,0,0,0,0,0
NF,1,1290,2003,0,5,0,0,5,2,0,1,0,0,0,1,0,0,0
NF,1,1290,2004,3,6,0,0,8,11,0,0,0,0,0,1,0,0,0
NF,1,1290,2005,0,4,0,0,13,11,0,2,0,0,0,0,0,0,0
NF,1,1290,2006,0,0,0,0,4,5,0,0,0,0,0,0,0,0,0
NF,1,1290,2007,5,2,0,0,10,2,0,5,0,0,0,0,0,0,0
NF,1,1290,2008,3,0,0,0,6,0,0,2,0,0,0,0,0,0,1
NF,1,1290,2009,5,1,0,0,2,3,0,1,0,0,0,0,0,0,0
NF,1,1290,2010,1,0,0,0,5,3,0,0,0,0,0,0,0,0,0
NF,1,1290,2011,2,0,0,0,3,1,0,0,0,0,0,0,0,0,0
NF,1,1290,2012,0,1,0,0,1,1,0,0,0,0,0,0,0,0,0
NF,1,1290,2013,1,3,0,0,1,1,0,0,0,0,0,0,0,0,0
NF,1,1290,2014,0,0,0,0,2,2,0,0,0,0,0,0,0,0,0
NF,1,1290,2015,1,0,0,0,0,2,0,2,0,0,0,0,0,0,0
NF,1,1290,2016,0,0,0,0,1,1,0,0,0,0,0,0,0,0,0
NF,1,1290,2017,0,0,0,0,0,1,0,0,0,0,0,0,0,0,0
NF,1,1290,2018,1,1,0,0,3,0,0,0,0,0,0,0,0,0,0
NF,1,1290,2019,0,1,0,0,0,1,0,0,0,0,0,0,0,0,0
NF,1,1290,2020,2,2,0,0,1,0,0,0,0,0,0,0,0,0,0
NF,1,1290,2021,0,0,0,0,4,7,0,0,0,0,0,0,0,0,0
NF,1,1290,2022,0,1,0,0,2,3,0,0,0,0,0,0,0,0,0
NF,1,1290,2023,0,0,0,0,1,2,0,0,0,0,0,0,0,0,0
NF,1,1290,2024,0,0,0,0,0,1,0,0,0,0,0,0,0,0,0
NF,1,1300,1976,1,0,0,0,0,0,0,14,0,0,0,0,0,0,7
NF,1,1300,1977,1,1,0,0,0,0,0,7,0,0,0,0,0,0,1
NF,1,1300,1978,1,2,0,0,1,1,0,1,0,0,0,0,0,0,2
NF,1,1300,1979,0,0,0,0,0,0,0,3,0,0,0,0,0,0,1
NF,1,1300,1980,4,1,0,0,3,2,0,2,0,0,0,0,0,0,3
NF,1,1300,1981,2,0,0,0,4,1,0,1,0,0,0,0,0,0,1
NF,1,1300,1982,0,1,0,0,0,0,0,1,0,0,0,0,0,0,4
NF,1,1300,1983,3,1,0,0,0,0,0,6,0,0,0,0,0,0,0
NF,1,1300,1984,0,2,0,0,5,5,0,2,0,0,0,0,0,0,1
NF,1,1300,1985,0,1,0,0,0,0,0,8,0,0,0,0,0,0,0
NF,1,1300,1986,1,0,0,0,11,2,0,3,0,0,0,0,0,0,0
NF,1,1300,1987,1,0,0,0,1,3,0,1,0,0,0,0,0,0,0
NF,1,1300,1988,0,0,0,0,0,2,0,0,0,0,0,0,0,0,0
NF,1,1300,1989,1,2,0,0,9,5,0,0,0,0,0,0,0,0,0
NF,1,1300,1990,1,1,0,0,4,5,0,1,0,0,0,0,0,0,0
NF,1,1300,1991,0,0,0,0,3,0,0,0,0,0,0,0,0,0,0
NF,1,1300,1992,3,1,0,0,7,7,0,0,0,0,0,0,0,0,0
NF,1,1300,1993,2,1,0,0,5,9,0,0,0,0,0,0,0,0,0
NF,1,1300,1994,3,10,0,0,0,1,0,11,0,0,0,0,0,0,0
NF,1,1300,1995,6,6,0,0,2,0,0,20,0,0,0,0,0,0,0
NF,1,1300,1996,6,1,0,0,0,1,0,16,0,0,0,0,0,0,0
NF,1,1300,1997,3,1,0,0,4,6,0,3,0,0,0,0,0,0,0
NF,1,1300,1998,4,1,0,0,9,15,0,1,0,0,0,0,0,0,0
NF,1,1300,1999,1,1,0,0,7,11,0,1,0,0,0,0,0,0,0
NF,1,1300,2000,0,1,0,0,3,1,0,1,0,0,0,0,0,0,0
NF,1,1300,2001,0,6,0,0,9,6,0,1,0,0,0,0,0,0,0
NF,1,1300,2002,0,2,0,0,6,4,0,0,0,0,0,0,0,0,0
NF,1,1300,2003,5,10,0,0,0,0,0,25,0,0,0,0,0,0,2
NF,1,1300,2004,2,5,0,0,0,0,0,7,0,0,0,0,0,0,0
NF,1,1300,2005,3,5,0,0,0,0,0,13,0,0,0,0,0,0,0
NF,1,1300,2006,3,6,0,0,0,0,0,21,0,0,0,0,0,0,1
NF,1,1300,2007,3,12,0,0,0,0,0,19,0,0,0,0,0,0,0
NF,1,1300,2008,0,2,0,0,0,0,0,5,0,0,0,0,0,0,0
NF,1,1300,2009,4,4,0,0,0,0,0,22,0,0,0,0,0,0,0
NF,1,1300,2010,3,12,0,0,0,0,0,19,0,0,0,0,0,0,1
NF,1,1300,2011,4,15,0,0,0,4,0,14,0,0,0,0,0,0,0
NF,1,1300,2012,0,0,0,0,0,0,0,2,0,0,0,0,0,0,0
NF,1,1300,2013,2,5,0,0,0,0,0,9,0,0,0,0,0,0,0
NF,1,1300,2014,2,11,0,0,0,0,0,14,0,0,0,0,0,0,0
NF,1,1300,2015,4,5,0,0,0,0,0,38,0,0,0,0,0,0,0
NF,1,1300,2016,0,0,0,0,0,0,0,1,0,0,0,0,0,0,0
NF,1,1300,2017,1,4,0,0,0,0,0,3,0,0,0,0,0,0,0
NF,1,1300,2018,1,1,0,0,0,0,0,2,0,0,0,0,0,0,0
NF,1,1300,2019,1,3,0,0,0,0,0,13,0,0,0,0,0,0,0
NF,1,1300,2020,4,10,0,0,0,0,0,20,0,0,0,0,0,0,0
NF,1,1300,2022,1,2,0,0,0,0,0,4,0,0,0,0,0,0,0
NF,1,1300,2023,1,2,0,0,0,0,0,2,0,0,0,0,0,0,0
NF,1,1300,2024,0,4,0,0,0,0,0,13,0,0,0,0,0,0,0
NF,1,1310,1979,0,1,0,0,0,0,0,0,0,0,0,0,0,0,0
NF,1,1310,1980,0,1,0,0,0,0,0,0,0,0,0,0,0,0,0
NF,1,1310,1981,0,0,0,0,0,0,0,0,0,0,0,0,0,0,1
NF,1,1310,1984,0,1,0,0,0,0,0,0,0,0,0,0,0,0,0
NF,1,1310,1992,0,0,0,0,0,0,0,0,0,0,0,0,0,0,1
NF,1,1310,1998,0,0,0,0,0,1,0,0,0,0,0,0,0,0,0
NF,1,1310,1999,0,1,0,0,0,0,0,0,0,0,0,0,0,0,0
NF,1,1310,2000,0,1,0,0,0,0,0,0,0,0,0,0,0,0,0
NF,1,1310,2002,1,0,0,0,0,0,0,0,0,0,0,0,0,0,0
NF,1,1310,2005,0,0,0,0,0,0,0,1,0,0,0,0,0,0,0
NF,1,1310,2006,0,0,0,0,0,0,0,1,0,0,0,0,0,0,0
NF,1,1310,2010,0,3,0,0,0,1,0,0,0,0,0,0,0,0,0
NF,1,1310,2011,0,0,0,0,0,0,0,2,0,0,0,0,0,0,0
NF,1,1310,2013,1,0,0,0,0,0,0,0,0,0,0,0,0,0,0
NF,1,1310,2020,0,0,0,0,0,0,0,1,0,0,0,0,0,0,0
NF,1,1310,2024,0,1,0,0,0,0,0,0,0,0,0,0,0,0,0
NF,1,1320,1976,0,1,0,0,0,1,0,0,0,0,0,0,0,0,0
NF,1,1320,1977,0,0,0,0,1,0,0,0,0,0,0,0,0,0,0
NF,1,1320,1978,0,0,0,0,0,1,0,0,0,0,0,0,0,0,1
NF,1,1320,1981,0,0,0,0,2,0,0,0,0,0,0,0,0,0,3
NF,1,1320,1982,0,0,0,0,0,0,0,0,0,0,0,0,0,0,1
NF,1,1320,1984,1,0,0,0,1,1,0,0,0,0,0,0,0,0,0
NF,1,1320,1985,0,0,0,0,0,3,0,0,0,0,0,0,0,0,0
NF,1,1320,1986,1,0,0,0,2,1,0,0,0,0,0,0,0,0,0
NF,1,1320,1987,0,0,0,0,0,1,0,0,0,0,0,0,0,0,0
NF,1,1320,1989,1,0,0,0,1,2,0,0,0,0,0,0,0,0,0
NF,1,1320,1990,1,0,0,0,1,0,0,0,0,0,0,0,0,0,0
NF,1,1320,1991,2,0,0,0,1,1,0,0,0,0,0,0,0,0,0
NF,1,1320,1993,1,1,0,0,1,0,0,0,0,0,0,0,0,0,0
NF,1,1320,1994,0,0,0,0,0,1,0,0,0,0,0,0,0,0,0
NF,1,1320,1995,0,0,0,0,2,3,0,0,0,0,0,0,0,0,0
NF,1,1320,1996,0,1,0,0,0,0,0,0,0,0,0,0,0,0,0
NF,1,1320,1997,2,1,0,0,3,4,0,0,0,0,0,0,0,0,1
NF,1,1320,1998,3,1,0,0,7,7,0,0,0,0,0,0,0,0,0
NF,1,1320,1999,2,0,0,0,4,4,0,0,0,0,0,0,0,0,0
NF,1,1320,2000,1,1,0,0,2,7,0,0,0,0,0,0,0,0,0
NF,1,1320,2001,0,1,0,0,2,2,0,0,0,0,0,0,0,0,0
NF,1,1320,2002,0,0,0,0,1,0,0,0,0,0,0,0,0,0,0
NF,1,1320,2003,1,0,0,0,1,1,0,0,0,0,0,0,0,0,0
NF,1,1320,2004,0,0,0,0,3,0,0,0,0,0,0,0,0,0,0
NF,1,1320,2005,0,3,0,0,3,2,0,0,0,0,0,0,0,0,0
NF,1,1320,2006,0,1,0,0,3,3,0,0,0,0,0,0,0,0,1
NF,1,1320,2007,1,0,0,0,2,1,0,0,0,0,0,0,0,0,0
NF,1,1320,2008,0,0,0,0,0,1,0,0,0,0,0,0,0,0,0
NF,1,1320,2009,0,1,0,0,0,0,0,0,0,0,0,0,0,0,0
NF,1,1320,2010,0,0,0,0,1,4,0,0,0,0,0,0,0,0,0
NF,1,1320,2011,0,0,0,0,0,2,0,0,0,0,0,0,0,0,0
NF,1,1320,2012,0,0,0,0,1,1,0,0,0,0,0,0,0,0,0
NF,1,1320,2014,0,0,0,0,3,2,0,0,0,0,0,0,0,0,0
NF,1,1320,2015,0,0,0,0,2,0,0,0,0,0,0,0,0,0,0
NF,1,1320,2016,0,1,0,0,2,1,0,0,0,0,0,0,0,0,0
NF,1,1320,2017,0,0,0,0,1,0,0,0,0,0,0,0,0,0,0
NF,1,1320,2018,0,0,0,0,2,0,0,0,0,0,0,1,0,0,0
NF,1,1320,2021,0,0,0,0,2,0,0,0,0,0,0,0,0,0,0
NF,1,1320,2022,0,0,0,0,0,2,0,0,0,0,0,0,0,0,0
NF,1,1320,2023,0,0,0,0,0,1,0,0,0,0,0,0,0,0,0
NF,1,1320,2024,0,0,0,0,2,1,0,0,0,0,0,0,0,0,0
NF,1,1321,1976,0,0,0,0,0,0,0,1,0,0,0,0,0,0,0
NF,1,1321,1978,0,0,0,0,0,1,0,0,0,0,0,0,0,0,0
NF,1,1321,1979,0,0,0,0,0,0,0,1,0,0,0,0,0,0,0
NF,1,1321,1982,0,0,0,0,0,1,0,0,0,0,0,0,0,0,0
NF,1,1321,1983,0,1,0,0,0,1,0,0,0,0,0,0,0,0,0
NF,1,1321,1985,0,0,0,0,0,1,0,0,0,0,0,0,0,0,0
NF,1,1321,1986,0,0,0,0,0,1,0,0,0,0,0,0,0,0,0
NF,1,1321,1987,0,0,0,0,1,2,0,0,0,0,0,0,0,0,0
NF,1,1321,1988,1,0,0,0,0,2,0,0,0,0,0,0,0,0,0
NF,1,1321,1989,1,0,0,0,0,1,0,0,0,0,0,0,0,0,0
NF,1,1321,1990,2,2,0,0,1,1,0,0,0,0,0,0,0,0,0
NF,1,1321,1991,1,1,0,0,0,0,0,0,0,0,0,0,0,0,0
NF,1,1321,1992,0,1,0,0,1,0,0,0,0,0,0,0,0,0,0
NF,1,1321,1993,0,0,0,0,1,1,0,0,0,0,0,0,0,0,0
NF,1,1321,1994,0,1,0,0,3,0,0,0,0,0,0,0,0,0,0
NF,1,1321,1995,0,2,0,0,2,2,0,0,0,0,0,0,0,0,0
NF,1,1321,1996,0,1,0,0,1,3,0,0,0,0,0,0,0,0,0
NF,1,1321,1997,0,0,0,0,0,1,0,0,0,0,0,0,0,0,0
NF,1,1321,1998,0,2,0,0,4,1,0,0,0,0,0,0,0,0,0
NF,1,1321,1999,0,0,0,0,0,1,0,0,0,0,0,0,0,0,0
NF,1,1321,2000,3,1,0,0,1,2,0,0,0,0,0,0,0,0,0
NF,1,1321,2001,0,2,0,0,1,3,0,0,0,0,0,0,0,0,0
NF,1,1321,2003,0,0,0,0,0,1,0,0,0,0,0,0,0,0,0
NF,1,1321,2004,0,0,0,0,0,2,0,0,0,0,0,0,0,0,0
NF,1,1321,2005,0,1,0,0,0,3,0,0,0,0,0,0,0,0,0
NF,1,1321,2006,0,2,0,0,1,6,0,1,0,0,0,0,0,0,0
NF,1,1321,2007,0,4,0,1,6,9,0,2,0,0,0,0,0,0,0
NF,1,1321,2008,1,1,0,0,0,1,0,0,0,0,0,0,0,0,0
NF,1,1321,2009,0,0,0,0,0,1,0,0,0,0,0,0,0,0,0
NF,1,1321,2010,1,0,0,0,0,0,0,1,0,0,0,0,0,0,0
NF,1,1321,2011,0,0,0,0,0,3,0,0,0,0,0,0,0,0,0
NF,1,1321,2012,0,3,0,0,0,4,0,0,0,0,0,0,0,0,0
NF,1,1321,2013,0,2,0,0,0,0,0,0,0,0,0,0,0,0,0
NF,1,1321,2014,0,0,0,0,0,1,0,0,0,0,0,0,0,0,0
NF,1,1321,2016,0,1,0,0,0,0,0,0,0,0,0,0,0,0,0
NF,1,1321,2017,0,0,0,0,1,0,0,0,0,0,0,0,0,0,0
NF,1,1321,2018,1,1,0,0,1,1,0,0,0,0,0,0,0,0,0
NF,1,1321,2020,0,0,0,0,0,1,0,0,0,0,0,0,0,0,0
NF,1,1321,2021,0,0,0,0,0,1,0,0,0,0,0,0,0,0,0
NF,1,1321,2022,1,3,0,0,0,2,0,0,0,0,0,0,0,0,0
NF,1,1321,2023,0,1,0,0,0,1,0,0,0,0,0,0,0,0,0
NF,1,1321,2024,0,0,0,0,2,0,0,0,0,0,0,0,0,0,0
NF,1,1330,1976,10,4,0,0,37,42,0,0,0,0,0,0,0,0,24
NF,1,1330,1977,2,2,0,0,25,33,0,0,0,0,0,0,0,0,28
NF,1,1330,1978,7,4,0,0,56,46,0,2,0,0,0,0,0,0,43
NF,1,1330,1979,6,6,0,0,67,41,0,4,0,0,0,1,0,0,24
NF,1,1330,1980,4,3,0,0,40,36,0,4,0,0,0,0,0,0,25
NF,1,1330,1981,6,3,0,0,32,33,0,1,0,0,0,0,0,0,25
NF,1,1330,1982,3,5,0,0,15,24,0,0,0,0,0,1,0,0,16
NF,1,1330,1983,8,7,0,0,33,31,0,9,0,0,0,0,0,0,0
NF,1,1330,1984,7,5,0,0,53,33,0,4,0,0,0,1,0,0,4
NF,1,1330,1985,7,4,0,0,48,38,0,1,0,0,0,0,0,0,2
NF,1,1330,1986,3,2,0,0,34,35,0,4,0,0,0,0,0,0,2
NF,1,1330,1987,9,5,0,0,20,32,0,0,0,0,0,0,0,0,0
NF,1,1330,1988,4,2,0,0,21,10,0,1,0,0,0,0,0,0,0
NF,1,1330,1989,10,4,0,0,59,39,0,3,0,0,0,0,0,0,0
NF,1,1330,1990,5,7,0,0,53,26,0,1,0,0,0,0,0,0,2
NF,1,1330,1991,7,5,0,0,28,30,0,0,0,0,0,1,0,0,0
NF,1,1330,1992,11,5,0,0,51,20,0,1,0,0,0,0,0,0,2
NF,1,1330,1993,8,4,0,0,25,34,0,2,0,0,0,0,0,0,0
NF,1,1330,1994,6,1,0,1,40,41,0,0,0,0,0,0,0,0,0
NF,1,1330,1995,14,0,0,0,52,46,0,4,0,0,0,0,0,0,5
NF,1,1330,1996,11,13,0,0,102,89,0,2,0,0,0,0,0,0,1
NF,1,1330,1997,19,4,0,0,89,74,0,2,0,0,0,1,0,0,1
NF,1,1330,1998,20,20,0,1,124,96,0,2,0,0,0,0,1,0,4
NF,1,1330,1999,31,20,0,3,101,73,0,2,0,0,0,0,0,0,0
NF,1,1330,2000,25,15,0,1,106,101,0,4,0,0,0,1,0,0,1
NF,1,1330,2001,17,22,0,1,92,62,0,7,0,0,0,1,0,0,0
NF,1,1330,2002,8,10,0,0,66,50,0,3,0,0,0,0,0,0,2
NF,1,1330,2003,8,4,0,1,65,57,0,5,0,0,0,0,1,0,3
NF,1,1330,2004,6,7,0,1,34,49,0,3,0,0,0,0,0,0,0
NF,1,1330,2005,8,8,0,0,36,43,0,1,0,0,0,0,0,0,4
NF,1,1330,2006,28,15,0,2,97,74,0,6,0,0,0,0,0,0,5
NF,1,1330,2007,4,7,0,1,65,63,0,1,0,0,0,0,0,0,0
NF,1,1330,2008,4,4,0,0,43,38,0,5,0,0,0,0,0,0,18
NF,1,1330,2009,4,2,0,1,28,16,0,2,0,0,0,0,0,0,1
NF,1,1330,2010,3,2,0,1,19,28,0,1,0,0,0,0,0,0,0
NF,1,1330,2011,2,4,0,0,20,15,0,2,0,0,0,0,0,0,0
NF,1,1330,2012,6,8,0,0,23,30,0,1,0,0,0,0,1,0,0
NF,1,1330,2013,4,8,0,0,27,18,0,0,0,0,0,0,0,0,0
NF,1,1330,2014,6,3,0,0,13,8,0,0,0,0,0,0,0,0,0
NF,1,1330,2015,3,5,0,0,13,10,0,1,0,0,0,0,0,0,0
NF,1,1330,2016,0,7,0,0,7,8,0,0,0,0,0,0,0,0,0
NF,1,1330,2017,0,1,0,0,7,5,0,0,0,0,0,0,0,0,0
NF,1,1330,2018,2,2,0,0,11,9,0,0,0,0,0,0,0,0,0
NF,1,1330,2019,2,1,0,0,11,13,0,0,0,0,0,0,0,0,1
NF,1,1330,2020,2,2,0,0,29,12,0,0,0,0,0,0,0,0,0
NF,1,1330,2021,4,3,0,0,17,18,0,0,0,0,0,0,0,0,0
NF,1,1330,2022,9,5,0,0,28,19,0,0,0,0,0,0,0,0,0
NF,1,1330,2023,1,3,0,0,11,9,0,0,0,0,0,0,0,0,0
NF,1,1330,2024,3,4,0,0,35,15,0,0,0,0,0,0,0,0,0
NF,1,1350,1984,0,0,0,0,1,0,0,0,0,0,0,0,0,0,0
NF,1,1350,1990,0,0,0,0,0,1,0,0,0,0,0,0,0,0,0
NF,1,1350,1991,0,0,0,0,0,1,0,0,0,0,0,0,0,0,0
NF,1,1350,2003,0,0,0,0,1,0,0,0,0,0,0,0,0,0,0
NF,1,1360,1986,0,0,0,0,0,2,0,0,0,0,0,0,0,0,0
NF,1,1360,1992,0,0,0,0,1,0,0,0,0,0,0,0,0,0,0
NF,1,1360,1996,0,0,0,0,0,1,0,0,0,0,0,0,0,0,0
NF,1,1360,2000,0,0,0,0,1,0,0,0,0,0,0,0,0,0,0
NF,1,1360,2001,0,0,0,0,1,0,0,0,0,0,0,0,0,0,0
NF,1,1360,2007,0,1,0,0,0,0,0,0,0,0,0,0,0,0,0
NF,1,1370,1976,0,0,0,0,1,1,0,0,0,0,0,0,0,0,0
NF,1,1370,1977,0,0,0,0,1,0,0,0,0,0,0,0,0,0,2
NF,1,1370,1978,0,0,0,0,0,2,0,0,0,0,0,0,0,0,0
NF,1,1370,1979,0,0,0,0,0,0,0,0,0,0,0,0,0,0,1
NF,1,1370,1982,0,0,0,0,1,0,0,0,0,0,0,0,0,0,0
NF,1,1370,1983,0,0,0,0,1,0,0,0,0,0,0,0,0,0,0
NF,1,1370,1984,0,0,0,0,0,2,0,0,0,0,0,0,0,0,0
NF,1,1370,1986,0,0,0,0,0,2,0,0,0,0,0,0,0,0,0
NF,1,1370,1989,0,0,0,0,2,0,0,0,0,0,0,0,0,0,0
NF,1,1370,1990,0,0,0,0,0,1,0,0,0,0,0,0,0,0,0
NF,1,1370,1991,0,0,0,0,1,0,0,0,0,0,0,0,0,0,0
NF,1,1370,1993,0,0,0,0,0,1,0,0,0,0,0,0,0,0,0
NF,1,1370,1994,0,0,0,0,3,4,0,0,0,0,0,0,0,0,0
NF,1,1370,1995,0,0,0,0,2,0,0,0,0,0,0,0,0,0,0
NF,1,1370,1997,0,0,0,0,2,0,0,0,0,0,0,0,0,0,0
NF,1,1370,1998,0,0,0,0,1,1,0,0,0,0,0,0,0,0,0
NF,1,1370,1999,0,0,0,0,1,0,0,0,0,0,0,0,0,0,0
NF,1,1370,2004,0,0,0,0,1,0,0,0,0,0,0,0,0,0,0
NF,1,1370,2007,0,0,0,0,2,1,0,0,0,0,0,0,0,0,0
NF,1,1370,2010,0,0,0,0,2,2,0,0,0,0,0,0,0,0,0
NF,1,1370,2011,0,0,0,0,1,0,0,0,0,0,0,0,0,0,0
NF,1,1370,2019,0,0,0,0,1,0,0,0,0,0,0,0,0,0,0
NF,1,1370,2021,0,0,0,0,0,1,0,0,0,0,0,0,0,0,0
NF,1,1390,1976,5,1,0,0,19,27,0,0,0,0,0,1,2,0,11
NF,1,1390,1977,0,2,0,0,20,14,0,0,0,0,0,0,0,0,18
NF,1,1390,1978,7,1,0,0,24,15,0,1,0,0,0,2,0,0,20
NF,1,1390,1979,3,0,0,0,38,32,0,4,0,0,0,0,0,0,10
NF,1,1390,1980,1,0,0,0,32,12,0,1,0,0,0,0,0,0,12
NF,1,1390,1981,1,1,0,0,13,19,0,0,0,0,0,0,1,0,10
NF,1,1390,1982,2,0,0,0,9,5,0,0,0,0,0,1,0,0,10
NF,1,1390,1983,4,1,0,0,25,17,0,0,0,0,0,0,0,0,0
NF,1,1390,1984,8,0,0,0,24,28,0,4,0,0,0,0,1,0,2
NF,1,1390,1985,3,1,0,0,32,30,0,1,0,0,0,1,1,0,1
NF,1,1390,1986,5,1,0,0,19,23,0,0,0,0,0,0,0,0,1
NF,1,1390,1987,1,1,0,0,16,14,0,0,0,0,0,5,0,0,0
NF,1,1390,1988,2,0,0,0,5,7,0,0,0,0,0,0,0,0,0
NF,1,1390,1989,2,4,0,0,30,18,0,0,0,0,0,0,1,0,0
NF,1,1390,1990,6,0,0,0,29,17,0,0,0,0,0,4,1,0,0
NF,1,1390,1991,4,1,0,0,21,13,0,1,0,0,0,0,0,0,1
NF,1,1390,1992,4,2,0,0,21,12,0,0,0,0,0,0,0,0,0
NF,1,1390,1993,2,0,0,0,23,11,0,1,0,0,0,0,0,0,1
NF,1,1390,1994,6,4,0,0,51,34,0,1,0,0,0,1,0,0,0
NF,1,1390,1995,6,3,0,1,41,26,0,1,0,0,0,0,0,0,3
NF,1,1390,1996,5,2,0,0,42,26,0,0,0,0,0,0,1,0,1
NF,1,1390,1997,6,2,0,0,54,26,0,1,0,0,0,1,0,0,1
NF,1,1390,1998,3,1,0,0,54,34,0,2,0,0,0,0,0,0,1
NF,1,1390,1999,4,0,0,0,47,36,0,1,0,0,0,0,0,0,0
NF,1,1390,2000,4,1,0,0,39,26,0,0,0,0,0,0,0,0,1
NF,1,1390,2001,4,1,0,0,17,19,0,1,0,0,0,1,1,0,0
NF,1,1390,2002,3,0,0,0,8,16,0,2,0,0,0,0,0,0,1
NF,1,1390,2003,3,2,0,0,31,25,0,1,0,0,0,0,0,0,1
NF,1,1390,2004,3,1,0,0,15,9,0,0,0,0,0,0,0,0,0
NF,1,1390,2005,1,1,0,0,11,7,0,2,0,0,0,0,0,0,0
NF,1,1390,2006,4,0,0,0,33,17,0,1,0,0,0,0,0,0,1
NF,1,1390,2007,1,3,0,0,27,18,0,2,0,0,0,0,1,0,0
NF,1,1390,2008,3,1,0,0,15,16,0,0,0,0,0,0,0,0,2
NF,1,1390,2009,1,2,0,0,10,10,0,1,0,0,0,0,0,0,0
NF,1,1390,2010,4,0,0,0,17,12,0,0,0,0,0,2,0,0,1
NF,1,1390,2011,4,0,0,0,6,5,0,0,0,0,0,0,0,0,2
NF,1,1390,2012,0,0,0,0,4,1,0,0,0,0,0,0,0,0,0
NF,1,1390,2013,1,0,0,0,1,4,0,0,0,0,0,0,0,0,1
NF,1,1390,2014,1,0,0,0,5,1,0,0,0,0,0,0,0,0,0
NF,1,1390,2015,0,0,0,0,2,3,0,4,0,0,0,0,0,0,0
NF,1,1390,2016,0,0,0,0,1,2,0,0,0,0,0,0,0,0,0
NF,1,1390,2018,3,0,0,0,6,3,0,0,0,0,0,0,0,0,0
NF,1,1390,2019,0,0,0,0,3,3,0,0,0,0,0,0,0,0,0
NF,1,1390,2020,10,1,0,0,21,12,0,1,0,0,0,0,0,0,0
NF,1,1390,2021,1,0,0,0,5,1,0,0,0,0,0,0,0,0,0
NF,1,1390,2022,0,0,0,0,10,9,0,0,0,0,0,0,0,0,0
NF,1,1390,2023,0,0,0,0,6,5,0,0,0,0,0,0,0,0,0
NF,1,1390,2024,0,0,0,0,3,4,0,2,0,0,0,0,0,0,0
NF,1,1400,1976,1,0,0,0,3,3,0,0,0,0,0,0,0,0,2
NF,1,1400,1977,0,0,0,0,1,1,0,0,0,0,0,0,0,0,2
NF,1,1400,1978,0,0,0,0,2,0,0,0,0,0,0,0,0,0,2
NF,1,1400,1979,0,0,0,0,1,2,0,0,0,0,0,0,0,0,0
NF,1,1400,1981,0,0,0,0,2,0,0,0,0,0,0,0,0,0,0
NF,1,1400,1983,0,0,0,0,1,3,0,0,0,0,0,1,0,0,0
NF,1,1400,1984,0,1,0,0,0,1,0,0,0,0,0,0,0,0,0
NF,1,1400,1985,0,0,0,0,0,2,0,0,0,0,0,0,0,0,0
NF,1,1400,1986,0,0,0,0,2,0,0,0,0,0,0,0,1,0,0
NF,1,1400,1987,0,0,0,0,1,0,0,0,0,0,0,0,0,0,0
NF,1,1400,1989,0,1,0,0,3,2,0,0,0,0,0,0,0,0,0
NF,1,1400,1990,0,0,0,0,0,2,0,0,0,0,0,0,0,0,0
NF,1,1400,1993,0,1,0,0,4,5,0,0,0,0,0,0,0,0,0
NF,1,1400,1994,1,0,0,0,5,7,0,0,0,0,0,0,1,0,0
NF,1,1400,1995,0,0,0,0,7,6,0,0,0,0,0,0,0,0,0
NF,1,1400,1996,0,0,0,0,5,0,0,0,0,0,0,0,0,0,0
NF,1,1400,1997,0,0,0,0,0,1,0,0,0,0,0,0,0,0,0
NF,1,1400,2000,0,1,0,0,2,1,0,0,0,0,0,0,0,0,0
NF,1,1400,2001,0,1,0,0,1,0,0,0,0,0,0,0,0,0,0
NF,1,1400,2002,0,0,0,0,0,1,0,0,0,0,0,0,0,0,0
NF,1,1400,2003,0,0,0,0,0,3,0,0,0,0,0,0,0,0,0
NF,1,1400,2004,0,0,0,0,1,0,0,0,0,0,0,0,0,0,0
NF,1,1400,2005,0,1,0,0,0,0,0,0,0,0,0,0,0,0,0
NF,1,1400,2020,0,0,0,0,0,1,0,0,0,0,0,0,0,0,0
NF,1,1400,2022,0,0,0,0,0,1,0,0,0,0,0,0,0,0,0
NF,1,1420,2000,0,0,0,0,0,3,0,0,0,0,0,0,0,0,0
NF,1,1420,2005,0,0,0,0,0,1,0,0,0,0,0,0,0,0,0
NF,1,1430,1976,0,0,0,0,0,2,0,0,0,0,0,0,0,0,2
NF,1,1430,1977,1,1,0,0,2,2,0,0,0,0,0,0,0,0,2
NF,1,1430,1978,0,0,0,0,0,1,0,0,0,0,0,0,0,0,2
NF,1,1430,1979,0,0,0,0,1,3,0,0,0,0,0,0,0,0,0
NF,1,1430,1980,0,0,0,0,0,2,0,0,0,0,0,0,0,0,1
NF,1,1430,1981,0,0,0,0,0,0,0,0,0,0,0,0,0,0,2
NF,1,1430,1983,1,0,0,0,0,3,0,0,0,0,0,1,0,0,0
NF,1,1430,1984,0,0,0,0,4,4,0,0,0,0,0,0,0,0,0
NF,1,1430,1985,0,0,0,0,4,2,0,0,0,0,0,0,0,0,0
NF,1,1430,1986,0,0,0,0,2,1,0,0,0,0,0,0,0,0,0
NF,1,1430,1988,0,0,0,0,4,0,0,0,0,0,0,0,0,0,0
NF,1,1430,1989,0,0,0,0,1,2,0,0,0,0,0,0,0,0,0
NF,1,1430,1990,0,0,0,0,8,9,0,0,0,0,0,0,0,0,0
NF,1,1430,1991,0,0,0,0,0,2,0,0,0,0,0,0,0,0,0
NF,1,1430,1993,0,0,0,0,3,2,0,0,0,0,0,0,1,0,0
NF,1,1430,1994,0,1,0,0,4,0,0,0,0,0,0,0,0,0,0
NF,1,1430,1995,0,0,0,0,3,2,0,0,0,0,0,0,0,0,0
NF,1,1430,1996,2,1,0,0,3,7,0,0,0,0,0,0,0,0,0
NF,1,1430,1997,1,0,0,0,4,7,0,0,0,0,0,0,0,0,0
NF,1,1430,1998,1,3,0,0,8,2,0,0,0,0,0,0,0,0,0
NF,1,1430,1999,0,1,0,0,2,2,0,0,0,0,0,0,0,0,0
NF,1,1430,2000,1,0,0,0,2,1,0,0,0,0,0,0,0,0,0
NF,1,1430,2001,0,0,0,0,1,1,0,0,0,0,0,0,0,0,0
NF,1,1430,2002,1,0,0,0,3,4,0,0,0,0,0,0,0,0,0
NF,1,1430,2003,0,0,0,0,4,2,0,0,0,0,0,0,0,0,0
NF,1,1430,2005,0,0,0,0,1,2,0,0,0,0,0,0,0,0,0
NF,1,1430,2006,1,0,0,0,0,1,0,0,0,0,0,0,0,0,0
NF,1,1430,2007,0,0,0,0,2,0,0,0,0,0,0,0,0,0,0
NF,1,1430,2008,0,0,0,0,0,1,0,0,0,0,0,0,0,0,0
NF,1,1430,2010,0,0,0,0,0,2,0,0,0,0,0,0,0,0,0
NF,1,1430,2011,0,0,0,0,1,0,0,0,0,0,0,0,0,0,0
NF,1,1430,2013,0,0,0,0,0,1,0,0,0,0,0,0,0,0,0
NF,1,1430,2016,0,0,0,0,2,0,0,0,0,0,0,0,0,0,0
NF,1,1430,2017,0,0,0,0,0,1,0,0,0,0,0,0,0,0,0
NF,1,1430,2020,0,0,0,0,2,2,0,0,0,0,0,0,0,0,0
NF,1,1430,2022,1,0,0,0,0,1,0,0,0,0,0,0,0,0,0
NF,1,1430,2024,0,0,0,0,0,1,0,0,0,0,0,0,0,0,0
NF,1,1440,1976,0,1,0,0,0,0,0,0,0,0,0,0,0,0,0
NF,1,1440,1979,0,1,0,0,1,0,0,0,0,0,0,0,0,0,0
NF,1,1440,1984,0,1,0,0,0,0,0,0,0,0,0,0,0,0,0
NF,1,1440,1993,0,2,0,0,1,0,0,0,0,0,0,0,0,0,0
NF,1,1440,1996,0,1,0,0,0,1,0,0,0,0,0,0,0,0,0
NF,1,1440,1998,0,3,0,0,1,4,0,0,0,0,0,0,0,0,0
NF,1,1440,2001,0,1,0,0,0,1,0,0,0,0,0,0,0,0,0
NF,1,1440,2003,0,1,0,0,0,1,0,0,0,0,0,0,0,0,0
NF,1,1440,2004,1,0,0,0,0,1,0,0,0,0,0,0,0,0,0
NF,1,1440,2006,0,1,0,0,0,1,0,0,0,0,0,0,0,0,0
NF,1,1440,2007,0,0,0,0,1,0,0,0,0,0,0,0,0,0,0
NF,1,1440,2008,0,0,0,0,1,0,0,0,0,0,0,0,0,0,0
NF,1,1440,2010,0,0,0,0,0,0,0,0,0,0,0,0,0,0,1
NF,1,1460,1984,0,0,0,0,0,0,0,0,0,0,0,0,0,0,1
NF,1,1460,2003,0,0,0,0,1,0,0,0,0,0,0,0,0,0,0
NF,1,1460,2005,0,0,0,0,0,1,0,0,0,0,0,0,0,0,0
NF,1,1480,1976,0,0,0,0,4,1,0,0,0,0,0,0,0,0,0
NF,1,1480,1977,1,0,0,0,3,0,0,0,0,0,0,0,0,0,2
NF,1,1480,1978,0,0,0,0,1,0,0,0,0,0,0,0,0,0,0
NF,1,1480,1979,0,0,0,0,1,2,0,0,0,0,0,0,0,0,0
NF,1,1480,1980,0,0,0,0,5,2,0,0,0,0,0,0,0,0,0
NF,1,1480,1982,0,1,0,0,1,1,0,0,0,0,0,0,0,0,0
NF,1,1480,1983,0,0,0,0,2,1,0,0,0,0,0,0,0,0,0
NF,1,1480,1984,0,1,0,0,6,1,0,0,0,0,0,0,0,0,0
NF,1,1480,1985,2,1,0,0,5,4,0,0,0,0,0,0,0,0,0
NF,1,1480,1986,0,0,0,0,9,9,0,0,0,0,0,0,0,0,0
NF,1,1480,1987,0,0,0,0,2,2,0,0,0,0,0,0,0,0,0
NF,1,1480,1988,0,0,0,0,0,2,0,0,0,0,0,0,0,0,0
NF,1,1480,1989,0,0,0,0,5,7,0,0,0,0,0,0,0,0,0
NF,1,1480,1990,2,0,0,0,8,4,0,0,0,0,0,0,0,0,1
NF,1,1480,1992,0,0,0,0,6,3,0,0,0,0,0,0,0,0,0
NF,1,1480,1993,1,2,0,0,6,8,0,0,0,0,0,0,2,0,0
NF,1,1480,1994,0,0,0,0,3,2,0,1,0,0,0,0,0,0,0
NF,1,1480,1995,0,0,0,0,0,5,0,0,0,0,0,0,0,0,0
NF,1,1480,1996,0,0,0,0,2,5,0,0,0,0,0,0,0,0,0
NF,1,1480,1997,1,0,0,0,5,1,0,0,0,0,0,0,0,0,1
NF,1,1480,1998,3,0,0,0,5,5,0,0,0,0,0,0,0,0,0
NF,1,1480,1999,0,0,0,0,3,5,0,0,0,0,0,0,0,0,0
NF,1,1480,2000,0,2,0,0,2,6,0,0,0,0,0,0,0,0,0
NF,1,1480,2001,0,0,0,0,7,9,0,0,0,0,0,0,0,0,0
NF,1,1480,2002,1,0,0,0,2,5,0,0,0,0,0,0,0,0,0
NF,1,1480,2003,0,1,0,0,1,3,0,0,0,0,0,0,0,0,0
NF,1,1480,2004,0,0,0,0,2,3,0,0,0,0,0,0,1,0,0
NF,1,1480,2005,0,0,0,0,1,2,0,0,0,0,0,0,0,0,0
NF,1,1480,2006,0,2,0,0,1,6,0,0,0,0,0,0,0,0,0
NF,1,1480,2007,0,0,0,0,1,0,0,0,0,0,0,0,0,0,0
NF,1,1480,2010,0,1,0,0,0,2,0,0,0,0,0,0,0,0,0
NF,1,1480,2012,0,0,0,0,0,1,0,0,0,0,0,0,0,0,0
NF,1,1480,2013,0,1,0,0,5,6,0,0,0,0,0,0,0,0,0
NF,1,1480,2014,2,1,0,0,1,0,0,0,0,0,0,0,0,0,0
NF,1,1480,2019,0,0,0,0,0,1,0,0,0,0,0,0,0,0,0
NF,1,1480,2020,0,0,0,0,0,4,0,0,0,0,0,0,0,0,0
NF,1,1480,2021,0,0,0,0,0,4,0,0,0,0,0,0,0,0,0
NF,1,1480,2022,0,1,0,0,2,2,0,0,0,0,0,0,0,0,0
NF,1,1480,2023,0,2,0,0,5,1,0,0,0,0,0,0,0,0,0
NF,1,1490,1976,0,0,0,0,1,0,0,0,0,0,0,0,0,0,0
NF,1,1490,1980,0,0,0,0,3,0,0,0,0,0,0,0,0,0,1
NF,1,1490,1983,0,0,0,0,1,0,0,0,0,0,0,0,0,0,1
NF,1,1490,1984,0,0,0,0,0,2,0,0,0,0,0,0,0,0,0
NF,1,1490,1985,0,0,0,0,2,1,0,0,0,0,0,0,0,0,0
NF,1,1490,1986,0,0,0,0,1,0,0,0,0,0,0,0,0,0,0
NF,1,1490,1987,0,0,0,0,2,0,0,0,0,0,0,0,0,0,0
NF,1,1490,1989,0,0,0,0,0,1,0,0,0,0,0,0,0,0,0
NF,1,1490,1990,0,0,0,0,3,2,0,0,0,0,0,0,0,0,0
NF,1,1490,1992,1,0,0,0,1,1,0,0,0,0,0,0,0,0,0
NF,1,1490,1993,0,0,0,0,5,2,0,0,0,0,0,0,0,0,0
NF,1,1490,1994,0,0,0,0,1,0,0,0,0,0,0,0,0,0,0
NF,1,1490,1996,1,0,0,0,0,1,0,0,0,0,0,0,0,0,0
NF,1,1490,1998,0,0,0,0,2,1,0,0,0,0,0,0,0,0,0
NF,1,1490,1999,0,1,0,0,3,2,0,0,0,0,0,0,0,0,0
NF,1,1490,2002,0,0,0,0,8,2,0,0,0,0,0,0,0,0,0
NF,1,1490,2003,0,0,0,0,1,1,0,0,0,0,0,0,0,0,1
NF,1,1490,2004,2,0,0,0,2,0,0,0,0,0,0,0,0,0,0
NF,1,1490,2005,1,0,0,0,1,2,0,0,0,0,0,0,0,0,0
NF,1,1490,2006,0,0,0,0,4,1,0,0,0,0,0,0,0,0,0
NF,1,1490,2007,0,0,0,0,1,1,0,0,0,0,0,0,0,0,0
NF,1,1490,2010,0,1,0,0,4,2,0,0,0,0,0,0,0,0,0
NF,1,1490,2013,1,0,0,0,3,0,0,0,0,0,0,0,0,0,0
NF,1,1490,2014,0,0,0,0,2,0,0,0,0,0,0,0,0,0,0
NF,1,1490,2021,0,0,0,0,4,3,0,0,0,0,0,0,0,0,0
NF,1,1490,2022,0,2,0,0,0,1,0,0,0,0,0,0,0,0,0
NF,1,1490,2023,0,0,0,0,2,0,0,0,0,0,0,0,0,0,0
NF,1,1500,1976,2,2,0,0,10,20,0,1,0,0,0,0,1,0,3
NF,1,1500,1977,1,1,0,1,9,12,0,0,0,0,0,0,0,0,15
NF,1,1500,1978,1,0,0,0,18,8,0,4,0,0,0,1,0,0,6
NF,1,1500,1979,3,7,0,0,27,21,0,2,0,0,0,1,1,0,8
NF,1,1500,1980,0,1,0,0,6,10,0,2,0,0,0,1,0,0,7
NF,1,1500,1981,4,1,0,0,7,6,0,7,0,0,0,1,0,0,2
NF,1,1500,1982,0,0,0,0,3,3,0,0,0,0,0,2,1,0,2
NF,1,1500,1983,9,2,0,0,2,1,0,19,0,0,0,0,0,0,0
NF,1,1500,1984,4,3,0,0,15,25,0,5,0,0,0,0,0,0,2
NF,1,1500,1985,8,3,0,0,24,15,0,1,0,0,0,0,0,0,0
NF,1,1500,1986,3,4,0,0,16,32,0,2,0,0,0,0,0,0,1
NF,1,1500,1987,4,3,0,0,19,21,0,0,0,0,0,0,0,0,0
NF,1,1500,1988,0,0,0,0,5,11,0,0,0,0,0,0,0,0,0
NF,1,1500,1989,3,4,0,0,11,10,0,1,0,0,0,0,1,0,0
NF,1,1500,1990,4,6,0,0,31,21,0,1,0,0,0,0,0,0,3
NF,1,1500,1991,1,3,0,0,24,18,0,0,0,0,0,1,0,0,0
NF,1,1500,1992,1,6,0,0,25,11,0,0,0,0,0,0,0,0,0
NF,1,1500,1993,5,0,0,0,25,10,0,2,0,0,0,0,0,0,1
NF,1,1500,1994,2,3,0,0,21,17,0,0,0,0,0,0,0,0,0
NF,1,1500,1995,7,9,0,0,21,20,0,1,0,0,0,0,0,0,0
NF,1,1500,1996,2,3,0,0,21,36,0,1,0,0,0,0,0,0,1
NF,1,1500,1997,0,8,0,0,17,21,0,1,0,0,0,0,0,0,3
NF,1,1500,1998,5,8,0,0,25,21,0,2,0,0,0,0,0,0,1
NF,1,1500,1999,1,3,0,0,29,15,0,2,0,0,0,1,0,0,1
NF,1,1500,2000,6,5,0,0,40,46,0,0,0,0,0,1,0,0,0
NF,1,1500,2001,12,8,0,0,46,34,0,2,0,0,0,0,0,0,0
NF,1,1500,2002,1,5,0,0,15,40,0,0,0,0,0,0,0,0,0
NF,1,1500,2003,2,3,0,0,23,35,0,0,0,0,0,0,0,0,1
NF,1,1500,2004,5,4,0,0,32,21,0,2,0,0,0,0,0,0,0
NF,1,1500,2005,8,10,0,0,46,23,0,1,0,0,0,0,1,0,1
NF,1,1500,2006,5,5,0,0,42,21,0,1,0,0,0,0,0,0,1
NF,1,1500,2007,3,1,0,0,11,17,0,1,0,0,0,0,0,0,1
NF,1,1500,2008,3,3,0,0,20,15,0,1,0,0,0,1,0,0,0
NF,1,1500,2009,2,4,0,0,22,18,0,1,0,0,0,0,0,0,0
NF,1,1500,2010,2,2,0,0,13,14,0,1,0,0,0,0,0,0,0
NF,1,1500,2011,1,0,0,0,11,2,0,0,0,0,0,0,0,0,0
NF,1,1500,2012,2,6,0,0,16,14,0,1,0,0,0,0,0,0,0
NF,1,1500,2013,1,2,0,0,4,2,0,1,0,0,0,0,0,0,0
NF,1,1500,2014,0,6,0,0,5,17,0,0,0,0,0,0,0,0,0
NF,1,1500,2015,0,2,0,0,6,2,0,0,0,0,0,0,0,0,0
NF,1,1500,2016,0,0,0,0,6,4,0,0,0,0,0,0,0,0,0
NF,1,1500,2017,3,2,0,0,4,9,0,1,0,0,0,0,0,0,0
NF,1,1500,2018,1,2,0,0,17,6,0,1,0,0,0,0,0,0,2
NF,1,1500,2019,0,2,0,0,10,7,0,0,0,0,0,0,0,0,0
NF,1,1500,2020,1,1,0,0,18,13,0,4,0,0,0,0,0,0,0
NF,1,1500,2021,0,3,0,0,18,13,0,1,0,0,0,0,0,0,0
NF,1,1500,2022,1,1,0,0,16,5,0,2,0,0,0,0,0,0,0
NF,1,1500,2023,1,4,0,0,18,9,0,1,0,0,0,0,1,0,0
NF,1,1500,2024,2,0,0,0,13,6,0,0,0,0,0,0,0,0,0
NF,1,1510,1976,2,0,0,0,10,11,0,0,0,0,0,0,0,0,7
NF,1,1510,1977,1,1,0,0,8,7,0,3,0,0,0,0,0,0,14
NF,1,1510,1978,1,1,0,0,16,6,0,3,0,0,0,0,0,0,14
NF,1,1510,1979,1,1,0,0,24,22,0,3,0,0,0,0,0,0,13
NF,1,1510,1980,3,1,0,0,3,3,0,22,0,0,0,0,0,0,6
NF,1,1510,1981,2,1,0,0,10,10,0,0,0,0,0,0,0,0,4
NF,1,1510,1982,3,4,0,0,9,9,0,0,0,0,0,0,0,0,7
NF,1,1510,1983,2,7,0,0,18,18,0,5,0,0,0,1,0,0,1
NF,1,1510,1984,0,3,0,0,15,12,0,2,0,0,0,0,0,0,1
NF,1,1510,1985,0,0,0,0,20,10,0,3,0,0,0,0,0,0,0
NF,1,1510,1986,3,3,0,0,13,16,0,0,0,0,0,0,0,0,0
NF,1,1510,1987,0,2,0,0,9,7,0,1,0,0,0,0,0,0,0
NF,1,1510,1988,1,5,0,0,5,12,0,0,0,0,0,0,0,0,0
NF,1,1510,1989,0,0,0,0,8,9,0,0,0,0,0,0,0,0,0
NF,1,1510,1990,4,2,0,0,18,12,0,0,0,0,0,0,0,0,0
NF,1,1510,1991,2,2,0,0,7,9,0,0,0,0,0,0,0,0,0
NF,1,1510,1992,1,4,0,0,9,6,0,0,0,0,0,0,0,0,0
NF,1,1510,1993,0,0,0,0,4,6,0,0,0,0,0,0,0,0,0
NF,1,1510,1994,2,4,0,0,6,16,0,0,0,0,0,0,0,0,0
NF,1,1510,1995,5,0,0,0,10,14,0,0,0,0,0,0,0,0,0
NF,1,1510,1996,2,3,0,0,13,26,0,2,0,0,0,0,0,0,0
NF,1,1510,1997,1,3,0,0,13,11,0,0,0,0,0,0,0,0,0
NF,1,1510,1998,1,6,0,0,16,24,0,2,0,0,0,0,0,0,0
NF,1,1510,1999,1,12,0,0,13,20,0,1,0,0,0,0,0,0,0
NF,1,1510,2000,10,10,0,0,19,17,0,0,0,0,0,0,0,0,0
NF,1,1510,2001,2,3,0,0,12,13,0,0,0,0,0,0,0,0,0
NF,1,1510,2002,1,2,0,0,4,6,0,0,0,0,0,0,0,0,0
NF,1,1510,2003,3,5,0,0,5,6,0,0,0,0,0,0,0,0,0
NF,1,1510,2004,3,4,0,0,7,6,0,1,0,0,0,0,0,0,0
NF,1,1510,2005,1,5,0,0,4,7,0,0,0,0,0,0,0,0,0
NF,1,1510,2006,5,9,0,0,9,13,0,2,0,0,0,0,0,0,0
NF,1,1510,2007,5,9,0,0,6,3,0,0,0,0,0,0,0,0,0
NF,1,1510,2008,1,2,0,0,1,2,0,0,0,0,0,0,0,0,0
NF,1,1510,2009,1,1,0,0,2,2,0,0,0,0,0,0,0,0,0
NF,1,1510,2010,0,1,0,0,1,3,0,0,0,0,0,0,0,0,0
NF,1,1510,2011,1,3,0,0,0,1,0,0,0,0,0,0,0,0,0
NF,1,1510,2013,1,4,0,0,2,9,0,0,0,0,0,0,0,0,0
NF,1,1510,2014,1,1,0,0,0,1,0,0,0,0,0,0,0,0,0
NF,1,1510,2015,0,0,0,0,1,1,0,0,0,0,0,0,0,0,0
NF,1,1510,2016,0,0,0,0,2,1,0,0,0,0,0,0,0,0,0
NF,1,1510,2017,1,3,0,0,2,1,0,0,0,0,0,0,0,0,0
NF,1,1510,2018,1,3,0,0,0,1,0,0,0,0,0,0,0,0,0
NF,1,1510,2019,0,2,0,0,1,0,0,1,0,0,0,0,0,0,0
NF,1,1510,2020,0,0,0,0,1,0,0,0,0,0,0,0,0,0,0
NF,1,1510,2021,1,2,0,0,1,0,0,0,0,0,0,0,0,0,0
NF,1,1510,2022,0,1,0,0,1,0,0,0,0,0,0,0,0,0,0
NF,1,1510,2023,0,0,0,0,0,1,0,0,0,0,0,0,0,0,0
NF,1,1510,2024,0,1,0,0,0,1,0,0,0,0,0,0,0,0,0
NF,1,1520,1976,1,0,0,0,0,0,0,0,0,0,0,0,0,0,0
NF,1,1520,1977,0,0,0,0,0,0,0,0,0,0,0,0,0,0,1
NF,1,1520,1979,0,0,0,0,0,1,0,0,0,0,0,0,0,0,0
NF,1,1520,1983,0,1,0,0,0,0,0,0,0,0,0,0,0,0,0
NF,1,1520,1984,0,0,0,0,1,0,0,0,0,0,0,0,0,0,0
NF,1,1520,1991,0,0,0,0,1,1,0,0,0,0,0,0,0,0,0
NF,1,1520,1992,0,0,0,0,1,1,0,0,0,0,0,0,0,0,0
NF,1,1520,1994,0,1,0,0,1,0,0,0,0,0,0,0,0,0,0
NF,1,1520,1995,0,0,0,0,0,1,0,0,0,0,0,0,0,0,0
NF,1,1520,2005,0,0,0,0,0,1,0,0,0,0,0,0,0,0,0
NF,1,1520,2012,0,0,0,0,0,2,0,0,0,0,0,0,0,0,0
NF,1,1520,2022,0,1,0,0,0,0,0,0,0,0,0,0,0,0,0
NF,1,1530,1982,0,0,0,0,0,1,0,0,0,0,0,0,0,0,0
NF,1,1530,1991,0,0,0,0,1,0,0,0,0,0,0,0,0,0,0
NF,1,1530,1997,0,0,0,0,0,1,0,0,0,0,0,0,0,0,0
NF,1,1530,1999,0,1,0,0,0,0,0,0,0,0,0,0,0,0,0
NF,1,1530,2019,1,0,0,0,0,0,0,0,0,0,0,0,0,0,0
NF,1,1540,1976,0,0,0,0,0,0,0,1,0,0,0,0,0,0,6
NF,1,1540,1977,0,0,0,0,0,0,0,1,0,0,0,0,0,0,0
NF,1,1540,1980,0,0,0,0,0,0,0,4,0,0,0,0,0,0,0
NF,1,1540,1982,0,1,0,0,0,0,0,2,0,0,0,0,0,0,3
NF,1,1540,1983,0,2,0,0,0,1,0,6,0,0,0,0,0,0,0
NF,1,1540,1984,1,5,0,0,0,0,0,15,0,0,0,0,0,0,0
NF,1,1540,1988,1,1,0,0,1,0,0,2,0,0,0,0,0,0,0
NF,1,1540,1990,0,2,0,0,0,1,0,1,0,0,0,0,0,0,0
NF,1,1540,1992,0,2,0,0,0,0,0,0,0,0,0,0,0,0,0
NF,1,1540,1993,2,2,0,0,1,3,0,8,0,0,0,0,0,0,0
NF,1,1540,1994,1,5,0,0,0,0,0,6,0,0,0,0,0,0,0
NF,1,1540,1995,1,2,0,0,0,0,0,2,0,0,0,0,0,0,0
NF,1,1540,1996,3,9,0,0,5,1,0,14,0,0,0,0,0,0,0
NF,1,1540,1997,1,6,0,0,0,0,0,2,0,0,0,0,0,0,1
NF,1,1540,1998,0,2,0,0,6,3,0,4,0,0,0,1,0,0,0
NF,1,1540,1999,1,0,0,0,0,0,0,1,0,0,0,0,0,0,0
NF,1,1540,2000,1,3,0,0,7,6,0,3,0,0,0,0,0,0,1
NF,1,1540,2001,0,1,0,0,0,0,0,4,0,0,0,0,0,0,0
NF,1,1540,2002,0,1,0,0,6,2,0,1,0,0,0,0,0,0,0
NF,1,1540,2003,0,0,0,0,1,0,0,6,0,0,0,0,0,0,0
NF,1,1540,2004,1,4,0,0,1,0,0,4,0,0,0,0,0,0,1
NF,1,1540,2005,1,1,0,0,0,0,0,1,0,0,0,0,0,0,0
NF,1,1540,2006,1,1,0,0,0,0,0,3,0,0,0,0,0,0,0
NF,1,1540,2007,0,0,0,0,0,0,0,5,0,0,0,0,0,0,0
NF,1,1540,2008,0,0,0,0,0,0,0,3,0,0,0,0,0,0,0
NF,1,1540,2010,0,4,0,0,0,0,0,5,0,0,0,0,0,0,0
NF,1,1540,2011,0,0,0,0,0,1,0,0,0,0,0,0,0,0,0
NF,1,1540,2012,2,0,0,0,0,0,0,2,0,0,0,0,0,0,0
NF,1,1540,2013,0,0,0,0,0,0,0,1,0,0,0,0,0,0,0
NF,1,1540,2014,0,0,0,0,0,0,0,6,0,0,0,0,0,0,0
NF,1,1540,2015,0,0,0,0,0,0,0,1,0,0,0,0,0,0,0
NF,1,1540,2017,0,0,0,0,0,0,0,2,0,0,0,0,0,0,0
NF,1,1540,2018,0,0,0,0,0,0,0,4,0,0,0,0,0,0,0
NF,1,1540,2019,0,2,0,0,0,0,0,5,0,0,0,0,0,0,0
NF,1,1540,2020,0,0,0,0,0,0,0,1,0,0,0,0,0,0,0
NF,1,1540,2021,1,2,0,0,0,0,0,1,0,0,0,0,0,0,0
NF,1,1540,2022,1,0,0,0,0,0,0,2,0,0,0,0,0,0,0
NF,1,1540,2023,0,0,0,0,1,0,0,3,0,0,0,0,0,0,0
NF,1,1550,1984,0,0,0,0,0,0,0,2,0,0,0,0,0,0,0
NF,1,1590,1976,9,5,0,0,0,3,0,10,0,0,0,0,0,0,5
NF,1,1590,1977,2,0,0,0,5,4,0,2,0,0,0,0,0,0,2
NF,1,1590,1978,4,0,0,0,5,3,0,22,0,0,0,0,0,0,0
NF,1,1590,1979,1,2,0,0,2,4,0,2,0,0,0,0,0,0,0
NF,1,1590,1980,1,0,0,0,0,0,0,9,0,0,0,0,0,0,2
NF,1,1590,1981,0,0,0,0,0,0,0,0,0,0,0,0,0,0,2
NF,1,1590,1982,4,1,0,0,4,4,0,0,0,0,0,0,0,0,9
NF,1,1590,1983,7,1,0,0,18,8,0,2,0,0,0,7,4,0,0
NF,1,1590,1984,5,6,0,0,3,8,0,6,0,0,0,0,0,0,3
NF,1,1590,1985,5,0,0,0,1,2,0,2,0,0,0,0,0,0,0
NF,1,1590,1986,2,3,0,0,1,0,0,13,0,0,0,0,0,0,0
NF,1,1590,1987,0,1,0,0,1,1,0,0,0,0,0,1,0,0,0
NF,1,1590,1988,6,3,0,0,8,1,0,0,0,0,0,1,0,0,0
NF,1,1590,1989,2,1,0,0,2,1,0,0,0,0,0,1,0,0,0
NF,1,1590,1990,10,3,0,0,2,7,0,6,0,0,0,0,0,0,0
NF,1,1590,1991,7,3,0,0,4,9,0,0,0,0,0,0,0,0,0
NF,1,1590,1992,23,13,0,0,13,17,0,1,0,0,0,0,0,0,0
NF,1,1590,1993,11,13,0,0,22,16,0,0,0,0,0,0,0,0,0
NF,1,1590,1994,29,12,0,0,38,21,0,2,0,0,0,0,0,0,1
NF,1,1590,1995,6,12,0,0,12,13,0,1,0,0,0,0,0,0,0
NF,1,1590,1996,39,16,0,0,29,30,0,1,0,0,0,0,0,0,3
NF,1,1590,1997,18,14,0,0,13,13,0,21,0,0,0,0,0,0,0
NF,1,1590,1998,26,6,0,0,27,26,0,0,0,0,0,0,0,0,0
NF,1,1590,1999,36,23,0,0,27,33,0,5,0,0,0,1,0,0,1
NF,1,1590,2000,30,18,0,0,56,40,0,1,0,0,0,0,0,0,0
NF,1,1590,2001,30,27,0,0,20,17,0,3,0,0,0,0,0,0,0
NF,1,1590,2002,23,22,0,0,13,14,0,1,0,0,0,0,0,0,2
NF,1,1590,2003,13,19,0,0,24,24,0,2,0,0,0,0,0,0,0
NF,1,1590,2004,14,14,0,0,27,22,0,0,0,0,0,0,0,0,0
NF,1,1590,2005,28,17,0,0,32,25,0,3,0,0,0,0,0,0,0
NF,1,1590,2006,29,32,0,0,27,16,0,0,0,0,0,0,0,0,2
NF,1,1590,2007,43,30,0,0,29,21,0,1,0,0,0,0,0,0,0
NF,1,1590,2008,11,8,0,0,12,6,0,3,0,0,0,0,0,0,0
NF,1,1590,2009,7,5,0,0,0,4,0,0,0,0,0,0,0,0,0
NF,1,1590,2010,7,3,0,0,8,9,0,0,0,0,0,0,0,0,0
NF,1,1590,2011,11,6,0,0,18,14,0,0,0,0,0,0,0,0,0
NF,1,1590,2012,27,23,0,0,11,1,0,0,0,0,0,0,0,0,0
NF,1,1590,2013,13,10,0,0,13,13,0,0,0,0,0,0,0,0,0
NF,1,1590,2014,14,21,0,0,15,7,0,0,0,0,0,0,0,0,0
NF,1,1590,2015,9,7,0,0,19,8,0,0,0,0,0,0,0,0,0
NF,1,1590,2016,4,2,0,0,16,15,0,0,0,0,0,0,0,0,0
NF,1,1590,2017,12,11,0,0,5,2,0,0,0,0,0,0,0,0,0
NF,1,1590,2018,3,9,0,0,3,2,0,0,0,0,0,0,0,0,0
NF,1,1590,2019,1,2,0,0,3,1,0,0,0,0,0,0,0,0,0
NF,1,1590,2020,8,8,0,0,9,7,0,0,0,0,0,0,0,0,0
NF,1,1590,2021,15,15,0,0,11,9,0,0,0,0,0,0,0,0,0
NF,1,1590,2022,5,2,0,0,8,3,0,0,0,0,0,0,0,0,0
NF,1,1590,2023,3,6,0,0,4,3,0,0,0,0,0,0,0,0,0
NF,1,1590,2024,5,1,0,0,1,1,0,0,0,0,0,0,0,0,0
NF,1,1620,1982,0,0,0,0,0,0,0,0,0,0,0,0,0,0,1
NF,1,1620,1986,0,0,0,0,0,0,0,1,0,0,0,0,0,0,0
NF,1,1620,1990,1,0,0,0,0,0,0,0,0,0,0,0,0,0,0
NF,1,1620,1991,0,0,0,0,1,0,0,0,0,0,0,0,0,0,0
NF,1,1620,1992,2,2,0,0,0,1,0,0,0,0,0,0,0,0,0
NF,1,1620,1993,1,0,0,0,2,1,0,1,0,0,0,0,0,0,0
NF,1,1620,1994,0,0,0,0,0,1,0,2,0,0,0,0,0,0,0
NF,1,1620,1995,2,0,0,0,0,1,0,0,0,0,0,0,0,0,1
NF,1,1620,1996,0,0,0,0,1,1,0,3,0,0,0,0,0,0,0
NF,1,1620,1998,0,1,0,0,0,0,0,0,0,0,0,0,0,0,0
NF,1,1620,1999,0,0,0,0,2,0,0,1,0,0,0,0,0,0,0
NF,1,1620,2000,2,0,0,0,6,0,0,0,0,0,0,0,0,0,0
NF,1,1620,2001,0,0,0,0,2,0,0,0,0,0,0,0,0,0,0
NF,1,1620,2002,0,0,0,0,2,0,0,0,0,0,0,0,0,0,0
NF,1,1620,2008,0,0,0,0,1,0,0,0,0,0,0,0,0,0,0
NF,1,1620,2013,1,0,0,0,0,0,0,1,0,0,0,0,0,0,0
NF,1,1630,1976,2,0,0,0,0,0,0,3,0,0,0,0,0,0,0
NF,1,1630,1977,0,0,0,0,0,0,0,5,0,0,0,0,0,0,0
NF,1,1630,1978,0,0,0,0,0,0,0,1,0,0,0,0,0,0,1
NF,1,1630,1979,0,0,0,0,0,0,0,4,0,0,0,0,0,0,0
NF,1,1630,1980,0,0,0,0,0,0,0,1,0,0,0,0,0,0,0
NF,1,1630,1981,0,0,0,0,0,0,0,5,0,0,0,0,0,0,1
NF,1,1630,1982,1,1,0,0,0,0,0,10,0,0,0,0,0,0,6
NF,1,1630,1983,0,0,0,0,0,0,0,1,0,0,0,0,0,0,0
NF,1,1630,1984,0,0,0,0,0,0,0,5,0,0,0,0,0,0,0
NF,1,1630,1985,0,0,0,0,0,0,0,1,0,0,0,0,0,0,0
NF,1,1630,1986,0,0,0,0,2,0,0,0,0,0,0,0,0,0,0
NF,1,1630,1988,0,0,0,0,0,1,0,0,0,0,0,0,0,0,0
NF,1,1630,1990,0,0,0,0,0,1,0,0,0,0,0,0,0,0,0
NF,1,1630,1991,0,0,0,0,0,0,0,1,0,0,0,0,0,0,0
NF,1,1630,1992,0,0,0,0,0,1,0,1,0,0,0,0,0,0,0
NF,1,1630,1993,0,0,0,0,1,3,0,0,0,0,0,0,0,0,0
NF,1,1630,1994,0,0,0,0,0,0,0,1,0,0,0,0,0,0,0
NF,1,1630,1996,0,0,0,0,1,0,0,0,0,0,0,0,0,0,0
NF,1,1630,1997,0,0,0,0,0,0,0,0,0,0,0,0,0,0,1
NF,1,1630,1998,0,0,0,0,1,1,0,2,0,0,0,0,0,0,0
NF,1,1630,1999,0,0,0,0,2,1,0,2,0,0,0,0,0,0,0
NF,1,1630,2000,0,0,0,0,0,1,0,0,0,0,0,0,0,0,0
NF,1,1630,2001,0,0,0,0,5,4,0,1,0,0,0,0,0,0,0
NF,1,1630,2002,1,0,0,0,1,3,0,0,0,0,0,0,0,0,0
NF,1,1630,2003,0,0,0,0,0,0,0,1,0,0,0,0,0,0,0
NF,1,1630,2005,1,0,0,0,1,0,0,3,0,0,0,0,0,0,0
NF,1,1630,2006,0,0,0,0,0,0,0,1,0,0,0,0,0,0,1
NF,1,1630,2010,0,0,0,0,0,0,0,1,0,0,0,0,0,0,0
NF,1,1630,2012,0,0,0,0,0,1,0,0,0,0,0,0,0,0,0
NF,1,1630,2015,0,0,0,0,0,0,0,1,0,0,0,0,0,0,0
NF,1,1630,2024,0,0,0,0,0,2,0,1,0,0,0,0,0,0,0
NF,1,1650,1976,0,0,0,0,0,0,0,0,0,0,0,0,0,0,1
NF,1,1650,1978,0,1,0,0,0,0,0,0,0,0,0,0,0,0,0
NF,1,1650,1980,0,0,0,0,0,0,0,1,0,0,0,0,0,0,4
NF,1,1650,1981,0,0,0,0,0,0,0,1,0,0,0,0,0,0,0
NF,1,1650,1982,0,0,0,0,0,0,0,1,0,0,0,0,0,0,0
NF,1,1650,1983,0,0,0,0,0,0,0,1,0,0,0,0,0,0,0
NF,1,1650,1984,0,0,0,0,0,0,0,3,0,0,0,0,0,0,0
NF,1,1650,1985,0,1,0,0,0,0,0,2,0,0,0,0,0,0,0
NF,1,1650,1988,0,0,0,0,2,2,0,0,0,0,0,0,0,0,0
NF,1,1650,1989,0,0,0,0,0,0,0,0,0,0,0,0,1,0,0
NF,1,1650,1990,0,1,0,0,0,1,0,2,0,0,0,0,0,0,0
NF,1,1650,1992,0,0,0,0,0,1,0,0,0,0,0,0,0,0,0
NF,1,1650,1993,1,2,0,0,1,2,0,0,0,0,0,0,0,0,1
NF,1,1650,1994,0,0,0,0,0,0,0,1,0,0,0,0,0,0,0
NF,1,1650,1996,0,1,0,0,0,0,0,0,0,0,0,0,0,0,0
NF,1,1650,1997,1,0,0,0,0,0,0,0,0,0,0,0,0,0,0
NF,1,1650,1998,1,0,0,0,0,0,0,0,0,0,0,0,0,0,0
NF,1,1650,1999,0,0,0,0,0,1,0,0,0,0,0,0,0,0,0
NF,1,1650,2000,0,1,0,0,0,0,0,0,0,0,0,0,0,0,0
NF,1,1650,2001,0,0,0,0,0,1,0,0,0,0,0,0,0,0,0
NF,1,1650,2003,0,0,0,0,0,0,0,5,0,0,0,0,0,0,0
NF,1,1650,2010,0,0,0,0,1,0,0,2,0,0,0,0,0,0,0
NF,1,1660,1976,0,1,0,0,0,0,0,8,0,0,0,0,0,0,2
NF,1,1660,1977,1,0,0,0,0,0,0,0,0,0,0,0,0,0,0
NF,1,1660,1979,0,0,0,0,0,0,0,1,0,0,0,0,0,0,0
NF,1,1660,1980,0,0,0,0,0,0,0,2,0,0,0,0,0,0,1
NF,1,1660,1981,0,0,0,0,0,0,0,2,0,0,0,0,0,0,0
NF,1,1660,1982,0,0,0,0,0,0,0,2,0,0,0,0,0,0,7
NF,1,1660,1983,2,0,0,0,0,0,0,3,0,0,0,0,0,0,1
NF,1,1660,1984,1,1,0,0,0,0,0,2,0,0,0,0,0,0,0
NF,1,1660,1985,0,1,0,0,0,0,0,1,0,0,0,0,0,0,0
NF,1,1660,1986,0,0,0,0,0,1,0,1,0,0,0,0,0,0,0
NF,1,1660,1987,0,0,0,0,1,0,0,0,0,0,0,0,0,0,0
NF,1,1660,1988,0,0,0,0,0,2,0,0,0,0,0,0,0,0,0
NF,1,1660,1989,0,0,0,0,1,2,0,0,0,0,0,0,0,0,0
NF,1,1660,1990,0,0,0,0,0,0,0,2,0,0,0,0,0,0,0
NF,1,1660,1991,0,0,0,0,0,0,0,1,0,0,0,0,0,0,0
NF,1,1660,1992,0,0,0,0,1,2,0,0,0,0,0,0,0,0,0
NF,1,1660,1993,1,0,0,0,2,0,0,0,0,0,0,0,0,0,0
NF,1,1660,1994,0,0,0,0,0,0,0,14,0,0,0,0,0,0,3
NF,1,1660,1995,0,0,0,0,0,0,0,6,0,0,0,0,0,0,0
NF,1,1660,1996,0,0,0,0,0,0,0,1,0,0,0,0,0,0,0
NF,1,1660,1997,0,0,0,0,0,0,0,1,0,0,0,0,0,0,0
NF,1,1660,1998,1,0,0,0,2,4,0,0,0,0,0,0,0,0,0
NF,1,1660,1999,1,0,0,0,3,1,0,0,0,0,0,0,0,0,1
NF,1,1660,2000,0,0,0,0,1,1,0,1,0,0,0,0,0,0,1
NF,1,1660,2001,0,0,0,0,4,3,0,0,0,0,0,0,0,0,0
NF,1,1660,2002,0,0,0,0,0,0,0,1,0,0,0,0,0,0,0
NF,1,1660,2003,0,0,0,0,0,0,0,1,0,0,0,0,0,0,0
NF,1,1660,2005,1,0,0,0,0,0,0,1,0,0,0,0,0,0,0
NF,1,1660,2006,0,0,0,0,0,0,0,2,0,0,0,0,0,0,0
NF,1,1660,2007,0,0,0,0,0,0,0,1,0,0,0,0,0,0,0
NF,1,1660,2008,0,0,0,0,0,0,0,2,0,0,0,0,0,0,0
NF,1,1660,2010,1,0,0,0,0,0,0,2,0,0,0,0,0,0,0
NF,1,1660,2011,1,0,0,0,0,0,0,3,0,0,0,0,0,0,0
NF,1,1660,2013,0,0,0,0,0,0,0,1,0,0,0,0,0,0,0
NF,1,1660,2015,0,1,0,0,0,1,0,0,0,0,0,0,0,0,0
NF,1,1660,2018,0,0,0,0,0,0,0,2,0,0,0,0,0,0,0
NF,1,1660,2024,0,0,0,0,0,0,0,2,0,0,0,0,0,0,0
NF,1,1670,1984,1,0,0,0,2,0,0,0,0,0,0,0,0,0,0
NF,1,1692,1990,0,0,0,1,0,0,0,0,0,0,0,0,0,0,0
NF,1,1692,1996,0,0,0,1,0,0,0,0,0,0,0,0,0,0,0
NF,1,1710,1990,0,0,0,1,0,0,0,0,0,0,0,0,0,0,0
NF,1,1722,1976,0,0,0,9,0,0,0,12,0,0,0,0,0,0,4
NF,1,1722,1977,0,0,0,5,0,0,0,3,0,0,0,0,0,0,6
NF,1,1722,1978,0,0,0,6,0,0,0,8,0,0,0,0,0,0,5
NF,1,1722,1979,0,0,0,11,0,0,0,6,0,0,0,0,0,0,3
NF,1,1722,1980,0,0,0,5,0,0,0,10,0,0,0,0,0,0,8
NF,1,1722,1981,0,0,0,4,0,0,0,0,0,0,0,0,0,0,1
NF,1,1722,1982,0,0,0,6,0,0,0,10,0,0,0,0,0,0,5
NF,1,1722,1983,0,0,0,23,0,0,0,6,0,0,0,0,0,0,0
NF,1,1722,1984,0,0,0,4,0,0,0,15,0,0,0,0,0,0,1
NF,1,1722,1985,0,0,0,7,0,0,0,7,0,0,0,0,0,0,0
NF,1,1722,1986,0,0,0,14,0,0,0,27,0,0,0,0,0,0,0
NF,1,1722,1987,0,0,0,12,0,0,0,10,0,0,0,0,0,0,0
NF,1,1722,1988,0,0,0,11,0,0,0,6,0,0,0,0,0,0,0
NF,1,1722,1989,0,0,0,18,0,0,0,19,0,0,0,0,0,0,0
NF,1,1722,1990,0,0,0,5,0,0,0,3,0,0,0,0,0,0,0
NF,1,1722,1991,0,0,0,9,0,0,0,5,0,0,0,0,0,0,0
NF,1,1722,1992,0,0,0,8,0,0,0,10,0,0,0,0,0,0,0
NF,1,1722,1993,0,0,0,20,0,0,0,31,0,0,0,0,0,0,0
NF,1,1722,1994,0,0,0,12,0,0,0,17,0,0,0,0,0,0,0
NF,1,1722,1995,0,0,0,7,0,0,0,9,0,0,0,0,0,0,0
NF,1,1722,1996,0,0,0,20,0,0,0,44,0,0,0,0,0,0,0
NF,1,1722,1997,0,0,0,24,0,0,0,21,0,0,0,0,0,0,0
NF,1,1722,1998,0,0,0,27,0,0,0,25,0,0,0,0,0,0,0
NF,1,1722,1999,0,0,0,39,0,0,0,13,0,0,0,0,0,0,1
NF,1,1722,2000,0,0,0,45,0,0,0,17,0,0,0,0,0,0,0
NF,1,1722,2001,0,0,0,33,0,0,0,26,0,0,0,0,0,0,0
NF,1,1722,2002,0,0,0,22,0,0,0,9,0,0,0,0,0,0,0
NF,1,1722,2003,0,0,0,20,0,0,0,19,0,0,0,0,0,0,0
NF,1,1722,2004,0,0,0,23,0,0,0,11,0,0,0,0,0,0,1
NF,1,1722,2005,0,0,0,15,0,0,0,9,0,0,0,0,0,0,0
NF,1,1722,2006,0,0,0,15,0,0,0,16,0,0,0,0,0,0,0
NF,1,1722,2007,0,0,0,20,0,0,0,24,0,0,0,0,0,0,0
NF,1,1722,2008,0,0,0,19,0,0,0,19,0,0,0,0,0,0,0
NF,1,1722,2009,0,0,0,5,0,0,1,1,0,0,0,0,0,0,0
NF,1,1722,2010,0,0,0,15,0,0,0,8,0,1,0,0,0,0,0
NF,1,1722,2011,0,0,0,8,0,0,1,5,0,0,0,0,0,0,0
NF,1,1722,2012,0,0,2,4,0,0,3,1,0,0,0,0,0,0,0
NF,1,1722,2013,0,0,0,2,0,0,0,6,0,0,0,0,0,0,0
NF,1,1722,2014,0,0,0,7,0,0,1,9,0,0,0,0,0,0,0
NF,1,1722,2015,0,0,0,4,0,0,1,2,0,0,0,0,0,0,0
NF,1,1722,2016,0,0,1,1,0,0,0,0,0,0,0,0,0,0,0
NF,1,1722,2017,0,0,0,6,0,0,0,4,0,1,0,0,0,0,0
NF,1,1722,2018,0,0,0,15,0,0,0,9,0,0,0,0,0,0,0
NF,1,1722,2019,0,0,0,9,0,0,0,0,0,1,0,0,0,0,0
NF,1,1722,2020,0,0,0,18,0,0,0,7,0,2,0,0,0,0,0
NF,1,1722,2021,0,0,0,18,0,0,0,5,0,0,0,0,0,0,0
NF,1,1722,2022,0,0,0,7,0,0,0,10,0,0,0,0,0,0,0
NF,1,1722,2023,0,0,0,4,0,0,0,1,0,0,0,0,0,0,0
NF,1,1722,2024,0,0,0,7,0,0,0,1,0,0,0,0,0,0,0
NF,1,1730,1984,0,0,0,1,0,0,0,0,0,0,0,0,0,0,0
NF,1,1730,1986,0,0,0,0,0,0,0,0,0,0,0,0,0,0,1
NF,1,2280,2012,1,0,0,0,1,1,0,0,0,0,0,0,0,0,0
NF,1,2300,2010,0,0,0,1,0,0,0,1,0,0,0,0,0,0,0
NF,1,2550,1985,0,0,0,0,0,0,0,0,0,0,0,0,0,0,1
NF,2,300,2017,0,0,3,0,0,0,1,0,0,0,0,0,0,0,0
NF,2,310,2017,0,0,0,0,0,0,1,0,0,0,0,0,0,0,0
NF,2,310,2019,0,0,0,3,0,0,0,2,0,0,0,0,0,0,0
NF,2,1290,1976,1,0,0,0,0,0,0,3,0,0,0,0,0,0,0
NF,2,1290,1977,1,0,0,0,0,0,0,4,0,0,0,0,0,0,2
NF,2,1290,1978,0,0,0,0,1,0,0,4,0,0,0,0,0,0,1
NF,2,1290,1979,0,2,0,0,0,0,0,0,0,0,0,0,0,0,1
NF,2,1290,1980,0,0,0,0,0,0,0,2,0,0,0,0,0,0,0
NF,2,1290,1981,0,0,0,0,0,1,0,2,0,0,0,0,0,0,0
NF,2,1290,1982,0,0,0,0,0,0,0,6,0,0,0,0,0,0,3
NF,2,1290,1984,0,0,0,0,0,1,0,0,0,0,0,0,0,0,0
NF,2,1290,1985,2,0,0,0,0,0,0,7,0,0,0,0,0,0,0
NF,2,1290,1986,0,0,0,0,0,0,0,8,0,0,0,0,0,0,0
NF,2,1290,1988,0,0,0,0,2,0,0,0,0,0,0,0,0,0,0
NF,2,1290,1989,1,0,0,0,5,4,0,0,0,0,0,0,0,0,0
NF,2,1290,1990,0,0,0,0,1,1,0,1,0,0,0,0,0,0,0
NF,2,1290,1992,0,0,0,0,3,0,0,0,0,0,0,0,0,0,0
NF,2,1290,1994,0,0,0,0,2,3,0,1,0,0,0,0,0,0,0
NF,2,1290,1995,0,0,0,0,0,0,0,1,0,0,0,0,0,0,0
NF,2,1290,1997,0,0,0,0,1,1,0,0,0,0,0,0,0,0,0
NF,2,1290,1998,1,1,0,0,0,0,0,0,0,0,0,0,0,0,0
NF,2,1290,1999,0,0,0,0,0,0,0,3,0,0,0,0,0,0,1
NF,2,1290,2000,0,0,0,0,1,0,0,0,0,0,0,0,0,0,0
NF,2,1290,2002,0,0,0,0,1,1,0,0,0,0,0,0,0,0,0
NF,2,1290,2003,6,0,0,0,4,1,0,0,0,0,0,0,0,0,0
NF,2,1290,2004,0,0,0,0,0,2,0,0,0,0,0,0,0,0,0
NF,2,1290,2008,0,0,0,0,2,0,0,0,0,0,0,0,0,0,0
NF,2,1290,2010,0,0,0,0,0,0,0,6,0,0,0,0,0,0,0
NF,2,1290,2013,1,0,0,0,0,0,0,0,0,0,0,0,0,0,0
NF,2,1290,2014,0,0,0,0,1,0,0,2,0,0,0,0,0,0,0
NF,2,1290,2015,0,0,0,0,0,0,0,2,0,0,0,0,0,0,0
NF,2,1290,2016,0,0,0,0,0,1,0,2,0,0,0,0,0,0,0
NF,2,1290,2020,0,0,0,0,1,0,0,0,0,0,0,0,0,0,0
NF,2,1290,2023,0,0,0,0,3,4,0,0,0,0,0,0,0,0,0
NF,2,1300,1976,1,0,0,0,0,0,0,0,0,0,0,0,0,0,3
NF,2,1300,1977,1,0,0,0,0,0,0,1,0,0,0,0,0,0,0
NF,2,1300,1979,0,0,0,0,0,0,0,3,0,0,0,0,0,0,1
NF,2,1300,1980,0,0,0,0,0,1,0,1,0,0,0,0,0,0,0
NF,2,1300,1981,0,0,0,0,3,0,0,2,0,0,0,0,0,0,4
NF,2,1300,1982,0,0,0,0,0,0,0,8,0,0,0,0,0,0,6
NF,2,1300,1983,1,0,0,0,0,0,0,2,0,0,0,0,0,0,0
NF,2,1300,1984,1,0,0,0,1,0,0,2,0,0,0,0,0,0,0
NF,2,1300,1985,2,0,0,0,2,0,0,10,0,0,0,0,0,0,0
NF,2,1300,1986,0,1,0,0,3,2,0,4,0,0,0,0,0,0,1
NF,2,1300,1987,0,0,0,0,0,0,0,1,0,0,0,0,0,0,0
NF,2,1300,1988,0,0,0,0,0,1,0,0,0,0,0,0,0,0,0
NF,2,1300,1989,0,0,0,0,0,3,0,3,0,0,0,0,0,0,0
NF,2,1300,1990,1,1,0,0,5,4,0,0,0,0,0,0,0,0,0
NF,2,1300,1991,1,0,0,0,2,8,0,0,0,0,0,0,0,0,0
NF,2,1300,1992,0,1,0,0,3,0,0,1,0,0,0,0,0,0,1
NF,2,1300,1993,1,0,0,0,12,1,0,2,0,0,0,0,0,0,0
NF,2,1300,1994,1,0,0,0,1,1,0,12,0,0,0,0,0,0,1
NF,2,1300,1995,1,0,0,0,0,1,0,2,0,0,0,0,0,0,0
NF,2,1300,1997,0,0,0,0,1,0,0,0,0,0,0,0,0,0,0
NF,2,1300,1998,1,0,0,0,3,1,0,2,0,0,0,0,0,0,0
NF,2,1300,1999,1,0,0,0,2,2,0,0,0,0,0,0,0,0,0
NF,2,1300,2001,1,0,0,0,1,1,0,0,0,0,0,0,0,0,0
NF,2,1300,2002,0,0,0,0,5,0,0,2,0,0,0,0,0,0,0
NF,2,1300,2003,0,0,0,0,0,0,0,4,0,0,0,0,0,0,0
NF,2,1300,2004,4,0,0,0,0,0,0,2,0,0,0,0,0,0,0
NF,2,1300,2005,0,0,0,0,0,0,0,1,0,0,0,0,0,0,0
NF,2,1300,2008,3,0,0,0,0,0,0,4,0,0,0,0,0,0,0
NF,2,1300,2011,1,0,0,0,0,0,0,6,0,0,0,0,0,0,0
NF,2,1300,2013,0,0,0,0,0,0,0,3,0,0,0,0,0,0,0
NF,2,1300,2014,0,0,0,0,0,0,0,6,0,0,0,0,0,0,0
NF,2,1300,2021,0,0,0,0,0,0,0,2,0,0,0,0,0,0,0
NF,2,1300,2023,0,0,0,0,0,0,0,3,0,0,0,0,0,0,0
NF,2,1300,2024,0,0,0,0,0,0,0,2,0,0,0,0,0,0,0
NF,2,1310,1980,0,1,0,0,0,0,0,1,0,0,0,0,0,0,0
NF,2,1310,1981,0,0,0,0,0,0,0,1,0,0,0,0,0,0,0
NF,2,1310,1983,0,4,0,0,1,1,0,0,0,0,0,0,0,0,0
NF,2,1310,1984,1,1,0,0,0,0,0,0,0,0,0,0,0,0,0
NF,2,1310,1985,0,3,0,0,0,0,0,1,0,0,0,0,0,0,0
NF,2,1310,1986,0,0,0,0,0,0,0,1,0,0,0,0,0,0,0
NF,2,1310,1987,0,1,0,0,0,0,0,0,0,0,0,0,0,0,0
NF,2,1310,1990,1,3,0,0,0,0,0,0,0,0,0,0,0,0,0
NF,2,1310,1991,0,5,0,0,1,1,0,0,0,0,0,0,0,0,0
NF,2,1310,1992,0,2,0,0,0,0,0,0,0,0,0,0,0,0,0
NF,2,1310,1994,0,6,0,0,0,0,0,1,0,0,0,0,0,0,0
NF,2,1310,1996,0,1,0,0,0,0,0,0,0,0,0,0,0,0,0
NF,2,1310,1997,1,1,0,0,0,0,0,0,0,0,0,0,0,0,0
NF,2,1310,1998,2,5,0,0,1,3,0,0,0,0,0,0,0,0,0
NF,2,1310,2000,0,3,0,0,1,0,0,0,0,0,0,0,0,0,0
NF,2,1310,2001,0,2,0,0,0,1,0,0,0,0,0,0,0,0,0
NF,2,1310,2002,0,3,0,0,0,0,0,0,0,0,0,0,0,0,0
NF,2,1310,2003,0,3,0,0,0,0,0,0,0,0,0,0,0,0,0
NF,2,1310,2004,0,2,0,0,0,0,0,2,0,0,0,0,0,0,0
NF,2,1310,2005,0,2,0,0,0,0,0,0,0,0,0,0,0,0,0
NF,2,1310,2007,0,1,0,0,0,0,0,0,0,0,0,0,0,0,0
NF,2,1310,2008,0,2,0,0,0,0,0,0,0,0,0,0,0,0,0
NF,2,1310,2011,0,0,0,0,0,0,0,1,0,0,0,0,0,0,0
NF,2,1310,2012,0,0,0,0,0,1,0,0,0,0,0,0,0,0,0
NF,2,1310,2014,0,0,0,0,0,0,0,1,0,0,0,0,0,0,0
NF,2,1310,2016,0,2,0,0,0,0,0,1,0,0,0,0,0,0,0
NF,2,1310,2021,0,1,0,0,0,0,0,0,0,0,0,0,0,0,0
NF,2,1310,2023,1,1,0,0,0,0,0,0,0,0,0,0,0,0,0
NF,2,1310,2024,0,2,0,0,0,0,0,0,0,0,0,0,0,0,0
NF,2,1320,1976,0,0,0,0,0,0,0,0,0,0,0,0,0,0,1
NF,2,1320,1977,0,0,0,0,0,1,0,0,0,0,0,0,0,0,0
NF,2,1320,1978,0,0,0,0,0,0,0,0,0,0,0,0,0,0,1
NF,2,1320,1979,1,0,0,0,0,1,0,1,0,0,0,0,0,0,0
NF,2,1320,1984,0,0,0,0,1,0,0,0,0,0,0,0,0,0,0
NF,2,1320,1986,0,1,0,0,0,1,0,0,0,0,0,0,0,0,0
NF,2,1320,1989,0,0,0,0,3,2,0,0,0,0,0,0,0,0,0
NF,2,1320,1990,1,0,0,0,4,0,0,0,0,0,0,0,0,0,0
NF,2,1320,1991,0,1,0,0,2,0,0,0,0,0,0,0,0,0,0
NF,2,1320,1992,0,1,0,0,1,0,0,1,0,0,0,0,0,0,0
NF,2,1320,1993,1,0,0,0,0,0,0,0,0,0,0,0,0,0,0
NF,2,1320,1994,0,1,0,0,1,0,0,0,0,0,0,0,0,0,0
NF,2,1320,1997,0,0,0,0,0,1,0,0,0,0,0,0,0,0,0
NF,2,1320,1998,0,0,0,0,0,1,0,0,0,0,0,0,0,0,0
NF,2,1320,1999,0,1,0,0,2,3,0,0,0,0,0,0,0,0,0
NF,2,1320,2000,1,0,0,0,3,1,0,0,0,0,0,0,0,0,0
NF,2,1320,2001,0,0,0,0,0,2,0,0,0,0,0,0,0,0,0
NF,2,1320,2002,0,0,0,0,2,1,0,0,0,0,0,0,0,0,0
NF,2,1320,2003,1,1,0,0,2,1,0,1,0,0,0,0,0,0,0
NF,2,1320,2004,1,0,0,0,3,2,0,0,0,0,0,0,0,0,0
NF,2,1320,2007,0,1,0,0,0,1,0,0,0,0,0,0,0,0,0
NF,2,1320,2010,0,1,0,0,0,0,0,0,0,0,0,0,0,0,0
NF,2,1320,2014,1,0,0,0,0,0,0,0,0,0,0,0,0,0,0
NF,2,1320,2024,0,0,0,0,0,1,0,0,0,0,0,0,0,0,0
NF,2,1321,1976,0,1,0,1,0,0,0,0,0,0,0,0,0,0,0
NF,2,1321,1979,0,0,0,0,0,0,0,1,0,0,0,0,0,0,0
NF,2,1321,1983,0,0,0,0,0,1,0,0,0,0,0,0,0,0,0
NF,2,1321,1985,0,1,0,0,1,0,0,0,0,0,0,0,0,0,0
NF,2,1321,1990,0,0,0,0,0,1,0,0,0,0,0,0,0,0,0
NF,2,1321,1994,0,0,0,0,0,1,0,0,0,0,0,0,0,0,0
NF,2,1321,1996,0,0,0,0,0,1,0,0,0,0,0,0,0,0,0
NF,2,1321,1997,0,1,0,0,0,0,0,0,0,0,0,0,0,0,0
NF,2,1321,1999,0,1,0,0,0,1,0,0,0,0,0,0,0,0,0
NF,2,1321,2002,0,0,0,0,1,0,0,0,0,0,0,0,0,0,0
NF,2,1321,2004,0,0,0,0,1,0,0,0,0,0,0,0,0,0,0
NF,2,1321,2006,0,0,0,0,1,0,0,0,0,0,0,0,0,0,0
NF,2,1321,2007,0,0,0,0,1,0,0,0,0,0,0,0,0,0,0
NF,2,1321,2008,0,1,0,0,0,0,0,0,0,0,0,0,0,0,0
NF,2,1321,2014,0,1,0,0,0,0,0,0,0,0,0,0,0,0,0
NF,2,1321,2023,0,0,0,0,1,0,0,0,0,0,0,0,0,0,0
NF,2,1330,1976,1,2,0,0,4,5,0,2,0,0,0,0,0,0,2
NF,2,1330,1977,0,3,0,0,4,6,0,1,0,0,0,0,0,0,16
NF,2,1330,1978,2,0,0,0,7,2,0,0,0,0,0,0,0,0,3
NF,2,1330,1979,3,6,0,0,8,8,0,0,0,0,0,0,1,0,6
NF,2,1330,1980,3,1,0,0,0,0,0,0,0,0,0,0,0,0,4
NF,2,1330,1981,1,4,0,0,10,6,0,2,0,0,0,0,0,0,3
NF,2,1330,1982,0,1,0,0,1,1,0,0,0,0,0,0,0,0,1
NF,2,1330,1983,0,6,0,0,8,11,0,1,0,0,0,0,0,0,0
NF,2,1330,1984,1,3,0,0,3,8,0,0,0,0,0,0,0,0,1
NF,2,1330,1985,4,3,0,0,15,7,0,2,0,0,0,0,0,0,0
NF,2,1330,1986,2,4,0,0,9,6,0,0,0,0,0,0,0,0,0
NF,2,1330,1987,2,3,0,0,3,0,0,0,0,0,0,0,0,0,0
NF,2,1330,1988,1,0,0,0,0,3,0,0,0,0,0,0,0,0,0
NF,2,1330,1989,2,2,0,0,11,7,0,1,0,0,0,0,0,0,0
NF,2,1330,1990,3,10,0,0,1,11,0,3,0,0,0,0,0,0,0
NF,2,1330,1991,2,1,0,0,5,4,0,0,0,0,0,0,0,0,0
NF,2,1330,1992,1,1,0,0,4,2,0,0,0,0,0,0,0,0,0
NF,2,1330,1993,1,2,0,0,10,4,0,0,0,0,0,0,0,0,0
NF,2,1330,1994,0,2,0,0,9,5,0,0,0,0,0,0,0,0,0
NF,2,1330,1995,1,7,0,0,3,3,0,0,0,0,0,0,0,0,0
NF,2,1330,1996,5,3,0,0,1,6,0,0,0,0,0,0,0,0,0
NF,2,1330,1997,0,1,0,0,0,5,0,0,0,0,0,0,0,0,0
NF,2,1330,1998,1,5,0,0,11,9,0,0,0,0,0,0,0,0,0
NF,2,1330,1999,3,6,0,1,11,14,0,0,0,0,0,0,0,0,0
NF,2,1330,2000,3,7,0,0,7,4,0,0,0,0,0,0,0,0,0
NF,2,1330,2001,3,2,0,0,10,0,0,0,0,0,0,0,0,0,0
NF,2,1330,2002,1,0,0,0,6,2,0,1,0,0,0,0,0,0,0
NF,2,1330,2003,0,0,0,0,8,5,0,0,0,0,0,0,0,0,0
NF,2,1330,2004,2,2,0,0,7,4,0,1,0,0,0,0,0,0,0
NF,2,1330,2005,2,0,0,0,4,2,0,0,0,0,0,0,0,0,0
NF,2,1330,2006,0,0,0,0,1,3,0,0,0,0,0,0,0,0,0
NF,2,1330,2007,0,1,0,0,2,3,0,0,0,0,0,0,0,0,1
NF,2,1330,2008,0,1,0,0,5,0,0,0,0,0,0,0,0,0,0
NF,2,1330,2009,0,1,0,0,1,0,0,0,0,0,0,0,0,0,0
NF,2,1330,2011,0,1,0,0,0,0,0,0,0,0,0,0,0,0,0
NF,2,1330,2013,0,0,0,0,3,3,0,0,0,0,0,0,0,0,0
NF,2,1330,2014,0,1,0,0,2,2,0,0,0,0,0,0,0,0,0
NF,2,1330,2015,0,0,0,0,0,1,0,0,0,0,0,0,0,0,0
NF,2,1330,2018,1,3,0,0,0,0,0,0,0,0,0,0,0,0,0
NF,2,1330,2020,0,0,0,0,1,0,0,0,0,0,0,0,0,0,0
NF,2,1330,2022,1,0,0,0,1,0,0,0,0,0,0,0,0,0,0
NF,2,1330,2023,1,0,0,0,7,4,0,0,0,0,0,0,0,0,0
NF,2,1330,2024,0,0,0,0,3,4,0,0,0,0,0,0,0,0,0
NF,2,1350,1978,0,1,0,0,0,0,0,0,0,0,0,0,0,0,0
NF,2,1370,1981,0,0,0,0,0,0,0,0,0,0,0,0,0,0,1
NF,2,1370,1982,0,0,0,0,0,0,0,0,0,0,0,0,0,0,1
NF,2,1370,1983,0,0,0,0,0,1,0,0,0,0,0,0,0,0,0
NF,2,1370,1985,0,0,0,0,0,1,0,0,0,0,0,0,0,0,0
NF,2,1370,1993,0,0,0,0,0,1,0,0,0,0,0,0,0,0,0
NF,2,1370,2004,0,0,0,0,1,0,0,0,0,0,0,0,0,0,0
NF,2,1370,2014,0,0,0,0,0,1,0,0,0,0,0,0,0,0,0
NF,2,1390,1976,0,0,0,0,7,4,0,1,0,0,0,0,0,0,3
NF,2,1390,1977,0,0,0,0,0,3,0,0,0,0,0,0,0,0,6
NF,2,1390,1978,0,1,0,0,1,1,0,0,0,0,0,0,0,0,3
NF,2,1390,1979,1,0,0,0,2,2,0,2,0,0,0,0,0,0,4
NF,2,1390,1980,0,0,0,0,1,1,0,0,0,0,0,0,0,0,0
NF,2,1390,1981,0,0,0,0,0,0,0,0,0,0,0,0,0,0,3
NF,2,1390,1983,0,0,0,0,4,1,0,0,0,0,0,0,0,0,0
NF,2,1390,1984,0,0,0,0,1,0,0,0,0,0,0,0,0,0,1
NF,2,1390,1985,1,0,0,0,13,6,0,1,0,0,0,0,0,0,0
NF,2,1390,1986,0,0,0,0,7,1,0,1,0,0,0,0,0,0,0
NF,2,1390,1987,0,1,0,0,0,1,0,0,0,0,0,0,0,0,0
NF,2,1390,1989,2,0,0,0,9,2,0,0,0,0,0,0,0,0,1
NF,2,1390,1990,0,0,0,0,7,4,0,0,0,0,0,0,0,0,0
NF,2,1390,1991,1,0,0,0,4,2,0,0,0,0,0,0,0,0,0
NF,2,1390,1992,1,0,0,1,3,4,0,0,0,0,0,0,0,0,1
NF,2,1390,1993,0,0,0,0,5,2,0,0,0,0,0,0,0,0,0
NF,2,1390,1994,0,0,0,0,2,6,0,0,0,0,0,0,0,0,0
NF,2,1390,1995,2,0,0,0,13,4,0,1,0,0,0,0,0,0,0
NF,2,1390,1996,0,3,0,0,5,3,0,0,0,0,0,0,0,0,0
NF,2,1390,1997,0,0,0,0,7,4,0,0,0,0,0,0,0,0,0
NF,2,1390,1998,1,1,0,0,2,2,0,0,0,0,0,0,0,0,0
NF,2,1390,1999,2,0,0,0,10,8,0,0,0,0,0,0,1,0,1
NF,2,1390,2000,2,0,0,0,16,7,0,1,0,0,0,0,0,0,0
NF,2,1390,2001,1,1,0,0,3,8,0,0,0,0,0,0,0,0,0
NF,2,1390,2002,1,1,0,0,8,2,0,0,0,0,0,0,0,0,0
NF,2,1390,2003,0,0,0,0,6,1,0,0,0,0,0,0,0,0,0
NF,2,1390,2004,3,1,0,1,16,11,0,1,0,0,0,0,0,0,1
NF,2,1390,2005,4,0,0,0,4,5,0,0,0,0,0,0,0,0,0
NF,2,1390,2007,0,0,0,0,2,2,0,0,0,0,0,0,0,0,0
NF,2,1390,2008,0,1,0,0,2,1,0,0,0,0,0,1,0,0,1
NF,2,1390,2011,0,0,0,0,0,0,0,0,0,0,0,0,0,0,1
NF,2,1390,2013,0,0,0,0,3,1,0,0,0,0,0,0,0,0,0
NF,2,1390,2014,0,0,0,0,5,10,0,0,0,0,0,0,0,0,0
NF,2,1390,2016,0,0,0,0,5,2,0,0,0,0,0,0,0,0,0
NF,2,1390,2018,0,0,0,0,2,2,0,0,0,0,0,0,0,0,0
NF,2,1390,2020,0,0,0,0,1,1,0,0,0,0,0,0,0,0,0
NF,2,1390,2021,1,0,0,0,2,0,0,0,0,0,0,0,0,0,0
NF,2,1390,2023,0,0,0,0,4,1,0,1,0,0,0,0,0,0,0
NF,2,1390,2024,0,0,0,0,2,0,0,0,0,0,0,0,0,0,0
NF,2,1400,1978,0,0,0,0,0,0,0,0,0,0,0,0,0,0,1
NF,2,1400,1979,0,0,0,0,0,0,0,0,0,0,0,0,0,0,1
NF,2,1400,1985,0,0,0,0,0,1,0,0,0,0,0,0,0,0,0
NF,2,1400,1993,0,0,0,0,1,0,0,0,0,0,0,0,0,0,0
NF,2,1400,1995,0,0,0,0,2,1,0,0,0,0,0,0,0,0,0
NF,2,1400,2018,0,1,0,0,0,0,0,0,0,0,0,0,0,0,0
NF,2,1420,1999,0,0,0,0,0,1,0,0,0,0,0,0,0,0,0
NF,2,1430,1976,1,0,0,0,3,2,0,0,0,0,0,2,1,0,2
NF,2,1430,1977,0,0,0,0,3,1,0,0,0,0,0,0,0,0,1
NF,2,1430,1978,0,0,0,0,0,0,0,0,0,0,0,0,1,0,1
NF,2,1430,1979,0,0,0,0,4,2,0,0,0,0,0,0,0,0,0
NF,2,1430,1980,0,0,0,0,0,0,0,0,0,0,0,0,0,0,1
NF,2,1430,1981,0,0,0,0,0,1,0,0,0,0,0,0,0,0,0
NF,2,1430,1983,0,0,0,0,1,2,0,0,0,0,0,0,0,0,1
NF,2,1430,1984,0,0,0,0,0,1,0,0,0,0,0,0,0,0,0
NF,2,1430,1985,0,0,0,0,2,3,0,0,0,0,0,0,0,0,0
NF,2,1430,1986,0,0,0,0,1,0,0,0,0,0,0,0,0,0,0
NF,2,1430,1987,1,0,0,0,1,0,0,0,0,0,0,0,0,0,0
NF,2,1430,1989,1,0,0,0,1,2,0,0,0,0,0,0,0,0,0
NF,2,1430,1990,2,0,0,0,4,5,0,0,0,0,0,0,0,0,1
NF,2,1430,1991,0,0,0,0,0,1,0,0,0,0,0,0,0,0,0
NF,2,1430,1993,0,0,0,0,1,1,0,0,0,0,0,0,0,0,0
NF,2,1430,1994,0,0,0,0,1,1,0,0,0,0,0,0,0,0,0
NF,2,1430,1995,1,0,0,0,1,5,0,0,0,0,0,0,0,0,0
NF,2,1430,1996,1,0,0,0,1,1,0,0,0,0,0,0,0,0,0
NF,2,1430,1998,0,0,0,0,2,1,0,0,0,0,0,0,0,0,0
NF,2,1430,1999,0,0,0,0,0,1,0,0,0,0,0,0,0,0,0
NF,2,1430,2000,0,0,0,0,0,1,0,0,0,0,0,0,0,0,0
NF,2,1430,2003,0,0,0,0,3,0,0,0,0,0,0,0,0,0,0
NF,2,1430,2004,0,0,0,0,1,0,0,0,0,0,0,0,0,0,0
NF,2,1430,2008,0,0,0,0,0,4,0,0,0,0,0,0,0,0,0
NF,2,1430,2013,0,0,0,0,2,0,0,0,0,0,0,0,0,0,0
NF,2,1430,2014,0,0,0,0,0,1,0,0,0,0,0,0,0,0,0
NF,2,1430,2018,0,0,0,0,1,0,0,0,0,0,0,0,0,0,0
NF,2,1430,2020,0,0,0,0,0,1,0,0,0,0,0,0,0,0,0
NF,2,1440,1980,0,0,0,0,0,0,0,1,0,0,0,0,0,0,0
NF,2,1440,1984,0,0,0,0,0,0,0,0,0,0,0,0,0,0,1
NF,2,1440,1995,0,1,0,0,0,0,0,0,0,0,0,0,0,0,0
NF,2,1440,1998,0,2,0,0,0,0,0,0,0,0,0,0,0,0,0
NF,2,1440,1999,0,2,0,0,0,0,0,0,0,0,0,0,0,0,0
NF,2,1440,2021,0,2,0,0,0,0,0,0,0,0,0,0,0,0,0
NF,2,1470,1986,0,0,0,0,1,0,0,0,0,0,0,0,0,0,0
NF,2,1480,1976,0,0,0,0,0,1,0,0,0,0,0,0,0,0,3
NF,2,1480,1977,1,0,0,0,0,0,0,0,0,0,0,0,0,0,0
NF,2,1480,1978,0,0,0,0,0,1,0,0,0,0,0,1,0,0,0
NF,2,1480,1980,0,0,0,0,0,1,0,0,0,0,0,0,0,0,0
NF,2,1480,1981,0,0,0,0,1,1,0,0,0,0,0,1,0,0,2
NF,2,1480,1982,0,0,0,0,0,0,0,0,0,0,0,0,0,0,1
NF,2,1480,1984,0,0,0,0,0,1,0,0,0,0,0,0,0,0,0
NF,2,1480,1985,0,0,0,0,1,0,0,0,0,0,0,0,0,0,0
NF,2,1480,1986,0,0,0,0,0,1,0,0,0,0,0,0,0,0,0
NF,2,1480,1989,0,0,0,0,2,1,0,0,0,0,0,0,0,0,0
NF,2,1480,1990,1,0,0,0,1,2,0,0,0,0,0,0,0,0,0
NF,2,1480,1993,0,0,0,0,4,0,0,0,0,0,0,0,0,0,0
NF,2,1480,1994,0,0,0,0,1,0,0,0,0,0,0,0,0,0,0
NF,2,1480,1998,0,0,0,0,2,2,0,0,0,0,0,0,0,0,0
NF,2,1480,1999,0,0,0,0,2,0,0,0,0,0,0,0,0,0,0
NF,2,1480,2001,0,0,0,0,0,1,0,0,0,0,0,0,0,0,0
NF,2,1480,2002,0,0,0,0,0,1,0,0,0,0,0,0,0,0,0
NF,2,1480,2003,0,0,0,0,2,0,0,0,0,0,0,0,0,0,0
NF,2,1480,2004,0,0,0,0,0,1,0,0,0,0,0,0,0,0,0
NF,2,1480,2005,0,0,0,0,0,2,0,0,0,0,0,0,0,0,0
NF,2,1480,2007,0,0,0,0,0,1,0,0,0,0,0,0,0,0,0
NF,2,1480,2021,1,0,0,0,0,0,0,0,0,0,0,0,0,0,0
NF,2,1480,2023,0,0,0,0,1,6,0,0,0,0,0,0,0,0,0
NF,2,1480,2024,0,0,0,0,0,4,0,0,0,0,0,0,0,0,0
NF,2,1490,1976,1,0,0,0,0,0,0,0,0,0,0,0,0,0,0
NF,2,1490,1977,0,0,0,0,0,1,0,0,0,0,0,0,0,0,1
NF,2,1490,1978,0,0,0,0,3,1,0,0,0,0,0,0,0,0,1
NF,2,1490,1979,0,0,0,0,1,0,0,0,0,0,0,0,0,0,0
NF,2,1490,1980,0,0,0,0,0,0,0,1,0,0,0,0,0,0,3
NF,2,1490,1981,0,0,0,0,1,1,0,0,0,0,0,0,0,0,1
NF,2,1490,1982,0,1,0,0,0,0,0,0,0,0,0,0,0,0,0
NF,2,1490,1983,0,1,0,0,0,0,0,0,0,0,0,0,0,0,0
NF,2,1490,1984,0,0,0,0,1,3,0,0,0,0,0,0,0,0,0
NF,2,1490,1985,0,0,0,0,1,1,0,0,0,0,0,0,1,0,0
NF,2,1490,1986,0,0,0,0,0,3,0,0,0,0,0,0,0,0,0
NF,2,1490,1989,0,0,0,0,4,3,0,0,0,0,0,0,0,0,0
NF,2,1490,1990,0,0,0,0,0,5,0,0,0,0,0,0,0,0,0
NF,2,1490,1991,0,0,0,0,0,2,0,0,0,0,0,0,0,0,0
NF,2,1490,1992,0,0,0,0,1,1,0,0,0,0,0,0,0,0,0
NF,2,1490,1993,0,0,0,0,0,2,0,0,0,0,0,0,0,0,0
NF,2,1490,1994,0,0,0,0,4,0,0,0,0,0,0,0,0,0,0
NF,2,1490,1997,0,0,0,0,1,0,0,0,0,0,0,0,0,0,0
NF,2,1490,1998,0,0,0,0,5,2,0,0,0,0,0,0,0,0,0
NF,2,1490,1999,0,0,0,0,1,1,0,0,0,0,0,0,0,0,0
NF,2,1490,2000,0,0,0,0,0,1,0,0,0,0,0,0,0,0,0
NF,2,1490,2001,0,0,0,0,1,2,0,0,0,0,0,0,0,0,0
NF,2,1490,2002,1,0,0,0,1,1,0,0,0,0,0,0,0,0,0
NF,2,1490,2003,0,0,0,0,1,2,0,0,0,0,0,0,0,0,0
NF,2,1490,2004,0,0,0,0,0,1,0,0,0,0,0,0,0,0,0
NF,2,1490,2008,0,0,0,0,0,0,0,1,0,0,0,0,0,0,0
NF,2,1490,2013,0,0,0,0,0,1,0,0,0,0,0,0,0,0,0
NF,2,1490,2023,0,0,0,0,5,3,0,0,0,0,0,0,0,0,0
NF,2,1490,2024,0,0,0,0,2,2,0,0,0,0,0,0,0,0,0
NF,2,1500,1978,0,0,0,0,0,0,0,0,0,0,0,0,0,0,2
NF,2,1500,1980,0,0,0,0,0,0,0,0,0,0,0,0,0,0,2
NF,2,1500,1981,0,0,0,0,0,0,0,0,0,0,0,0,0,0,4
NF,2,1500,1986,1,0,0,0,2,4,0,0,0,0,0,0,0,0,0
NF,2,1500,1993,0,0,0,0,0,2,0,1,0,0,0,0,0,0,0
NF,2,1500,1997,0,0,0,0,1,0,0,0,0,0,0,0,0,0,0
NF,2,1500,2000,0,0,0,0,1,0,0,0,0,0,0,0,0,0,0
NF,2,1500,2003,1,0,0,0,0,0,0,0,0,0,0,0,0,0,0
NF,2,1500,2008,0,0,0,0,2,1,0,0,0,0,0,0,0,0,0
NF,2,1500,2014,0,0,0,0,1,2,0,1,0,0,0,0,0,0,0
NF,2,1500,2020,0,0,0,0,1,0,0,0,0,0,0,0,0,0,0
NF,2,1500,2021,0,0,0,0,2,1,0,0,0,0,0,0,0,0,0
NF,2,1500,2024,0,0,0,0,0,1,0,0,0,0,0,0,0,0,0
NF,2,1510,1976,0,3,0,0,5,1,0,1,0,0,0,0,0,0,3
NF,2,1510,1977,0,1,0,0,4,1,0,1,0,0,0,0,0,0,2
NF,2,1510,1978,0,1,0,0,4,4,0,0,0,0,0,0,0,0,1
NF,2,1510,1979,1,0,0,0,4,1,0,0,0,0,0,0,0,0,3
NF,2,1510,1980,1,1,0,0,1,1,0,0,0,0,0,0,0,0,2
NF,2,1510,1981,0,0,0,0,5,2,0,0,0,0,0,0,0,0,7
NF,2,1510,1982,0,1,0,0,0,2,0,1,0,0,0,0,0,0,0
NF,2,1510,1983,1,0,0,0,3,3,0,0,0,0,0,0,0,0,0
NF,2,1510,1984,0,0,0,0,1,7,0,0,0,0,0,0,0,0,0
NF,2,1510,1985,1,0,0,0,9,5,0,5,0,0,0,0,0,0,0
NF,2,1510,1986,0,2,0,0,0,3,0,0,0,0,0,0,0,0,0
NF,2,1510,1987,0,0,0,0,2,1,0,0,0,0,0,0,0,0,1
NF,2,1510,1988,0,1,0,0,0,2,0,0,0,0,0,0,0,0,0
NF,2,1510,1989,0,2,0,0,2,7,0,0,0,0,0,0,0,0,0
NF,2,1510,1990,2,8,0,0,11,8,0,0,0,0,0,0,0,0,0
NF,2,1510,1991,0,1,0,0,0,2,0,0,0,0,0,0,0,0,0
NF,2,1510,1992,0,3,0,0,2,0,0,0,0,0,0,0,0,0,0
NF,2,1510,1993,2,0,0,0,10,3,0,0,0,0,0,0,1,0,0
NF,2,1510,1994,4,4,0,0,2,2,0,0,0,0,0,0,0,0,0
NF,2,1510,1995,0,0,0,0,3,1,0,0,0,0,0,0,0,0,0
NF,2,1510,1996,0,0,0,0,1,1,0,0,0,0,0,0,0,0,0
NF,2,1510,1997,1,0,0,0,1,2,0,0,0,0,0,0,0,0,0
NF,2,1510,1998,0,1,0,0,1,7,0,1,0,0,0,0,0,0,1
NF,2,1510,1999,0,0,0,0,8,4,0,0,0,0,0,0,0,0,0
NF,2,1510,2000,0,1,0,0,0,0,0,0,0,0,0,0,0,0,0
NF,2,1510,2001,0,0,0,0,1,1,0,0,0,0,0,0,0,0,0
NF,2,1510,2002,1,0,0,0,3,2,0,0,0,0,0,0,0,0,0
NF,2,1510,2003,0,1,0,0,8,6,0,0,0,0,0,0,0,0,0
NF,2,1510,2004,2,0,0,0,2,5,0,1,0,0,0,0,0,0,0
NF,2,1510,2005,0,0,0,0,1,0,0,0,0,0,0,0,0,0,0
NF,2,1510,2007,0,0,0,0,1,1,0,0,0,0,0,0,0,0,0
NF,2,1510,2008,0,0,0,0,0,1,0,0,0,0,0,0,0,0,0
NF,2,1510,2010,0,0,0,0,0,0,0,1,0,0,0,0,0,0,0
NF,2,1510,2012,0,0,0,0,3,0,0,0,0,0,0,0,0,0,0
NF,2,1510,2013,0,0,0,0,0,3,0,0,0,0,0,0,0,0,0
NF,2,1510,2014,0,0,0,0,0,1,0,0,0,0,0,0,0,0,0
NF,2,1510,2020,0,0,0,0,0,1,0,0,0,0,0,0,0,0,0
NF,2,1510,2023,0,0,0,0,1,1,0,0,0,0,0,0,0,0,0
NF,2,1520,1981,0,0,0,0,0,0,0,0,0,0,0,0,0,0,1
NF,2,1520,1983,0,0,0,0,0,1,0,0,0,0,0,0,0,0,0
NF,2,1520,1989,0,0,0,0,0,0,0,1,0,0,0,0,0,0,0
NF,2,1520,1990,0,0,0,0,0,1,0,0,0,0,0,0,0,0,0
NF,2,1520,1991,1,0,0,0,0,0,0,0,0,0,0,0,0,0,0
NF,2,1520,1992,0,0,0,0,0,1,0,0,0,0,0,0,0,0,0
NF,2,1520,1993,0,0,0,0,0,1,0,0,0,0,0,0,0,0,0
NF,2,1520,1998,0,0,0,0,0,1,0,1,0,0,0,0,0,0,0
NF,2,1530,1977,0,0,0,0,0,0,0,1,0,0,0,0,0,0,0
NF,2,1540,1976,1,0,0,0,0,0,0,0,0,0,0,0,0,0,0
NF,2,1540,1981,1,0,0,0,0,0,0,0,0,0,0,0,0,0,0
NF,2,1540,1998,0,0,0,0,1,0,0,0,0,0,0,0,0,0,0
NF,2,1540,2001,0,0,0,0,0,0,0,1,0,0,0,0,0,0,0
NF,2,1540,2003,0,0,0,0,0,0,0,3,0,0,0,0,0,0,0
NF,2,1540,2004,0,0,0,0,0,0,0,1,0,0,0,0,0,0,0
NF,2,1590,1976,2,0,0,0,0,0,0,2,0,0,0,0,0,0,0
NF,2,1590,1977,0,1,0,0,1,3,0,0,0,0,0,0,0,0,3
NF,2,1590,1978,0,0,0,0,1,0,0,0,0,0,0,0,0,0,5
NF,2,1590,1979,0,0,0,0,0,0,0,0,0,0,0,0,0,0,1
NF,2,1590,1980,1,0,0,1,0,0,0,2,0,0,0,0,0,0,0
NF,2,1590,1982,0,1,0,0,2,1,0,4,0,0,0,0,0,0,0
NF,2,1590,1983,0,0,0,0,8,3,0,4,0,0,0,3,1,0,0
NF,2,1590,1984,1,6,0,0,7,3,0,0,0,0,0,1,0,0,0
NF,2,1590,1985,0,4,0,0,0,9,0,16,0,0,0,0,0,0,0
NF,2,1590,1986,1,0,0,0,1,4,0,4,0,0,0,0,2,0,0
NF,2,1590,1987,3,2,0,0,15,23,0,10,0,0,0,0,0,0,0
NF,2,1590,1988,0,0,0,0,2,4,0,0,0,0,0,0,0,0,0
NF,2,1590,1989,0,0,0,0,2,3,0,0,0,0,0,0,0,0,0
NF,2,1590,1990,0,0,0,0,3,0,0,1,0,0,0,0,0,0,0
NF,2,1590,1991,0,1,0,0,3,0,0,0,0,0,0,0,0,0,0
NF,2,1590,1992,0,0,0,0,2,3,0,0,0,0,0,0,0,0,0
NF,2,1590,1993,14,0,0,0,11,11,0,0,0,0,0,0,0,0,0
NF,2,1590,1994,0,0,0,0,2,0,0,0,0,0,0,0,0,0,0
NF,2,1590,1995,0,1,0,0,0,1,0,0,0,0,0,0,0,0,0
NF,2,1590,1997,0,0,0,0,0,4,0,1,0,0,0,0,0,0,0
NF,2,1590,1998,0,0,0,0,6,1,0,0,0,0,0,0,0,0,0
NF,2,1590,1999,1,2,0,0,7,6,0,0,0,0,0,0,0,0,0
NF,2,1590,2000,0,0,0,0,13,5,0,0,0,0,0,0,0,0,0
NF,2,1590,2001,0,0,0,0,2,1,0,8,0,0,0,0,0,0,0
NF,2,1590,2003,0,0,0,0,0,1,0,0,0,0,0,0,0,0,0
NF,2,1590,2005,3,5,0,0,1,8,0,0,0,0,0,0,0,0,0
NF,2,1590,2006,0,3,0,0,2,3,0,0,0,0,0,0,0,0,0
NF,2,1590,2008,0,1,0,0,4,5,0,0,0,0,0,0,0,0,0
NF,2,1590,2009,1,0,0,0,0,0,0,0,0,0,0,0,0,0,0
NF,2,1590,2010,0,1,0,0,0,0,0,0,0,0,0,0,0,0,0
NF,2,1590,2011,1,0,0,0,9,6,0,1,0,0,0,0,0,0,0
NF,2,1590,2014,0,1,0,0,1,6,0,0,0,0,0,0,0,0,0
NF,2,1590,2016,0,0,0,0,4,11,0,0,0,0,0,0,0,0,0
NF,2,1590,2019,0,0,0,0,7,3,0,0,0,0,0,0,0,0,0
NF,2,1590,2020,1,5,0,0,3,0,0,0,0,0,0,0,0,0,0
NF,2,1590,2021,0,0,0,0,0,3,0,0,0,0,0,0,0,0,0
NF,2,1620,1985,0,0,0,0,0,0,0,1,0,0,0,0,0,0,0
NF,2,1620,1986,0,0,0,0,2,0,0,1,0,0,0,0,0,0,0
NF,2,1620,1987,0,0,0,0,2,1,0,0,0,0,0,0,0,0,0
NF,2,1620,1993,0,1,0,0,0,1,0,0,0,0,0,0,0,0,0
NF,2,1620,2000,0,0,0,0,2,0,0,0,0,0,0,0,0,0,0
NF,2,1630,1976,1,0,0,0,0,0,0,2,0,0,0,0,0,0,2
NF,2,1630,1977,0,0,0,0,0,0,0,5,0,0,0,0,0,0,3
NF,2,1630,1979,0,0,0,0,0,0,0,2,0,0,0,0,0,0,0
NF,2,1630,1980,0,0,0,0,0,0,0,2,0,0,0,0,0,0,0
NF,2,1630,1981,0,0,0,0,0,0,0,2,0,0,0,0,0,0,0
NF,2,1630,1982,0,0,0,0,0,0,0,2,0,0,0,0,0,0,2
NF,2,1630,1983,2,0,0,0,0,0,0,1,0,0,0,0,0,0,0
NF,2,1630,1984,1,0,0,0,0,0,0,1,0,0,0,0,0,0,0
NF,2,1630,1985,0,0,0,0,0,0,0,3,0,0,0,0,0,0,0
NF,2,1630,1986,0,0,0,0,1,1,0,0,0,0,0,0,0,0,0
NF,2,1630,1987,0,0,0,0,0,1,0,2,0,0,0,0,0,0,0
NF,2,1630,1989,1,0,0,0,1,1,0,0,0,0,0,0,0,0,0
NF,2,1630,1990,0,1,0,0,1,0,0,1,0,0,0,0,0,0,0
NF,2,1630,1991,0,1,0,0,0,0,0,0,0,0,0,0,0,0,0
NF,2,1630,1992,1,0,0,0,1,0,0,0,0,0,0,0,0,0,0
NF,2,1630,1993,1,0,0,0,0,5,0,0,0,0,0,0,0,0,0
NF,2,1630,1994,0,1,0,0,1,1,0,0,0,0,0,0,0,0,0
NF,2,1630,1995,1,0,0,0,0,0,0,3,0,0,0,0,0,0,0
NF,2,1630,1996,1,0,0,0,0,0,0,0,0,0,0,0,0,0,0
NF,2,1630,1998,0,0,0,0,2,2,0,1,0,0,0,0,0,0,0
NF,2,1630,1999,0,0,0,0,1,0,0,0,0,0,0,0,0,0,0
NF,2,1630,2001,0,0,0,0,1,0,0,1,0,0,0,0,0,0,0
NF,2,1630,2002,0,0,0,0,2,0,0,0,0,0,0,0,0,0,0
NF,2,1630,2003,0,0,0,0,0,0,0,4,0,0,0,0,0,0,0
NF,2,1630,2005,0,1,0,0,1,0,0,2,0,0,0,0,0,0,0
NF,2,1630,2016,0,0,0,0,0,1,0,0,0,0,0,0,0,0,0
NF,2,1630,2019,0,0,0,0,0,1,0,2,0,0,0,0,0,0,0
NF,2,1630,2020,0,0,0,0,2,1,0,0,0,0,0,0,0,0,0
NF,2,1630,2021,0,0,0,0,1,1,0,0,0,0,0,0,0,0,0
NF,2,1630,2023,0,0,0,0,0,0,0,1,0,0,0,0,0,0,0
NF,2,1630,2024,0,0,0,0,1,1,0,0,0,0,0,0,0,0,0
NF,2,1650,1979,0,0,0,0,0,0,0,1,0,0,0,0,0,0,0
NF,2,1650,1980,0,0,0,0,0,0,0,1,0,0,0,0,0,0,0
NF,2,1650,1983,0,0,0,0,0,0,0,1,0,0,0,0,0,0,0
NF,2,1650,1984,0,0,0,0,0,0,0,2,0,0,0,0,0,0,0
NF,2,1650,1986,0,1,0,0,0,0,0,0,0,0,0,0,0,0,0
NF,2,1650,1994,0,0,0,0,0,0,0,2,0,0,0,0,0,0,0
NF,2,1650,1998,0,0,0,0,1,1,0,0,0,0,0,0,0,0,0
NF,2,1660,1976,1,0,0,0,0,0,0,10,0,0,0,0,0,0,1
NF,2,1660,1977,0,0,0,0,0,0,0,4,0,0,0,0,0,0,0
NF,2,1660,1978,0,0,0,0,0,0,0,1,0,0,0,0,0,0,0
NF,2,1660,1979,0,0,0,0,0,0,0,2,0,0,0,0,0,0,0
NF,2,1660,1980,0,0,0,0,0,0,0,1,0,0,0,0,0,0,0
NF,2,1660,1981,0,0,0,0,0,0,0,1,0,0,0,0,0,0,2
NF,2,1660,1982,0,0,0,0,0,1,0,9,0,0,0,0,0,0,1
NF,2,1660,1983,0,1,0,0,0,0,0,16,0,0,0,0,0,0,0
NF,2,1660,1984,0,0,0,0,0,0,0,7,0,0,0,0,0,0,0
NF,2,1660,1985,0,0,0,0,0,0,0,5,0,0,0,0,0,0,0
NF,2,1660,1986,4,0,0,0,1,1,0,0,0,0,0,0,0,0,0
NF,2,1660,1987,1,0,0,0,0,1,0,3,0,0,0,0,0,0,0
NF,2,1660,1989,2,0,0,0,5,5,0,0,0,0,0,0,0,0,0
NF,2,1660,1990,1,4,0,0,0,1,0,13,0,0,0,0,0,0,0
NF,2,1660,1991,1,1,0,0,0,0,0,3,0,0,0,0,0,0,0
NF,2,1660,1992,0,0,0,0,0,0,0,1,0,0,0,0,0,0,0
NF,2,1660,1993,1,0,0,0,8,2,0,0,0,0,0,0,0,0,1
NF,2,1660,1994,0,0,0,0,0,0,0,7,0,0,0,0,0,0,0
NF,2,1660,1995,0,2,0,0,0,0,0,2,0,0,0,0,0,0,0
NF,2,1660,1996,0,0,0,0,0,0,0,1,0,0,0,0,0,0,0
NF,2,1660,1997,0,0,0,0,0,0,0,2,0,0,0,0,0,0,0
NF,2,1660,1998,0,0,0,0,1,6,0,0,0,0,0,0,0,0,0
NF,2,1660,1999,3,0,0,0,8,8,0,0,0,0,0,0,0,0,0
NF,2,1660,2000,1,0,0,0,1,2,0,1,0,0,0,0,0,0,0
NF,2,1660,2002,3,0,0,0,12,1,0,1,0,0,0,0,0,0,0
NF,2,1660,2003,1,0,0,0,0,0,0,7,0,0,0,0,0,0,0
NF,2,1660,2004,0,0,0,0,0,0,0,3,0,0,0,0,0,0,0
NF,2,1660,2005,0,1,0,0,0,0,0,12,0,0,0,0,0,0,0
NF,2,1660,2006,0,0,0,0,0,0,0,2,0,0,0,0,0,0,0
NF,2,1660,2008,0,0,0,0,1,0,0,2,0,0,0,0,0,0,0
NF,2,1660,2010,0,0,0,0,0,1,0,3,0,0,0,0,0,0,0
NF,2,1660,2011,0,1,0,0,0,0,0,5,0,0,0,0,0,0,0
NF,2,1660,2013,0,0,0,0,0,0,0,1,0,0,0,0,0,0,0
NF,2,1660,2014,0,0,0,0,0,1,0,2,0,0,0,0,0,0,0
NF,2,1660,2016,0,0,0,0,0,0,0,4,0,0,0,0,0,0,0
NF,2,1660,2019,0,0,0,0,0,0,0,1,0,0,0,0,0,0,0
NF,2,1660,2023,0,0,0,0,0,0,0,2,0,0,0,0,0,0,0
NF,2,1660,2024,0,1,0,0,0,1,0,4,0,0,0,0,0,0,0
NF,2,1670,1984,2,0,0,0,0,1,0,0,0,0,0,0,0,0,0
NF,2,1692,1984,0,0,0,0,0,0,0,1,0,0,0,0,0,0,0
NF,2,1693,2006,0,0,0,1,0,0,0,0,0,0,0,0,0,0,0
NF,2,1710,2022,0,0,0,1,0,0,0,0,0,0,0,0,0,0,0
NF,2,1721,1984,0,0,0,0,0,0,0,1,0,0,0,0,0,0,0
NF,2,1722,1976,0,0,0,10,0,0,0,11,0,0,0,0,0,0,2
NF,2,1722,1977,0,0,0,6,0,0,0,9,0,0,0,0,0,0,6
NF,2,1722,1978,0,0,0,5,0,0,0,13,0,0,0,0,0,0,4
NF,2,1722,1979,0,0,0,20,0,0,0,14,0,0,0,0,0,0,0
NF,2,1722,1980,0,0,0,5,0,0,0,14,0,0,0,0,0,0,4
NF,2,1722,1981,0,0,0,9,0,0,0,4,0,0,0,0,0,0,5
NF,2,1722,1982,0,0,0,9,0,0,0,4,0,0,0,0,0,0,0
NF,2,1722,1983,0,0,0,23,0,0,0,8,0,0,0,0,0,0,1
NF,2,1722,1984,0,0,0,9,0,0,0,24,0,0,0,0,0,0,3
NF,2,1722,1985,0,0,0,17,0,0,0,30,0,0,0,0,0,0,0
NF,2,1722,1986,0,0,0,27,0,0,0,20,0,0,0,0,0,0,0
NF,2,1722,1987,0,0,0,8,0,0,0,11,0,0,0,0,0,0,0
NF,2,1722,1988,0,0,0,1,0,0,0,1,0,0,0,0,0,0,0
NF,2,1722,1989,0,0,0,10,0,0,0,13,0,0,0,0,0,0,0
NF,2,1722,1990,0,0,0,30,0,0,0,24,0,0,0,0,0,0,1
NF,2,1722,1991,0,0,0,13,0,0,0,9,0,0,0,0,0,0,0
NF,2,1722,1992,0,0,0,8,0,0,0,4,0,0,0,0,0,0,0
NF,2,1722,1993,0,0,0,3,0,0,0,11,0,0,0,0,0,0,0
NF,2,1722,1994,0,0,0,22,0,0,0,20,0,0,0,0,0,0,0
NF,2,1722,1995,0,0,0,8,0,0,0,5,0,0,0,0,0,0,0
NF,2,1722,1996,0,0,0,13,0,0,0,2,0,0,0,0,0,0,0
NF,2,1722,1997,0,0,0,24,0,0,0,7,0,0,0,0,0,0,0
NF,2,1722,1998,0,0,0,22,0,0,0,12,0,0,0,0,0,0,0
NF,2,1722,1999,0,0,0,33,0,0,0,2,0,0,0,0,0,0,0
NF,2,1722,2000,0,0,0,7,0,0,0,6,0,0,0,0,0,0,0
NF,2,1722,2001,0,0,0,12,0,0,0,4,0,0,0,0,0,0,0
NF,2,1722,2002,0,0,0,4,0,0,0,3,0,0,0,0,0,0,0
NF,2,1722,2003,0,0,0,10,0,0,0,10,0,0,0,0,0,0,0
NF,2,1722,2004,0,0,0,8,0,0,0,3,0,0,0,0,0,0,1
NF,2,1722,2005,0,0,0,4,0,0,0,5,0,0,0,0,0,0,0
NF,2,1722,2006,0,0,0,4,0,0,0,5,0,0,0,0,0,0,0
NF,2,1722,2007,0,0,0,5,0,0,0,0,0,0,0,0,0,0,0
NF,2,1722,2008,0,0,0,4,0,0,0,6,0,0,0,0,0,0,0
NF,2,1722,2009,0,0,0,5,0,0,0,0,0,0,0,0,0,0,0
NF,2,1722,2012,0,0,0,2,0,0,0,1,0,0,0,0,0,0,0
NF,2,1722,2013,0,0,0,1,0,0,0,4,0,0,0,0,0,0,0
NF,2,1722,2014,0,0,1,4,0,0,0,2,0,0,0,0,0,0,0
NF,2,1722,2019,0,0,0,0,0,0,0,1,0,0,0,0,0,0,0
NF,2,1722,2020,0,0,0,1,0,0,0,0,0,0,0,0,0,0,0
NF,2,1722,2023,0,0,0,1,0,0,0,3,0,0,0,0,0,0,0
NF,2,1722,2024,0,0,0,5,0,0,0,0,0,1,0,0,0,0,0
NF,2,2280,1989,1,0,0,0,0,0,0,0,0,0,0,0,0,0,0
NF,2,2280,2012,0,0,0,0,0,1,0,0,0,0,0,0,0,0,0
NF,2,2280,2015,4,3,0,0,2,3,0,0,0,0,0,0,0,0,0
NF,NA,1290,1991,0,0,0,0,1,3,0,0,0,0,0,0,0,0,0
NF,NA,1300,1991,1,0,0,0,1,0,0,0,0,0,0,0,0,0,0
NF,NA,1330,1991,1,1,0,0,5,4,0,0,0,0,0,0,0,0,0
NF,NA,1390,1991,1,0,0,0,4,2,0,0,0,0,0,0,0,0,0
NF,NA,1500,1991,0,0,0,0,1,2,0,1,0,0,0,0,0,0,0
NF,NA,1540,1991,0,1,0,0,0,0,0,0,0,0,0,0,0,0,0
NF,NA,1590,1991,1,2,0,0,2,1,0,0,0,0,0,0,0,0,0
NS,1,1290,1976,0,0,0,0,3,0,0,1,0,0,0,0,0,0,0
NS,1,1290,1977,2,1,0,0,0,1,0,10,0,0,0,0,0,0,4
NS,1,1290,1978,0,4,0,0,2,6,0,1,0,0,0,0,0,0,4
NS,1,1290,1979,0,2,0,0,2,0,0,3,0,0,0,0,0,0,3
NS,1,1290,1980,0,0,0,0,0,1,0,0,0,0,0,2,0,0,4
NS,1,1290,1981,3,0,0,0,2,4,0,0,0,0,0,0,0,0,9
NS,1,1290,1982,1,0,0,0,0,0,0,3,0,0,0,0,0,0,4
NS,1,1290,1983,3,1,0,0,4,2,0,0,0,0,0,0,0,0,0
NS,1,1290,1984,1,4,0,0,7,3,0,1,0,0,0,0,0,0,2
NS,1,1290,1985,0,1,0,0,0,0,0,14,0,0,0,0,0,0,0
NS,1,1290,1986,1,0,0,0,2,0,0,3,0,0,0,0,0,0,0
NS,1,1290,1987,4,1,0,0,6,6,0,0,0,0,0,0,0,0,0
NS,1,1290,1988,1,0,0,0,1,4,0,1,0,0,0,0,0,0,0
NS,1,1290,1989,0,2,0,0,2,4,0,0,0,0,0,0,0,0,0
NS,1,1290,1990,0,0,0,0,2,3,0,0,0,0,0,0,0,0,0
NS,1,1290,1991,1,0,0,0,4,8,0,0,0,0,0,0,0,0,0
NS,1,1290,1992,0,0,0,0,0,5,0,0,0,0,0,0,0,0,0
NS,1,1290,1993,0,0,0,0,3,5,0,0,0,0,0,0,0,0,0
NS,1,1290,1994,2,0,0,0,4,2,0,0,0,0,0,0,0,0,0
NS,1,1290,1995,0,2,0,0,2,4,0,16,0,0,0,0,0,0,0
NS,1,1290,1996,3,2,0,0,1,2,0,0,0,0,0,0,0,0,0
NS,1,1290,1997,0,0,0,0,2,1,0,0,0,0,0,0,0,0,0
NS,1,1290,1998,1,0,0,0,1,1,0,0,0,0,0,0,0,0,0
NS,1,1290,1999,0,1,0,0,1,1,0,0,0,0,0,0,0,0,0
NS,1,1290,2000,1,0,0,0,0,0,0,0,0,0,0,0,0,0,0
NS,1,1290,2001,0,0,0,0,0,1,0,0,0,0,0,0,0,0,0
NS,1,1290,2002,0,0,0,0,3,2,0,0,0,0,0,0,0,0,0
NS,1,1290,2003,4,1,0,0,10,3,0,0,0,0,0,0,0,0,0
NS,1,1290,2004,1,1,0,0,3,1,0,2,0,0,0,0,0,0,0
NS,1,1290,2005,2,0,0,0,3,8,0,0,0,0,0,0,0,0,0
NS,1,1290,2006,2,0,0,0,5,2,0,1,0,0,0,0,0,0,0
NS,1,1290,2007,1,2,0,0,0,1,0,0,0,0,0,0,0,0,0
NS,1,1290,2008,1,0,0,0,2,0,0,0,0,0,0,0,0,0,0
NS,1,1290,2009,2,1,0,0,2,2,0,0,0,0,0,0,0,0,0
NS,1,1290,2010,3,1,0,0,3,3,0,1,0,0,0,0,0,0,0
NS,1,1290,2011,1,0,0,0,3,7,0,0,0,0,0,0,0,0,0
NS,1,1290,2012,0,1,0,0,1,2,0,0,0,0,0,0,0,0,0
NS,1,1290,2013,1,0,0,0,2,1,0,0,0,0,0,0,0,0,0
NS,1,1290,2016,0,0,0,0,0,1,0,0,0,0,0,0,0,0,0
NS,1,1290,2017,0,0,0,0,2,0,0,0,0,0,0,0,0,0,0
NS,1,1290,2018,0,0,0,0,1,0,0,0,0,0,0,0,0,0,0
NS,1,1290,2019,0,0,0,0,1,2,0,0,0,0,0,0,0,0,0
NS,1,1290,2020,0,0,0,0,5,2,0,0,0,0,0,0,0,0,0
NS,1,1290,2021,0,1,0,0,3,0,0,0,0,0,0,0,0,0,0
NS,1,1290,2022,0,0,0,0,3,0,0,0,0,0,0,0,0,0,0
NS,1,1290,2023,0,0,0,0,0,1,0,0,0,0,0,0,0,0,0
NS,1,1300,1976,0,2,0,0,0,0,0,6,0,0,0,0,0,0,1
NS,1,1300,1977,0,8,0,1,1,0,0,15,0,0,0,1,0,0,7
NS,1,1300,1978,1,2,0,0,0,0,0,3,0,0,0,0,0,0,0
NS,1,1300,1979,1,10,0,0,0,0,0,15,0,0,0,0,0,0,3
NS,1,1300,1980,0,2,0,0,6,0,0,2,0,0,0,0,0,0,2
NS,1,1300,1981,3,2,0,0,7,3,0,0,0,0,0,0,0,0,4
NS,1,1300,1982,0,3,0,0,0,0,0,20,0,0,0,0,0,0,3
NS,1,1300,1983,4,9,0,1,2,1,0,8,0,0,0,0,0,0,0
NS,1,1300,1984,1,6,0,0,18,9,0,1,0,0,0,0,0,0,3
NS,1,1300,1985,2,1,0,1,1,0,0,22,0,0,0,0,0,0,0
NS,1,1300,1986,3,8,0,0,10,7,0,0,0,0,0,0,0,0,0
NS,1,1300,1987,0,4,0,0,0,1,0,3,0,0,0,0,0,0,0
NS,1,1300,1988,0,2,0,0,2,5,0,1,0,0,0,0,0,0,1
NS,1,1300,1989,1,2,0,0,3,5,0,0,0,0,0,0,0,0,0
NS,1,1300,1990,1,2,0,0,4,2,0,0,0,0,0,0,0,0,0
NS,1,1300,1991,2,12,0,0,0,2,0,0,0,0,0,0,0,0,0
NS,1,1300,1992,1,9,0,0,4,17,0,0,0,0,0,0,0,0,0
NS,1,1300,1993,3,10,0,0,13,19,0,0,0,0,0,0,0,0,0
NS,1,1300,1994,2,5,0,0,6,5,0,11,0,0,0,0,0,0,0
NS,1,1300,1995,7,23,0,0,10,7,0,22,0,0,0,0,0,0,0
NS,1,1300,1996,0,3,0,0,2,0,0,4,0,0,0,0,0,0,0
NS,1,1300,1997,0,2,0,0,1,3,0,1,0,0,0,0,0,0,0
NS,1,1300,1998,3,4,0,0,8,10,0,0,0,0,0,0,0,0,0
NS,1,1300,1999,1,1,0,0,1,2,0,1,0,0,0,0,0,0,0
NS,1,1300,2000,1,4,0,0,2,1,0,0,0,0,0,0,0,0,0
NS,1,1300,2001,0,0,0,0,1,0,0,0,0,0,0,0,0,0,0
NS,1,1300,2002,1,1,0,0,2,1,0,1,0,0,0,0,0,0,0
NS,1,1300,2003,0,4,0,0,0,0,0,7,0,0,0,0,0,0,0
NS,1,1300,2004,0,4,0,0,0,0,0,6,0,0,0,0,0,0,0
NS,1,1300,2005,1,8,0,0,0,0,0,3,0,0,0,0,0,0,0
NS,1,1300,2006,0,6,0,0,0,0,0,3,0,0,0,0,0,0,0
NS,1,1300,2007,1,1,0,0,0,0,0,4,0,0,0,0,0,0,0
NS,1,1300,2008,3,2,0,0,0,0,0,9,0,0,0,0,0,0,0
NS,1,1300,2009,0,2,0,0,0,0,0,1,0,0,0,0,0,0,0
NS,1,1300,2010,0,3,0,0,0,0,0,2,0,0,0,0,0,0,0
NS,1,1300,2011,0,3,0,0,0,0,0,1,0,0,0,0,0,0,0
NS,1,1300,2012,0,1,0,0,0,0,0,1,0,0,0,0,0,0,0
NS,1,1300,2013,0,1,0,0,0,0,0,1,0,0,0,0,0,0,0
NS,1,1300,2014,0,1,0,0,0,0,0,3,0,0,0,0,0,0,0
NS,1,1300,2016,0,0,0,0,0,0,0,2,0,0,0,0,0,0,0
NS,1,1300,2017,1,0,0,0,0,0,0,2,0,0,0,0,0,0,0
NS,1,1300,2018,0,2,0,0,0,0,0,3,0,0,0,0,0,0,0
NS,1,1300,2019,0,0,0,0,0,0,0,2,0,0,0,0,0,0,0
NS,1,1300,2020,1,1,0,0,0,0,0,3,0,0,0,0,0,0,0
NS,1,1300,2021,1,1,0,0,0,0,0,1,0,0,0,0,0,0,0
NS,1,1300,2023,0,0,0,0,0,0,0,5,0,0,0,0,0,0,0
NS,1,1300,2024,0,0,0,0,0,0,0,1,0,0,0,0,0,0,0
NS,1,1310,1976,0,0,0,0,0,0,0,3,0,0,0,0,0,0,1
NS,1,1310,1977,0,0,0,0,0,0,0,2,0,0,0,0,0,0,2
NS,1,1310,1978,0,1,0,0,0,0,0,1,0,0,0,0,0,0,0
NS,1,1310,1979,0,2,0,0,0,0,0,2,0,0,0,0,0,0,2
NS,1,1310,1981,0,1,0,0,0,0,0,0,0,0,0,0,0,0,0
NS,1,1310,1982,1,0,0,0,0,0,0,3,0,0,0,0,0,0,0
NS,1,1310,1983,0,1,0,0,0,0,0,2,0,0,0,0,0,0,0
NS,1,1310,1984,1,1,0,0,0,1,0,0,0,0,0,0,0,0,0
NS,1,1310,1985,1,0,0,0,0,0,0,4,0,0,0,0,0,0,0
NS,1,1310,1986,0,0,0,0,0,0,0,4,0,0,0,0,0,0,0
NS,1,1310,1987,0,0,0,0,1,0,0,1,0,0,0,0,0,0,0
NS,1,1310,1988,0,0,0,0,1,3,0,0,0,0,0,0,0,0,0
NS,1,1310,1989,0,0,0,0,0,0,0,2,0,0,0,0,0,0,0
NS,1,1310,1991,0,0,0,0,2,3,0,1,0,0,0,0,0,0,0
NS,1,1310,1992,0,0,0,0,1,0,0,0,0,0,0,0,0,0,0
NS,1,1310,1993,1,0,0,0,1,2,0,0,0,0,0,0,0,0,0
NS,1,1310,1994,0,3,0,0,0,0,0,17,0,0,0,0,0,0,0
NS,1,1310,1995,0,1,0,0,0,3,0,2,0,0,0,0,0,0,0
NS,1,1310,1996,0,0,0,0,0,0,0,3,0,0,0,0,0,0,0
NS,1,1310,1997,1,0,0,0,0,0,0,0,0,0,0,0,0,0,0
NS,1,1310,1998,0,0,0,0,0,1,0,0,0,0,0,0,0,0,0
NS,1,1310,1999,0,0,0,0,0,2,0,0,0,0,0,0,0,0,0
NS,1,1310,2000,0,0,0,0,0,1,0,0,0,0,0,0,0,0,0
NS,1,1310,2002,1,0,0,0,3,3,0,1,0,0,0,0,0,0,0
NS,1,1310,2003,1,3,0,0,0,0,0,7,0,0,0,0,0,0,0
NS,1,1310,2004,0,1,0,0,0,0,0,0,0,0,0,0,0,0,0
NS,1,1310,2005,0,2,0,0,0,0,0,6,0,0,0,0,0,0,1
NS,1,1310,2006,1,1,0,0,0,0,0,5,0,0,0,0,0,0,0
NS,1,1310,2007,0,1,0,0,0,0,0,0,0,0,0,0,0,0,0
NS,1,1310,2008,0,0,0,0,0,0,0,2,0,0,0,0,0,0,0
NS,1,1310,2009,0,1,0,0,1,0,0,0,0,0,0,0,0,0,0
NS,1,1310,2010,0,2,0,0,0,0,0,2,0,0,0,0,1,0,0
NS,1,1310,2011,0,0,0,0,2,0,0,3,0,0,0,0,0,0,0
NS,1,1310,2012,0,0,0,0,0,1,0,5,0,0,0,0,0,0,0
NS,1,1310,2013,1,2,0,0,2,1,0,3,0,0,0,0,0,0,0
NS,1,1310,2014,0,6,0,0,0,0,0,10,0,0,0,0,0,0,0
NS,1,1310,2015,0,4,0,0,0,0,0,2,0,0,0,0,0,0,0
NS,1,1310,2016,1,0,0,0,0,0,0,0,0,0,0,0,0,0,0
NS,1,1310,2017,0,0,0,0,5,0,0,1,0,0,0,0,0,0,0
NS,1,1310,2018,0,1,0,0,2,0,0,0,0,0,0,0,0,0,0
NS,1,1310,2019,0,2,0,0,0,2,0,0,0,0,0,0,0,0,0
NS,1,1310,2020,0,1,0,0,0,0,0,0,0,0,0,0,0,0,0
NS,1,1310,2021,0,1,0,0,0,0,0,0,0,0,0,0,0,0,0
NS,1,1310,2022,0,0,0,0,1,0,0,3,0,0,0,0,0,0,0
NS,1,1310,2023,0,1,0,0,0,2,0,1,0,0,0,0,0,0,0
NS,1,1310,2024,0,1,0,0,1,0,0,4,0,0,0,0,0,0,0
NS,1,1320,1976,0,1,0,0,0,1,0,0,0,0,0,0,0,0,3
NS,1,1320,1977,0,0,0,0,3,5,0,1,0,0,0,0,0,0,4
NS,1,1320,1978,0,2,0,0,4,3,0,0,0,0,0,0,0,0,1
NS,1,1320,1979,0,2,0,1,3,0,0,0,0,0,0,0,0,0,4
NS,1,1320,1980,5,3,0,0,4,5,0,0,0,0,0,0,0,0,3
NS,1,1320,1981,0,2,0,0,4,9,0,0,0,0,0,0,0,0,12
NS,1,1320,1982,0,1,0,0,3,7,0,1,0,0,0,0,0,0,6
NS,1,1320,1983,3,4,0,0,12,8,0,5,0,0,0,0,0,0,1
NS,1,1320,1984,0,1,0,1,6,12,0,1,0,0,0,0,0,0,0
NS,1,1320,1985,3,4,0,0,3,7,0,0,0,0,0,0,0,0,0
NS,1,1320,1986,7,6,0,0,7,13,0,0,0,0,0,0,0,0,2
NS,1,1320,1987,2,1,0,1,18,13,0,1,0,0,0,0,0,0,0
NS,1,1320,1988,2,5,0,1,5,5,0,0,0,0,0,0,0,0,0
NS,1,1320,1989,1,0,0,0,4,11,0,0,0,0,0,0,0,0,0
NS,1,1320,1990,2,4,0,0,12,22,0,0,0,0,0,0,0,0,1
NS,1,1320,1991,2,6,0,0,8,11,0,0,0,0,0,0,0,0,0
NS,1,1320,1992,3,3,0,0,12,19,0,2,0,0,0,0,0,0,0
NS,1,1320,1993,3,3,0,1,18,18,0,2,0,0,0,0,1,0,0
NS,1,1320,1994,1,2,0,0,13,18,0,2,0,0,0,0,0,0,0
NS,1,1320,1995,0,5,0,0,18,19,0,0,0,0,0,0,0,0,0
NS,1,1320,1996,5,4,0,0,7,2,0,0,0,0,0,0,0,0,0
NS,1,1320,1997,1,3,0,0,8,13,0,1,0,0,0,0,0,0,0
NS,1,1320,1998,5,4,0,0,12,12,0,1,0,0,0,0,0,0,0
NS,1,1320,1999,2,4,0,0,9,13,0,1,0,0,0,0,0,0,1
NS,1,1320,2000,1,5,0,0,5,14,0,1,0,0,0,0,0,0,1
NS,1,1320,2001,0,4,0,0,6,10,0,1,0,0,0,0,0,0,0
NS,1,1320,2002,2,5,0,0,13,24,0,0,0,0,0,0,0,0,1
NS,1,1320,2003,0,5,0,0,11,16,0,0,0,0,0,0,0,0,1
NS,1,1320,2004,3,4,0,0,10,14,0,0,0,0,0,0,1,0,1
NS,1,1320,2005,5,7,0,0,13,21,0,0,0,0,0,0,0,0,1
NS,1,1320,2006,1,4,0,0,8,7,0,0,0,0,0,0,0,0,0
NS,1,1320,2007,2,5,0,0,4,14,0,1,0,0,0,0,0,0,1
NS,1,1320,2008,3,5,0,0,7,7,0,0,0,0,0,0,0,0,4
NS,1,1320,2009,0,2,0,0,13,6,0,1,0,0,0,0,0,0,2
NS,1,1320,2010,3,6,0,0,5,16,0,0,0,0,0,0,0,0,0
NS,1,1320,2011,3,5,0,0,3,7,0,0,0,0,0,0,0,0,0
NS,1,1320,2012,1,2,0,0,4,6,0,0,0,0,0,0,0,0,0
NS,1,1320,2013,8,9,0,0,10,22,0,0,0,0,0,0,0,0,1
NS,1,1320,2014,2,3,0,0,4,11,0,0,0,0,0,0,0,0,0
NS,1,1320,2015,4,7,0,0,15,14,0,1,0,0,0,0,0,0,0
NS,1,1320,2016,2,4,0,0,10,18,0,1,0,0,0,0,0,0,0
NS,1,1320,2017,1,4,0,0,0,7,0,0,0,0,0,0,0,0,0
NS,1,1320,2018,2,3,0,0,5,4,0,0,0,0,0,0,0,0,0
NS,1,1320,2019,0,4,0,0,2,5,0,3,0,0,0,1,0,0,0
NS,1,1320,2020,1,6,0,0,9,8,0,0,0,0,0,0,0,0,0
NS,1,1320,2021,1,3,0,0,7,5,0,1,0,0,0,0,1,0,0
NS,1,1320,2022,2,3,0,0,5,5,0,0,0,0,0,0,0,0,0
NS,1,1320,2023,1,3,0,0,6,9,0,0,0,0,0,0,0,0,0
NS,1,1320,2024,1,4,0,0,10,11,0,0,0,0,0,0,0,0,0
NS,1,1321,1976,1,1,0,0,4,4,0,0,0,0,0,0,0,0,4
NS,1,1321,1977,0,0,0,0,1,1,0,0,0,0,0,0,0,0,1
NS,1,1321,1978,1,2,0,0,2,4,0,0,0,0,0,0,0,0,2
NS,1,1321,1979,0,0,0,1,0,1,0,3,0,0,0,1,0,0,3
NS,1,1321,1980,1,4,0,0,2,2,0,0,0,0,0,0,0,0,2
NS,1,1321,1981,0,0,0,0,1,1,0,1,0,0,0,0,0,0,0
NS,1,1321,1982,0,1,0,0,0,2,0,0,0,0,0,0,0,0,3
NS,1,1321,1983,0,2,0,0,3,4,0,1,0,0,0,0,0,0,0
NS,1,1321,1984,1,8,0,0,3,8,0,1,0,0,0,0,0,0,0
NS,1,1321,1985,1,5,0,0,8,3,0,0,0,0,0,0,0,0,0
NS,1,1321,1986,1,1,0,0,2,3,0,1,0,0,0,0,0,0,0
NS,1,1321,1987,0,2,0,0,5,2,0,0,0,0,0,0,0,0,0
NS,1,1321,1988,2,8,0,0,3,9,0,0,0,0,0,0,0,0,0
NS,1,1321,1989,1,2,0,0,1,0,0,0,0,0,0,0,0,0,0
NS,1,1321,1990,3,5,0,0,3,6,0,0,0,0,0,0,1,0,0
NS,1,1321,1991,1,3,0,0,3,9,0,1,0,0,0,0,0,0,0
NS,1,1321,1992,1,3,0,0,3,2,0,0,0,0,0,0,0,0,0
NS,1,1321,1993,2,1,0,0,1,1,0,0,0,0,0,0,0,0,0
NS,1,1321,1994,0,1,0,0,1,4,0,0,0,0,0,0,0,0,0
NS,1,1321,1995,1,1,0,0,1,1,0,0,0,0,0,0,0,0,0
NS,1,1321,1996,2,3,0,0,5,8,0,0,0,0,0,0,0,0,0
NS,1,1321,1997,1,1,0,0,0,0,0,0,0,0,0,0,0,0,0
NS,1,1321,1998,0,2,0,0,1,2,0,1,0,0,0,0,0,0,0
NS,1,1321,1999,0,5,0,0,2,2,0,1,0,0,0,0,0,0,0
NS,1,1321,2000,2,2,0,0,3,5,0,0,0,0,0,0,0,0,0
NS,1,1321,2001,2,3,0,0,3,2,0,0,0,0,0,0,0,0,0
NS,1,1321,2002,0,5,0,0,3,4,0,0,0,0,0,0,0,0,0
NS,1,1321,2003,1,7,0,0,1,4,0,0,0,0,0,0,0,0,0
NS,1,1321,2004,0,3,0,0,3,1,0,0,0,0,0,0,0,0,0
NS,1,1321,2005,2,8,0,0,3,2,0,1,0,0,0,0,0,0,0
NS,1,1321,2006,1,8,0,0,4,4,0,0,0,0,0,0,0,0,0
NS,1,1321,2007,4,9,0,0,6,6,0,0,0,0,0,0,0,0,0
NS,1,1321,2008,0,5,0,0,1,1,0,0,0,0,0,0,0,0,0
NS,1,1321,2009,3,5,0,0,5,5,0,0,0,0,0,0,1,0,0
NS,1,1321,2010,1,0,0,0,1,2,0,1,0,0,0,0,0,0,0
NS,1,1321,2011,2,5,0,0,1,2,0,0,0,0,0,0,0,0,0
NS,1,1321,2012,1,2,0,0,1,1,0,0,0,0,0,0,0,0,0
NS,1,1321,2013,4,9,0,0,4,3,0,0,0,0,0,0,1,0,0
NS,1,1321,2014,0,4,0,0,5,2,0,0,0,0,0,0,0,0,0
NS,1,1321,2015,0,2,0,0,1,5,0,0,0,0,0,0,0,0,0
NS,1,1321,2016,2,2,0,0,1,4,0,0,0,0,0,0,0,0,0
NS,1,1321,2017,0,2,0,0,2,2,0,0,0,0,0,0,0,0,0
NS,1,1321,2018,1,1,0,0,2,0,0,0,0,0,0,0,0,0,0
NS,1,1321,2019,1,5,0,0,1,6,0,0,0,0,0,0,0,0,0
NS,1,1321,2020,0,3,0,0,0,7,0,0,0,0,0,0,0,0,0
NS,1,1321,2021,1,3,0,0,4,4,0,0,0,0,0,0,0,0,0
NS,1,1321,2022,1,2,0,0,2,4,0,0,0,0,0,0,0,0,0
NS,1,1321,2023,1,3,0,0,2,3,0,0,0,0,0,0,0,0,0
NS,1,1321,2024,0,1,0,0,0,1,0,0,0,0,0,0,0,0,0
NS,1,1330,1976,10,28,0,0,110,136,0,0,0,0,0,0,0,0,65
NS,1,1330,1977,32,43,0,0,153,155,0,2,0,0,0,0,0,0,138
NS,1,1330,1978,34,46,0,1,212,192,0,4,0,0,0,2,1,0,79
NS,1,1330,1979,19,34,0,0,160,143,0,4,0,0,0,7,4,0,81
NS,1,1330,1980,38,46,0,2,131,195,0,4,0,0,0,0,1,0,114
NS,1,1330,1981,22,31,0,0,137,115,0,2,0,0,0,5,1,0,137
NS,1,1330,1982,27,30,0,0,139,147,0,2,0,0,0,7,3,0,113
NS,1,1330,1983,29,40,0,5,216,217,0,29,0,0,0,3,4,0,10
NS,1,1330,1984,53,71,0,1,235,185,0,4,0,0,0,1,2,0,1
NS,1,1330,1985,24,38,0,1,167,135,0,2,0,0,0,3,0,0,0
NS,1,1330,1986,34,44,0,1,153,142,0,4,0,0,0,0,1,0,4
NS,1,1330,1987,26,39,0,0,133,140,0,7,0,0,0,0,1,0,2
NS,1,1330,1988,32,33,0,0,134,135,0,3,0,0,0,0,0,0,2
NS,1,1330,1989,12,25,0,0,79,68,0,6,0,0,0,0,0,0,1
NS,1,1330,1990,25,23,0,1,128,117,0,0,0,0,0,1,2,0,4
NS,1,1330,1991,20,40,0,0,119,141,0,1,0,0,0,2,4,0,3
NS,1,1330,1992,32,39,0,0,94,95,0,4,0,0,0,0,0,0,0
NS,1,1330,1993,25,34,0,1,110,110,0,6,0,0,0,0,2,0,1
NS,1,1330,1994,14,27,0,0,134,122,0,5,0,0,0,0,0,0,0
NS,1,1330,1995,18,49,0,1,159,150,0,2,0,0,0,1,2,0,4
NS,1,1330,1996,20,28,0,0,73,69,0,2,0,0,0,0,1,0,0
NS,1,1330,1997,7,18,0,0,67,44,0,1,0,0,0,0,1,0,0
NS,1,1330,1998,7,21,0,0,95,64,0,5,0,0,0,0,1,0,5
NS,1,1330,1999,17,24,0,0,70,61,0,0,0,0,0,0,0,0,1
NS,1,1330,2000,22,33,0,0,77,87,0,1,0,0,0,0,1,0,0
NS,1,1330,2001,10,16,0,0,48,39,0,1,0,0,0,0,0,0,0
NS,1,1330,2002,24,34,0,0,78,83,0,4,0,0,0,1,1,0,3
NS,1,1330,2003,19,31,0,0,106,94,0,2,0,0,0,1,2,0,10
NS,1,1330,2004,11,14,0,0,53,36,0,6,0,0,0,1,2,0,1
NS,1,1330,2005,4,32,0,0,63,57,0,0,0,0,0,0,0,0,0
NS,1,1330,2006,9,26,0,0,74,64,0,13,0,0,0,0,0,0,3
NS,1,1330,2007,6,17,0,2,45,46,0,2,0,0,0,0,0,0,2
NS,1,1330,2008,15,22,0,1,65,48,0,5,0,0,0,0,0,0,1
NS,1,1330,2009,9,16,0,1,48,31,0,2,0,0,0,1,2,0,6
NS,1,1330,2010,9,10,0,0,34,44,0,1,0,0,0,0,0,0,0
NS,1,1330,2011,8,16,0,0,29,21,0,2,0,0,0,0,0,0,0
NS,1,1330,2012,20,28,0,0,57,31,0,2,0,0,0,0,0,0,5
NS,1,1330,2013,30,41,0,0,66,41,0,2,0,0,0,0,3,0,2
NS,1,1330,2014,17,13,0,0,43,23,0,0,0,0,0,0,0,0,1
NS,1,1330,2015,9,13,0,0,27,29,0,4,0,0,0,0,0,0,0
NS,1,1330,2016,10,23,0,0,45,48,0,1,0,0,0,0,3,0,0
NS,1,1330,2017,17,13,0,2,22,14,0,1,0,0,0,0,0,0,0
NS,1,1330,2018,4,17,0,0,15,32,0,0,0,0,0,0,0,0,0
NS,1,1330,2019,10,26,0,0,52,63,0,0,0,0,0,0,0,0,0
NS,1,1330,2020,10,15,0,0,69,63,0,0,0,0,0,0,0,0,0
NS,1,1330,2021,12,20,0,0,45,50,0,0,0,0,0,0,0,0,0
NS,1,1330,2022,15,15,0,0,50,56,0,0,0,0,0,0,0,0,0
NS,1,1330,2023,13,17,0,0,28,25,0,0,0,0,0,0,0,0,0
NS,1,1330,2024,10,18,0,0,60,48,0,1,0,0,0,0,0,0,0
NS,1,1350,1977,0,0,0,0,0,1,0,0,0,0,0,0,0,0,0
NS,1,1350,1978,0,0,0,0,2,0,0,0,0,0,0,0,0,0,0
NS,1,1350,1981,0,0,0,0,0,1,0,0,0,0,0,0,0,0,0
NS,1,1350,1985,0,0,0,0,2,1,0,0,0,0,0,0,0,0,0
NS,1,1350,1988,0,1,0,0,0,0,0,0,0,0,0,0,0,0,0
NS,1,1350,1990,0,0,0,0,0,1,0,0,0,0,0,0,0,0,0
NS,1,1350,1993,0,0,0,0,0,1,0,0,0,0,0,0,0,0,0
NS,1,1350,1994,0,0,0,0,0,1,0,0,0,0,0,0,0,0,0
NS,1,1350,2000,0,0,0,0,1,0,0,0,0,0,0,0,0,0,0
NS,1,1350,2003,0,0,0,0,0,1,0,0,0,0,0,0,0,0,0
NS,1,1350,2005,0,0,0,0,0,1,0,0,0,0,0,0,0,0,0
NS,1,1350,2007,0,0,0,0,0,2,0,0,0,0,0,0,0,0,0
NS,1,1350,2009,0,0,0,0,0,3,0,0,0,0,0,0,0,0,0
NS,1,1350,2012,0,1,0,0,2,1,0,0,0,0,0,0,0,0,0
NS,1,1350,2013,0,0,0,0,1,0,0,0,0,0,0,0,0,0,0
NS,1,1350,2014,0,0,0,0,1,1,0,0,0,0,0,0,0,0,0
NS,1,1350,2015,0,0,0,0,1,0,0,0,0,0,0,0,0,0,0
NS,1,1350,2023,0,0,0,0,1,0,0,0,0,0,0,0,0,0,0
NS,1,1350,2024,0,0,0,0,1,0,0,0,0,0,0,0,0,0,0
NS,1,1360,1990,0,0,0,0,0,1,0,0,0,0,0,0,0,0,0
NS,1,1360,2002,0,0,0,0,1,0,0,0,0,0,0,0,0,0,0
NS,1,1360,2003,1,0,0,0,1,0,0,0,0,0,0,0,0,0,0
NS,1,1360,2006,0,0,0,0,1,0,0,0,0,0,0,0,0,0,0
NS,1,1360,2024,0,0,0,0,1,0,0,0,0,0,0,0,0,0,0
NS,1,1370,1976,0,1,0,0,0,0,0,0,0,0,0,0,0,0,0
NS,1,1370,1977,0,0,0,0,0,0,0,0,0,0,0,0,0,0,1
NS,1,1370,1978,0,0,0,0,1,1,0,0,0,0,0,0,0,0,0
NS,1,1370,1979,0,1,0,0,1,2,0,0,0,0,0,0,0,0,0
NS,1,1370,1980,0,0,0,0,0,1,0,0,0,0,0,0,0,0,0
NS,1,1370,1981,0,0,0,0,3,0,0,0,0,0,0,0,0,0,0
NS,1,1370,1982,0,0,0,0,1,1,0,0,0,0,0,0,0,0,0
NS,1,1370,1983,0,0,0,0,3,1,0,0,0,0,0,0,0,0,0
NS,1,1370,1984,0,0,0,0,5,0,0,0,0,0,0,0,0,0,0
NS,1,1370,1986,0,0,0,0,1,2,0,0,0,0,0,0,0,0,0
NS,1,1370,1988,0,0,0,0,0,1,0,0,0,0,0,0,0,0,0
NS,1,1370,1989,0,0,0,0,0,1,0,0,0,0,0,0,0,0,0
NS,1,1370,1990,0,0,0,0,1,2,0,0,0,0,0,0,0,0,0
NS,1,1370,1991,0,0,0,0,1,2,0,0,0,0,0,0,0,0,0
NS,1,1370,1992,0,0,0,0,1,1,0,0,0,0,0,0,0,0,0
NS,1,1370,1993,0,0,0,0,0,1,0,0,0,0,0,0,0,0,0
NS,1,1370,1994,0,0,0,0,2,1,0,0,0,0,0,0,0,0,0
NS,1,1370,1995,0,0,0,0,1,2,0,0,0,0,0,0,0,0,0
NS,1,1370,1996,0,0,0,0,1,1,0,0,0,0,0,0,0,0,0
NS,1,1370,1997,0,0,0,0,1,0,0,0,0,0,0,0,0,0,0
NS,1,1370,1998,0,2,0,0,4,0,0,0,0,0,0,0,0,0,0
NS,1,1370,1999,0,0,0,0,0,1,0,0,0,0,0,0,0,0,0
NS,1,1370,2000,0,1,0,0,1,3,0,0,0,0,0,0,0,0,0
NS,1,1370,2001,0,0,0,0,2,1,0,0,0,0,0,0,0,0,0
NS,1,1370,2002,0,3,0,0,0,4,0,0,0,0,0,0,0,0,0
NS,1,1370,2003,0,3,0,0,1,3,0,0,0,0,0,0,0,0,0
NS,1,1370,2004,0,0,0,0,0,1,0,0,0,0,0,0,0,0,0
NS,1,1370,2005,1,1,0,0,2,1,0,0,0,0,0,0,0,0,0
NS,1,1370,2006,0,1,0,0,5,4,0,0,0,0,0,0,0,0,0
NS,1,1370,2007,0,0,0,0,1,0,0,0,0,0,0,0,0,0,1
NS,1,1370,2008,0,1,0,0,0,1,0,0,0,0,0,0,0,0,1
NS,1,1370,2009,0,0,0,0,0,1,0,0,0,0,0,0,0,0,0
NS,1,1370,2010,3,3,0,0,0,1,0,0,0,0,0,0,0,0,0
NS,1,1370,2011,0,0,0,0,6,3,0,0,0,0,0,0,0,0,0
NS,1,1370,2012,0,0,0,0,1,0,0,0,0,0,0,0,0,0,0
NS,1,1370,2013,0,2,0,0,6,2,0,0,0,0,0,0,0,0,0
NS,1,1370,2014,0,0,0,0,1,0,0,0,0,0,0,0,0,0,0
NS,1,1370,2015,0,0,0,0,3,1,0,0,0,0,0,0,0,0,0
NS,1,1370,2016,0,0,0,0,0,1,0,0,0,0,0,0,0,0,0
NS,1,1370,2017,0,1,0,0,0,0,0,0,0,0,0,0,0,0,0
NS,1,1370,2018,0,0,0,0,1,0,0,0,0,0,0,0,0,0,0
NS,1,1370,2019,0,0,0,0,1,0,0,0,0,0,0,0,0,0,0
NS,1,1370,2020,1,0,0,0,0,0,0,0,0,0,0,0,0,0,0
NS,1,1370,2021,0,0,0,0,2,0,0,0,0,0,0,0,0,0,0
NS,1,1370,2022,0,0,0,0,2,3,0,0,0,0,0,0,0,0,0
NS,1,1370,2024,0,1,0,0,2,0,0,0,0,0,0,0,0,0,0
NS,1,1390,1976,3,6,0,0,24,37,0,2,0,0,0,1,4,0,17
NS,1,1390,1977,4,3,0,0,36,35,0,2,0,0,0,1,2,0,55
NS,1,1390,1978,10,2,0,0,59,49,0,1,0,0,0,5,3,0,43
NS,1,1390,1979,8,2,0,0,30,52,0,3,0,0,0,2,2,0,28
NS,1,1390,1980,6,4,0,0,58,39,0,7,0,0,0,0,0,0,30
NS,1,1390,1981,5,5,0,0,38,34,0,4,0,0,0,2,0,0,45
NS,1,1390,1982,8,4,0,0,37,34,0,0,0,0,0,3,4,0,34
NS,1,1390,1983,5,4,0,0,73,60,0,4,0,0,0,1,3,0,4
NS,1,1390,1984,6,1,0,1,55,41,0,4,0,0,0,1,0,0,4
NS,1,1390,1985,3,6,0,0,45,51,0,1,0,0,0,2,2,0,8
NS,1,1390,1986,4,6,0,0,53,40,0,2,0,0,0,1,0,0,7
NS,1,1390,1987,2,4,0,0,33,35,0,0,0,0,0,1,2,0,1
NS,1,1390,1988,2,2,0,1,35,24,0,6,0,0,0,1,1,0,2
NS,1,1390,1989,3,5,0,0,80,55,0,0,0,0,0,2,1,0,2
NS,1,1390,1990,10,11,0,0,88,80,0,0,0,0,0,5,6,0,6
NS,1,1390,1991,5,4,0,0,33,22,0,1,0,0,0,3,2,0,9
NS,1,1390,1992,6,7,0,0,32,25,0,2,0,0,0,0,0,0,9
NS,1,1390,1993,6,7,0,0,59,45,0,10,0,0,0,0,1,0,2
NS,1,1390,1994,14,9,0,0,61,70,0,3,0,0,0,3,1,0,11
NS,1,1390,1995,6,6,0,0,74,56,0,5,0,0,0,0,0,0,3
NS,1,1390,1996,6,2,0,0,28,16,0,1,0,0,0,2,0,0,0
NS,1,1390,1997,1,2,0,0,24,20,0,2,0,0,0,0,0,0,2
NS,1,1390,1998,3,4,0,0,42,55,0,2,0,0,0,1,0,0,2
NS,1,1390,1999,0,3,0,0,43,22,0,0,0,0,0,0,0,0,2
NS,1,1390,2000,1,1,0,0,17,24,0,7,0,0,0,0,0,0,0
NS,1,1390,2001,5,2,0,0,15,5,0,1,0,0,0,0,1,0,0
NS,1,1390,2002,8,3,0,0,30,24,0,0,0,0,0,0,1,0,2
NS,1,1390,2003,1,3,0,0,41,21,0,4,0,0,0,0,0,0,3
NS,1,1390,2004,3,3,0,0,20,12,0,2,0,0,0,0,1,0,3
NS,1,1390,2005,3,5,0,0,33,19,0,1,0,0,0,1,0,0,4
NS,1,1390,2006,1,1,0,0,19,16,0,3,0,0,0,0,0,0,1
NS,1,1390,2007,4,1,0,0,21,27,0,6,0,0,0,0,5,0,6
NS,1,1390,2008,5,5,0,0,22,20,0,4,0,0,0,2,1,0,1
NS,1,1390,2009,1,5,0,0,16,8,0,1,0,0,0,0,0,0,0
NS,1,1390,2010,2,2,0,0,27,21,0,3,0,0,0,1,0,0,3
NS,1,1390,2011,1,0,0,0,6,5,0,0,0,0,0,0,0,0,1
NS,1,1390,2012,0,1,0,0,9,9,0,5,0,0,0,0,0,0,4
NS,1,1390,2013,2,2,0,0,16,7,0,0,0,0,0,0,0,0,1
NS,1,1390,2014,1,3,0,0,13,8,0,4,0,0,0,0,0,0,0
NS,1,1390,2015,0,0,0,0,16,13,0,0,0,0,0,0,0,0,1
NS,1,1390,2016,0,0,0,0,3,2,0,0,0,0,0,0,0,0,0
NS,1,1390,2017,0,0,0,0,7,11,0,0,0,0,0,0,0,0,0
NS,1,1390,2018,0,0,0,0,6,6,0,0,0,0,0,0,1,0,0
NS,1,1390,2019,1,1,0,0,19,10,0,0,0,0,0,0,0,0,1
NS,1,1390,2020,1,0,0,0,15,10,0,0,0,0,0,0,0,0,0
NS,1,1390,2021,2,2,0,0,6,7,0,0,0,0,0,0,0,0,0
NS,1,1390,2022,2,3,0,0,7,9,0,0,0,0,0,0,0,0,0
NS,1,1390,2023,1,2,0,0,8,12,0,0,0,0,0,0,0,0,0
NS,1,1390,2024,1,0,0,0,5,1,0,0,0,0,0,0,0,0,0
NS,1,1400,1976,0,1,0,0,4,0,0,0,0,0,0,0,0,0,1
NS,1,1400,1977,0,0,0,0,1,1,0,0,0,0,0,0,0,0,4
NS,1,1400,1978,0,0,0,0,8,5,0,0,0,0,0,0,0,0,2
NS,1,1400,1979,1,0,0,0,5,3,0,0,0,0,0,0,0,0,5
NS,1,1400,1980,0,1,0,0,3,3,0,0,0,0,0,0,0,0,1
NS,1,1400,1981,1,1,0,0,3,3,0,0,0,0,0,0,0,0,8
NS,1,1400,1982,0,0,0,0,1,1,0,0,0,0,0,0,0,0,2
NS,1,1400,1983,1,1,0,0,11,7,0,0,0,0,0,1,0,0,0
NS,1,1400,1984,1,0,0,0,7,7,0,0,0,0,0,0,0,0,0
NS,1,1400,1985,0,0,0,0,4,3,0,0,0,0,0,0,0,0,0
NS,1,1400,1986,0,1,0,0,7,7,0,0,0,0,0,0,0,0,1
NS,1,1400,1987,1,1,0,0,4,4,0,0,0,0,0,0,0,0,0
NS,1,1400,1988,0,1,0,0,0,1,0,0,0,0,0,0,0,0,0
NS,1,1400,1989,0,0,0,0,1,0,0,0,0,0,0,0,0,0,0
NS,1,1400,1990,0,0,0,0,1,1,0,0,0,0,0,0,0,0,0
NS,1,1400,1991,0,0,0,0,3,2,0,0,0,0,0,0,0,0,0
NS,1,1400,1992,0,0,0,0,3,1,0,0,0,0,0,0,0,0,0
NS,1,1400,1993,0,0,0,0,3,2,0,0,0,0,0,0,0,0,0
NS,1,1400,1994,0,0,0,0,4,5,0,0,0,0,0,0,0,0,0
NS,1,1400,1995,1,1,0,0,5,6,0,0,0,0,0,0,0,0,0
NS,1,1400,1996,0,0,0,0,0,6,0,0,0,0,0,0,0,0,0
NS,1,1400,1998,1,1,0,0,0,1,0,0,0,0,0,0,0,0,0
NS,1,1400,1999,0,0,0,0,1,0,0,0,0,0,0,0,0,0,0
NS,1,1400,2000,0,0,0,0,0,1,0,0,0,0,0,0,0,0,0
NS,1,1400,2002,0,0,0,0,1,1,0,0,0,0,0,0,0,0,0
NS,1,1400,2003,0,0,0,0,2,2,0,0,0,0,0,0,0,0,0
NS,1,1400,2005,1,1,0,0,10,3,0,0,0,0,0,0,0,0,0
NS,1,1400,2013,1,0,0,0,0,0,0,0,0,0,0,0,0,0,0
NS,1,1400,2014,1,0,0,0,1,0,0,0,0,0,0,0,0,0,0
NS,1,1400,2015,0,0,0,0,0,1,0,0,0,0,0,0,0,0,0
NS,1,1400,2019,0,0,0,0,1,2,0,0,0,0,0,0,0,0,0
NS,1,1400,2020,0,0,0,0,1,0,0,0,0,0,0,0,0,0,0
NS,1,1400,2022,0,1,0,0,0,0,0,0,0,0,0,0,0,0,0
NS,1,1400,2023,0,1,0,0,0,0,0,0,0,0,0,0,0,0,0
NS,1,1420,1978,0,0,0,0,1,0,0,0,0,0,0,0,0,0,0
NS,1,1420,1981,0,0,0,0,0,0,0,1,0,0,0,0,0,0,1
NS,1,1420,1984,0,0,0,0,0,1,0,0,0,0,0,0,0,0,0
NS,1,1420,1987,0,0,0,0,1,0,0,0,0,0,0,0,0,0,0
NS,1,1420,1989,0,0,0,0,0,1,0,0,0,0,0,0,0,0,0
NS,1,1420,1990,0,1,0,0,0,0,0,0,0,0,0,0,0,0,0
NS,1,1420,2005,0,0,0,0,0,2,0,0,0,0,0,0,0,0,0
NS,1,1420,2009,0,0,0,0,0,1,0,0,0,0,0,0,0,0,0
NS,1,1430,1976,1,1,0,0,2,0,0,0,0,0,0,0,0,0,2
NS,1,1430,1977,0,1,0,0,4,4,0,0,0,0,0,0,0,0,2
NS,1,1430,1978,0,0,0,0,6,5,0,0,0,0,0,0,0,0,2
NS,1,1430,1979,0,0,0,0,3,3,0,0,0,0,0,0,0,0,3
NS,1,1430,1980,0,0,0,0,2,3,0,0,0,0,0,0,0,0,3
NS,1,1430,1981,0,0,0,0,2,6,0,0,0,0,0,0,0,0,3
NS,1,1430,1982,0,1,0,0,4,1,0,0,0,0,0,0,0,0,5
NS,1,1430,1983,0,0,0,0,4,5,0,0,0,0,0,0,0,0,0
NS,1,1430,1984,1,1,0,0,4,3,0,0,0,0,0,0,0,0,0
NS,1,1430,1985,1,0,0,0,4,6,0,0,0,0,0,0,0,0,0
NS,1,1430,1986,0,0,0,0,4,3,0,0,0,0,0,0,0,0,0
NS,1,1430,1987,0,1,0,0,1,6,0,0,0,0,0,0,0,0,0
NS,1,1430,1988,0,2,0,0,0,1,0,0,0,0,0,0,0,0,0
NS,1,1430,1989,0,0,0,0,1,0,0,0,0,0,0,0,0,0,0
NS,1,1430,1990,0,0,0,0,0,2,0,0,0,0,0,1,0,0,0
NS,1,1430,1991,1,0,0,0,6,2,0,0,0,0,0,0,0,0,0
NS,1,1430,1992,0,0,0,0,1,0,0,0,0,0,0,0,0,0,0
NS,1,1430,1993,0,0,0,0,2,10,0,0,0,0,0,0,0,0,0
NS,1,1430,1994,0,2,0,0,6,5,0,0,0,0,0,0,0,0,0
NS,1,1430,1995,0,0,0,0,5,6,0,0,0,0,0,0,0,0,0
NS,1,1430,1996,0,1,0,0,1,1,0,0,0,0,0,0,0,0,0
NS,1,1430,1997,0,0,0,0,1,0,0,0,0,0,0,0,0,0,0
NS,1,1430,1998,0,1,0,0,0,2,0,0,0,0,0,0,0,0,0
NS,1,1430,1999,0,0,0,0,3,0,0,0,0,0,0,0,0,0,0
NS,1,1430,2000,0,0,0,0,3,0,0,0,0,0,0,0,0,0,0
NS,1,1430,2001,0,0,0,0,1,2,0,0,0,0,0,0,0,0,0
NS,1,1430,2002,1,2,0,0,2,1,0,0,0,0,0,0,0,0,0
NS,1,1430,2004,0,0,0,0,0,1,0,0,0,0,0,1,0,0,0
NS,1,1430,2005,2,0,0,0,1,1,0,0,0,0,0,0,0,0,0
NS,1,1430,2007,0,1,0,0,1,2,0,0,0,0,0,0,0,0,0
NS,1,1430,2008,1,2,0,0,2,0,0,0,0,0,0,0,0,0,0
NS,1,1430,2009,0,0,0,0,0,1,0,0,0,0,0,0,0,0,0
NS,1,1430,2010,0,1,0,0,4,0,0,0,0,0,0,0,0,0,0
NS,1,1430,2011,1,0,0,0,1,1,0,0,0,0,0,0,0,0,0
NS,1,1430,2012,0,1,0,0,0,0,0,0,0,0,0,0,0,0,0
NS,1,1430,2013,0,1,0,0,2,3,0,0,0,0,0,0,0,0,0
NS,1,1430,2014,0,0,0,0,1,3,0,0,0,0,0,0,0,0,0
NS,1,1430,2015,0,0,0,0,1,0,0,0,0,0,0,0,0,0,0
NS,1,1430,2016,1,1,0,0,0,0,0,0,0,0,0,0,0,0,0
NS,1,1430,2018,0,0,0,0,1,2,0,0,0,0,0,0,0,0,0
NS,1,1430,2019,0,0,0,0,1,0,0,0,0,0,0,0,0,0,0
NS,1,1430,2021,0,0,0,0,1,0,0,0,0,0,0,0,0,0,0
NS,1,1440,1976,0,0,0,0,0,1,0,0,0,0,0,0,0,0,0
NS,1,1440,1977,1,0,0,0,3,1,0,0,0,0,0,0,0,0,2
NS,1,1440,1978,5,0,0,0,2,2,0,0,0,0,0,0,0,0,2
NS,1,1440,1979,0,4,0,0,2,3,0,0,0,0,0,0,3,0,3
NS,1,1440,1980,0,0,0,0,1,2,0,0,0,0,0,0,0,0,1
NS,1,1440,1981,0,1,0,0,0,0,0,0,0,0,0,0,1,0,4
NS,1,1440,1982,1,1,0,0,1,1,0,0,0,0,0,0,0,0,2
NS,1,1440,1983,3,1,0,0,1,2,0,0,0,0,0,0,0,0,0
NS,1,1440,1984,0,1,0,0,2,2,0,0,0,0,0,0,2,0,0
NS,1,1440,1985,0,0,0,0,0,2,0,0,0,0,0,0,0,0,0
NS,1,1440,1986,1,0,0,0,0,2,0,0,0,0,0,0,0,0,0
NS,1,1440,1987,0,0,0,0,3,5,0,0,0,0,0,0,0,0,0
NS,1,1440,1988,0,2,0,0,1,4,0,0,0,0,0,0,0,0,0
NS,1,1440,1989,0,1,0,0,2,1,0,0,0,0,0,1,0,0,0
NS,1,1440,1990,1,2,0,0,1,0,0,0,0,0,0,0,1,0,0
NS,1,1440,1992,2,7,0,0,2,8,0,0,0,0,0,0,0,0,0
NS,1,1440,1993,1,3,0,0,3,5,0,0,0,0,0,0,1,0,1
NS,1,1440,1994,4,8,0,0,1,2,0,0,0,0,0,0,0,0,0
NS,1,1440,1995,1,0,0,0,1,1,0,0,0,0,0,0,0,0,0
NS,1,1440,1996,0,4,0,0,1,3,0,0,0,0,0,0,1,0,0
NS,1,1440,1997,0,4,0,0,0,0,0,0,0,0,0,0,0,0,0
NS,1,1440,1998,1,2,0,0,0,0,0,0,0,0,0,0,0,0,0
NS,1,1440,1999,0,1,0,0,0,3,0,0,0,0,0,0,0,0,0
NS,1,1440,2000,0,3,0,0,1,3,0,0,0,0,0,0,0,0,0
NS,1,1440,2001,3,4,0,0,5,5,0,0,0,0,0,0,0,0,0
NS,1,1440,2002,0,0,0,0,1,3,0,0,0,0,0,1,0,0,0
NS,1,1440,2003,1,2,0,0,6,6,0,0,0,0,0,1,0,0,0
NS,1,1440,2004,1,3,0,0,1,3,0,0,0,0,0,0,0,0,0
NS,1,1440,2005,1,4,0,0,3,5,0,0,0,0,0,0,0,0,0
NS,1,1440,2006,1,3,0,0,4,7,0,0,0,0,0,0,0,0,0
NS,1,1440,2007,1,2,0,0,6,3,0,0,0,0,0,0,0,0,0
NS,1,1440,2008,0,2,0,0,4,0,0,0,0,0,0,0,0,0,0
NS,1,1440,2009,3,2,0,0,3,4,0,0,0,0,0,0,0,0,0
NS,1,1440,2010,0,2,0,0,5,1,0,0,0,0,0,0,0,0,0
NS,1,1440,2011,0,1,0,0,0,0,0,0,0,0,0,0,0,0,0
NS,1,1440,2013,0,1,0,0,0,1,0,0,0,0,0,0,0,0,0
NS,1,1440,2014,2,4,0,0,0,1,0,0,0,0,0,0,0,0,0
NS,1,1440,2015,0,0,0,0,1,0,0,0,0,0,0,0,0,0,0
NS,1,1440,2016,1,2,0,0,0,0,0,0,0,0,0,0,0,0,0
NS,1,1440,2018,1,1,0,0,5,1,0,0,0,0,0,0,0,0,0
NS,1,1440,2021,0,1,0,0,1,0,0,0,0,0,0,0,0,0,0
NS,1,1440,2022,0,1,0,0,0,1,0,0,0,0,0,0,0,0,0
NS,1,1440,2023,0,1,0,0,1,0,0,0,0,0,0,0,0,0,0
NS,1,1440,2024,0,0,0,0,1,1,0,0,0,0,0,0,0,0,0
NS,1,1460,1986,0,0,0,1,0,0,0,0,0,0,0,0,0,0,0
NS,1,1460,1988,0,0,0,0,1,0,0,0,0,0,0,0,0,0,0
NS,1,1470,1976,0,0,0,0,0,0,0,0,0,0,0,0,0,0,1
NS,1,1470,1986,0,1,0,0,2,2,0,0,0,0,0,0,0,0,0
NS,1,1480,1976,2,0,0,0,4,7,0,0,0,0,0,0,0,0,4
NS,1,1480,1977,1,1,0,0,4,0,0,0,0,0,0,0,0,0,3
NS,1,1480,1978,0,0,0,0,0,2,0,0,0,0,0,2,0,0,2
NS,1,1480,1979,0,0,0,0,2,0,0,0,0,0,0,0,0,0,0
NS,1,1480,1980,0,1,0,0,3,1,0,0,0,0,0,0,0,0,1
NS,1,1480,1981,0,0,0,0,0,1,0,0,0,0,0,0,0,0,0
NS,1,1480,1982,0,0,0,1,0,2,0,0,0,0,0,0,0,0,1
NS,1,1480,1983,1,2,0,0,6,7,0,0,0,0,0,0,0,0,0
NS,1,1480,1984,0,0,0,0,3,4,0,0,0,0,0,0,1,0,2
NS,1,1480,1985,0,0,0,0,4,2,0,0,0,0,0,0,0,0,0
NS,1,1480,1986,0,0,0,0,11,10,0,0,0,0,0,0,0,0,1
NS,1,1480,1987,0,2,0,0,0,0,0,1,0,0,0,1,0,0,1
NS,1,1480,1988,3,3,0,1,7,11,0,0,0,0,0,0,0,0,0
NS,1,1480,1989,0,1,0,0,4,3,0,0,0,0,0,0,0,0,0
NS,1,1480,1990,1,2,0,0,4,4,0,0,0,0,0,0,0,0,1
NS,1,1480,1991,1,1,0,0,3,8,0,0,0,0,0,0,0,0,0
NS,1,1480,1992,0,1,0,0,1,2,0,0,0,0,0,0,0,0,0
NS,1,1480,1993,0,0,0,0,2,1,0,0,0,0,0,1,0,0,0
NS,1,1480,1994,0,2,0,0,6,4,0,1,0,0,0,0,0,0,0
NS,1,1480,1995,1,0,0,0,5,2,0,0,0,0,0,0,0,0,1
NS,1,1480,1996,0,2,0,0,2,2,0,0,0,0,0,0,0,0,0
NS,1,1480,1997,2,0,0,0,1,1,0,0,0,0,0,0,0,0,0
NS,1,1480,1998,1,0,0,0,0,0,0,0,0,0,0,0,0,0,0
NS,1,1480,2000,3,3,0,0,1,2,0,0,0,0,0,0,0,0,0
NS,1,1480,2001,0,0,0,0,0,0,0,0,0,0,0,1,0,0,0
NS,1,1480,2002,1,0,0,0,3,3,0,0,0,0,0,0,0,0,0
NS,1,1480,2003,0,1,0,0,3,5,0,0,0,0,0,0,0,0,0
NS,1,1480,2004,0,1,0,0,0,0,0,0,0,0,0,0,0,0,0
NS,1,1480,2005,1,1,0,0,0,0,0,0,0,0,0,0,0,0,0
NS,1,1480,2006,0,0,0,0,2,2,0,0,0,0,0,0,0,0,0
NS,1,1480,2008,1,1,0,0,2,0,0,0,0,0,0,0,0,0,1
NS,1,1480,2009,1,0,0,0,1,0,0,0,0,0,0,0,0,0,0
NS,1,1480,2013,0,0,0,0,0,1,0,0,0,0,0,0,0,0,0
NS,1,1480,2014,0,1,0,0,0,0,0,0,0,0,0,0,0,0,0
NS,1,1480,2017,0,0,0,0,0,1,0,0,0,0,0,0,0,0,0
NS,1,1480,2018,0,1,0,0,0,1,0,0,0,0,0,0,0,0,0
NS,1,1480,2019,1,1,0,0,0,2,0,0,0,0,0,0,0,0,0
NS,1,1480,2020,0,0,0,0,2,7,0,1,0,0,0,1,0,0,0
NS,1,1480,2021,0,4,0,0,1,4,0,0,0,0,0,0,0,0,0
NS,1,1480,2023,0,0,0,0,2,4,0,0,0,1,0,0,0,0,0
NS,1,1480,2024,0,0,0,0,0,2,0,0,0,0,0,0,0,0,0
NS,1,1490,1976,0,0,0,0,1,2,0,0,0,0,0,0,0,0,1
NS,1,1490,1977,1,0,0,0,0,0,0,0,0,0,0,0,0,0,4
NS,1,1490,1979,0,0,0,0,1,0,0,0,0,0,0,0,0,0,0
NS,1,1490,1980,0,0,0,0,2,0,0,0,0,0,0,0,0,0,1
NS,1,1490,1981,0,0,0,0,2,1,0,0,0,0,0,0,0,0,0
NS,1,1490,1982,0,0,0,0,1,3,0,0,0,0,0,0,0,0,0
NS,1,1490,1983,0,2,0,0,2,0,0,0,0,0,0,0,0,0,0
NS,1,1490,1984,0,0,0,0,2,1,0,0,0,0,0,0,0,0,0
NS,1,1490,1985,0,1,0,0,2,1,0,0,0,0,0,0,0,0,0
NS,1,1490,1986,0,0,0,0,1,3,0,0,0,0,0,0,0,0,0
NS,1,1490,1987,0,0,0,0,1,3,0,1,0,0,0,0,0,0,1
NS,1,1490,1988,0,0,0,0,5,2,0,0,0,0,0,0,0,0,0
NS,1,1490,1989,0,0,0,0,2,4,0,0,0,0,0,0,0,0,0
NS,1,1490,1990,1,0,0,0,2,3,0,0,0,0,0,0,0,0,0
NS,1,1490,1991,0,1,0,0,2,0,0,0,0,0,0,0,0,0,0
NS,1,1490,1993,0,0,0,0,2,0,0,0,0,0,0,0,0,0,0
NS,1,1490,1994,1,0,0,0,2,2,0,0,0,0,0,0,0,0,0
NS,1,1490,1995,3,0,0,0,2,0,0,0,0,0,0,0,0,0,0
NS,1,1490,1996,1,0,0,0,0,0,0,0,0,0,0,0,0,0,0
NS,1,1490,1997,0,0,0,0,2,0,0,0,0,0,0,0,0,0,0
NS,1,1490,1998,0,0,0,0,1,0,0,0,0,0,0,0,0,0,0
NS,1,1490,2002,0,0,0,0,3,1,0,0,0,0,0,0,0,0,0
NS,1,1490,2003,0,0,0,0,1,2,0,0,0,0,0,0,0,0,0
NS,1,1490,2005,0,0,0,0,0,1,0,0,0,0,0,0,0,0,0
NS,1,1490,2006,0,0,0,0,4,0,0,0,0,0,0,0,0,0,0
NS,1,1490,2007,0,0,0,0,1,1,0,0,0,0,0,0,0,0,0
NS,1,1490,2008,0,0,0,0,0,1,0,0,0,0,0,0,0,0,0
NS,1,1490,2009,0,0,0,0,2,0,0,0,0,0,0,0,0,0,0
NS,1,1490,2010,1,0,0,0,2,1,0,0,0,0,0,0,0,0,0
NS,1,1490,2012,2,0,0,0,0,0,0,0,0,0,0,0,0,0,0
NS,1,1490,2013,0,0,0,0,2,0,0,0,0,0,0,0,0,0,0
NS,1,1490,2014,1,0,0,0,0,0,0,0,0,0,0,0,0,0,0
NS,1,1490,2019,0,0,0,0,0,2,0,0,0,0,0,0,0,0,0
NS,1,1490,2020,1,0,0,0,0,0,0,0,0,0,0,0,0,0,0
NS,1,1490,2021,0,1,0,0,1,0,0,0,0,0,0,0,0,0,0
NS,1,1490,2022,0,1,0,0,1,1,0,0,0,0,0,0,0,0,0
NS,1,1490,2023,0,0,0,0,1,0,0,0,0,0,0,0,0,0,0
NS,1,1500,1976,2,4,0,0,11,10,0,0,0,0,0,0,1,0,8
NS,1,1500,1977,2,1,0,0,9,8,0,0,0,0,0,0,4,0,7
NS,1,1500,1978,0,2,0,0,20,16,0,0,0,0,0,0,0,0,2
NS,1,1500,1979,2,2,0,0,15,11,0,0,0,0,0,2,3,0,7
NS,1,1500,1980,1,2,0,0,11,10,0,0,0,0,0,0,0,0,6
NS,1,1500,1981,2,0,0,0,3,8,0,13,0,0,0,0,0,0,9
NS,1,1500,1982,2,2,0,0,14,16,0,0,0,0,0,0,1,0,14
NS,1,1500,1983,5,6,0,0,0,1,0,22,0,0,0,0,0,0,2
NS,1,1500,1984,5,2,0,0,10,16,0,1,0,0,0,2,0,0,0
NS,1,1500,1985,4,1,0,0,29,13,0,0,0,0,0,0,1,0,0
NS,1,1500,1986,7,8,0,0,22,17,0,0,0,0,0,2,0,0,1
NS,1,1500,1987,3,2,0,0,11,6,0,0,0,0,0,0,0,0,0
NS,1,1500,1988,6,2,0,0,19,10,0,1,0,0,0,0,0,0,0
NS,1,1500,1989,2,0,0,0,8,4,0,0,0,0,0,0,0,0,0
NS,1,1500,1990,1,1,0,0,10,10,0,1,0,0,0,0,0,0,0
NS,1,1500,1991,2,1,0,0,9,6,0,1,0,0,0,1,2,0,1
NS,1,1500,1992,1,3,0,0,6,2,0,0,0,0,0,0,0,0,0
NS,1,1500,1993,4,3,0,0,18,16,0,0,0,0,0,0,0,0,0
NS,1,1500,1994,4,0,0,0,7,11,0,0,0,0,0,0,0,0,0
NS,1,1500,1995,4,0,0,0,4,12,0,0,0,0,0,0,0,0,0
NS,1,1500,1996,1,2,0,0,5,8,0,0,0,0,0,0,0,0,0
NS,1,1500,1997,0,2,0,0,5,10,0,0,0,0,0,0,2,0,0
NS,1,1500,1998,1,3,0,0,13,7,0,0,0,0,0,0,0,0,0
NS,1,1500,1999,0,1,0,0,1,1,0,1,0,0,0,0,0,0,0
NS,1,1500,2000,1,2,0,0,4,4,0,0,0,0,0,0,0,0,0
NS,1,1500,2001,1,0,0,0,6,1,0,0,0,0,0,0,0,0,0
NS,1,1500,2002,1,4,0,0,6,11,0,0,0,0,0,0,0,0,0
NS,1,1500,2003,0,2,0,0,4,4,0,0,0,0,0,0,0,0,0
NS,1,1500,2004,1,1,0,0,4,4,0,0,0,0,0,0,0,0,4
NS,1,1500,2005,1,1,0,0,9,5,0,0,0,0,0,0,0,0,1
NS,1,1500,2006,4,0,0,0,10,7,0,0,0,0,0,0,0,0,0
NS,1,1500,2007,1,0,0,0,0,0,0,0,0,0,0,0,0,0,0
NS,1,1500,2008,2,0,0,0,1,0,0,0,0,0,0,0,0,0,0
NS,1,1500,2009,0,0,0,0,3,2,0,0,0,0,0,0,0,0,1
NS,1,1500,2010,1,0,0,0,1,1,0,0,0,0,0,0,0,0,0
NS,1,1500,2011,0,0,0,0,3,1,0,0,0,0,0,1,0,0,0
NS,1,1500,2012,0,0,0,0,2,0,0,0,0,0,0,0,0,0,0
NS,1,1500,2013,0,0,0,0,1,0,0,0,0,0,0,0,0,0,0
NS,1,1500,2014,1,0,0,0,2,1,0,0,0,0,0,0,0,0,0
NS,1,1500,2018,1,0,0,0,2,2,0,0,0,0,0,0,0,0,0
NS,1,1500,2019,0,0,0,0,1,0,0,0,0,0,0,0,0,0,0
NS,1,1500,2020,0,0,0,0,1,0,0,0,0,0,0,0,0,0,0
NS,1,1500,2021,0,1,0,0,4,3,0,0,0,0,0,0,0,0,0
NS,1,1500,2024,3,3,0,0,3,1,0,0,0,0,0,0,0,0,0
NS,1,1510,1976,0,0,0,0,0,3,0,0,0,0,0,0,0,0,4
NS,1,1510,1977,11,11,0,0,9,6,0,4,0,0,0,0,0,0,7
NS,1,1510,1978,7,6,0,0,10,5,0,2,0,0,0,0,0,0,18
NS,1,1510,1979,7,4,0,0,9,6,0,0,0,0,0,0,0,0,4
NS,1,1510,1980,0,7,0,0,4,2,0,14,0,0,0,0,0,0,2
NS,1,1510,1981,1,2,0,0,1,0,0,0,0,0,0,0,0,0,2
NS,1,1510,1982,7,6,0,0,3,3,0,0,0,0,0,0,0,0,5
NS,1,1510,1983,6,8,0,1,10,12,0,0,0,0,0,0,1,0,3
NS,1,1510,1984,9,12,0,0,9,8,0,1,0,0,0,0,0,0,0
NS,1,1510,1985,6,2,0,0,11,3,0,0,0,0,0,0,0,0,0
NS,1,1510,1986,6,11,0,0,8,8,0,0,0,0,0,0,1,0,0
NS,1,1510,1987,5,10,0,0,7,4,0,0,0,0,0,0,0,0,0
NS,1,1510,1988,7,9,0,0,4,6,0,0,0,0,0,0,0,0,3
NS,1,1510,1989,3,10,0,0,6,9,0,0,0,0,0,0,0,0,0
NS,1,1510,1990,9,4,0,0,8,2,0,0,0,0,0,0,0,0,0
NS,1,1510,1991,6,9,0,0,3,1,0,0,0,0,0,0,0,0,0
NS,1,1510,1992,1,7,0,0,4,4,0,0,0,0,0,0,0,0,0
NS,1,1510,1993,6,10,0,0,6,4,0,0,0,0,0,0,0,0,0
NS,1,1510,1994,6,7,0,0,9,6,0,0,0,0,0,1,0,0,2
NS,1,1510,1995,28,21,0,0,16,14,0,0,0,0,0,0,0,0,0
NS,1,1510,1996,1,3,0,0,2,1,0,0,0,0,0,0,0,0,0
NS,1,1510,1997,0,0,0,0,2,1,0,0,0,0,0,0,0,0,0
NS,1,1510,1998,1,1,0,0,1,0,0,0,0,0,0,0,0,0,0
NS,1,1510,1999,4,2,0,0,2,0,0,0,0,0,0,0,0,0,0
NS,1,1510,2000,7,2,0,0,3,2,0,0,0,0,0,0,0,0,0
NS,1,1510,2002,4,4,0,0,4,3,0,0,0,0,0,0,0,0,0
NS,1,1510,2003,5,8,0,0,8,5,0,0,0,0,0,0,0,0,6
NS,1,1510,2004,8,10,0,0,5,6,0,0,0,0,0,1,0,0,0
NS,1,1510,2005,6,9,0,0,6,2,0,0,0,0,0,0,0,0,0
NS,1,1510,2006,2,3,0,0,5,6,0,0,0,0,0,0,0,0,2
NS,1,1510,2007,4,8,0,0,4,3,0,1,0,0,0,0,0,0,0
NS,1,1510,2008,3,7,0,0,8,9,0,9,0,0,0,0,0,0,4
NS,1,1510,2009,2,1,0,0,2,2,0,0,0,0,0,0,0,0,0
NS,1,1510,2010,0,1,0,0,0,0,0,0,0,0,0,0,0,0,0
NS,1,1510,2011,0,1,0,0,0,1,0,0,0,0,0,0,0,0,0
NS,1,1510,2012,4,1,0,0,4,4,0,0,0,0,0,0,0,0,0
NS,1,1510,2013,3,1,0,0,5,1,0,0,0,0,0,0,0,0,0
NS,1,1510,2014,0,1,0,0,0,0,0,0,0,0,0,0,0,0,0
NS,1,1510,2015,0,1,0,0,0,0,0,0,0,0,0,0,0,0,0
NS,1,1510,2016,0,0,0,0,0,1,0,0,0,0,0,0,0,0,0
NS,1,1510,2017,2,2,0,0,1,1,0,0,0,0,0,0,0,0,0
NS,1,1510,2018,0,0,0,0,1,0,0,0,0,0,0,0,0,0,0
NS,1,1510,2019,0,3,0,0,0,7,0,0,0,0,0,0,0,0,0
NS,1,1510,2020,2,2,0,0,0,0,0,0,0,0,0,0,0,0,0
NS,1,1510,2021,0,1,0,0,0,0,0,0,0,0,0,0,0,0,0
NS,1,1510,2023,0,1,0,0,0,1,0,0,0,0,0,0,0,0,0
NS,1,1520,1977,0,0,0,0,0,0,0,0,0,0,0,0,0,0,1
NS,1,1520,1979,0,0,0,0,0,0,0,0,0,0,0,0,0,0,1
NS,1,1520,1981,0,0,0,0,0,0,0,0,0,0,0,0,0,0,1
NS,1,1520,1984,0,0,0,0,0,1,0,0,0,0,0,0,0,0,0
NS,1,1520,1989,0,0,0,0,0,1,0,0,0,0,0,0,0,0,0
NS,1,1520,1993,1,0,0,0,0,1,0,0,0,0,0,0,0,0,0
NS,1,1520,1995,2,1,0,0,0,0,0,0,0,0,0,0,0,0,1
NS,1,1520,1998,0,0,0,0,1,0,0,0,0,0,0,0,0,0,0
NS,1,1520,1999,0,1,0,0,0,1,0,0,0,0,0,0,0,0,0
NS,1,1520,2000,0,1,0,0,0,0,0,0,0,0,0,0,0,0,0
NS,1,1520,2004,1,0,0,0,0,0,0,0,0,0,0,0,0,0,0
NS,1,1520,2005,0,0,0,0,1,0,0,0,0,0,0,0,0,0,0
NS,1,1520,2006,0,1,0,0,0,0,0,0,0,0,0,0,0,0,0
NS,1,1520,2009,0,1,0,0,0,1,0,0,0,0,0,0,0,0,0
NS,1,1530,1976,1,2,0,1,3,3,0,1,0,0,0,0,0,0,0
NS,1,1530,1977,0,7,0,0,7,2,0,3,0,0,0,0,0,0,7
NS,1,1530,1978,0,3,0,0,1,1,0,0,0,0,0,1,0,0,0
NS,1,1530,1979,1,1,0,0,3,4,0,0,0,0,0,0,0,0,1
NS,1,1530,1980,0,4,0,0,0,1,0,3,0,0,0,0,0,0,2
NS,1,1530,1981,0,2,0,0,1,0,0,0,0,0,0,0,0,0,0
NS,1,1530,1982,0,3,0,0,2,0,0,0,0,0,0,0,0,0,5
NS,1,1530,1983,0,7,0,0,5,1,0,0,0,0,0,0,0,0,1
NS,1,1530,1984,4,5,0,0,9,3,0,0,0,0,0,0,0,0,0
NS,1,1530,1985,6,11,0,0,0,0,0,13,0,0,0,0,0,0,0
NS,1,1530,1986,0,1,0,0,7,2,0,0,0,0,0,0,0,0,0
NS,1,1530,1987,1,1,0,0,1,1,0,1,0,0,0,0,0,0,0
NS,1,1530,1988,4,4,0,0,6,5,0,0,0,0,0,0,0,0,1
NS,1,1530,1989,2,1,0,0,1,0,0,1,0,0,0,0,0,0,0
NS,1,1530,1990,2,2,0,0,7,4,0,0,0,0,0,0,0,0,0
NS,1,1530,1991,1,3,0,0,2,1,0,0,0,0,0,0,0,0,0
NS,1,1530,1992,3,5,0,0,1,1,0,0,0,0,0,0,0,0,0
NS,1,1530,1993,0,2,0,0,5,2,0,0,0,0,0,0,0,0,0
NS,1,1530,1994,0,1,0,0,4,3,0,0,0,0,0,0,0,0,0
NS,1,1530,1995,0,2,0,0,9,2,0,1,0,0,0,0,0,0,0
NS,1,1530,1996,1,1,0,0,0,0,0,0,0,0,0,0,0,0,0
NS,1,1530,1997,0,1,0,0,2,3,0,0,0,0,0,0,0,0,0
NS,1,1530,1998,0,1,0,0,2,2,0,0,0,0,0,0,0,0,0
NS,1,1530,1999,1,2,0,0,4,1,0,0,0,0,0,0,0,0,0
NS,1,1530,2000,1,2,0,0,1,1,0,1,0,0,0,0,0,0,0
NS,1,1530,2002,2,2,0,0,2,2,0,0,0,0,0,0,0,0,0
NS,1,1530,2003,0,3,0,0,11,4,0,0,0,0,0,0,0,0,0
NS,1,1530,2004,1,4,0,0,4,6,0,0,0,0,0,0,0,0,0
NS,1,1530,2005,0,0,0,0,2,5,0,0,0,0,0,0,0,0,0
NS,1,1530,2006,0,3,0,0,4,0,0,0,0,0,0,0,0,0,0
NS,1,1530,2007,3,3,0,1,3,4,0,0,0,0,0,0,0,0,1
NS,1,1530,2008,1,7,0,0,3,0,0,0,0,0,0,0,0,0,0
NS,1,1530,2010,0,0,0,0,3,0,0,0,0,0,0,0,0,0,0
NS,1,1530,2011,0,1,0,0,0,0,0,0,0,0,0,0,0,0,0
NS,1,1530,2012,0,1,0,0,3,0,0,0,0,0,0,0,0,0,0
NS,1,1530,2013,1,4,0,0,2,1,0,0,0,0,0,0,0,0,0
NS,1,1530,2014,0,1,0,0,0,0,0,0,0,0,0,0,0,0,0
NS,1,1530,2015,0,6,0,0,3,2,0,0,0,0,0,0,0,0,0
NS,1,1530,2016,1,0,0,0,0,0,0,0,0,0,0,0,0,0,0
NS,1,1530,2017,1,1,0,0,1,0,0,0,0,0,0,0,0,0,0
NS,1,1530,2018,0,1,0,0,3,1,0,0,0,0,0,0,0,0,0
NS,1,1530,2019,0,0,0,0,3,0,0,0,0,0,0,0,0,0,0
NS,1,1530,2020,0,1,0,0,2,4,0,0,0,0,0,0,0,0,0
NS,1,1530,2021,0,1,0,0,5,4,0,0,0,0,0,0,0,0,0
NS,1,1530,2022,1,2,0,0,3,1,0,0,0,0,0,0,0,0,0
NS,1,1530,2023,0,2,0,0,1,1,0,0,0,0,0,0,0,0,0
NS,1,1530,2024,0,1,0,0,4,1,0,0,0,0,0,0,0,0,0
NS,1,1540,1976,6,3,0,0,0,0,0,5,0,0,0,0,0,0,3
NS,1,1540,1977,4,2,0,0,0,1,0,9,0,0,0,0,0,0,5
NS,1,1540,1978,4,4,0,0,0,0,0,3,0,0,0,0,0,0,2
NS,1,1540,1979,6,16,0,1,0,0,0,19,0,0,0,0,0,0,8
NS,1,1540,1980,6,3,0,0,0,0,0,22,0,0,0,0,0,0,3
NS,1,1540,1981,2,1,0,0,1,5,0,2,0,0,0,0,0,0,1
NS,1,1540,1982,3,6,0,0,0,0,0,9,0,0,0,0,0,0,1
NS,1,1540,1983,4,16,0,0,0,2,0,11,0,0,0,0,0,0,1
NS,1,1540,1984,3,11,0,0,0,1,0,13,0,0,0,0,0,0,2
NS,1,1540,1985,1,5,0,0,0,1,0,18,0,0,0,0,0,0,0
NS,1,1540,1986,6,14,0,0,4,1,0,1,0,0,0,0,1,0,3
NS,1,1540,1987,5,15,0,0,1,0,0,10,0,0,0,0,0,0,1
NS,1,1540,1988,5,13,0,1,0,0,0,4,0,0,0,0,0,0,0
NS,1,1540,1989,0,7,0,0,1,3,0,2,0,0,0,0,0,0,0
NS,1,1540,1990,2,6,0,0,3,1,0,3,0,0,0,0,0,0,0
NS,1,1540,1991,1,4,0,1,0,1,0,1,0,0,0,0,0,0,0
NS,1,1540,1992,1,7,0,0,0,0,0,1,0,0,0,0,0,0,0
NS,1,1540,1993,4,8,0,0,1,10,0,0,0,0,0,0,0,0,0
NS,1,1540,1994,0,7,0,0,1,2,0,18,0,0,0,0,0,0,0
NS,1,1540,1995,5,12,0,0,0,0,0,8,0,0,0,0,0,0,0
NS,1,1540,1996,2,6,0,0,0,0,0,5,0,0,0,0,0,0,0
NS,1,1540,1997,1,1,0,0,0,0,0,0,0,0,0,0,0,0,0
NS,1,1540,2001,1,1,0,0,0,0,0,1,0,0,0,0,0,0,0
NS,1,1540,2002,1,2,0,0,5,2,0,0,0,0,0,0,0,0,0
NS,1,1540,2003,2,3,0,0,0,0,0,0,0,0,0,0,0,0,0
NS,1,1540,2004,1,8,0,0,0,0,0,2,0,0,0,0,0,0,0
NS,1,1540,2005,6,6,0,0,0,0,0,2,0,0,0,0,0,0,0
NS,1,1540,2006,0,5,0,0,0,0,0,3,0,0,0,0,0,0,1
NS,1,1540,2007,2,3,0,0,0,0,0,2,0,0,0,0,0,0,0
NS,1,1540,2008,0,1,0,0,0,0,0,0,0,0,0,0,0,0,0
NS,1,1540,2009,1,3,0,0,0,2,0,2,0,0,0,0,0,0,0
NS,1,1540,2010,0,2,0,0,0,0,0,6,0,0,0,0,0,0,0
NS,1,1540,2013,1,3,0,0,0,0,0,0,0,0,0,0,0,0,0
NS,1,1540,2015,0,1,0,0,0,0,0,1,0,0,0,0,0,0,0
NS,1,1540,2016,1,1,0,0,0,0,0,0,0,0,0,0,0,0,0
NS,1,1540,2017,0,3,0,0,0,0,0,0,0,0,0,0,0,0,0
NS,1,1540,2018,4,4,0,0,0,0,0,3,0,0,0,0,0,0,0
NS,1,1540,2019,0,1,0,0,0,0,0,0,0,0,0,0,0,0,0
NS,1,1540,2020,0,1,0,0,0,0,0,0,0,0,0,0,0,0,0
NS,1,1540,2021,0,2,0,0,0,0,0,1,0,0,0,0,0,0,0
NS,1,1540,2022,0,2,0,0,0,0,0,3,0,0,0,0,0,0,0
NS,1,1540,2023,3,7,0,0,0,0,0,2,0,0,0,0,0,0,0
NS,1,1540,2024,0,2,0,0,0,0,0,0,0,0,0,0,0,0,0
NS,1,1550,1979,0,1,0,0,0,0,0,0,0,0,0,0,0,0,0
NS,1,1550,1986,0,0,0,0,0,2,0,0,0,0,0,0,0,0,0
NS,1,1550,1987,0,0,0,0,1,0,0,0,0,0,0,0,0,0,0
NS,1,1550,1988,0,0,0,0,1,0,0,0,0,0,0,0,0,0,0
NS,1,1590,1976,9,11,0,0,2,11,0,43,0,0,0,0,0,0,8
NS,1,1590,1977,24,30,0,0,23,40,0,4,0,0,0,0,0,0,31
NS,1,1590,1978,20,17,0,0,17,32,0,7,0,0,0,0,0,0,13
NS,1,1590,1979,16,16,0,1,10,15,0,20,0,0,0,0,0,0,15
NS,1,1590,1980,15,10,0,1,1,1,0,39,0,0,0,0,0,0,18
NS,1,1590,1981,15,28,0,0,20,23,0,1,0,0,0,14,10,0,17
NS,1,1590,1982,21,12,0,0,23,25,0,6,0,0,0,0,0,0,17
NS,1,1590,1983,34,30,0,0,44,48,0,9,0,0,0,53,31,0,0
NS,1,1590,1984,47,27,0,0,11,15,0,0,0,0,0,1,0,0,0
NS,1,1590,1985,5,3,0,0,7,9,0,22,0,0,0,0,0,0,0
NS,1,1590,1986,19,11,0,0,40,27,0,2,0,0,0,1,8,0,0
NS,1,1590,1987,10,12,0,0,19,32,0,5,0,0,0,4,2,0,0
NS,1,1590,1988,10,15,0,1,20,11,0,1,0,0,0,14,3,0,0
NS,1,1590,1989,11,8,0,0,20,28,0,1,0,0,0,10,0,0,0
NS,1,1590,1990,22,24,0,0,36,37,0,0,0,0,0,2,13,0,0
NS,1,1590,1991,36,47,0,0,25,22,0,1,0,0,0,0,0,0,0
NS,1,1590,1992,39,46,0,0,13,23,0,0,0,0,0,0,0,0,0
NS,1,1590,1993,28,25,0,0,25,30,0,0,0,0,0,0,0,0,0
NS,1,1590,1994,27,19,0,0,25,23,0,1,0,0,0,0,0,0,2
NS,1,1590,1995,16,13,0,0,14,25,0,25,0,0,0,0,0,0,0
NS,1,1590,1996,13,11,0,0,13,18,0,1,0,0,0,0,0,0,0
NS,1,1590,1997,4,2,0,0,7,14,0,2,0,0,0,0,0,0,0
NS,1,1590,1998,3,6,0,0,4,4,0,0,0,0,0,0,0,0,0
NS,1,1590,1999,1,0,0,0,2,7,0,0,0,0,0,0,0,0,0
NS,1,1590,2000,1,0,0,0,6,4,0,1,0,0,0,0,0,0,0
NS,1,1590,2001,8,10,0,0,11,12,0,1,0,0,0,0,0,0,0
NS,1,1590,2002,39,35,0,0,9,20,0,0,0,0,0,0,0,0,0
NS,1,1590,2003,8,12,0,0,11,13,0,0,0,0,0,0,0,0,1
NS,1,1590,2004,17,16,0,0,23,15,0,1,0,0,0,1,0,0,0
NS,1,1590,2005,27,17,0,0,31,28,0,0,0,0,0,0,0,0,0
NS,1,1590,2006,18,28,0,0,10,14,0,0,0,0,0,0,0,0,0
NS,1,1590,2007,15,12,0,0,9,11,0,0,0,0,0,0,0,0,0
NS,1,1590,2008,13,8,0,0,6,7,0,0,0,0,0,0,0,0,0
NS,1,1590,2009,19,11,0,0,6,7,0,0,0,0,0,0,0,0,0
NS,1,1590,2010,6,4,0,0,7,8,0,0,0,0,0,0,0,0,0
NS,1,1590,2011,0,1,0,0,1,0,0,0,0,0,0,0,0,0,0
NS,1,1590,2012,1,0,0,0,3,2,0,0,0,0,0,0,0,0,0
NS,1,1590,2013,3,0,0,0,1,1,0,0,0,0,0,0,0,0,0
NS,1,1590,2014,2,1,0,0,1,2,0,1,0,0,0,0,0,0,0
NS,1,1590,2015,3,1,0,0,0,1,0,0,0,0,0,0,0,0,0
NS,1,1590,2016,3,0,0,0,2,2,0,0,0,0,0,0,0,0,0
NS,1,1590,2017,3,2,0,0,0,0,0,0,0,0,0,0,0,0,0
NS,1,1590,2018,7,2,0,0,5,10,0,1,0,0,0,0,0,0,1
NS,1,1590,2019,4,1,0,0,3,2,0,0,0,0,0,0,0,0,0
NS,1,1590,2020,1,0,0,0,1,0,0,0,0,0,0,0,0,0,0
NS,1,1590,2021,0,3,0,0,2,0,0,0,0,0,0,0,0,0,0
NS,1,1590,2022,0,2,0,0,0,0,0,0,0,0,0,0,0,0,0
NS,1,1590,2023,1,0,0,0,0,2,0,0,0,0,0,0,0,0,0
NS,1,1590,2024,1,0,0,0,0,0,0,0,0,0,0,0,0,0,0
NS,1,1620,1977,1,0,0,0,0,0,0,0,0,0,0,0,0,0,0
NS,1,1620,1979,0,0,0,0,0,0,0,0,0,0,0,0,0,0,1
NS,1,1620,1987,0,0,0,0,0,0,0,0,0,0,0,1,0,0,0
NS,1,1620,1989,1,0,0,0,0,0,0,0,0,0,0,1,0,0,0
NS,1,1620,1990,0,0,0,0,0,2,0,0,0,0,0,2,0,0,0
NS,1,1620,1993,1,0,0,0,1,2,0,0,0,0,0,0,0,0,0
NS,1,1620,2002,1,0,0,0,0,0,0,0,0,0,0,0,0,0,0
NS,1,1630,1976,5,10,0,0,0,0,0,36,0,0,0,0,0,0,8
NS,1,1630,1977,7,17,0,0,0,0,0,7,0,0,0,0,0,0,20
NS,1,1630,1978,5,12,0,0,0,0,0,9,0,0,0,0,0,0,5
NS,1,1630,1979,5,8,0,0,0,0,0,13,0,0,0,0,0,0,3
NS,1,1630,1980,1,5,0,0,0,0,0,7,0,0,0,0,0,0,1
NS,1,1630,1981,8,8,0,0,0,0,0,24,0,0,0,0,0,0,11
NS,1,1630,1982,4,9,0,0,0,0,0,23,0,0,0,0,0,0,13
NS,1,1630,1983,3,9,0,0,0,1,0,15,0,0,0,0,0,0,1
NS,1,1630,1984,2,6,0,0,0,0,0,18,0,0,0,0,0,0,0
NS,1,1630,1985,1,6,0,0,0,0,0,6,0,0,0,0,0,0,0
NS,1,1630,1986,5,11,0,0,13,9,0,5,0,0,0,0,3,0,8
NS,1,1630,1987,7,6,0,0,6,3,0,2,0,0,0,0,1,0,1
NS,1,1630,1988,1,3,0,0,3,3,0,1,0,0,0,0,0,0,1
NS,1,1630,1989,1,4,0,0,0,1,0,0,0,0,0,0,0,0,0
NS,1,1630,1990,1,6,0,0,2,4,0,1,0,0,0,0,0,0,0
NS,1,1630,1991,1,15,0,0,0,1,0,11,0,0,0,0,0,0,0
NS,1,1630,1992,3,1,0,1,2,5,0,0,0,0,0,0,0,0,0
NS,1,1630,1993,2,3,0,0,1,6,0,0,0,0,0,0,0,0,0
NS,1,1630,1994,2,13,0,0,0,2,0,26,0,0,0,0,0,0,0
NS,1,1630,1995,6,6,0,0,0,0,0,11,0,0,0,0,0,0,1
NS,1,1630,1996,3,1,0,0,0,0,0,3,0,0,0,0,0,0,0
NS,1,1630,1997,0,2,0,0,0,1,0,4,0,0,0,0,0,0,0
NS,1,1630,1998,0,1,0,0,2,2,0,0,0,0,0,0,0,0,0
NS,1,1630,1999,0,0,0,0,2,3,0,0,0,0,0,0,0,0,0
NS,1,1630,2000,4,5,0,0,0,2,0,2,0,0,0,0,0,0,0
NS,1,1630,2001,3,11,0,0,5,10,0,3,0,0,0,0,0,0,0
NS,1,1630,2002,0,7,0,0,5,9,0,0,0,0,0,0,0,0,0
NS,1,1630,2003,2,2,0,0,0,0,0,8,0,0,0,0,0,0,0
NS,1,1630,2004,6,7,0,0,3,1,0,3,0,0,0,0,0,0,0
NS,1,1630,2005,1,10,0,0,5,4,0,6,0,0,0,0,0,0,0
NS,1,1630,2006,0,6,0,0,0,1,0,6,0,0,0,0,0,0,0
NS,1,1630,2007,0,1,0,0,0,0,0,2,0,0,0,0,0,0,0
NS,1,1630,2008,1,6,0,0,1,0,0,0,0,0,0,0,0,0,0
NS,1,1630,2009,0,2,0,0,0,2,0,1,0,0,0,0,0,0,0
NS,1,1630,2010,2,8,0,0,1,5,0,4,0,0,0,0,0,0,0
NS,1,1630,2011,1,3,0,0,0,0,0,0,0,0,0,0,0,0,0
NS,1,1630,2012,0,0,0,0,0,1,0,1,0,0,0,0,0,0,0
NS,1,1630,2013,1,0,0,0,1,0,0,1,0,0,0,0,0,0,0
NS,1,1630,2014,0,2,0,0,2,1,0,2,0,0,0,0,0,0,0
NS,1,1630,2015,1,2,0,0,0,2,0,3,0,0,0,0,0,0,0
NS,1,1630,2017,1,4,0,0,1,4,0,4,0,0,0,0,0,0,0
NS,1,1630,2018,3,9,0,0,3,3,0,2,0,0,0,0,0,0,0
NS,1,1630,2019,6,3,0,0,3,4,0,1,0,0,0,0,0,0,0
NS,1,1630,2020,2,3,0,1,3,1,0,3,0,0,0,0,0,0,0
NS,1,1630,2021,3,2,0,0,3,3,0,2,0,0,0,0,0,0,0
NS,1,1630,2022,0,0,0,0,0,0,0,1,0,0,0,0,0,0,0
NS,1,1630,2023,1,1,0,0,1,1,0,1,0,0,0,0,0,0,0
NS,1,1630,2024,0,3,0,0,2,2,0,2,0,0,0,0,0,0,0
NS,1,1650,1976,4,3,0,0,0,0,0,14,0,0,0,0,0,0,4
NS,1,1650,1977,2,0,0,0,0,0,0,12,0,0,0,0,0,0,4
NS,1,1650,1978,0,1,0,0,0,0,0,1,0,0,0,0,0,0,2
NS,1,1650,1979,0,2,0,0,0,0,0,5,0,0,0,0,0,0,3
NS,1,1650,1980,2,1,0,0,0,0,0,36,0,0,0,0,0,0,2
NS,1,1650,1981,2,0,0,0,0,0,0,8,0,0,0,0,0,0,4
NS,1,1650,1982,3,3,0,0,0,0,0,9,0,0,0,0,0,0,7
NS,1,1650,1983,3,6,0,0,0,0,0,8,0,0,0,0,0,0,0
NS,1,1650,1984,1,8,0,0,0,0,0,21,0,0,0,0,0,0,2
NS,1,1650,1985,1,2,0,0,0,0,0,5,0,0,0,0,0,0,1
NS,1,1650,1986,0,3,0,0,0,0,0,1,0,0,0,0,0,0,1
NS,1,1650,1987,3,0,0,0,9,3,0,3,0,0,0,2,0,0,0
NS,1,1650,1988,2,7,0,0,7,6,0,2,0,0,0,0,0,0,0
NS,1,1650,1989,2,0,0,0,3,2,0,0,0,0,0,1,0,0,0
NS,1,1650,1990,1,4,0,0,8,7,0,5,0,0,0,0,0,0,0
NS,1,1650,1991,0,2,0,1,0,3,0,1,0,0,0,0,0,0,0
NS,1,1650,1992,0,8,0,0,2,2,0,0,0,0,0,0,0,0,0
NS,1,1650,1993,1,4,0,0,2,3,0,1,0,0,0,0,0,0,1
NS,1,1650,1994,4,5,0,0,0,0,0,14,0,0,0,0,0,0,0
NS,1,1650,1995,2,7,0,0,0,2,0,18,0,0,0,0,0,0,2
NS,1,1650,1996,1,5,0,0,0,0,0,2,0,0,0,0,0,0,0
NS,1,1650,1997,0,1,0,0,0,0,0,2,0,0,0,0,0,0,0
NS,1,1650,1998,1,3,0,0,0,1,0,0,0,0,0,0,0,0,0
NS,1,1650,1999,0,1,0,0,0,1,0,0,0,0,0,0,0,0,0
NS,1,1650,2000,1,0,0,0,2,0,0,0,0,0,0,0,0,0,0
NS,1,1650,2001,0,1,0,0,2,0,0,0,0,0,0,0,0,0,0
NS,1,1650,2002,2,2,0,0,2,0,0,0,0,0,0,0,0,0,0
NS,1,1650,2003,1,3,0,0,0,0,0,5,0,0,0,0,0,0,0
NS,1,1650,2004,1,0,0,0,2,0,0,0,0,0,0,0,0,0,0
NS,1,1650,2005,0,1,0,0,1,0,0,0,0,0,0,0,0,0,0
NS,1,1650,2006,1,3,0,0,0,0,0,2,0,0,0,0,0,0,0
NS,1,1650,2007,0,0,0,0,0,0,0,1,0,0,0,0,0,0,1
NS,1,1650,2008,1,2,0,0,0,1,0,0,0,0,0,0,0,0,0
NS,1,1650,2009,0,3,0,0,1,0,0,0,0,0,0,0,0,0,0
NS,1,1650,2010,1,5,0,0,0,3,0,1,0,0,0,0,0,0,0
NS,1,1650,2011,2,3,0,0,1,0,0,1,0,0,0,0,0,0,0
NS,1,1650,2012,0,2,0,0,0,0,0,1,0,0,0,0,0,0,0
NS,1,1650,2013,0,0,0,0,1,0,0,0,0,0,0,0,0,0,0
NS,1,1650,2014,2,0,0,0,0,0,0,0,0,0,0,0,0,0,0
NS,1,1650,2015,0,0,0,0,1,0,0,0,0,0,0,0,0,0,1
NS,1,1650,2016,1,2,0,0,0,0,0,0,0,0,0,0,0,0,0
NS,1,1650,2017,0,2,0,0,1,1,0,2,0,0,0,0,0,0,0
NS,1,1650,2018,0,2,0,0,1,0,0,0,0,0,0,0,0,0,0
NS,1,1650,2019,0,1,0,0,0,0,0,0,0,0,0,0,0,0,0
NS,1,1650,2020,0,0,0,0,1,0,0,0,0,0,0,0,0,0,0
NS,1,1650,2021,0,0,0,0,0,0,0,4,0,0,0,0,0,0,0
NS,1,1650,2022,0,0,0,0,0,0,0,2,0,0,0,0,0,0,0
NS,1,1650,2023,0,0,0,0,3,0,0,0,0,0,0,0,0,0,0
NS,1,1650,2024,0,0,0,0,0,0,0,1,0,0,0,0,0,0,0
NS,1,1660,1976,4,7,0,0,0,0,0,39,0,0,0,0,0,0,20
NS,1,1660,1977,9,15,0,0,0,0,0,47,0,0,0,0,0,0,29
NS,1,1660,1978,7,9,0,0,0,0,0,6,0,0,0,0,0,0,5
NS,1,1660,1979,3,8,0,0,0,0,0,18,0,0,0,0,0,0,14
NS,1,1660,1980,7,5,0,0,0,0,0,32,0,0,0,0,0,0,4
NS,1,1660,1981,9,7,0,0,1,0,0,45,0,0,0,0,0,0,8
NS,1,1660,1982,9,5,0,0,0,0,0,26,0,0,0,0,0,0,8
NS,1,1660,1983,1,4,0,0,0,0,0,7,0,0,0,0,0,0,1
NS,1,1660,1984,4,5,0,0,0,0,0,39,0,0,0,0,0,0,1
NS,1,1660,1985,6,12,0,0,0,0,0,28,0,0,0,0,0,0,0
NS,1,1660,1986,7,6,0,0,15,12,0,0,0,0,0,0,0,0,1
NS,1,1660,1987,4,12,0,0,16,21,0,2,0,0,0,2,0,0,0
NS,1,1660,1988,3,7,0,0,18,11,0,2,0,0,0,0,0,0,0
NS,1,1660,1989,4,6,0,0,13,17,0,0,0,0,0,1,0,0,0
NS,1,1660,1990,9,13,0,0,1,0,0,72,0,0,0,0,0,0,0
NS,1,1660,1991,0,5,0,0,0,0,0,9,0,0,0,0,0,0,0
NS,1,1660,1992,0,5,0,0,5,1,0,0,0,0,0,0,0,0,0
NS,1,1660,1993,10,8,0,0,15,30,0,0,0,0,0,0,0,0,1
NS,1,1660,1994,2,12,0,0,1,3,0,94,0,0,0,0,0,0,0
NS,1,1660,1995,3,9,0,0,0,0,0,56,0,0,0,0,0,0,0
NS,1,1660,1996,2,0,0,0,0,0,0,7,0,0,0,0,0,0,0
NS,1,1660,1997,0,1,0,0,0,1,0,10,0,0,0,0,0,0,0
NS,1,1660,1998,0,0,0,0,6,27,0,1,0,0,0,0,3,0,0
NS,1,1660,1999,0,5,0,0,5,10,0,1,0,0,0,0,0,0,1
NS,1,1660,2000,0,2,0,0,2,2,0,0,0,0,0,0,0,0,0
NS,1,1660,2001,1,1,0,0,1,4,0,0,0,0,0,0,0,0,0
NS,1,1660,2002,2,0,0,0,6,5,0,0,0,0,0,0,0,0,0
NS,1,1660,2003,0,5,0,0,0,0,0,20,0,0,0,0,0,0,0
NS,1,1660,2004,5,6,0,0,0,1,0,10,0,0,0,0,0,0,0
NS,1,1660,2005,1,4,0,0,0,1,0,6,0,0,0,0,0,0,0
NS,1,1660,2006,1,2,0,0,0,2,0,14,0,0,0,0,0,0,0
NS,1,1660,2007,2,2,0,0,0,0,0,3,0,0,0,0,0,0,0
NS,1,1660,2008,1,2,0,0,2,0,0,6,0,0,0,0,0,0,1
NS,1,1660,2009,1,0,0,0,0,0,0,1,0,0,0,0,0,0,1
NS,1,1660,2010,1,4,0,0,0,3,0,5,0,0,0,0,0,0,0
NS,1,1660,2011,0,2,0,0,0,0,0,5,0,0,0,0,0,0,0
NS,1,1660,2012,1,1,0,0,2,1,0,1,0,0,0,0,0,0,0
NS,1,1660,2013,1,2,0,0,3,0,0,0,0,0,0,0,0,0,0
NS,1,1660,2014,2,2,0,0,0,0,0,6,0,0,0,0,0,0,0
NS,1,1660,2015,0,2,0,0,0,0,0,0,0,0,0,0,0,0,0
NS,1,1660,2016,0,0,0,0,0,0,0,1,0,0,0,0,0,0,0
NS,1,1660,2017,0,0,0,0,0,0,0,5,0,0,0,0,0,0,0
NS,1,1660,2018,2,6,0,0,0,0,0,4,0,0,0,0,0,0,0
NS,1,1660,2019,1,4,0,0,1,0,0,6,0,0,0,0,0,0,0
NS,1,1660,2020,1,1,0,0,0,0,0,4,0,0,0,0,0,0,0
NS,1,1660,2021,1,0,0,0,0,0,0,7,0,0,0,0,0,0,0
NS,1,1660,2022,0,1,0,0,0,0,0,8,0,0,0,0,0,0,0
NS,1,1660,2023,0,1,0,0,0,1,0,14,0,0,0,0,0,0,0
NS,1,1660,2024,2,2,0,1,0,0,0,8,0,0,0,0,0,0,0
NS,1,1670,1976,0,0,0,0,0,0,0,2,0,0,0,0,0,0,0
NS,1,1670,1983,0,0,0,0,0,1,0,1,0,0,0,0,0,0,0
NS,1,1670,1987,0,0,0,0,0,0,0,0,0,0,0,0,0,0,1
NS,1,1670,1994,0,0,0,0,0,0,0,1,0,0,0,0,0,0,0
NS,1,1670,1996,0,0,0,0,0,0,0,0,0,0,0,0,0,0,1
NS,1,1670,1997,0,1,0,0,0,0,0,0,0,0,0,0,0,0,0
NS,1,1692,1985,0,0,0,0,0,0,0,1,0,0,0,0,0,0,0
NS,1,1692,1992,0,0,0,0,0,0,0,1,0,0,0,0,0,0,0
NS,1,1692,1998,0,0,0,0,0,0,0,1,0,0,0,0,0,0,0
NS,1,1692,2006,0,0,0,0,0,0,0,1,0,0,0,0,0,0,0
NS,1,1692,2008,0,0,0,1,0,0,0,0,0,0,0,0,0,0,0
NS,1,1692,2009,0,0,0,1,0,0,0,0,0,0,0,0,0,0,0
NS,1,1710,1991,0,0,0,1,0,0,0,0,0,0,0,0,0,0,0
NS,1,1710,1993,0,0,0,1,0,0,0,0,0,0,0,0,0,0,0
NS,1,1710,1996,0,0,0,1,0,0,0,0,0,0,0,0,0,0,0
NS,1,1710,2024,0,0,0,1,0,0,0,0,0,0,0,0,0,0,0
NS,1,1721,1984,0,0,0,0,0,0,0,1,0,0,0,0,0,0,0
NS,1,1722,1976,0,0,0,17,0,0,0,11,0,0,0,0,0,0,13
NS,1,1722,1977,0,0,0,17,0,0,0,19,0,0,0,0,0,0,43
NS,1,1722,1978,0,0,0,45,0,0,0,41,0,0,0,0,0,0,4
NS,1,1722,1979,0,0,0,25,0,0,0,39,0,0,0,0,0,0,9
NS,1,1722,1980,0,0,0,24,0,0,0,44,0,0,0,0,0,0,8
NS,1,1722,1981,0,0,0,15,0,0,0,6,0,0,0,0,0,0,8
NS,1,1722,1982,0,0,0,19,0,0,0,19,0,0,0,0,0,0,16
NS,1,1722,1983,0,0,0,35,0,0,0,48,0,0,0,0,0,0,3
NS,1,1722,1984,0,0,0,32,0,0,0,56,0,0,0,0,0,0,0
NS,1,1722,1985,0,0,0,21,0,0,0,22,0,0,0,0,0,0,0
NS,1,1722,1986,0,0,0,31,0,1,0,24,0,0,0,0,0,0,0
NS,1,1722,1987,0,3,0,26,0,3,0,22,0,0,0,11,0,0,0
NS,1,1722,1988,0,0,0,49,0,0,0,30,0,0,0,0,0,0,1
NS,1,1722,1989,0,0,0,45,0,0,0,23,0,0,0,0,0,0,2
NS,1,1722,1990,0,0,0,22,0,0,0,28,0,0,0,0,0,0,0
NS,1,1722,1991,0,0,0,29,0,0,0,27,0,0,0,0,0,0,0
NS,1,1722,1992,0,0,0,29,0,0,0,28,0,0,0,0,0,0,0
NS,1,1722,1993,0,0,0,44,0,0,0,50,0,0,0,0,0,0,0
NS,1,1722,1994,0,0,0,17,0,0,0,40,0,0,0,0,0,0,0
NS,1,1722,1995,0,0,0,46,0,0,0,68,0,0,0,0,0,0,0
NS,1,1722,1996,0,0,0,30,0,0,0,27,0,0,0,0,0,0,1
NS,1,1722,1997,0,0,0,8,0,0,0,18,0,0,0,0,0,0,0
NS,1,1722,1998,0,0,0,16,0,0,0,8,0,0,0,0,0,0,0
NS,1,1722,1999,0,0,0,17,0,0,0,12,0,0,0,0,0,0,0
NS,1,1722,2000,0,0,0,45,0,0,0,38,0,0,0,0,0,0,0
NS,1,1722,2001,0,0,0,20,0,0,0,12,0,0,0,0,0,0,0
NS,1,1722,2002,0,0,0,58,0,0,0,44,0,0,0,0,0,0,0
NS,1,1722,2003,0,0,0,26,0,0,0,29,0,0,0,0,0,0,0
NS,1,1722,2004,0,0,0,27,0,0,0,11,0,0,0,0,0,0,0
NS,1,1722,2005,0,0,0,14,0,0,0,10,0,0,0,0,0,0,0
NS,1,1722,2006,0,0,0,9,0,0,0,13,0,0,0,0,0,0,0
NS,1,1722,2007,0,0,0,13,0,0,0,13,0,0,0,0,0,0,0
NS,1,1722,2008,0,0,0,29,0,0,0,21,0,0,0,0,0,0,0
NS,1,1722,2009,0,0,0,28,0,0,1,21,0,0,0,0,0,0,0
NS,1,1722,2010,0,0,0,28,0,0,1,15,0,0,0,0,0,0,0
NS,1,1722,2011,0,0,0,7,0,0,0,5,0,0,0,0,0,0,0
NS,1,1722,2012,0,0,0,12,0,0,0,6,0,0,0,0,0,0,0
NS,1,1722,2013,0,0,0,17,0,0,0,18,0,0,0,0,0,0,0
NS,1,1722,2014,0,0,1,14,0,0,0,22,0,0,0,0,0,0,0
NS,1,1722,2015,0,0,0,15,0,0,0,6,0,0,0,0,0,0,0
NS,1,1722,2016,0,0,0,9,0,0,0,4,0,0,0,0,0,0,0
NS,1,1722,2017,0,0,0,8,0,0,0,11,0,1,0,0,0,0,0
NS,1,1722,2018,0,0,4,7,0,0,1,0,0,0,0,0,0,0,2
NS,1,1722,2019,0,0,0,4,0,0,0,0,0,0,0,0,0,0,0
NS,1,1722,2020,0,0,0,7,0,0,0,0,0,7,0,0,0,0,0
NS,1,1722,2021,0,0,0,21,0,0,0,2,0,0,0,0,0,0,0
NS,1,1722,2022,0,0,0,1,0,0,0,1,0,0,0,0,0,0,0
NS,1,1722,2023,0,0,0,28,0,0,0,6,0,2,0,0,0,0,0
NS,1,1722,2024,0,0,0,19,0,0,0,3,0,0,0,0,0,0,0
NS,1,1730,1977,0,0,0,1,0,0,0,0,0,0,0,0,0,0,0
NS,1,1826,2008,0,1,0,0,0,0,0,0,0,0,0,0,0,0,0
NS,1,2280,1989,7,3,0,1,32,44,0,1,0,0,0,0,0,0,0
NS,1,2280,1990,0,0,0,0,1,0,0,0,0,0,0,0,0,0,0
NS,1,2280,1993,1,0,0,0,0,0,0,0,0,0,0,0,0,0,0
NS,1,2280,1999,0,0,0,0,0,2,0,0,0,0,0,0,0,0,0
NS,1,2280,2006,18,16,0,0,21,31,0,0,0,0,0,0,0,0,0
NS,1,2280,2007,17,12,0,0,13,12,0,0,0,0,0,0,0,0,0
NS,1,2280,2008,12,11,0,0,11,13,0,0,0,0,0,0,0,0,0
NS,1,2280,2009,8,2,0,0,5,11,0,0,0,0,0,0,0,0,0
NS,1,2280,2010,12,5,0,0,10,17,0,0,0,0,0,0,0,0,0
NS,1,2280,2011,12,5,0,0,6,9,0,0,0,0,0,0,0,0,0
NS,1,2280,2012,0,5,0,0,4,4,0,0,0,0,0,0,0,0,0
NS,1,2280,2013,6,10,0,0,7,11,0,0,0,0,0,0,0,0,0
NS,1,2280,2014,17,13,0,0,26,32,0,0,0,0,0,0,0,0,0
NS,1,2280,2015,5,3,0,0,11,14,0,0,0,0,0,0,0,0,0
NS,1,2280,2016,7,3,0,0,21,26,0,0,0,0,0,0,0,0,0
NS,1,2280,2017,9,2,0,1,11,13,0,0,0,0,0,0,0,0,0
NS,1,2280,2018,11,1,0,0,13,12,0,1,0,0,0,0,0,0,1
NS,1,2280,2019,5,5,0,0,10,11,0,0,0,0,0,0,0,0,0
NS,1,2280,2020,1,3,0,0,5,7,0,1,0,0,0,0,0,0,0
NS,1,2280,2021,14,13,0,0,18,18,0,0,0,0,0,0,0,0,0
NS,1,2280,2022,14,9,0,0,13,14,0,0,0,0,0,1,0,0,0
NS,1,2280,2023,2,2,0,0,10,11,0,0,0,0,0,0,0,0,0
NS,1,2280,2024,3,5,0,0,10,13,0,0,0,0,0,0,0,0,0
NS,1,2300,2016,0,0,0,0,0,0,0,1,0,0,0,0,0,0,0
NS,1,2550,1985,0,0,0,0,0,0,0,0,0,0,0,0,0,0,3
NS,2,310,2020,0,0,0,5,0,0,0,6,0,0,0,0,0,0,0
NS,2,1290,1976,0,0,0,0,0,0,0,3,0,0,0,0,0,0,0
NS,2,1290,1977,0,0,0,0,0,0,0,9,0,0,0,0,0,0,6
NS,2,1290,1978,3,0,0,0,8,3,0,1,0,0,0,0,0,0,0
NS,2,1290,1979,2,1,0,0,0,0,0,4,0,0,0,0,0,0,4
NS,2,1290,1980,3,2,0,0,4,15,0,0,0,0,0,1,0,0,3
NS,2,1290,1981,1,2,0,0,0,2,0,0,0,0,0,0,0,0,2
NS,2,1290,1982,1,2,0,0,0,0,0,5,0,0,0,0,0,0,0
NS,2,1290,1983,1,0,0,0,7,6,0,0,0,0,0,0,0,0,0
NS,2,1290,1984,0,1,0,0,4,2,0,0,0,0,0,0,0,0,0
NS,2,1290,1985,0,0,0,0,0,0,0,6,0,0,0,0,0,0,0
NS,2,1290,1986,4,1,0,0,0,0,0,11,0,0,0,0,0,0,0
NS,2,1290,1987,1,0,0,0,2,3,0,0,0,0,0,0,0,0,0
NS,2,1290,1988,1,3,0,0,4,5,0,0,0,0,0,0,0,0,0
NS,2,1290,1989,2,3,0,0,6,1,0,0,0,0,0,0,0,0,0
NS,2,1290,1990,2,1,0,0,5,5,0,0,0,0,0,0,0,0,0
NS,2,1290,1991,1,0,0,0,0,0,0,0,0,0,0,0,0,0,0
NS,2,1290,1992,1,1,0,0,4,3,0,0,0,0,0,0,0,0,0
NS,2,1290,1993,3,1,0,0,4,6,0,0,0,0,0,0,0,0,0
NS,2,1290,1994,4,6,0,0,5,13,0,0,0,0,0,0,0,0,0
NS,2,1290,1995,2,2,0,0,0,0,0,11,0,0,0,0,0,0,0
NS,2,1290,1996,3,0,0,0,1,8,0,0,0,0,0,0,0,0,0
NS,2,1290,1997,3,0,0,0,5,3,0,0,0,0,0,0,0,0,0
NS,2,1290,1998,6,6,0,0,2,2,0,0,0,0,0,0,0,0,0
NS,2,1290,1999,0,0,0,0,1,0,0,0,0,0,0,0,0,0,0
NS,2,1290,2000,1,0,0,0,0,0,0,0,0,0,0,0,0,0,0
NS,2,1290,2001,1,0,0,0,2,4,0,0,0,0,0,0,0,0,0
NS,2,1290,2002,1,1,0,0,1,1,0,0,0,0,0,0,0,0,0
NS,2,1290,2003,0,1,0,0,2,5,0,0,0,0,0,0,0,0,0
NS,2,1290,2004,1,2,0,0,6,4,0,0,0,0,0,0,0,0,0
NS,2,1290,2005,0,1,0,0,1,1,0,0,0,0,0,0,0,0,0
NS,2,1290,2007,4,0,0,0,0,0,0,0,0,0,0,0,0,0,0
NS,2,1290,2008,2,2,0,0,4,1,0,0,0,0,0,0,0,0,0
NS,2,1290,2009,1,1,0,0,1,2,0,0,0,0,0,0,0,0,0
NS,2,1290,2010,0,1,0,0,0,1,0,0,0,0,0,0,0,0,0
NS,2,1290,2011,0,2,0,0,1,0,0,0,0,0,0,0,0,0,0
NS,2,1290,2013,2,1,0,0,0,2,0,0,0,0,0,0,0,0,0
NS,2,1290,2014,0,0,0,0,1,0,0,1,0,0,0,0,0,0,0
NS,2,1290,2015,0,0,0,0,0,1,0,0,0,0,0,0,0,0,0
NS,2,1290,2018,0,0,0,0,1,1,0,0,0,0,0,0,0,0,0
NS,2,1290,2019,3,0,0,0,2,0,0,0,0,0,0,0,0,0,0
NS,2,1290,2021,1,0,0,0,1,0,0,0,0,0,0,0,0,0,0
NS,2,1290,2024,0,2,0,0,0,1,0,0,0,0,0,0,0,0,0
NS,2,1300,1976,1,3,0,0,0,0,0,3,0,0,0,0,0,0,2
NS,2,1300,1977,0,1,0,0,0,0,0,4,0,0,0,1,0,0,1
NS,2,1300,1978,1,1,0,0,0,0,0,3,0,0,0,0,0,0,0
NS,2,1300,1979,0,0,0,0,0,0,0,4,0,0,0,0,0,0,0
NS,2,1300,1980,0,2,0,0,2,3,0,0,0,0,0,0,0,0,2
NS,2,1300,1981,2,0,0,0,3,2,0,0,0,0,0,0,0,0,3
NS,2,1300,1982,0,0,0,0,0,0,0,4,0,0,0,0,0,0,10
NS,2,1300,1983,0,1,0,0,0,1,0,5,0,0,0,0,0,0,1
NS,2,1300,1984,0,1,0,0,2,4,0,0,0,0,0,0,0,0,0
NS,2,1300,1985,0,0,0,0,0,0,0,10,0,0,0,0,0,0,0
NS,2,1300,1986,0,1,0,0,1,1,0,0,0,0,0,0,0,0,0
NS,2,1300,1987,1,2,0,0,1,4,0,1,0,0,0,0,0,0,0
NS,2,1300,1988,0,2,0,0,2,2,0,0,0,0,0,0,0,0,0
NS,2,1300,1989,1,1,0,0,2,2,0,0,0,0,0,1,0,0,0
NS,2,1300,1990,1,6,0,0,2,2,0,2,0,0,0,0,0,0,0
NS,2,1300,1991,2,0,0,0,0,0,0,0,0,0,0,0,0,0,1
NS,2,1300,1992,3,10,0,0,2,3,0,0,0,0,0,0,0,0,0
NS,2,1300,1993,0,1,0,0,2,0,0,0,0,0,0,0,0,0,0
NS,2,1300,1994,0,1,0,0,2,1,0,4,0,0,0,0,0,0,0
NS,2,1300,1995,1,2,0,0,0,0,0,3,0,0,0,0,0,0,0
NS,2,1300,1996,0,1,0,0,0,0,0,0,0,0,0,0,0,0,0
NS,2,1300,1998,1,1,0,0,2,3,0,0,0,0,0,0,0,0,0
NS,2,1300,1999,0,2,0,0,1,1,0,0,0,0,0,0,0,0,0
NS,2,1300,2001,0,1,0,0,2,2,0,0,0,0,0,0,0,0,0
NS,2,1300,2002,0,0,0,0,0,1,0,0,0,0,0,0,0,0,0
NS,2,1300,2003,1,0,0,0,0,0,0,2,0,0,0,0,0,0,0
NS,2,1300,2004,1,0,0,0,0,0,0,1,0,0,0,0,0,0,0
NS,2,1300,2005,0,1,0,0,0,0,0,1,0,0,0,0,0,0,0
NS,2,1300,2006,0,1,0,0,0,0,0,1,0,0,0,0,0,0,0
NS,2,1300,2007,1,0,0,0,0,0,0,0,0,0,0,0,0,0,0
NS,2,1300,2009,0,2,0,0,0,0,0,0,0,0,0,0,0,0,0
NS,2,1300,2014,0,1,0,0,0,0,0,1,0,0,0,0,0,0,0
NS,2,1300,2019,0,0,0,0,0,0,0,5,0,0,0,0,0,0,0
NS,2,1310,1976,0,0,0,0,0,0,0,0,0,0,0,0,0,0,1
NS,2,1310,1977,2,2,0,0,0,0,0,4,0,0,0,0,0,0,1
NS,2,1310,1978,0,0,0,0,0,2,0,0,0,0,0,0,0,0,1
NS,2,1310,1979,0,0,0,0,0,0,0,4,0,0,0,0,0,0,2
NS,2,1310,1980,0,1,0,0,0,0,0,0,0,0,0,0,0,0,0
NS,2,1310,1981,0,1,0,0,0,0,0,6,0,0,0,0,0,0,2
NS,2,1310,1982,0,0,0,0,0,0,0,0,0,0,0,0,0,0,1
NS,2,1310,1983,0,0,0,0,0,1,0,4,0,0,0,0,0,0,0
NS,2,1310,1984,0,1,0,0,1,1,0,0,0,0,0,0,0,0,0
NS,2,1310,1986,1,1,0,0,0,0,0,3,0,0,0,0,0,0,0
NS,2,1310,1987,0,0,0,0,0,0,0,1,0,0,0,0,0,0,0
NS,2,1310,1988,0,0,0,0,0,3,0,0,0,0,0,0,0,0,0
NS,2,1310,1989,0,0,0,0,0,1,0,6,0,0,0,0,0,0,1
NS,2,1310,1991,0,0,0,0,0,1,0,0,0,0,0,0,0,0,0
NS,2,1310,1992,0,0,0,0,1,1,0,0,0,0,0,0,0,0,0
NS,2,1310,1993,1,2,0,0,1,3,0,0,0,0,0,0,0,0,0
NS,2,1310,1994,0,1,0,0,1,0,0,6,0,0,0,0,0,0,0
NS,2,1310,1995,0,1,0,0,0,0,0,5,0,0,0,0,0,0,0
NS,2,1310,1996,0,0,0,0,0,0,0,6,0,0,0,0,0,0,0
NS,2,1310,1997,0,0,0,0,0,0,0,2,0,0,0,0,0,0,0
NS,2,1310,1998,0,2,0,0,0,0,0,0,0,0,0,0,0,0,0
NS,2,1310,1999,0,0,0,0,1,7,0,0,0,0,0,0,0,0,0
NS,2,1310,2001,0,0,0,0,2,1,0,0,0,0,0,0,0,0,0
NS,2,1310,2002,0,1,0,0,1,1,0,0,0,0,0,0,0,0,0
NS,2,1310,2003,0,1,0,0,0,0,0,5,0,0,0,0,0,0,0
NS,2,1310,2004,1,3,0,0,0,0,0,2,0,0,0,0,0,0,0
NS,2,1310,2006,0,0,0,0,0,0,0,2,0,0,0,0,0,0,0
NS,2,1310,2007,1,0,0,0,0,0,0,2,0,0,0,0,0,0,0
NS,2,1310,2008,0,0,0,0,0,0,0,5,0,0,0,0,0,0,0
NS,2,1310,2009,0,0,0,0,2,0,0,4,0,0,0,0,0,0,0
NS,2,1310,2010,0,0,0,0,1,1,0,2,0,0,0,0,0,0,0
NS,2,1310,2011,0,0,0,0,0,0,0,3,0,0,0,0,0,0,0
NS,2,1310,2012,0,0,0,0,1,0,0,1,0,0,0,0,0,0,0
NS,2,1310,2014,0,1,0,0,0,2,0,1,0,0,0,0,0,0,0
NS,2,1310,2015,0,0,0,0,1,0,0,3,0,0,0,0,0,0,0
NS,2,1310,2016,0,0,0,0,2,0,0,1,0,0,0,0,0,0,0
NS,2,1310,2017,1,2,0,0,2,0,0,1,0,0,0,0,0,0,0
NS,2,1310,2018,0,0,0,0,1,0,0,0,0,0,0,0,0,0,0
NS,2,1310,2019,0,1,0,0,2,0,0,3,0,0,0,0,0,0,0
NS,2,1310,2020,1,0,0,0,0,0,0,0,0,0,0,0,0,0,0
NS,2,1310,2021,0,0,0,0,0,1,0,0,0,0,0,0,0,0,0
NS,2,1310,2022,0,0,0,0,1,1,0,0,0,0,0,0,0,0,0
NS,2,1310,2023,0,0,0,0,0,0,0,2,0,0,0,0,0,0,0
NS,2,1310,2024,0,0,0,0,0,0,0,1,0,0,0,0,0,0,0
NS,2,1320,1976,2,0,0,0,5,8,0,0,0,0,0,0,0,0,4
NS,2,1320,1977,3,2,0,0,7,11,0,0,0,0,0,0,0,0,12
NS,2,1320,1978,1,2,0,0,3,10,0,0,0,0,0,0,0,0,1
NS,2,1320,1979,0,1,0,0,2,9,0,0,0,0,0,0,0,0,1
NS,2,1320,1980,1,2,0,0,4,3,0,0,0,0,0,0,0,0,6
NS,2,1320,1981,0,3,0,0,6,5,0,0,0,0,0,0,0,0,9
NS,2,1320,1982,0,1,0,0,1,2,0,0,0,0,0,0,0,0,4
NS,2,1320,1983,3,0,0,0,12,19,0,1,0,0,0,0,0,0,3
NS,2,1320,1984,1,4,0,0,14,8,0,3,0,0,0,0,0,0,1
NS,2,1320,1985,3,1,0,0,14,14,0,0,0,0,0,0,0,0,0
NS,2,1320,1986,2,2,0,0,7,9,0,0,0,0,0,0,0,0,1
NS,2,1320,1987,4,5,0,6,14,13,0,0,0,0,0,0,0,0,0
NS,2,1320,1988,2,7,0,0,4,10,0,0,0,0,0,0,0,0,0
NS,2,1320,1989,6,3,0,0,5,8,0,0,0,0,0,0,0,0,0
NS,2,1320,1990,1,2,0,0,8,12,0,0,0,0,0,0,0,0,0
NS,2,1320,1991,3,4,0,0,17,22,0,0,0,0,0,0,0,0,0
NS,2,1320,1992,7,4,0,0,9,22,0,0,0,0,0,0,0,0,0
NS,2,1320,1993,1,2,0,0,6,8,0,2,0,0,0,0,0,0,0
NS,2,1320,1994,2,2,0,0,23,14,0,1,0,0,0,0,0,0,0
NS,2,1320,1995,3,5,0,0,24,21,0,0,0,0,0,0,0,0,1
NS,2,1320,1996,0,1,0,0,8,12,0,0,0,0,0,0,0,0,0
NS,2,1320,1997,1,1,0,0,6,16,0,2,0,0,0,0,0,0,3
NS,2,1320,1998,1,3,0,0,12,5,0,0,0,0,0,0,0,0,0
NS,2,1320,1999,1,4,0,0,8,3,0,1,0,0,0,0,0,0,0
NS,2,1320,2000,4,2,0,0,9,7,0,0,0,0,0,0,0,0,1
NS,2,1320,2001,2,3,0,0,15,17,0,0,0,0,0,0,0,0,0
NS,2,1320,2002,5,11,0,0,34,29,0,1,0,0,0,0,0,0,0
NS,2,1320,2003,4,14,0,0,28,26,0,1,0,0,0,0,0,0,0
NS,2,1320,2004,9,12,0,0,37,24,0,4,0,0,0,0,0,0,0
NS,2,1320,2005,1,6,0,0,14,28,0,0,0,0,0,0,0,0,0
NS,2,1320,2006,6,17,0,0,35,39,0,0,0,0,0,0,0,0,0
NS,2,1320,2007,4,8,0,0,22,36,0,0,0,0,0,0,1,0,0
NS,2,1320,2008,3,22,0,0,28,29,0,1,0,0,0,0,0,0,0
NS,2,1320,2009,3,7,0,0,16,11,0,2,0,0,0,0,0,0,2
NS,2,1320,2010,4,4,0,0,10,14,0,0,0,1,0,0,0,0,0
NS,2,1320,2011,4,17,0,0,16,23,0,0,0,0,0,0,0,0,1
NS,2,1320,2012,4,0,0,0,6,14,0,0,0,0,0,0,0,0,0
NS,2,1320,2013,5,18,0,0,9,21,0,0,0,0,0,0,0,0,0
NS,2,1320,2014,2,5,0,0,9,11,0,1,0,0,0,0,0,0,0
NS,2,1320,2015,2,1,0,0,15,12,0,14,0,0,0,1,0,0,0
NS,2,1320,2016,3,1,0,0,12,11,0,1,0,0,0,0,0,0,0
NS,2,1320,2017,6,12,0,0,13,6,0,0,0,0,0,0,0,0,0
NS,2,1320,2018,1,12,0,0,16,13,0,0,0,0,0,1,0,0,0
NS,2,1320,2019,8,12,0,0,21,22,0,0,0,0,0,0,0,0,0
NS,2,1320,2020,3,12,0,0,10,11,0,1,0,0,0,0,0,0,0
NS,2,1320,2021,0,3,0,0,18,12,0,0,0,0,0,0,0,0,0
NS,2,1320,2022,0,3,0,0,8,8,0,0,0,0,0,0,0,0,0
NS,2,1320,2023,0,6,0,0,7,11,0,0,0,0,0,0,0,0,0
NS,2,1320,2024,4,12,0,0,38,38,0,0,0,0,0,0,0,0,0
NS,2,1321,1976,1,7,0,0,8,6,0,0,0,0,0,0,0,0,2
NS,2,1321,1977,0,3,0,0,2,3,0,0,0,0,0,0,0,0,3
NS,2,1321,1978,1,4,0,0,4,5,0,0,0,0,0,0,0,0,1
NS,2,1321,1979,1,0,0,1,1,4,0,3,0,0,0,0,0,0,0
NS,2,1321,1980,0,6,0,0,1,8,0,0,0,0,0,0,0,0,2
NS,2,1321,1982,0,2,0,0,0,1,0,0,0,0,0,0,0,0,1
NS,2,1321,1983,0,2,0,0,3,4,0,0,0,0,0,0,0,0,0
NS,2,1321,1984,1,7,0,0,4,6,0,1,0,0,0,0,0,0,0
NS,2,1321,1985,4,5,0,0,6,3,0,0,0,0,0,0,1,0,0
NS,2,1321,1986,1,3,0,0,1,8,0,0,0,0,0,0,0,0,0
NS,2,1321,1987,2,3,0,0,4,4,0,0,0,0,0,1,0,0,0
NS,2,1321,1988,4,5,0,0,5,4,0,0,0,0,0,0,0,0,0
NS,2,1321,1989,2,3,0,1,2,4,0,0,0,0,0,0,0,0,0
NS,2,1321,1990,2,4,0,0,5,7,0,0,0,0,0,0,0,0,0
NS,2,1321,1991,2,4,0,0,2,7,0,2,0,0,0,0,0,0,0
NS,2,1321,1992,1,9,0,0,3,5,0,0,0,0,0,0,0,0,0
NS,2,1321,1993,1,2,0,0,2,3,0,0,0,0,0,0,0,0,0
NS,2,1321,1994,6,1,0,0,12,11,0,0,0,0,0,0,0,0,0
NS,2,1321,1995,0,3,0,0,6,5,0,0,0,0,0,0,0,0,0
NS,2,1321,1996,3,3,0,0,5,9,0,0,0,0,0,0,0,0,0
NS,2,1321,1997,0,0,0,0,1,2,0,0,0,0,0,0,0,0,0
NS,2,1321,1998,1,0,0,0,0,2,0,0,0,0,0,0,0,0,0
NS,2,1321,1999,0,1,0,0,1,1,0,0,0,0,0,0,0,0,0
NS,2,1321,2000,1,0,0,0,1,1,0,0,0,0,0,0,0,0,0
NS,2,1321,2001,0,1,0,0,3,3,0,0,0,0,0,0,0,0,0
NS,2,1321,2002,0,1,0,0,0,0,0,2,0,0,0,0,0,0,0
NS,2,1321,2003,2,2,0,0,4,6,0,0,0,0,0,0,0,0,0
NS,2,1321,2004,2,2,0,0,3,2,0,0,0,0,0,0,0,0,0
NS,2,1321,2005,0,4,0,0,6,7,0,0,0,0,0,0,0,0,0
NS,2,1321,2006,0,5,0,0,8,10,0,0,0,0,0,0,0,0,0
NS,2,1321,2007,2,10,0,0,14,18,0,1,0,0,0,0,0,0,0
NS,2,1321,2008,4,4,0,0,5,5,0,0,0,0,0,0,0,0,0
NS,2,1321,2009,3,4,0,0,3,3,0,0,0,0,0,0,0,0,0
NS,2,1321,2010,2,3,0,0,3,0,0,0,0,0,0,0,0,0,0
NS,2,1321,2011,0,1,0,0,2,7,0,1,0,0,0,0,0,0,0
NS,2,1321,2012,1,3,0,0,0,4,0,0,0,0,0,0,0,0,0
NS,2,1321,2013,1,1,0,0,4,4,0,0,0,0,0,0,0,0,0
NS,2,1321,2014,0,1,0,0,2,2,0,0,0,0,0,0,0,0,0
NS,2,1321,2015,0,0,0,0,0,4,0,0,0,0,0,0,0,0,0
NS,2,1321,2016,1,0,0,0,1,0,0,0,0,0,0,0,0,0,0
NS,2,1321,2017,0,3,0,0,3,2,0,0,0,0,0,0,0,0,0
NS,2,1321,2018,2,6,0,0,2,2,0,0,0,0,0,0,0,0,0
NS,2,1321,2019,2,1,0,0,0,2,0,0,0,0,0,0,0,0,0
NS,2,1321,2020,0,1,0,0,0,2,0,0,0,0,0,0,0,0,0
NS,2,1321,2021,0,5,0,0,0,0,0,0,0,0,0,0,0,0,0
NS,2,1321,2022,0,0,0,0,1,1,0,0,0,0,0,0,0,0,0
NS,2,1321,2023,0,2,0,0,1,0,0,0,0,0,0,0,0,0,0
NS,2,1321,2024,0,2,0,0,1,1,0,0,0,0,0,0,0,0,0
NS,2,1330,1976,19,29,0,0,155,142,0,1,0,0,0,0,1,0,53
NS,2,1330,1977,25,36,0,1,143,168,0,0,0,0,0,0,0,0,108
NS,2,1330,1978,34,48,0,1,242,200,0,7,0,0,0,2,1,0,68
NS,2,1330,1979,16,32,0,0,166,173,0,4,0,0,0,4,2,0,41
NS,2,1330,1980,43,34,0,1,159,196,0,1,0,0,0,0,0,0,79
NS,2,1330,1981,15,33,0,3,154,195,0,6,0,0,0,1,2,0,136
NS,2,1330,1982,18,20,0,3,136,129,0,4,0,0,0,2,0,0,94
NS,2,1330,1983,56,51,0,4,240,251,0,27,0,0,0,0,1,0,8
NS,2,1330,1984,47,37,0,1,230,260,0,13,0,0,0,1,1,0,3
NS,2,1330,1985,25,38,0,0,131,136,0,2,0,0,0,1,0,0,1
NS,2,1330,1986,29,44,0,0,146,180,0,0,0,0,0,0,1,0,1
NS,2,1330,1987,27,56,0,2,125,152,0,3,0,0,0,1,2,0,4
NS,2,1330,1988,49,68,0,2,167,160,0,6,0,0,0,0,0,0,2
NS,2,1330,1989,18,41,0,1,88,93,0,6,0,0,0,1,0,0,1
NS,2,1330,1990,25,31,0,1,120,99,0,1,0,0,0,0,2,0,2
NS,2,1330,1991,37,48,0,0,135,176,0,3,0,0,0,4,3,0,4
NS,2,1330,1992,42,61,0,0,132,148,0,0,0,0,0,0,0,0,0
NS,2,1330,1993,22,47,0,1,93,96,0,2,0,0,0,0,0,0,1
NS,2,1330,1994,20,20,0,0,192,217,0,7,0,0,0,0,0,0,2
NS,2,1330,1995,23,34,0,2,171,205,0,3,0,0,0,2,0,0,5
NS,2,1330,1996,17,19,0,1,83,91,0,0,0,0,0,0,1,0,2
NS,2,1330,1997,6,13,0,0,51,40,0,2,0,0,0,0,0,0,1
NS,2,1330,1998,9,20,0,0,71,63,0,2,0,0,0,0,0,0,0
NS,2,1330,1999,21,22,0,0,71,53,0,1,0,0,0,0,0,0,0
NS,2,1330,2000,21,21,0,0,59,50,0,1,0,0,0,1,0,0,0
NS,2,1330,2001,13,11,0,0,56,56,0,3,0,0,0,0,1,0,0
NS,2,1330,2002,21,35,0,1,65,47,0,2,0,0,0,0,0,0,0
NS,2,1330,2003,23,38,0,1,102,109,0,2,0,0,0,0,0,0,0
NS,2,1330,2004,11,29,0,0,92,83,0,2,0,0,0,1,4,0,4
NS,2,1330,2005,12,23,0,0,84,67,0,6,0,0,0,1,1,0,0
NS,2,1330,2006,18,28,0,0,73,71,0,4,0,0,0,0,1,0,9
NS,2,1330,2007,13,41,0,0,69,88,0,5,0,0,0,0,1,0,1
NS,2,1330,2008,19,30,0,1,98,89,0,2,0,0,0,0,0,0,0
NS,2,1330,2009,10,10,0,0,33,38,0,1,0,0,0,0,0,0,1
NS,2,1330,2010,3,11,0,0,45,41,0,1,0,0,0,0,0,0,0
NS,2,1330,2011,13,23,0,0,57,44,0,0,0,0,0,0,0,0,0
NS,2,1330,2012,13,16,0,1,33,50,0,0,0,0,0,0,0,0,0
NS,2,1330,2013,21,38,0,3,50,43,0,0,0,0,0,0,1,0,0
NS,2,1330,2014,10,10,0,0,28,29,0,0,0,0,0,0,0,0,1
NS,2,1330,2015,3,4,0,0,34,28,0,10,0,0,0,0,0,0,0
NS,2,1330,2016,5,6,0,0,6,15,0,1,0,0,0,0,0,0,0
NS,2,1330,2017,8,13,0,0,21,15,0,0,0,0,0,0,0,0,0
NS,2,1330,2018,8,14,0,0,26,29,0,0,0,0,0,0,0,0,0
NS,2,1330,2019,10,9,0,0,15,21,0,0,0,0,0,0,0,0,0
NS,2,1330,2020,6,9,0,0,23,29,0,0,0,0,0,0,0,0,0
NS,2,1330,2021,4,12,0,0,25,30,0,0,0,0,0,0,0,0,0
NS,2,1330,2022,10,6,0,0,11,10,0,0,0,0,0,0,0,0,0
NS,2,1330,2023,5,9,0,0,14,23,0,0,0,0,0,0,0,0,0
NS,2,1330,2024,10,8,0,0,24,32,0,0,0,0,0,0,0,0,0
NS,2,1336,2008,0,0,0,0,0,1,0,0,0,0,0,0,0,0,0
NS,2,1350,1981,0,0,0,0,0,0,0,0,0,0,0,0,0,0,1
NS,2,1350,1983,0,1,0,0,2,1,0,0,0,0,0,0,0,0,0
NS,2,1350,1985,0,0,0,0,1,0,0,0,0,0,0,0,0,0,0
NS,2,1350,1986,1,0,0,0,0,0,0,0,0,0,0,0,0,0,0
NS,2,1350,1990,0,0,0,0,1,0,0,0,0,0,0,0,0,0,0
NS,2,1350,1993,0,0,0,0,2,3,0,0,0,0,0,0,0,0,0
NS,2,1350,1994,0,0,0,0,0,2,0,0,0,0,0,0,0,0,0
NS,2,1350,1996,0,0,0,0,0,1,0,0,0,0,0,0,0,0,0
NS,2,1350,1998,0,0,0,0,1,0,0,0,0,0,0,0,0,0,0
NS,2,1350,2000,0,1,0,0,2,0,0,0,0,0,0,0,0,0,0
NS,2,1350,2002,0,0,0,0,2,1,0,0,0,0,0,0,0,0,0
NS,2,1350,2004,0,0,0,0,1,3,0,0,0,0,0,0,0,0,0
NS,2,1350,2005,0,0,0,0,3,0,0,0,0,0,0,0,0,0,0
NS,2,1350,2006,0,0,0,0,0,1,0,0,0,0,0,0,0,0,0
NS,2,1350,2007,0,0,0,0,2,2,0,0,0,0,0,0,0,0,3
NS,2,1350,2008,0,0,0,0,1,0,0,0,0,0,0,0,0,0,0
NS,2,1350,2009,0,1,0,0,0,0,0,0,0,0,0,0,0,0,0
NS,2,1350,2010,0,0,0,0,3,1,0,1,0,0,0,0,0,0,0
NS,2,1350,2013,0,0,0,0,1,0,0,0,0,0,0,0,0,0,0
NS,2,1350,2014,0,0,0,0,1,0,0,0,0,0,0,0,0,0,0
NS,2,1350,2019,0,0,0,0,0,1,0,0,0,0,0,0,0,0,0
NS,2,1350,2024,0,0,0,0,1,0,0,0,0,0,0,0,0,0,0
NS,2,1360,1990,0,0,0,0,0,1,0,0,0,0,0,0,0,0,0
NS,2,1370,1976,0,0,0,0,2,2,0,0,0,0,0,0,0,0,0
NS,2,1370,1977,1,0,0,0,3,5,0,0,0,0,0,0,0,0,5
NS,2,1370,1978,0,1,0,0,0,4,0,0,0,0,0,0,0,0,0
NS,2,1370,1979,0,0,0,0,3,3,0,0,0,0,0,0,0,0,1
NS,2,1370,1980,0,0,0,0,4,2,0,1,0,0,0,0,0,0,1
NS,2,1370,1981,0,0,0,0,2,0,0,0,0,0,0,0,0,0,4
NS,2,1370,1982,0,1,0,0,2,2,0,0,0,0,0,0,0,0,3
NS,2,1370,1983,1,1,0,0,4,2,0,0,0,0,0,0,0,0,0
NS,2,1370,1984,0,0,0,0,7,8,0,0,0,0,0,0,0,0,0
NS,2,1370,1985,0,0,0,0,6,11,0,0,0,0,0,0,0,0,0
NS,2,1370,1986,1,0,0,0,4,2,0,0,0,0,0,0,0,0,0
NS,2,1370,1987,0,0,0,0,7,11,0,0,0,0,0,0,0,0,0
NS,2,1370,1988,0,0,0,0,1,1,0,0,0,0,0,0,0,0,0
NS,2,1370,1989,1,1,0,0,4,3,0,0,0,0,0,0,0,0,0
NS,2,1370,1990,0,0,0,0,4,5,0,0,0,0,0,0,0,0,0
NS,2,1370,1991,0,0,0,0,5,3,0,0,0,0,0,0,0,0,1
NS,2,1370,1992,0,0,0,0,10,2,0,0,0,0,0,0,0,0,0
NS,2,1370,1993,1,1,0,0,3,3,0,0,0,0,0,0,0,0,0
NS,2,1370,1994,1,0,0,0,9,4,0,0,0,0,0,0,0,0,0
NS,2,1370,1995,1,1,0,0,7,5,0,0,0,0,0,0,0,0,0
NS,2,1370,1996,0,0,0,0,5,6,0,0,0,0,0,0,0,0,0
NS,2,1370,1997,0,0,0,0,2,2,0,0,0,0,0,0,0,0,0
NS,2,1370,1998,0,1,0,0,1,3,0,0,0,0,0,0,0,0,0
NS,2,1370,1999,0,0,0,0,1,6,0,0,0,0,0,0,0,0,0
NS,2,1370,2001,1,0,0,0,5,2,0,0,0,0,0,0,0,0,0
NS,2,1370,2002,0,0,0,0,0,1,0,0,0,0,0,0,0,0,0
NS,2,1370,2003,2,0,0,0,8,4,0,0,0,0,0,0,0,0,0
NS,2,1370,2004,0,0,0,0,2,2,0,0,0,0,0,0,0,0,0
NS,2,1370,2005,0,0,0,0,8,7,0,0,0,0,0,0,0,0,0
NS,2,1370,2006,0,0,0,0,3,0,0,0,0,0,0,0,0,0,0
NS,2,1370,2007,0,0,0,0,9,6,0,0,0,0,0,0,0,0,0
NS,2,1370,2008,2,0,0,0,3,9,0,0,0,0,0,0,0,0,0
NS,2,1370,2009,0,0,0,0,4,0,0,0,0,0,0,0,0,0,0
NS,2,1370,2010,1,0,0,0,3,1,0,0,0,0,0,0,0,0,0
NS,2,1370,2011,0,1,0,0,1,7,0,0,0,0,0,0,0,0,0
NS,2,1370,2013,0,2,0,0,5,2,0,0,0,0,0,0,0,0,0
NS,2,1370,2014,0,1,0,0,1,0,0,0,0,0,0,0,0,0,0
NS,2,1370,2015,0,0,0,0,1,1,0,0,0,0,0,0,0,0,0
NS,2,1370,2017,0,1,0,0,0,0,0,0,0,0,0,0,0,0,0
NS,2,1370,2018,0,0,0,0,2,2,0,0,0,0,0,0,0,0,0
NS,2,1370,2020,1,0,0,0,2,6,0,0,0,0,0,0,0,0,0
NS,2,1370,2021,0,3,0,0,1,0,0,0,0,0,0,0,0,0,0
NS,2,1370,2022,0,0,0,0,4,1,0,0,0,0,0,0,0,0,0
NS,2,1370,2023,0,1,0,0,2,0,0,0,0,0,0,0,0,0,0
NS,2,1370,2024,0,0,0,0,3,2,0,0,0,0,0,0,0,0,0
NS,2,1390,1976,11,7,0,0,41,45,0,1,0,0,0,0,1,0,28
NS,2,1390,1977,6,2,0,0,64,43,0,1,0,0,0,1,1,0,40
NS,2,1390,1978,18,12,0,0,59,70,0,0,0,0,0,4,3,0,27
NS,2,1390,1979,11,6,0,0,49,50,0,4,0,0,0,4,1,0,29
NS,2,1390,1980,14,7,0,0,59,54,0,4,0,0,0,6,1,0,28
NS,2,1390,1981,13,0,0,0,45,50,0,4,0,0,0,0,0,0,56
NS,2,1390,1982,8,5,0,0,33,22,0,1,0,0,0,1,4,0,23
NS,2,1390,1983,8,4,0,1,53,56,0,3,0,0,0,1,1,0,3
NS,2,1390,1984,12,7,0,0,96,76,0,3,0,0,0,2,0,0,4
NS,2,1390,1985,8,9,0,0,49,50,0,4,0,0,0,0,0,0,4
NS,2,1390,1986,16,9,0,1,68,72,0,6,0,0,0,0,0,0,11
NS,2,1390,1987,10,17,0,0,41,49,0,3,0,0,0,2,0,0,3
NS,2,1390,1988,22,11,0,0,51,37,0,3,0,0,0,0,0,0,4
NS,2,1390,1989,14,7,0,0,53,47,0,1,0,0,0,3,0,0,1
NS,2,1390,1990,9,3,0,0,81,50,0,0,0,0,0,4,2,0,0
NS,2,1390,1991,10,9,0,0,33,29,0,0,0,0,0,7,6,0,3
NS,2,1390,1992,16,6,0,2,31,38,0,4,0,0,0,1,1,0,6
NS,2,1390,1993,4,9,0,0,53,38,0,4,0,0,0,1,1,0,4
NS,2,1390,1994,17,19,0,0,71,57,0,3,0,0,0,1,2,0,3
NS,2,1390,1995,19,8,0,1,60,48,0,7,0,0,0,2,0,0,5
NS,2,1390,1996,8,11,0,0,27,23,0,5,0,0,0,1,0,0,1
NS,2,1390,1997,2,7,0,0,10,14,0,0,0,0,0,0,0,0,3
NS,2,1390,1998,5,2,0,0,34,30,0,2,0,0,0,0,0,0,1
NS,2,1390,1999,4,3,0,0,25,27,0,1,0,0,0,0,0,0,2
NS,2,1390,2000,3,1,0,0,12,12,0,0,0,0,0,1,1,0,0
NS,2,1390,2001,13,14,0,0,19,17,0,0,0,0,0,0,2,0,0
NS,2,1390,2002,5,9,0,0,15,12,0,0,0,0,0,0,0,0,2
NS,2,1390,2003,4,4,0,0,34,28,0,4,0,0,0,0,0,0,3
NS,2,1390,2004,9,14,0,0,34,32,0,6,0,0,0,1,0,0,7
NS,2,1390,2005,7,3,0,0,19,24,0,0,0,0,0,0,0,0,2
NS,2,1390,2006,5,9,0,0,37,13,0,3,0,0,0,0,0,0,0
NS,2,1390,2007,7,6,0,0,29,33,0,2,0,0,0,0,1,0,4
NS,2,1390,2008,5,7,0,0,24,22,0,2,0,0,0,1,1,0,6
NS,2,1390,2009,4,2,0,0,12,11,0,1,0,0,0,0,0,0,0
NS,2,1390,2010,6,6,0,0,31,34,0,0,0,0,0,0,0,0,1
NS,2,1390,2011,3,1,0,0,13,7,0,0,0,0,0,0,0,0,1
NS,2,1390,2012,4,2,0,0,19,7,0,1,0,0,0,0,0,0,0
NS,2,1390,2013,1,1,0,0,14,13,0,0,0,0,0,0,0,0,1
NS,2,1390,2014,1,4,0,0,11,4,0,2,0,0,0,0,0,0,1
NS,2,1390,2015,1,1,0,0,9,12,0,0,0,1,0,0,0,0,4
NS,2,1390,2016,0,0,0,0,5,3,0,1,0,0,0,0,0,0,1
NS,2,1390,2017,2,1,0,0,10,5,0,1,0,0,0,0,0,0,1
NS,2,1390,2018,3,1,0,0,9,5,0,0,0,0,0,0,0,0,0
NS,2,1390,2019,1,0,0,0,6,2,0,1,0,0,0,0,0,0,1
NS,2,1390,2020,3,1,0,0,7,6,0,0,0,0,0,0,0,0,0
NS,2,1390,2021,0,2,0,0,10,6,0,0,0,0,0,1,0,0,0
NS,2,1390,2022,0,1,0,0,3,9,0,0,0,0,0,0,0,0,0
NS,2,1390,2023,4,0,0,0,5,5,0,0,0,0,0,0,0,0,0
NS,2,1390,2024,5,2,0,0,12,15,0,0,0,0,0,0,0,0,0
NS,2,1400,1976,4,3,0,0,23,11,0,0,0,0,0,0,2,0,5
NS,2,1400,1977,2,1,0,0,25,25,0,0,0,0,0,0,2,0,27
NS,2,1400,1978,0,2,0,0,12,9,0,0,0,0,0,0,0,0,5
NS,2,1400,1979,6,7,0,0,29,14,0,0,0,0,0,2,1,0,2
NS,2,1400,1980,3,2,0,0,13,5,0,1,0,0,0,1,0,0,11
NS,2,1400,1981,3,3,0,0,10,9,0,0,0,0,0,0,1,0,3
NS,2,1400,1982,2,0,0,0,9,3,0,0,0,0,0,0,0,0,6
NS,2,1400,1983,3,4,0,0,20,22,0,0,0,0,0,2,1,0,1
NS,2,1400,1984,6,1,0,0,30,14,0,0,0,0,0,2,0,0,0
NS,2,1400,1985,2,1,0,0,9,7,0,0,0,0,0,0,1,0,0
NS,2,1400,1986,1,0,0,0,17,10,0,0,0,0,0,0,0,0,0
NS,2,1400,1987,3,2,0,0,9,4,0,0,0,0,0,0,0,0,0
NS,2,1400,1988,1,3,0,0,2,3,0,0,0,0,0,0,0,0,0
NS,2,1400,1989,0,0,0,0,6,3,0,0,0,0,0,0,0,0,0
NS,2,1400,1990,0,0,0,0,4,1,0,0,0,0,0,0,0,0,0
NS,2,1400,1991,1,0,0,0,1,5,0,0,0,0,0,0,0,0,0
NS,2,1400,1992,1,0,0,0,2,2,0,0,0,0,0,1,0,0,0
NS,2,1400,1993,0,1,0,0,0,1,0,0,0,0,0,0,0,0,0
NS,2,1400,1994,0,0,0,0,8,8,0,0,0,0,0,0,0,0,1
NS,2,1400,1995,5,5,0,0,20,12,0,0,0,0,0,1,0,0,1
NS,2,1400,1996,0,0,0,0,5,5,0,0,0,0,0,0,0,0,0
NS,2,1400,1997,0,0,0,0,1,2,0,0,0,0,0,0,0,0,0
NS,2,1400,1998,3,2,0,0,3,0,0,0,0,0,0,0,0,0,0
NS,2,1400,1999,1,1,0,0,1,1,0,0,0,0,0,0,0,0,0
NS,2,1400,2000,0,1,0,0,0,0,0,0,0,0,0,0,0,0,0
NS,2,1400,2001,1,0,0,0,6,2,0,0,0,0,0,0,0,0,0
NS,2,1400,2002,0,0,0,0,2,3,0,0,0,0,0,0,1,0,0
NS,2,1400,2003,4,0,0,0,6,7,0,0,0,0,0,0,0,0,0
NS,2,1400,2004,2,3,0,0,4,2,0,0,0,0,0,1,0,0,0
NS,2,1400,2005,0,0,0,0,8,8,0,0,0,0,0,0,0,0,0
NS,2,1400,2006,0,0,0,0,3,3,0,0,0,0,0,0,0,0,0
NS,2,1400,2007,0,0,0,0,4,5,0,0,0,0,0,0,0,0,0
NS,2,1400,2008,0,0,0,0,6,3,0,0,0,0,0,0,0,0,0
NS,2,1400,2009,0,1,0,0,4,4,0,0,0,0,0,0,0,0,0
NS,2,1400,2010,0,0,0,0,9,5,0,0,0,0,0,0,1,0,0
NS,2,1400,2011,2,0,0,0,3,6,0,0,0,0,0,0,0,0,0
NS,2,1400,2012,0,1,0,0,4,2,0,0,0,0,0,2,1,0,1
NS,2,1400,2013,0,1,0,0,2,0,0,0,0,0,0,0,0,0,0
NS,2,1400,2014,0,2,0,0,1,1,0,0,0,0,0,0,0,0,0
NS,2,1400,2015,0,0,0,0,1,1,0,0,0,0,0,0,0,0,0
NS,2,1400,2016,0,0,0,0,1,1,0,0,0,0,0,0,0,0,0
NS,2,1400,2019,0,0,0,0,1,0,0,0,0,0,0,0,0,0,0
NS,2,1400,2020,0,0,0,0,1,0,0,0,0,0,0,0,0,0,0
NS,2,1400,2021,0,0,0,0,2,3,0,0,0,0,0,0,0,0,0
NS,2,1400,2022,0,0,0,0,3,1,0,0,0,0,0,0,0,0,0
NS,2,1400,2023,0,0,0,0,0,1,0,0,0,0,0,0,0,0,0
NS,2,1400,2024,1,0,0,0,1,3,0,0,0,0,0,0,0,0,0
NS,2,1420,1976,0,0,0,0,1,0,0,0,0,0,0,0,0,0,0
NS,2,1420,1982,0,0,0,0,1,0,0,0,0,0,0,0,0,0,0
NS,2,1420,1984,0,1,0,0,0,1,0,0,0,0,0,0,0,0,0
NS,2,1420,1986,0,0,0,0,0,1,0,0,0,0,0,0,0,0,0
NS,2,1420,1989,0,0,0,0,2,1,0,0,0,0,0,0,0,0,0
NS,2,1420,1990,0,0,0,0,1,0,0,0,0,0,0,0,0,0,0
NS,2,1420,1992,0,0,0,0,0,1,0,0,0,0,0,0,0,0,0
NS,2,1420,1995,0,0,0,0,1,0,0,0,0,0,0,0,0,0,0
NS,2,1420,1998,0,0,0,0,1,0,0,0,0,0,0,0,0,0,0
NS,2,1420,2001,0,0,0,0,2,0,0,0,0,0,0,0,0,0,0
NS,2,1420,2002,0,0,0,0,0,3,0,0,0,0,0,0,0,0,0
NS,2,1420,2003,0,0,0,0,0,1,0,0,0,0,0,0,0,0,0
NS,2,1420,2005,0,0,0,0,4,1,0,0,0,0,0,0,0,0,0
NS,2,1420,2006,0,0,0,0,0,1,0,0,0,0,0,0,0,0,0
NS,2,1420,2007,0,0,0,0,0,1,0,0,0,0,0,0,0,0,0
NS,2,1420,2010,0,0,0,0,1,2,0,0,0,0,0,0,0,0,0
NS,2,1420,2014,0,1,0,0,0,1,0,0,0,0,0,0,0,0,0
NS,2,1420,2023,0,0,0,0,1,0,0,0,0,0,0,0,0,0,0
NS,2,1430,1976,0,0,0,0,0,3,0,0,0,0,0,0,0,0,0
NS,2,1430,1977,0,0,0,0,3,6,0,0,0,0,0,0,0,0,5
NS,2,1430,1978,0,0,0,0,4,5,0,0,0,0,0,0,0,0,0
NS,2,1430,1979,0,0,0,0,2,3,0,0,0,0,0,0,0,0,1
NS,2,1430,1980,0,0,0,0,2,2,0,0,0,0,0,0,0,0,2
NS,2,1430,1981,2,0,0,0,4,6,0,0,0,0,0,1,0,0,3
NS,2,1430,1982,1,1,0,0,3,3,0,0,0,0,0,0,0,0,1
NS,2,1430,1983,0,0,0,0,1,10,0,0,0,0,0,0,0,0,0
NS,2,1430,1984,2,0,0,0,2,3,0,0,0,0,0,1,0,0,2
NS,2,1430,1985,2,0,0,0,9,5,0,0,0,0,0,1,0,0,0
NS,2,1430,1986,1,0,0,0,2,6,0,0,0,0,0,0,0,0,0
NS,2,1430,1987,0,1,0,0,0,2,0,0,0,0,0,0,0,0,0
NS,2,1430,1988,1,0,0,0,4,3,0,0,0,0,0,0,0,0,0
NS,2,1430,1989,1,0,0,0,2,0,0,0,0,0,0,0,0,0,0
NS,2,1430,1990,1,0,0,0,0,9,0,0,0,0,0,0,1,0,1
NS,2,1430,1991,0,0,0,0,3,4,0,0,0,0,0,0,0,0,0
NS,2,1430,1992,0,0,0,0,1,0,0,0,0,0,0,0,0,0,0
NS,2,1430,1993,0,0,0,0,3,3,0,0,0,0,0,0,0,0,0
NS,2,1430,1994,1,1,0,0,4,6,0,0,0,0,0,0,0,0,0
NS,2,1430,1995,1,1,0,0,4,6,0,0,0,0,0,0,0,0,0
NS,2,1430,1996,2,0,0,0,1,2,0,0,0,0,0,0,0,0,1
NS,2,1430,1997,0,0,0,0,1,0,0,0,0,0,0,0,0,0,0
NS,2,1430,1998,0,0,0,0,3,0,0,0,0,0,0,0,0,0,0
NS,2,1430,1999,0,0,0,0,1,2,0,0,0,0,0,0,0,0,0
NS,2,1430,2000,0,0,0,0,0,2,0,0,0,0,0,0,0,0,0
NS,2,1430,2001,1,1,0,0,0,0,0,0,0,0,0,0,0,0,0
NS,2,1430,2002,0,0,0,0,0,4,0,0,0,0,0,0,0,0,0
NS,2,1430,2003,0,0,0,0,3,5,0,0,0,0,0,0,0,0,0
NS,2,1430,2005,0,0,0,0,1,1,0,0,0,0,0,0,0,0,0
NS,2,1430,2006,0,0,0,0,1,3,0,0,0,0,0,0,0,0,0
NS,2,1430,2007,2,0,0,0,2,8,0,0,0,0,0,0,0,0,0
NS,2,1430,2008,0,0,0,0,0,3,0,0,0,0,0,0,0,0,0
NS,2,1430,2009,0,0,0,0,0,1,0,0,0,0,0,0,0,0,0
NS,2,1430,2010,0,0,0,0,3,4,0,0,0,0,0,0,0,0,0
NS,2,1430,2011,0,0,0,0,1,0,0,0,0,0,0,0,0,0,0
NS,2,1430,2013,0,0,0,0,1,0,0,0,0,0,0,0,0,0,0
NS,2,1430,2014,0,2,0,0,5,1,0,0,0,0,0,0,0,0,0
NS,2,1430,2015,0,0,0,0,2,1,0,0,0,0,0,0,0,0,0
NS,2,1430,2021,0,0,0,0,1,1,0,0,0,0,0,0,0,0,0
NS,2,1430,2022,0,0,0,0,2,1,0,0,0,0,0,0,0,0,0
NS,2,1430,2023,0,0,0,0,0,1,0,0,0,0,0,0,0,0,0
NS,2,1430,2024,1,0,0,0,4,1,0,0,0,0,0,0,0,0,0
NS,2,1440,1976,0,2,0,0,1,1,0,0,0,0,0,1,0,0,0
NS,2,1440,1977,0,4,0,0,4,1,0,0,0,0,0,0,0,0,2
NS,2,1440,1978,0,2,0,0,3,2,0,0,0,0,0,0,0,0,2
NS,2,1440,1979,0,2,0,0,4,3,0,0,0,0,0,0,1,0,1
NS,2,1440,1980,1,8,0,0,0,1,0,0,0,0,0,0,0,0,1
NS,2,1440,1981,2,1,0,0,0,1,0,0,0,0,0,1,1,0,2
NS,2,1440,1982,0,1,0,0,0,2,0,0,0,0,0,0,0,0,5
NS,2,1440,1983,0,0,0,0,0,1,0,0,0,0,0,0,0,0,1
NS,2,1440,1984,1,5,0,0,1,4,0,0,0,0,0,0,0,0,0
NS,2,1440,1985,0,1,0,0,2,0,0,0,0,0,0,0,0,0,0
NS,2,1440,1986,1,1,0,0,0,2,0,0,0,0,0,1,0,0,0
NS,2,1440,1987,1,6,0,0,4,7,0,0,0,0,0,0,0,0,1
NS,2,1440,1988,0,0,0,0,1,3,0,0,0,0,0,0,0,0,0
NS,2,1440,1989,1,2,0,0,0,1,0,0,0,0,0,0,0,0,0
NS,2,1440,1990,1,0,0,0,4,1,0,0,0,0,0,0,1,0,0
NS,2,1440,1991,0,5,0,0,2,1,0,0,0,0,0,0,2,0,0
NS,2,1440,1992,2,4,0,0,1,3,0,0,0,0,0,1,0,0,0
NS,2,1440,1993,0,3,0,0,3,1,0,0,0,0,0,0,0,0,0
NS,2,1440,1994,4,0,0,0,2,2,0,0,0,0,0,0,0,0,0
NS,2,1440,1995,2,3,0,0,3,3,0,0,0,0,0,0,0,0,0
NS,2,1440,1996,2,3,0,0,5,2,0,0,0,0,0,0,1,0,0
NS,2,1440,1997,1,0,0,0,0,1,0,0,0,0,0,0,0,0,0
NS,2,1440,1998,1,1,0,0,1,3,0,0,0,0,0,0,0,0,0
NS,2,1440,1999,1,2,0,0,1,4,0,0,0,0,0,0,0,0,0
NS,2,1440,2000,0,0,0,0,1,2,0,0,0,0,0,0,0,0,0
NS,2,1440,2001,1,3,0,0,1,6,0,0,0,0,0,0,0,0,0
NS,2,1440,2002,0,3,0,0,2,4,0,0,0,0,0,0,0,0,0
NS,2,1440,2003,1,4,0,0,1,4,0,0,0,0,0,0,0,0,0
NS,2,1440,2004,0,5,0,0,4,7,0,0,0,0,0,0,0,0,0
NS,2,1440,2005,1,5,0,0,4,12,0,0,0,0,0,0,0,0,0
NS,2,1440,2006,1,6,0,0,7,7,0,0,0,0,0,0,0,0,0
NS,2,1440,2007,1,7,0,0,1,2,0,0,0,0,0,0,1,0,0
NS,2,1440,2008,0,3,0,0,1,2,0,0,0,0,0,0,0,0,0
NS,2,1440,2009,0,11,0,0,3,8,0,0,0,0,0,1,0,0,0
NS,2,1440,2010,1,4,0,0,2,5,0,0,0,0,0,1,0,0,0
NS,2,1440,2011,0,1,0,0,3,1,0,0,0,0,0,0,0,0,0
NS,2,1440,2012,2,6,0,0,2,1,0,0,0,0,0,0,0,0,0
NS,2,1440,2013,1,1,0,0,2,0,0,0,0,0,0,0,0,0,0
NS,2,1440,2014,1,2,0,0,3,2,0,0,0,0,0,0,0,0,0
NS,2,1440,2015,1,1,0,0,1,0,0,0,0,0,0,0,2,0,0
NS,2,1440,2016,1,0,0,0,1,0,0,0,0,0,0,0,0,0,0
NS,2,1440,2017,0,1,0,0,0,0,0,0,0,0,0,0,0,0,0
NS,2,1440,2018,1,1,0,0,1,0,0,0,0,0,0,0,0,0,0
NS,2,1440,2019,2,2,0,0,1,2,0,0,0,0,0,0,0,0,0
NS,2,1440,2020,0,1,0,0,1,0,0,0,0,0,0,0,0,0,0
NS,2,1440,2021,2,1,0,0,0,3,0,0,0,0,0,0,0,0,0
NS,2,1440,2022,0,2,0,0,1,6,0,0,0,0,0,0,0,0,0
NS,2,1440,2023,0,0,0,0,1,1,0,0,0,0,0,0,0,0,0
NS,2,1440,2024,2,0,0,0,2,1,0,0,0,0,0,0,0,0,0
NS,2,1460,1979,0,0,0,0,1,0,0,0,0,0,0,0,0,0,0
NS,2,1460,1981,0,0,0,0,2,0,0,0,0,0,0,0,0,0,1
NS,2,1460,1984,0,0,0,0,0,0,0,0,0,0,0,0,0,0,1
NS,2,1460,1987,0,0,0,0,0,1,0,0,0,0,0,0,0,0,0
NS,2,1480,1977,0,0,0,0,0,0,0,0,0,0,0,0,0,0,4
NS,2,1480,1979,0,0,0,0,3,1,0,0,0,0,0,0,0,0,1
NS,2,1480,1980,1,0,0,0,1,1,0,0,0,0,0,0,0,0,0
NS,2,1480,1981,0,0,0,0,1,0,0,0,0,0,0,0,0,0,1
NS,2,1480,1982,2,0,0,0,0,0,0,0,0,0,0,0,0,0,1
NS,2,1480,1983,0,0,0,0,1,0,0,0,0,0,0,0,0,0,0
NS,2,1480,1984,0,0,0,0,1,0,0,0,0,0,0,0,0,0,0
NS,2,1480,1985,0,0,0,0,1,1,0,0,0,0,0,0,0,0,0
NS,2,1480,1986,0,1,0,0,1,2,0,0,0,0,0,0,0,0,1
NS,2,1480,1987,0,5,0,0,0,2,0,0,0,0,0,0,0,0,0
NS,2,1480,1988,2,3,0,0,5,4,0,0,0,0,0,0,0,0,0
NS,2,1480,1989,2,4,0,0,5,3,0,0,0,0,0,0,0,0,0
NS,2,1480,1990,2,3,0,0,2,2,0,0,0,0,0,0,0,0,0
NS,2,1480,1991,1,0,0,0,4,7,0,0,0,0,0,0,0,0,0
NS,2,1480,1992,0,1,0,0,3,3,0,0,0,0,0,0,0,0,0
NS,2,1480,1993,0,0,0,0,3,4,0,0,0,0,0,1,0,0,0
NS,2,1480,1994,1,1,0,0,5,7,0,0,0,0,0,0,0,0,1
NS,2,1480,1995,9,1,0,0,1,5,0,0,0,0,0,0,0,0,1
NS,2,1480,1997,1,1,0,0,0,2,0,0,0,0,0,0,0,0,0
NS,2,1480,1998,0,0,0,0,0,1,0,0,0,0,0,0,0,0,0
NS,2,1480,1999,2,1,0,0,0,3,0,0,0,0,0,0,0,0,0
NS,2,1480,2000,0,0,0,0,1,1,0,0,0,0,0,0,0,0,0
NS,2,1480,2001,0,1,0,0,0,1,0,0,0,0,0,0,0,0,0
NS,2,1480,2003,1,1,0,0,1,1,0,0,0,0,0,0,0,0,0
NS,2,1480,2005,0,0,0,0,2,2,0,0,0,0,0,0,0,0,0
NS,2,1480,2007,1,0,0,0,1,0,0,0,0,0,0,0,0,0,0
NS,2,1480,2015,0,0,0,0,0,1,0,0,0,0,0,0,0,0,0
NS,2,1480,2018,0,1,0,0,2,0,0,0,0,0,0,0,0,0,0
NS,2,1480,2020,0,0,0,0,2,1,0,0,0,0,0,0,0,0,0
NS,2,1490,1977,0,1,0,0,4,0,0,0,0,0,0,0,0,0,1
NS,2,1490,1979,0,0,0,0,2,0,0,0,0,0,0,0,0,0,0
NS,2,1490,1980,0,0,0,0,1,2,0,0,0,0,0,0,0,0,1
NS,2,1490,1981,0,0,0,0,1,0,0,0,0,0,0,0,0,0,3
NS,2,1490,1982,1,0,0,0,0,0,0,0,0,0,0,0,0,0,0
NS,2,1490,1983,1,0,0,0,0,0,0,0,0,0,0,0,0,0,0
NS,2,1490,1984,1,0,0,0,1,1,0,0,0,0,0,0,0,0,0
NS,2,1490,1986,0,0,0,0,0,0,0,0,0,0,0,1,0,0,0
NS,2,1490,1987,0,1,0,0,0,0,0,1,0,0,0,0,0,0,0
NS,2,1490,1988,0,1,0,0,2,3,0,0,0,0,0,0,0,0,0
NS,2,1490,1989,0,0,0,0,0,1,0,0,0,0,0,0,0,0,0
NS,2,1490,1990,1,1,0,0,2,4,0,0,0,0,0,0,0,0,0
NS,2,1490,1991,0,2,0,0,2,0,0,0,0,0,0,0,0,0,0
NS,2,1490,1992,2,0,0,0,2,0,0,0,0,0,0,0,0,0,0
NS,2,1490,1993,0,0,0,0,0,1,0,0,0,0,0,0,0,0,0
NS,2,1490,1994,0,0,0,0,2,1,0,0,0,0,0,0,0,0,0
NS,2,1490,1995,2,1,0,0,2,1,0,0,0,0,0,0,0,0,0
NS,2,1490,1996,1,0,0,0,0,1,0,0,0,0,0,0,0,0,0
NS,2,1490,1997,0,0,0,0,1,2,0,0,0,0,0,0,0,0,0
NS,2,1490,1998,0,0,0,0,0,2,0,0,0,0,0,0,0,0,0
NS,2,1490,1999,1,0,0,0,0,2,0,0,0,0,0,0,0,0,0
NS,2,1490,2001,0,0,0,0,1,0,0,0,0,0,0,0,0,0,0
NS,2,1490,2002,1,0,0,0,0,0,0,0,0,0,0,0,0,0,0
NS,2,1490,2003,2,1,0,0,2,3,0,0,0,0,0,0,0,0,0
NS,2,1490,2004,0,0,0,0,1,0,0,0,0,0,0,0,0,0,0
NS,2,1490,2005,0,0,0,0,2,4,0,0,0,0,0,0,0,0,0
NS,2,1490,2007,1,1,0,0,0,0,0,0,0,0,0,0,0,0,0
NS,2,1490,2008,0,0,0,0,0,1,0,0,0,0,0,0,0,0,0
NS,2,1490,2010,0,0,0,0,1,0,0,0,0,0,0,0,0,0,0
NS,2,1490,2023,0,0,0,0,1,0,0,0,0,0,0,0,0,0,0
NS,2,1500,1976,2,0,0,0,12,8,0,0,0,0,0,0,0,0,2
NS,2,1500,1977,2,4,0,0,14,11,0,0,0,0,0,1,0,0,7
NS,2,1500,1978,0,0,0,0,17,6,0,0,0,0,0,0,0,0,1
NS,2,1500,1979,2,4,0,0,13,18,0,2,0,0,0,3,0,0,8
NS,2,1500,1980,0,1,0,0,10,6,0,0,0,0,0,0,0,0,3
NS,2,1500,1981,3,0,0,0,9,6,0,6,0,0,0,2,1,0,13
NS,2,1500,1982,1,1,0,0,6,5,0,0,0,0,0,0,0,0,8
NS,2,1500,1983,5,4,0,0,2,0,0,28,0,0,0,0,0,0,2
NS,2,1500,1984,5,2,0,0,17,21,0,0,0,0,0,2,0,0,0
NS,2,1500,1985,0,2,0,0,6,2,0,1,0,0,0,0,0,0,0
NS,2,1500,1986,3,1,0,0,15,15,0,1,0,0,0,0,0,0,1
NS,2,1500,1987,1,0,0,0,15,7,0,0,0,0,0,0,0,0,0
NS,2,1500,1988,1,1,0,0,14,7,0,0,0,0,0,0,0,0,0
NS,2,1500,1989,1,0,0,0,7,5,0,0,0,0,0,0,0,0,0
NS,2,1500,1990,4,0,0,0,13,13,0,1,0,0,0,0,0,0,0
NS,2,1500,1991,1,1,0,0,6,14,0,1,0,0,0,1,1,0,1
NS,2,1500,1992,3,0,0,0,12,7,0,0,0,0,0,0,0,0,1
NS,2,1500,1993,4,0,0,0,9,2,0,0,0,0,0,0,0,0,0
NS,2,1500,1994,7,5,0,0,16,12,0,1,0,0,0,1,2,0,1
NS,2,1500,1995,3,0,0,0,3,8,0,0,0,0,0,0,0,0,0
NS,2,1500,1996,1,0,0,0,8,3,0,0,0,0,0,0,0,0,0
NS,2,1500,1997,2,1,0,0,9,10,0,0,0,0,0,0,0,0,1
NS,2,1500,1998,0,0,0,0,9,6,0,0,0,0,0,0,0,0,1
NS,2,1500,1999,0,1,0,0,3,0,0,0,0,0,0,0,0,0,0
NS,2,1500,2000,0,0,0,0,2,0,0,0,0,0,0,0,0,0,0
NS,2,1500,2001,0,0,0,0,6,6,0,0,0,0,0,0,0,0,0
NS,2,1500,2002,0,2,0,0,1,4,0,0,0,0,0,0,0,0,0
NS,2,1500,2003,0,0,0,0,9,8,0,1,0,0,0,0,0,0,0
NS,2,1500,2004,0,1,0,0,9,4,0,1,0,0,0,1,1,0,1
NS,2,1500,2005,0,1,0,0,4,5,0,2,0,0,0,0,0,0,0
NS,2,1500,2006,0,0,0,0,7,3,0,2,0,0,0,0,0,0,0
NS,2,1500,2007,1,0,0,0,9,6,0,0,0,0,0,0,0,0,1
NS,2,1500,2008,3,1,0,0,13,5,0,0,0,0,0,0,0,0,0
NS,2,1500,2009,3,0,0,0,4,1,0,0,0,0,0,0,0,0,0
NS,2,1500,2010,3,0,0,0,6,4,0,0,0,0,0,0,0,0,0
NS,2,1500,2011,2,1,0,0,3,1,0,2,0,0,0,0,0,0,3
NS,2,1500,2012,0,5,0,0,2,1,0,0,0,0,0,0,0,0,0
NS,2,1500,2013,0,0,0,0,2,2,0,0,0,0,0,0,0,0,0
NS,2,1500,2014,1,0,0,0,4,2,0,0,0,0,0,0,0,0,0
NS,2,1500,2015,0,1,0,0,3,0,0,0,0,0,0,0,0,0,0
NS,2,1500,2016,0,0,0,0,2,0,0,0,0,0,0,0,0,0,0
NS,2,1500,2017,0,0,0,0,1,0,0,0,0,0,0,0,0,0,0
NS,2,1500,2018,0,0,0,0,0,1,0,0,0,0,0,0,0,0,0
NS,2,1500,2019,0,1,0,0,2,1,0,0,0,0,0,0,0,0,0
NS,2,1500,2020,0,0,0,0,1,0,0,0,0,0,0,0,0,0,0
NS,2,1500,2021,0,0,0,0,0,2,0,0,0,0,0,0,0,0,0
NS,2,1500,2022,0,0,0,0,0,1,0,0,0,0,0,0,0,0,0
NS,2,1500,2023,1,2,0,0,1,1,0,0,0,0,0,0,0,0,0
NS,2,1500,2024,1,0,0,0,1,2,0,0,0,0,0,0,0,0,0
NS,2,1510,1976,1,1,0,0,2,3,0,0,0,0,0,0,0,0,3
NS,2,1510,1977,4,3,0,0,1,1,0,0,0,0,0,0,0,0,3
NS,2,1510,1978,4,2,0,0,10,1,0,1,0,0,0,0,0,0,2
NS,2,1510,1979,1,2,0,0,1,5,0,0,0,0,0,0,0,0,5
NS,2,1510,1980,4,6,0,0,2,4,0,12,0,0,0,0,0,0,5
NS,2,1510,1981,1,4,0,0,5,2,0,0,0,0,0,0,0,0,1
NS,2,1510,1982,0,0,0,0,1,0,0,0,0,0,0,0,0,0,1
NS,2,1510,1983,2,14,0,0,4,4,0,2,0,0,0,0,0,0,1
NS,2,1510,1984,0,0,0,0,1,0,0,0,0,0,0,0,0,0,0
NS,2,1510,1985,1,4,0,0,4,5,0,0,0,0,0,0,0,0,0
NS,2,1510,1986,6,5,0,0,4,4,0,0,0,0,0,0,0,0,1
NS,2,1510,1987,2,5,0,0,6,1,0,0,0,0,0,0,0,0,0
NS,2,1510,1988,2,4,0,0,4,6,0,1,0,0,0,0,1,0,0
NS,2,1510,1989,1,6,0,0,4,4,0,0,0,0,0,0,0,0,0
NS,2,1510,1990,15,4,0,0,10,8,0,0,0,0,0,0,0,0,0
NS,2,1510,1991,1,1,0,0,1,5,0,0,0,0,0,0,0,0,0
NS,2,1510,1992,0,2,0,0,2,4,0,0,0,0,0,0,1,0,0
NS,2,1510,1993,4,8,0,0,4,1,0,0,0,0,0,0,0,0,0
NS,2,1510,1994,11,4,0,0,5,7,0,1,0,0,0,0,0,0,0
NS,2,1510,1995,4,4,0,0,7,0,0,0,0,0,0,0,0,0,0
NS,2,1510,1996,0,3,0,0,1,2,0,0,0,0,0,0,0,0,0
NS,2,1510,1997,1,3,0,0,0,1,0,1,0,0,0,0,0,0,0
NS,2,1510,1998,1,1,0,0,1,6,0,0,0,0,0,0,0,0,0
NS,2,1510,1999,1,0,0,0,2,1,0,0,0,0,0,0,0,0,0
NS,2,1510,2000,1,1,0,0,0,1,0,0,0,0,0,0,0,0,0
NS,2,1510,2001,3,2,0,0,2,4,0,0,0,0,0,0,0,0,0
NS,2,1510,2003,5,5,0,0,5,4,0,0,0,0,0,0,0,0,0
NS,2,1510,2004,3,3,0,0,2,3,0,0,0,0,0,0,0,0,0
NS,2,1510,2005,2,8,0,0,2,1,0,0,0,0,0,0,0,0,0
NS,2,1510,2006,0,0,0,0,0,1,0,0,0,0,0,0,0,0,0
NS,2,1510,2007,2,1,0,0,4,0,0,0,0,0,0,0,0,0,0
NS,2,1510,2008,0,4,0,0,1,0,0,0,0,0,0,0,0,0,0
NS,2,1510,2009,2,3,0,0,0,2,0,0,0,0,0,0,0,0,0
NS,2,1510,2010,0,3,0,0,0,2,0,0,0,0,0,0,0,0,0
NS,2,1510,2013,0,1,0,0,0,0,0,0,0,0,0,0,0,0,0
NS,2,1510,2014,0,4,0,0,0,1,0,0,0,0,0,0,0,0,0
NS,2,1510,2015,0,0,0,0,2,0,0,0,0,0,0,0,0,0,0
NS,2,1510,2018,0,3,0,0,3,2,0,0,0,0,0,0,0,0,1
NS,2,1510,2019,0,5,0,0,0,2,0,0,0,0,0,0,0,0,0
NS,2,1510,2020,1,0,0,0,1,0,0,0,0,0,0,0,0,0,0
NS,2,1520,1976,1,0,0,0,0,0,0,0,0,0,0,0,0,0,0
NS,2,1520,1977,0,0,0,0,1,0,0,1,0,0,0,0,0,0,0
NS,2,1520,1979,0,0,0,0,0,0,0,0,0,0,0,0,0,0,1
NS,2,1520,1981,0,1,0,0,0,0,0,0,0,0,0,0,0,0,0
NS,2,1520,1983,0,1,0,0,0,0,0,0,0,0,0,0,0,0,0
NS,2,1520,1987,1,0,0,0,0,0,0,0,0,0,0,0,0,0,0
NS,2,1520,1994,0,1,0,0,0,0,0,0,0,0,0,0,0,0,0
NS,2,1520,1995,2,0,0,0,0,0,0,0,0,0,0,0,0,0,0
NS,2,1520,2003,0,1,0,0,0,1,0,0,0,0,0,0,0,0,0
NS,2,1520,2010,0,1,0,0,0,0,0,0,0,0,0,0,0,0,0
NS,2,1520,2012,0,0,0,0,0,1,0,0,0,0,0,0,0,0,0
NS,2,1530,1976,0,0,0,0,1,0,0,0,0,0,0,0,0,0,0
NS,2,1530,1977,0,1,0,0,0,0,0,0,0,0,0,0,0,0,0
NS,2,1530,1979,0,0,0,0,0,0,0,0,0,0,0,0,0,0,7
NS,2,1530,1980,0,1,0,0,0,0,0,0,0,0,0,0,0,0,0
NS,2,1530,1981,0,3,0,0,0,1,0,0,0,0,0,0,0,0,0
NS,2,1530,1982,0,1,0,0,0,0,0,0,0,0,0,0,0,0,4
NS,2,1530,1983,1,5,0,0,2,0,0,0,0,0,0,0,0,0,0
NS,2,1530,1984,0,2,0,0,3,3,0,0,0,0,0,0,0,0,0
NS,2,1530,1985,1,3,0,0,0,0,0,20,0,0,0,0,0,0,0
NS,2,1530,1986,0,0,0,0,1,0,0,0,0,0,0,0,0,0,0
NS,2,1530,1987,1,1,0,0,0,0,0,0,0,0,0,0,0,0,0
NS,2,1530,1988,1,1,0,0,2,0,0,0,0,0,0,0,0,0,0
NS,2,1530,1990,0,1,0,0,1,1,0,0,0,0,0,0,0,0,0
NS,2,1530,1991,0,0,0,0,1,1,0,0,0,0,0,0,0,0,0
NS,2,1530,1992,0,0,0,0,0,1,0,0,0,0,0,0,0,0,0
NS,2,1530,1993,0,0,0,0,2,1,0,0,0,0,0,0,0,0,0
NS,2,1530,1994,1,2,0,0,0,1,0,0,0,0,0,0,0,0,0
NS,2,1530,1995,1,0,0,0,0,0,0,0,0,0,0,0,0,0,0
NS,2,1530,1996,0,1,0,0,0,0,0,0,0,0,0,0,0,0,0
NS,2,1530,1998,0,0,0,0,1,0,0,0,0,0,0,0,0,0,0
NS,2,1530,2002,0,1,0,0,1,0,0,0,0,0,0,0,0,0,0
NS,2,1530,2003,0,0,0,0,4,0,0,0,0,0,0,0,0,0,0
NS,2,1530,2004,1,0,0,0,1,0,0,0,0,0,0,0,0,0,0
NS,2,1530,2005,0,0,0,0,1,1,0,0,0,0,0,0,0,0,0
NS,2,1530,2006,0,0,0,0,1,0,0,0,0,0,0,0,0,0,0
NS,2,1530,2007,0,0,0,0,1,0,0,0,0,0,0,0,0,0,0
NS,2,1530,2015,0,0,0,0,1,0,0,1,0,0,0,0,0,0,0
NS,2,1530,2016,0,1,0,0,0,3,0,0,0,0,0,0,0,0,0
NS,2,1530,2018,0,0,0,0,0,1,0,0,0,0,0,0,0,0,0
NS,2,1530,2020,0,1,0,0,0,1,0,0,0,0,0,0,0,0,0
NS,2,1530,2024,0,0,0,0,0,1,0,0,0,0,0,0,0,0,0
NS,2,1540,1976,0,0,0,0,0,1,0,2,0,0,0,0,0,0,0
NS,2,1540,1977,0,0,0,0,0,0,0,0,0,0,0,0,0,0,2
NS,2,1540,1978,1,3,0,0,0,0,0,0,0,0,0,0,0,0,0
NS,2,1540,1979,3,3,0,0,0,0,0,5,0,0,0,0,0,0,1
NS,2,1540,1980,0,1,0,0,0,0,0,1,0,0,0,0,0,0,2
NS,2,1540,1981,1,2,0,0,0,1,0,0,0,0,0,0,0,0,0
NS,2,1540,1983,0,6,0,0,0,0,0,6,0,0,0,0,0,0,1
NS,2,1540,1984,0,0,0,0,0,0,0,2,0,0,0,0,0,0,0
NS,2,1540,1985,0,2,0,0,0,0,0,4,0,0,0,0,0,0,0
NS,2,1540,1986,0,1,0,0,0,1,0,0,0,0,0,0,0,0,1
NS,2,1540,1987,0,2,0,0,0,0,0,1,0,0,0,0,0,0,0
NS,2,1540,1991,0,2,0,0,0,0,0,0,0,0,0,0,0,0,6
NS,2,1540,1992,1,0,0,0,0,0,0,0,0,0,0,0,0,0,0
NS,2,1540,1994,0,0,0,0,0,0,0,1,0,0,0,0,0,0,0
NS,2,1540,1995,0,1,0,0,0,0,0,0,0,0,0,0,0,0,0
NS,2,1540,1998,0,1,0,0,0,0,0,0,0,0,0,0,0,0,0
NS,2,1540,2001,0,2,0,0,0,0,0,1,0,0,0,0,0,0,0
NS,2,1540,2002,0,0,0,0,1,1,0,1,0,0,0,0,0,0,0
NS,2,1540,2003,1,0,0,0,0,0,0,0,0,0,0,0,0,0,0
NS,2,1540,2006,0,1,0,0,0,0,0,0,0,0,0,0,0,0,0
NS,2,1540,2013,0,0,0,0,0,0,0,1,0,0,0,0,0,0,0
NS,2,1540,2014,0,1,0,0,0,0,0,1,0,0,0,0,0,0,0
NS,2,1540,2023,0,1,0,0,0,0,0,1,0,0,0,0,0,0,0
NS,2,1590,1976,0,2,0,0,0,0,0,1,0,0,0,0,0,0,1
NS,2,1590,1977,0,0,0,0,0,0,0,0,0,0,0,0,0,0,3
NS,2,1590,1978,1,0,0,0,1,0,0,0,0,0,0,0,0,0,1
NS,2,1590,1979,0,2,0,0,0,0,0,0,0,0,0,0,0,0,2
NS,2,1590,1980,0,0,0,0,0,0,0,0,0,0,0,0,0,0,2
NS,2,1590,1981,0,0,0,0,0,1,0,0,0,0,0,0,0,0,0
NS,2,1590,1982,0,0,0,0,3,2,0,0,0,0,0,0,0,0,1
NS,2,1590,1983,0,1,0,0,5,0,0,0,0,0,0,1,2,0,0
NS,2,1590,1984,1,2,0,0,0,1,0,0,0,0,0,0,0,0,0
NS,2,1590,1985,0,0,0,0,2,0,0,0,0,0,0,0,0,0,0
NS,2,1590,1986,0,0,0,0,3,3,0,0,0,0,0,0,0,0,0
NS,2,1590,1989,0,0,0,0,1,0,0,0,0,0,0,0,0,0,0
NS,2,1590,1990,0,1,0,0,2,0,0,0,0,0,0,0,0,0,0
NS,2,1590,1991,0,1,0,0,2,2,0,0,0,0,0,0,0,0,2
NS,2,1590,1994,2,1,0,0,7,7,0,0,0,0,0,0,0,0,0
NS,2,1590,1995,0,0,0,0,0,3,0,1,0,0,0,0,0,0,0
NS,2,1590,1997,0,0,0,0,3,3,0,0,0,0,0,0,0,0,0
NS,2,1590,1998,1,1,0,0,0,1,0,0,0,0,0,0,0,0,1
NS,2,1590,2000,0,0,0,0,3,0,0,0,0,0,0,0,0,0,0
NS,2,1590,2001,0,1,0,0,8,1,0,0,0,0,0,0,0,0,0
NS,2,1590,2002,5,5,0,0,0,0,0,0,0,0,0,0,0,0,0
NS,2,1590,2003,0,8,0,0,0,2,0,1,0,0,0,0,0,0,0
NS,2,1590,2004,0,0,0,0,1,0,0,0,0,0,0,0,0,0,0
NS,2,1590,2005,0,0,0,0,2,2,0,0,0,0,0,0,0,0,0
NS,2,1590,2006,0,0,0,0,0,1,0,0,0,0,0,0,0,0,0
NS,2,1590,2010,0,1,0,0,0,0,0,0,0,0,0,0,0,0,0
NS,2,1590,2012,1,0,0,0,2,0,0,0,0,0,0,0,0,0,0
NS,2,1590,2013,0,1,0,0,0,0,0,0,0,0,0,0,0,0,0
NS,2,1590,2014,0,1,0,0,1,0,0,0,0,0,0,0,0,0,0
NS,2,1590,2018,0,0,0,0,0,1,0,0,0,0,0,0,0,0,0
NS,2,1590,2020,0,0,0,0,2,0,0,0,0,0,0,0,0,0,0
NS,2,1590,2023,0,0,0,0,0,1,0,0,0,0,0,0,0,0,0
NS,2,1620,1989,1,0,0,0,0,0,0,0,0,0,0,0,0,0,0
NS,2,1630,1976,1,0,0,0,0,0,0,0,0,0,0,0,0,0,2
NS,2,1630,1977,0,0,0,0,0,0,0,0,0,0,0,0,0,0,3
NS,2,1630,1979,0,0,0,0,0,0,0,0,0,0,0,0,0,0,1
NS,2,1630,1981,0,0,0,0,0,0,0,1,0,0,0,0,0,0,0
NS,2,1630,1984,0,0,0,0,0,0,0,1,0,0,0,0,0,0,1
NS,2,1630,1985,0,0,0,0,0,0,0,1,0,0,0,0,0,0,0
NS,2,1630,1989,1,0,0,0,0,0,0,0,0,0,0,0,0,0,0
NS,2,1630,1990,0,1,0,0,0,0,0,0,0,0,0,0,0,0,0
NS,2,1630,1991,0,1,0,0,0,0,0,0,0,0,0,0,0,0,0
NS,2,1630,1994,0,0,0,0,0,0,0,2,0,0,0,0,0,0,0
NS,2,1630,1995,1,0,0,0,0,0,0,0,0,0,0,0,0,0,0
NS,2,1630,1996,0,0,0,0,0,0,0,1,0,0,0,0,0,0,0
NS,2,1630,1998,0,0,0,0,0,2,0,0,0,0,0,0,0,0,0
NS,2,1630,2023,0,0,0,0,0,0,0,2,0,0,0,0,0,0,0
NS,2,1650,1976,0,0,0,0,0,0,0,6,0,0,0,0,0,0,0
NS,2,1650,1977,0,1,0,0,0,0,0,1,0,0,0,0,0,0,1
NS,2,1650,1978,0,1,0,0,0,0,0,0,0,0,0,0,0,0,0
NS,2,1650,1979,0,0,0,0,0,0,0,5,0,0,0,0,0,0,1
NS,2,1650,1980,0,0,0,0,0,0,0,4,0,0,0,0,0,0,0
NS,2,1650,1982,0,1,0,0,0,0,0,6,0,0,0,0,0,0,0
NS,2,1650,1983,0,0,0,0,0,0,0,1,0,0,0,0,0,0,0
NS,2,1650,1984,1,1,0,0,0,0,0,6,0,0,0,0,0,0,0
NS,2,1650,1985,0,0,0,0,0,0,0,1,0,0,0,0,0,0,0
NS,2,1650,1987,0,0,0,0,1,0,0,0,0,0,0,0,0,0,0
NS,2,1650,1989,0,0,0,0,1,3,0,0,0,0,0,1,0,0,0
NS,2,1650,1991,0,0,0,0,0,0,0,0,0,0,0,0,0,0,1
NS,2,1650,1994,1,1,0,0,0,0,0,1,0,0,0,0,0,0,0
NS,2,1650,1995,0,1,0,0,0,0,0,0,0,0,0,0,0,0,0
NS,2,1650,2002,0,2,0,0,1,0,0,0,0,0,0,0,0,0,0
NS,2,1650,2003,1,3,0,0,0,0,0,0,0,0,0,0,0,0,0
NS,2,1650,2006,0,0,0,0,0,1,0,1,0,0,0,0,0,0,0
NS,2,1650,2012,0,0,0,0,0,1,0,0,0,0,0,0,0,0,0
NS,2,1650,2013,0,0,0,0,0,1,0,1,0,0,0,0,0,0,0
NS,2,1660,1976,0,2,0,0,0,0,0,7,0,0,0,0,0,0,8
NS,2,1660,1977,0,0,0,0,0,0,0,4,0,0,0,0,0,0,2
NS,2,1660,1979,0,0,0,0,0,0,0,2,0,0,0,0,0,0,0
NS,2,1660,1980,0,0,0,0,0,0,0,1,0,0,0,0,0,0,0
NS,2,1660,1981,0,0,0,0,0,0,0,8,0,0,0,0,0,0,1
NS,2,1660,1982,0,1,0,0,0,0,0,8,0,0,0,0,0,0,0
NS,2,1660,1983,1,0,0,0,0,0,0,2,0,0,0,0,0,0,2
NS,2,1660,1984,0,0,0,0,0,0,0,6,0,0,0,0,0,0,0
NS,2,1660,1985,1,1,0,0,0,0,0,4,0,0,0,0,0,0,0
NS,2,1660,1987,0,1,0,0,1,0,0,0,0,0,0,0,0,0,0
NS,2,1660,1988,1,0,0,0,0,1,0,0,0,0,0,0,0,0,0
NS,2,1660,1989,1,2,0,0,0,0,0,0,0,0,0,0,0,0,0
NS,2,1660,1990,0,0,0,0,0,0,0,3,0,0,0,0,0,0,0
NS,2,1660,1991,1,0,0,0,1,0,0,1,0,0,0,0,0,0,0
NS,2,1660,1992,0,1,0,0,0,0,0,0,0,0,0,1,0,0,0
NS,2,1660,1993,0,0,0,0,0,1,0,0,0,0,0,0,0,0,0
NS,2,1660,1994,0,0,0,0,0,0,0,7,0,0,0,0,0,0,0
NS,2,1660,1995,1,0,0,0,0,0,0,5,0,0,0,0,0,0,0
NS,2,1660,1997,0,0,0,0,0,0,0,5,0,0,0,0,0,0,0
NS,2,1660,1998,0,0,0,0,1,4,0,1,0,0,0,0,1,0,0
NS,2,1660,2001,0,1,0,0,1,4,0,0,0,0,0,0,0,0,0
NS,2,1660,2006,0,0,0,0,0,0,0,6,0,0,0,0,0,0,0
NS,2,1660,2010,0,0,0,0,0,1,0,0,0,0,0,0,0,0,0
NS,2,1660,2012,1,0,0,0,1,1,0,1,0,0,0,0,0,0,0
NS,2,1670,1976,0,0,0,0,0,0,0,3,0,0,0,0,0,0,1
NS,2,1670,1983,1,0,0,0,0,0,0,0,0,0,0,0,0,0,0
NS,2,1670,1991,0,0,0,0,0,0,0,1,0,0,0,0,0,0,0
NS,2,1670,1994,0,0,0,0,0,0,0,1,0,0,0,0,0,0,0
NS,2,1692,1980,0,0,0,0,0,0,0,0,0,0,0,0,0,0,1
NS,2,1692,1981,0,0,0,0,0,0,0,0,0,0,0,0,0,0,1
NS,2,1692,1982,0,0,0,1,0,0,0,0,0,0,0,0,0,0,0
NS,2,1692,1995,0,0,0,1,0,0,0,0,0,0,0,0,0,0,0
NS,2,1692,1996,0,0,0,1,0,0,0,0,0,0,0,0,0,0,0
NS,2,1710,1989,0,0,0,0,0,0,0,1,0,0,0,0,0,0,0
NS,2,1710,2015,0,0,0,0,0,0,0,0,0,1,0,0,0,0,0
NS,2,1722,1976,0,0,0,18,0,0,0,34,0,0,0,0,0,0,15
NS,2,1722,1977,0,0,0,12,0,0,0,7,0,0,0,0,0,0,15
NS,2,1722,1978,0,0,0,11,0,0,0,18,0,0,0,0,0,0,9
NS,2,1722,1979,0,0,0,19,0,0,0,29,0,0,0,0,0,0,10
NS,2,1722,1980,0,0,0,14,0,0,0,20,0,0,0,0,0,0,5
NS,2,1722,1981,0,0,0,23,0,0,0,12,0,0,0,0,0,0,7
NS,2,1722,1982,0,0,0,18,0,0,0,11,0,0,0,0,0,0,5
NS,2,1722,1983,0,0,0,19,0,0,0,40,0,0,0,0,0,0,0
NS,2,1722,1984,0,0,0,22,0,0,0,24,0,0,0,0,0,0,0
NS,2,1722,1985,0,0,0,21,0,0,0,19,0,0,0,0,0,0,0
NS,2,1722,1986,0,1,0,25,0,0,0,30,0,0,0,0,0,0,1
NS,2,1722,1987,0,0,0,29,1,0,0,30,0,0,0,0,0,0,0
NS,2,1722,1988,0,0,0,40,0,0,0,58,0,0,0,0,0,0,0
NS,2,1722,1989,0,0,0,43,0,0,0,57,0,0,0,0,0,0,1
NS,2,1722,1990,0,0,0,34,0,1,0,32,0,0,0,0,0,0,0
NS,2,1722,1991,0,0,0,21,0,0,0,6,0,0,0,0,0,0,0
NS,2,1722,1992,0,0,0,25,0,0,0,18,0,0,0,0,0,0,0
NS,2,1722,1993,0,1,0,18,0,0,0,37,0,0,0,0,0,0,0
NS,2,1722,1994,0,0,0,38,0,0,0,48,0,0,0,0,0,0,1
NS,2,1722,1995,0,0,0,27,0,0,0,34,0,0,0,0,0,0,1
NS,2,1722,1996,0,0,0,37,0,0,0,16,0,0,0,0,0,0,0
NS,2,1722,1997,0,0,0,28,0,0,0,13,0,0,0,0,0,0,0
NS,2,1722,1998,0,0,0,30,0,0,0,15,0,0,0,0,0,0,0
NS,2,1722,1999,0,0,0,36,0,0,0,20,0,0,0,0,0,0,1
NS,2,1722,2000,0,0,0,13,0,0,0,8,0,0,0,0,0,0,0
NS,2,1722,2001,0,0,0,36,0,0,0,11,0,0,0,0,0,0,1
NS,2,1722,2002,0,0,0,61,0,0,0,28,0,0,0,0,0,0,0
NS,2,1722,2003,0,0,0,57,0,0,0,43,0,0,0,0,0,0,1
NS,2,1722,2004,0,0,0,103,0,0,0,49,0,0,0,0,0,0,4
NS,2,1722,2005,0,0,0,53,0,0,0,35,0,0,0,0,0,0,0
NS,2,1722,2006,0,0,0,44,0,0,0,29,0,0,0,0,0,0,0
NS,2,1722,2007,0,0,0,39,0,0,0,33,0,0,0,0,0,0,0
NS,2,1722,2008,0,0,0,43,0,0,0,25,0,0,0,0,0,0,0
NS,2,1722,2009,0,0,0,20,0,0,0,14,0,0,0,0,0,0,0
NS,2,1722,2010,0,0,1,47,0,0,3,28,0,0,0,0,0,0,0
NS,2,1722,2011,0,0,1,58,0,0,1,57,0,0,0,0,0,0,0
NS,2,1722,2012,0,0,0,54,0,0,0,22,0,0,0,0,0,0,0
NS,2,1722,2013,0,0,0,21,0,0,1,18,0,0,0,0,0,0,0
NS,2,1722,2014,0,0,0,30,0,0,0,42,0,0,0,0,0,0,0
NS,2,1722,2015,0,0,2,52,0,0,0,41,0,0,0,0,0,0,0
NS,2,1722,2016,0,0,1,36,0,0,3,17,0,0,0,0,0,0,0
NS,2,1722,2017,0,0,0,43,0,0,0,15,0,0,0,0,0,0,0
NS,2,1722,2018,0,0,0,20,0,0,0,8,0,0,0,0,0,0,0
NS,2,1722,2019,0,0,0,37,0,0,0,11,0,0,0,0,0,0,0
NS,2,1722,2020,0,0,0,70,0,0,0,25,0,0,0,0,0,0,0
NS,2,1722,2021,0,0,0,33,0,0,0,11,0,2,0,0,0,0,0
NS,2,1722,2022,0,0,0,40,0,0,0,4,0,5,0,0,0,0,0
NS,2,1722,2023,0,0,0,59,0,0,0,13,0,6,0,0,0,0,0
NS,2,1722,2024,0,0,0,86,0,0,0,15,0,4,0,0,0,0,0
NS,2,2280,1989,5,10,0,1,47,44,0,5,0,0,0,0,0,0,0
NS,2,2280,1999,0,0,0,0,1,0,0,0,0,0,0,0,0,0,0
NS,2,2280,2006,21,9,0,0,18,24,0,0,0,0,0,0,0,0,1
NS,2,2280,2007,19,13,0,0,17,26,0,2,0,0,0,0,1,0,0
NS,2,2280,2008,23,18,0,0,23,23,0,0,0,0,0,0,0,0,0
NS,2,2280,2009,15,6,0,0,13,19,0,1,0,0,0,0,0,0,0
NS,2,2280,2010,42,29,0,0,54,43,0,0,0,0,0,0,0,0,2
NS,2,2280,2011,23,21,0,1,25,37,0,1,0,0,0,0,0,0,2
NS,2,2280,2012,20,20,0,0,18,33,0,0,0,0,0,0,0,0,0
NS,2,2280,2013,13,13,0,0,17,26,0,1,0,0,0,0,0,0,0
NS,2,2280,2014,14,12,0,0,15,25,0,0,0,0,0,0,1,0,0
NS,2,2280,2015,6,5,0,0,13,20,0,0,0,0,0,0,0,0,0
NS,2,2280,2016,11,4,0,0,15,10,0,0,0,0,0,0,0,0,0
NS,2,2280,2017,4,9,0,0,14,11,0,0,0,0,0,0,0,0,0
NS,2,2280,2018,10,7,0,0,17,12,0,1,0,0,0,0,0,0,0
NS,2,2280,2019,6,4,0,0,17,5,0,0,0,0,0,1,0,0,0
NS,2,2280,2020,10,10,0,0,15,25,0,0,0,0,0,0,0,0,0
NS,2,2280,2021,5,5,0,0,2,11,0,1,0,0,0,0,0,0,0
NS,2,2280,2022,10,16,0,0,12,22,0,0,0,0,0,1,1,0,0
NS,2,2280,2023,8,6,0,0,5,13,0,0,0,0,0,0,0,0,0
NS,2,2280,2024,10,10,0,0,15,14,0,0,0,0,0,0,0,0,0
NS,NA,1310,1991,0,1,0,0,0,0,0,0,0,0,0,0,0,0,0
NS,NA,1320,1991,0,1,0,0,0,0,0,0,0,0,0,0,0,0,0
NS,NA,1330,1991,1,3,0,0,14,10,0,0,0,0,0,0,0,0,0
NS,NA,1390,1991,1,3,0,0,2,3,0,1,0,0,0,0,0,0,0
NS,NA,1400,1991,1,0,0,0,0,1,0,0,0,0,0,0,0,0,0
NS,NA,1430,1991,0,0,0,0,2,0,0,0,0,0,0,0,0,0,0
NS,NA,1480,1991,0,1,0,0,0,0,0,0,0,0,0,0,0,0,0
NS,NA,1500,1991,0,0,0,0,1,2,0,0,0,0,0,0,0,0,0
NS,NA,1510,1991,0,1,0,0,0,0,0,0,0,0,0,0,0,0,0
NS,NA,1520,1991,1,0,0,0,0,0,0,0,0,0,0,0,0,0,0
NS,NA,1590,1991,4,6,0,0,4,1,0,0,0,0,0,0,0,0,0
NS,NA,1590,2002,0,1,0,0,0,0,0,0,0,0,0,0,0,0,0
NS,NA,1722,1991,0,0,0,2,0,0,0,0,0,0,0,0,0,0,0
NT,1,1290,1977,0,0,0,0,1,1,0,0,0,0,0,0,0,0,0
NT,1,1290,1980,0,0,0,0,0,0,0,0,0,0,0,0,0,0,1
NT,1,1290,1986,0,0,0,0,0,0,0,0,0,0,0,0,0,0,3
NT,1,1300,1977,1,0,0,0,0,0,0,1,0,0,0,0,0,0,1
NT,1,1300,1980,0,0,0,0,0,0,0,0,0,0,0,0,0,0,1
NT,1,1320,1976,5,0,0,0,12,13,0,1,0,0,0,0,0,0,1
NT,1,1320,1977,0,1,0,0,7,4,0,0,0,0,0,0,1,0,23
NT,1,1320,1978,3,1,0,0,14,18,0,0,0,0,0,0,0,0,3
NT,1,1320,1979,1,2,0,0,13,10,0,1,0,0,0,0,0,0,2
NT,1,1320,1980,1,1,0,0,8,5,0,0,0,0,0,0,0,0,6
NT,1,1320,1981,3,5,0,0,11,5,0,0,0,0,0,0,0,0,9
NT,1,1320,1982,0,1,0,0,0,0,0,0,0,0,0,0,0,0,1
NT,1,1320,1983,3,1,0,0,7,5,0,0,0,0,0,0,0,0,0
NT,1,1320,1984,2,1,0,0,8,6,0,0,0,0,0,0,0,0,5
NT,1,1320,1985,0,2,0,0,1,0,0,0,0,0,0,0,0,0,0
NT,1,1320,1986,0,0,0,0,7,2,0,0,0,0,0,0,0,0,0
NT,1,1320,1987,3,1,0,0,2,3,0,0,0,0,0,0,0,0,0
NT,1,1320,1988,0,1,0,0,2,3,0,0,0,0,0,0,0,0,0
NT,1,1320,1989,0,0,0,0,5,5,0,0,0,0,0,0,0,0,0
NT,1,1320,1990,5,1,0,0,4,3,0,0,0,0,0,0,0,0,0
NT,1,1320,1991,1,0,0,0,7,4,0,0,0,0,0,0,0,0,0
NT,1,1320,1992,5,5,0,0,9,15,0,0,0,0,0,0,0,0,0
NT,1,1320,1993,0,1,0,0,7,4,0,0,0,0,0,0,0,0,0
NT,1,1320,1994,0,1,0,0,1,0,0,0,0,0,0,0,0,0,0
NT,1,1320,1995,2,0,0,0,3,2,0,0,0,0,0,0,0,0,0
NT,1,1320,1996,1,0,0,0,2,1,0,0,0,0,0,0,0,0,0
NT,1,1320,1997,1,0,0,0,4,1,0,0,0,0,0,0,0,0,0
NT,1,1320,1998,6,0,0,0,14,9,0,0,0,0,0,0,0,0,0
NT,1,1320,2000,2,3,0,0,0,4,0,0,0,0,0,0,0,0,0
NT,1,1320,2001,0,0,0,0,5,12,0,0,0,0,0,0,0,0,0
NT,1,1320,2002,0,0,0,0,6,2,0,0,0,0,0,0,0,0,0
NT,1,1320,2003,1,1,0,0,0,1,0,0,0,0,0,0,0,0,0
NT,1,1320,2004,0,0,0,0,1,0,0,0,0,0,0,0,0,0,0
NT,1,1320,2005,0,0,0,0,2,0,0,0,0,0,0,0,0,0,0
NT,1,1320,2006,0,1,0,0,2,3,0,0,0,0,0,0,0,0,0
NT,1,1320,2007,1,0,0,0,1,2,0,0,0,0,0,0,0,0,0
NT,1,1320,2011,0,0,0,0,2,0,0,0,0,0,0,0,0,0,0
NT,1,1320,2012,0,0,0,0,2,1,0,0,0,0,0,0,0,0,0
NT,1,1320,2013,0,0,0,0,2,0,0,0,0,0,0,0,0,0,0
NT,1,1320,2017,0,0,0,0,1,0,0,0,0,0,0,0,0,0,0
NT,1,1320,2022,0,0,0,0,0,1,0,0,0,0,0,0,0,0,0
NT,1,1320,2023,0,0,0,0,0,3,0,0,0,0,0,0,0,0,0
NT,1,1320,2024,4,1,0,0,2,3,0,0,0,0,0,0,0,0,0
NT,1,1321,1991,0,0,0,0,0,1,0,0,0,0,0,0,0,0,0
NT,1,1350,2001,0,0,0,0,1,0,0,0,0,0,0,0,0,0,0
NT,1,1370,1976,3,0,0,0,7,5,0,0,0,0,0,0,0,0,1
NT,1,1370,1977,0,0,0,0,0,2,0,0,0,0,0,0,0,0,4
NT,1,1370,1978,1,0,0,0,16,9,0,0,0,0,0,0,0,0,1
NT,1,1370,1979,1,1,0,0,4,7,0,0,0,0,0,0,0,0,1
NT,1,1370,1980,0,0,0,0,4,1,0,0,0,0,0,0,0,0,1
NT,1,1370,1981,0,1,0,0,6,3,0,0,0,0,0,0,0,0,5
NT,1,1370,1983,2,0,0,0,3,0,0,0,0,0,0,0,0,0,0
NT,1,1370,1984,1,0,0,0,1,2,0,0,0,0,0,0,0,0,3
NT,1,1370,1986,0,0,0,0,2,3,0,0,0,0,0,1,0,0,0
NT,1,1370,1990,0,0,0,0,2,2,0,0,0,0,0,0,0,0,0
NT,1,1370,1991,1,0,0,0,4,10,0,0,0,0,0,0,0,0,1
NT,1,1370,1992,1,1,0,0,3,1,0,0,0,0,0,0,0,0,0
NT,1,1370,1993,1,0,0,0,5,4,0,0,0,0,0,0,0,0,0
NT,1,1370,1996,0,0,0,0,0,1,0,0,0,0,0,0,0,0,0
NT,1,1370,1997,0,0,0,0,1,2,0,0,0,0,0,0,0,0,0
NT,1,1370,1998,0,0,0,0,2,0,0,0,0,0,0,0,0,0,0
NT,1,1370,2001,0,0,0,0,1,2,0,0,0,0,0,0,0,0,0
NT,1,1370,2002,0,0,0,0,2,1,0,0,0,0,0,0,0,0,0
NT,1,1370,2003,0,0,0,0,2,2,0,0,0,0,0,0,0,0,0
NT,1,1370,2004,0,0,0,0,0,1,0,0,0,0,0,0,0,0,0
NT,1,1370,2005,0,0,0,0,1,1,0,0,0,0,0,0,0,0,0
NT,1,1370,2006,0,0,0,0,2,2,0,0,0,0,0,0,0,0,0
NT,1,1370,2011,0,0,0,0,1,0,0,0,0,0,0,0,0,0,0
NT,1,1370,2012,0,0,0,0,1,2,0,0,0,0,0,0,0,0,0
NT,1,1370,2013,0,0,0,0,1,0,0,0,0,0,0,0,0,0,0
NT,1,1370,2022,0,0,0,0,1,1,0,0,0,0,0,0,0,0,0
NT,1,1370,2024,2,0,0,0,5,3,0,0,0,0,0,0,0,0,0
NT,1,1390,1976,2,0,0,0,3,4,0,0,0,0,0,0,0,0,2
NT,1,1390,1977,0,0,0,0,1,0,0,0,0,0,0,0,0,0,1
NT,1,1390,1978,0,1,0,0,4,2,0,0,0,0,0,0,0,0,4
NT,1,1390,1979,0,0,0,0,7,3,0,0,0,0,0,0,0,0,0
NT,1,1390,1980,0,0,0,0,1,1,0,0,0,0,0,0,1,0,1
NT,1,1390,1981,0,0,0,0,3,1,0,0,0,0,0,0,0,0,0
NT,1,1390,1983,0,0,0,0,0,1,0,0,0,0,0,0,0,0,0
NT,1,1390,1984,0,0,0,0,2,1,0,0,0,0,0,0,0,0,0
NT,1,1390,1986,0,0,0,0,5,1,0,0,0,0,0,0,0,0,0
NT,1,1390,1989,0,0,0,0,1,0,0,0,0,0,0,0,0,0,0
NT,1,1390,1990,1,0,0,0,0,0,0,0,0,0,0,0,0,0,0
NT,1,1390,1991,0,0,0,0,1,3,0,0,0,0,0,0,0,0,1
NT,1,1390,1992,0,0,0,0,1,2,0,0,0,0,0,0,0,0,0
NT,1,1390,1993,0,0,0,0,0,1,0,0,0,0,0,0,0,0,0
NT,1,1390,1997,1,0,0,0,0,0,0,0,0,0,0,0,0,0,0
NT,1,1390,1998,0,0,0,0,2,3,0,0,0,0,0,0,0,0,0
NT,1,1390,2000,0,0,0,0,0,1,0,0,0,0,0,0,0,0,0
NT,1,1390,2003,0,0,0,0,1,0,0,0,0,0,0,0,0,0,0
NT,1,1390,2004,0,0,0,0,0,1,0,0,0,0,0,0,0,0,0
NT,1,1390,2005,0,0,0,0,0,0,0,0,0,0,0,0,0,0,1
NT,1,1390,2011,0,0,0,0,1,1,0,0,0,0,0,0,0,0,0
NT,1,1390,2022,0,0,0,0,1,0,0,0,0,0,0,0,0,0,0
NT,1,1390,2023,0,0,0,0,2,0,0,0,0,0,0,0,0,0,0
NT,1,1390,2024,1,0,0,0,1,3,0,1,0,0,0,0,0,0,0
NT,1,1400,1977,0,0,0,0,0,0,0,0,0,0,0,0,0,0,1
NT,1,1400,1980,0,0,0,0,0,1,0,0,0,0,0,0,0,0,0
NT,1,1400,1986,0,0,0,0,0,1,0,0,0,0,0,1,0,0,0
NT,1,1400,1989,0,0,0,0,0,1,0,0,0,0,0,0,0,0,0
NT,1,1400,1998,1,0,0,0,0,0,0,0,0,0,0,0,0,0,0
NT,1,1400,2001,0,0,0,0,0,1,0,0,0,0,0,0,0,0,0
NT,1,1400,2024,2,0,0,0,2,1,0,0,0,0,0,0,0,0,0
NT,1,1420,1976,0,0,0,0,1,2,0,0,0,0,0,0,0,0,0
NT,1,1420,1977,0,0,0,0,1,0,0,0,0,0,0,0,0,0,0
NT,1,1420,1978,0,0,0,0,2,1,0,0,0,0,0,0,0,0,0
NT,1,1420,1979,2,1,0,0,1,1,0,0,0,0,0,0,0,0,0
NT,1,1420,1980,0,0,0,0,2,0,0,0,0,0,0,0,0,0,0
NT,1,1420,1981,0,0,0,0,0,2,0,0,0,0,0,0,0,0,1
NT,1,1420,1984,0,0,0,0,0,1,0,0,0,0,0,0,0,0,0
NT,1,1420,1986,0,0,0,0,2,1,0,0,0,0,0,0,0,0,0
NT,1,1420,1990,0,0,0,0,1,0,0,0,0,0,0,0,0,0,0
NT,1,1420,1998,0,0,0,0,1,1,0,0,0,0,0,0,0,0,0
NT,1,1420,2001,0,0,0,0,0,1,0,0,0,0,0,0,0,0,0
NT,1,1420,2007,0,0,0,0,0,1,0,0,0,0,0,0,0,0,0
NT,1,1420,2022,0,0,0,0,1,0,0,0,0,0,0,0,0,0,0
NT,1,1420,2023,0,0,0,0,5,2,0,0,0,0,0,0,0,0,0
NT,1,1420,2024,0,0,0,0,2,0,0,0,0,0,0,0,0,0,0
NT,1,1430,1976,0,0,0,0,3,0,0,0,0,0,0,0,0,0,2
NT,1,1430,1977,0,1,0,0,1,0,0,0,0,0,0,1,0,0,1
NT,1,1430,1978,0,1,0,0,3,8,0,1,0,0,0,0,0,0,0
NT,1,1430,1979,1,0,0,0,5,5,0,0,0,0,0,0,0,0,0
NT,1,1430,1981,0,0,0,0,4,0,0,0,0,0,0,0,0,0,0
NT,1,1430,1983,0,0,0,0,1,2,0,0,0,0,0,0,0,0,0
NT,1,1430,1984,0,0,0,0,2,2,0,0,0,0,0,0,0,0,0
NT,1,1430,1989,0,0,0,0,0,1,0,0,0,0,0,0,0,0,0
NT,1,1430,1990,0,0,0,0,1,2,0,0,0,0,0,0,0,0,0
NT,1,1430,1991,0,0,0,0,3,0,0,0,0,0,0,0,0,0,0
NT,1,1430,1992,0,0,0,0,1,2,0,0,0,0,0,0,0,0,0
NT,1,1430,1993,0,0,0,0,0,2,0,0,0,0,0,0,0,0,0
NT,1,1430,1997,0,0,0,0,1,0,0,0,0,0,0,0,0,0,0
NT,1,1430,1998,0,1,0,0,0,0,0,0,0,0,0,0,0,0,0
NT,1,1430,2000,0,1,0,0,1,0,0,0,0,0,0,0,0,0,0
NT,1,1430,2001,0,0,0,0,0,1,0,0,0,0,0,0,0,0,0
NT,1,1430,2003,0,0,0,0,2,0,0,0,0,0,0,0,0,0,0
NT,1,1430,2006,0,0,0,0,0,1,0,0,0,0,0,0,0,0,0
NT,1,1430,2007,1,0,0,0,0,0,0,0,0,0,0,0,0,0,0
NT,1,1430,2023,0,0,0,0,6,2,0,0,0,0,0,0,0,0,0
NT,1,1430,2024,0,0,0,0,2,1,0,0,0,0,0,0,0,0,0
NT,1,1440,1992,0,0,0,0,0,1,0,0,0,0,0,0,0,0,0
NT,1,1460,1991,0,1,0,0,0,1,0,0,0,0,0,0,0,0,0
NT,1,1460,1993,0,0,0,0,0,2,0,0,0,0,0,0,0,0,0
NT,1,1460,2001,0,0,0,0,1,0,0,0,0,0,0,0,0,0,0
NT,1,1470,1986,0,0,0,0,1,0,0,0,0,0,0,0,0,0,0
NT,1,1470,1989,0,0,0,0,0,1,0,0,0,0,0,0,0,0,0
NT,1,1470,1990,0,0,0,0,0,1,0,0,0,0,0,0,0,0,0
NT,1,1470,1998,0,0,0,0,1,0,0,0,0,0,0,0,0,0,0
NT,1,1470,2000,0,0,0,0,1,0,0,0,0,0,0,0,0,0,0
NT,1,1470,2006,0,0,0,0,0,1,0,0,0,0,0,0,0,0,0
NT,1,1480,1993,0,0,0,0,0,0,0,2,0,0,0,0,0,0,0
NT,1,1480,2002,0,0,0,0,1,0,0,0,0,0,0,0,0,0,0
NT,1,1480,2006,1,0,0,0,0,0,0,0,0,0,0,0,0,0,0
NT,1,1490,1976,0,0,0,0,1,1,0,0,0,0,0,0,0,0,1
NT,1,1490,1977,2,0,0,0,1,0,0,0,0,0,0,0,0,0,2
NT,1,1490,1978,0,0,0,0,2,0,0,0,0,0,0,0,0,0,0
NT,1,1490,1979,1,1,0,0,2,2,0,0,0,0,0,1,1,0,0
NT,1,1490,1980,0,0,0,0,3,4,0,0,0,0,0,0,0,0,1
NT,1,1490,1981,2,0,0,0,2,2,0,0,0,0,0,0,0,0,2
NT,1,1490,1984,1,0,0,0,1,1,0,0,0,0,0,0,0,0,0
NT,1,1490,1985,0,0,0,0,0,1,0,0,0,0,0,0,0,0,0
NT,1,1490,1986,0,0,0,0,2,1,0,0,0,0,0,0,0,0,0
NT,1,1490,1988,0,0,0,0,0,1,0,0,0,0,0,0,0,0,0
NT,1,1490,1989,0,0,0,0,0,1,0,0,0,0,0,0,0,0,0
NT,1,1490,1990,0,0,0,0,2,1,0,0,0,0,0,0,0,0,0
NT,1,1490,1991,0,0,0,0,1,0,0,0,0,0,0,0,0,0,0
NT,1,1490,1992,0,0,0,0,1,0,0,0,0,0,0,0,0,0,0
NT,1,1490,1993,0,0,0,0,2,3,0,0,0,0,0,0,0,0,0
NT,1,1490,1996,0,0,0,0,0,1,0,0,0,0,0,0,0,0,0
NT,1,1490,1997,2,0,0,0,2,6,0,0,0,0,0,0,0,0,0
NT,1,1490,2000,2,0,0,0,1,1,0,0,0,0,0,0,0,0,0
NT,1,1490,2001,0,0,0,0,3,0,0,0,0,0,0,0,0,0,0
NT,1,1490,2003,0,0,0,0,1,0,0,0,0,0,0,0,0,0,0
NT,1,1490,2006,0,0,0,0,0,3,0,0,0,0,0,0,0,0,0
NT,1,1490,2007,0,0,0,0,0,1,0,0,0,0,0,0,0,0,0
NT,1,1490,2012,0,0,0,0,0,4,0,0,0,0,0,0,0,0,0
NT,1,1490,2022,0,0,0,0,1,0,0,0,0,0,0,0,0,0,0
NT,1,1500,1977,0,2,0,0,0,0,0,0,0,0,0,0,0,0,2
NT,1,1500,1978,0,0,0,0,1,1,0,0,0,0,0,0,0,0,0
NT,1,1500,1980,0,0,0,0,1,0,0,0,0,0,0,0,0,0,0
NT,1,1500,1981,0,0,0,0,0,0,0,0,0,0,0,0,0,0,1
NT,1,1500,1984,0,0,0,0,0,1,0,0,0,0,0,0,0,0,0
NT,1,1500,1985,0,1,0,0,0,0,0,0,0,0,0,0,0,0,0
NT,1,1500,1986,0,0,0,0,2,2,0,0,0,0,0,0,0,0,0
NT,1,1500,1987,0,0,0,0,1,0,0,0,0,0,0,0,0,0,0
NT,1,1500,1989,0,0,0,0,2,0,0,0,0,0,0,0,0,0,0
NT,1,1500,1991,0,0,0,0,0,1,0,1,0,0,0,0,0,0,0
NT,1,1500,1992,0,0,0,0,1,1,0,0,0,0,0,0,0,0,0
NT,1,1500,1993,0,0,0,0,1,0,0,0,0,0,0,0,0,0,0
NT,1,1500,1995,0,0,0,0,0,1,0,0,0,0,0,0,0,0,0
NT,1,1500,1997,0,1,0,0,0,1,0,0,0,0,0,0,0,0,0
NT,1,1500,1998,0,0,0,0,3,1,0,0,0,0,0,0,0,0,0
NT,1,1500,2000,0,0,0,0,2,0,0,0,0,0,0,0,0,0,0
NT,1,1500,2001,0,0,0,0,1,0,0,0,0,0,0,0,0,0,0
NT,1,1500,2005,0,0,0,0,0,1,0,0,0,0,0,0,0,0,0
NT,1,1500,2012,1,0,0,0,0,0,0,0,0,0,0,0,0,0,0
NT,1,1510,1976,0,0,0,0,2,0,0,0,0,0,0,0,0,0,0
NT,1,1510,1978,0,0,0,0,2,0,0,0,0,0,0,0,0,0,0
NT,1,1510,1980,0,0,0,0,1,1,0,0,0,0,0,0,0,0,0
NT,1,1510,1986,0,0,0,0,0,1,0,0,0,0,0,0,0,0,0
NT,1,1510,1987,0,0,0,0,3,3,0,0,0,0,0,0,0,0,0
NT,1,1510,1989,0,0,0,0,1,1,0,0,0,0,0,0,0,0,0
NT,1,1510,1990,0,1,0,0,1,0,0,0,0,0,0,0,0,0,0
NT,1,1510,1997,1,2,0,0,0,0,0,0,0,0,0,0,0,0,0
NT,1,1510,2000,0,1,0,0,0,0,0,0,0,0,0,0,0,0,0
NT,1,1510,2022,0,1,0,0,0,0,0,0,0,0,0,0,0,0,0
NT,1,1520,1980,0,0,0,0,1,0,0,0,0,0,0,0,0,0,0
NT,1,1530,1976,0,0,0,0,0,0,0,1,0,0,0,0,0,0,0
NT,1,1530,1977,0,0,0,0,0,1,0,0,0,0,0,1,0,0,2
NT,1,1530,1979,0,0,0,0,1,0,0,0,0,0,0,0,0,0,0
NT,1,1530,1980,0,0,0,0,2,1,0,0,0,0,0,0,0,0,0
NT,1,1530,1986,0,0,0,0,2,0,0,0,0,0,0,0,0,0,0
NT,1,1530,1991,0,0,0,0,1,0,0,0,0,0,0,0,0,0,0
NT,1,1530,1992,0,0,0,0,4,0,0,0,0,0,0,0,0,0,2
NT,1,1530,1993,0,0,0,0,2,0,0,0,0,0,0,0,0,0,0
NT,1,1530,2000,0,2,0,0,2,1,0,0,0,0,0,0,0,0,0
NT,1,1530,2004,0,3,0,0,0,1,0,0,0,0,0,0,0,0,0
NT,1,1530,2006,0,0,0,0,1,0,0,1,0,0,0,0,0,0,0
NT,1,1530,2012,0,0,0,0,0,2,0,0,0,0,0,0,0,0,0
NT,1,1530,2022,0,0,0,0,0,1,0,0,0,0,0,0,0,0,0
NT,1,1540,1978,0,0,0,0,0,0,0,2,0,0,0,0,0,0,0
NT,1,1540,1981,1,0,0,0,0,0,0,0,0,0,0,0,0,0,0
NT,1,1540,1998,0,0,0,0,1,0,0,0,0,0,0,0,0,0,0
NT,1,1590,1989,0,1,0,0,0,3,0,0,0,0,0,1,0,0,0
NT,1,1590,1995,0,2,0,0,0,0,0,0,0,0,0,0,0,0,0
NT,1,1590,2003,0,1,0,0,1,0,0,0,0,0,0,0,0,0,0
NT,1,1630,1977,0,0,0,0,0,0,0,5,0,0,0,0,0,0,0
NT,1,1630,1979,0,0,0,0,0,0,0,1,0,0,0,0,0,0,0
NT,1,1650,1981,0,0,0,0,0,0,0,1,0,0,0,0,0,0,0
NT,1,1650,1984,0,0,0,0,0,0,0,1,0,0,0,0,0,0,0
NT,1,1650,1985,0,0,0,0,0,0,0,1,0,0,0,0,0,0,1
NT,1,1650,1993,0,0,0,0,0,0,0,5,0,0,0,0,0,0,0
NT,1,1650,2000,2,0,0,0,0,0,0,0,0,0,0,0,0,0,0
NT,1,1650,2024,0,0,0,0,0,0,0,1,0,0,0,0,0,0,0
NT,1,1660,1976,0,1,0,0,0,0,0,0,0,0,0,0,0,0,0
NT,1,1660,1978,0,0,0,0,0,0,0,1,0,0,0,0,0,0,0
NT,1,1660,1980,1,0,0,0,0,0,0,1,0,0,0,0,0,0,3
NT,1,1660,1981,0,0,0,0,0,0,0,2,0,0,0,0,0,0,1
NT,1,1660,1983,0,0,0,0,0,0,0,1,0,0,0,0,0,0,0
NT,1,1660,1984,0,0,0,0,0,0,0,2,0,0,0,0,0,0,1
NT,1,1660,1985,0,0,0,0,0,0,0,1,0,0,0,0,0,0,0
NT,1,1660,1986,0,0,0,0,1,1,0,0,0,0,0,0,0,0,0
NT,1,1660,1993,0,0,0,0,2,3,0,0,0,0,0,0,0,0,0
NT,1,1660,1998,0,0,0,0,2,0,0,0,0,0,0,0,0,0,0
NT,1,1660,2012,0,0,0,0,0,0,0,1,0,0,0,0,0,0,0
NT,1,1670,1976,0,0,0,0,1,0,0,0,0,0,0,0,0,0,0
NT,1,1670,1977,0,0,0,0,0,0,0,1,0,0,0,0,0,0,0
NT,1,1670,1984,1,0,0,0,0,0,0,0,0,0,0,0,0,0,0
NT,1,1670,2002,0,0,0,0,0,0,0,2,0,0,0,0,0,0,0
NT,1,1692,1976,0,0,0,4,0,0,0,1,0,0,0,0,0,0,5
NT,1,1692,1979,0,0,0,6,0,0,0,0,0,0,0,0,0,0,0
NT,1,1692,1990,0,0,0,3,0,0,0,3,0,0,0,0,0,0,0
NT,1,1692,1994,0,0,0,3,0,0,0,2,0,0,0,0,0,0,0
NT,1,1692,1995,0,0,0,4,0,0,0,3,0,0,0,0,0,0,0
NT,1,1700,1999,0,0,0,0,0,0,0,2,0,0,0,0,0,0,0
NT,1,1710,1983,0,0,0,0,0,0,0,0,0,0,0,0,0,0,1
NT,1,1710,1990,0,0,0,1,0,0,0,1,0,0,0,0,0,0,0
NT,1,1721,1976,0,0,0,0,0,0,0,1,0,0,0,0,0,0,0
NT,1,1721,1977,0,0,0,0,0,0,0,1,0,0,0,0,0,0,0
NT,1,1721,1990,0,0,0,1,0,0,0,0,0,0,0,0,0,0,0
NT,1,1721,1996,0,0,0,1,0,0,0,1,0,0,0,0,0,0,0
NT,1,1721,1999,0,0,0,1,0,0,0,0,0,0,0,0,0,0,0
NT,1,1722,1976,0,0,0,1,0,0,0,0,0,0,0,0,0,0,0
NT,1,1722,1980,0,0,0,0,0,0,0,0,0,0,0,0,0,0,1
NT,1,1722,1987,0,0,0,1,0,0,0,0,0,0,0,0,0,0,0
NT,1,1722,1989,0,0,0,0,0,0,0,0,0,0,0,0,0,0,1
NT,1,1722,1990,0,0,0,1,0,0,0,0,0,0,0,0,0,0,0
NT,1,1722,1991,0,0,0,0,0,0,0,1,0,0,0,0,0,0,0
NT,1,1722,1994,0,0,0,1,0,0,0,0,0,0,0,0,0,0,0
NT,NA,1320,1991,0,0,0,0,1,0,0,0,0,0,0,0,0,0,0
NU,1,1320,2000,0,0,0,0,1,0,0,0,0,0,0,0,0,0,0
NU,1,1390,2000,0,0,0,0,0,1,0,0,0,0,0,0,0,0,0
NU,1,1692,2000,0,0,0,1,0,0,0,1,0,0,0,0,0,0,0
NU,1,1693,2000,0,0,0,3,0,0,0,2,0,0,0,0,0,0,0
NU,1,1700,2000,0,0,0,0,0,0,0,1,0,0,0,0,0,0,0
NU,1,1721,2000,0,0,0,1,0,0,0,1,0,0,0,0,0,0,0
ON,1,1290,1976,1,0,0,0,0,0,0,2,0,0,0,0,0,0,0
ON,1,1290,1977,0,0,0,0,0,0,0,4,0,0,0,0,0,0,0
ON,1,1290,1978,0,3,0,0,2,1,0,0,0,0,0,0,0,0,0
ON,1,1290,1979,0,0,0,0,0,0,0,2,0,0,0,0,0,0,2
ON,1,1290,1980,1,0,0,0,1,1,0,0,0,0,0,0,0,0,0
ON,1,1290,1981,0,0,0,0,1,1,0,0,0,0,0,0,0,0,0
ON,1,1290,1982,1,2,0,0,0,0,0,3,0,0,0,0,0,0,0
ON,1,1290,1983,0,0,0,0,2,0,0,0,0,0,0,0,0,0,0
ON,1,1290,1984,1,1,0,0,1,0,0,0,0,0,0,0,0,0,0
ON,1,1290,1985,0,0,0,0,0,0,0,2,0,0,0,0,0,0,0
ON,1,1290,1986,0,0,0,0,0,0,0,1,0,0,0,0,0,0,0
ON,1,1290,1988,2,0,0,0,0,1,0,0,0,0,0,0,0,0,0
ON,1,1290,1989,0,0,0,0,1,1,0,0,0,0,0,0,0,0,0
ON,1,1290,1990,0,1,0,0,1,0,0,0,0,0,0,0,0,0,0
ON,1,1290,1991,0,0,0,0,2,0,0,0,0,0,0,0,0,0,0
ON,1,1290,1992,1,0,0,0,1,0,0,0,0,0,0,0,0,0,0
ON,1,1290,1993,2,0,0,0,1,0,0,0,0,0,0,0,0,0,0
ON,1,1290,1996,0,0,0,0,1,1,0,0,0,0,0,0,0,0,0
ON,1,1290,1997,0,1,0,0,0,1,0,0,0,0,0,0,0,0,0
ON,1,1290,1998,0,0,0,0,1,0,0,0,0,0,0,0,0,0,0
ON,1,1290,1999,1,1,0,0,0,1,0,0,0,0,0,0,0,0,0
ON,1,1290,2000,0,1,0,0,1,2,0,0,0,0,0,0,0,0,0
ON,1,1290,2002,1,0,0,0,0,2,0,0,0,0,0,0,0,0,0
ON,1,1290,2003,0,1,0,0,1,0,0,0,0,0,0,0,0,0,0
ON,1,1290,2004,2,2,0,0,0,0,0,0,0,0,0,0,0,0,0
ON,1,1290,2005,0,1,0,0,1,0,0,0,0,0,0,0,0,0,0
ON,1,1290,2006,0,2,0,0,2,0,0,2,0,0,0,0,0,0,0
ON,1,1290,2007,0,0,0,0,1,1,0,0,0,0,0,0,0,0,0
ON,1,1290,2008,0,3,0,0,1,0,0,0,0,0,0,0,0,0,0
ON,1,1290,2009,0,2,0,0,0,0,0,0,0,0,0,0,0,0,0
ON,1,1290,2011,0,0,0,0,3,0,0,0,0,0,0,0,0,0,0
ON,1,1290,2013,1,1,0,0,1,0,0,0,0,0,0,0,0,0,0
ON,1,1290,2014,1,9,0,0,2,1,0,0,0,0,0,0,0,0,0
ON,1,1290,2015,1,0,0,0,0,1,0,0,0,0,0,0,0,0,0
ON,1,1290,2016,1,0,0,0,0,1,0,0,0,0,0,0,0,0,0
ON,1,1290,2017,0,0,0,0,1,0,0,0,0,0,0,0,0,0,0
ON,1,1290,2018,0,1,0,0,1,0,0,0,0,0,0,0,0,0,0
ON,1,1290,2019,0,1,0,0,0,0,0,0,0,0,0,1,0,0,0
ON,1,1290,2020,0,1,0,0,4,2,0,0,0,0,0,0,0,0,0
ON,1,1290,2021,0,0,0,0,2,1,0,0,0,0,0,0,0,0,0
ON,1,1290,2022,0,3,0,0,1,6,0,0,0,0,0,0,0,0,0
ON,1,1290,2023,0,0,0,0,2,0,0,0,0,0,0,0,0,0,0
ON,1,1290,2024,0,1,0,0,1,0,0,0,0,0,0,0,0,0,0
ON,1,1300,1976,1,1,0,0,1,0,0,6,0,0,0,0,0,0,3
ON,1,1300,1977,0,0,0,0,0,0,0,0,0,0,0,0,0,0,4
ON,1,1300,1979,0,2,0,0,0,0,0,0,0,0,0,0,0,0,0
ON,1,1300,1980,0,0,0,0,0,2,0,0,0,0,0,0,0,0,0
ON,1,1300,1981,0,0,0,0,1,0,0,0,0,0,0,0,0,0,5
ON,1,1300,1982,0,0,0,0,0,0,0,2,0,0,0,0,0,0,0
ON,1,1300,1983,5,2,0,0,1,6,0,2,0,0,0,0,0,0,0
ON,1,1300,1984,0,1,0,0,2,0,0,0,0,0,0,0,0,0,0
ON,1,1300,1985,0,1,0,0,0,0,0,4,0,0,0,0,0,0,0
ON,1,1300,1986,0,1,0,0,0,0,0,0,0,0,0,0,0,0,0
ON,1,1300,1987,1,0,0,0,0,3,0,0,0,0,0,0,0,0,0
ON,1,1300,1988,1,0,0,0,2,1,0,0,0,0,0,0,0,0,0
ON,1,1300,1989,0,0,0,0,1,3,0,0,0,0,0,0,0,0,0
ON,1,1300,1991,0,0,0,0,1,1,0,0,0,0,0,0,0,0,0
ON,1,1300,1992,0,2,0,0,1,1,0,0,0,0,0,0,0,0,0
ON,1,1300,1993,0,0,0,0,0,0,0,1,0,0,0,0,0,0,0
ON,1,1300,1995,0,0,0,0,0,0,0,1,0,0,0,0,0,0,0
ON,1,1300,1997,0,1,0,0,0,4,0,2,0,0,0,0,0,0,0
ON,1,1300,1998,0,1,0,0,0,1,0,0,0,0,0,0,0,0,0
ON,1,1300,1999,1,0,0,0,1,0,0,0,0,0,0,0,0,0,0
ON,1,1300,2000,1,2,0,0,1,1,0,0,0,0,0,0,0,0,0
ON,1,1300,2001,0,1,0,0,0,1,0,0,0,0,0,0,0,0,0
ON,1,1300,2002,0,0,0,0,1,0,0,0,0,0,0,0,0,0,0
ON,1,1300,2003,0,1,0,0,0,0,0,3,0,0,0,0,0,0,0
ON,1,1300,2004,1,1,0,0,0,0,0,2,0,0,0,0,0,0,0
ON,1,1300,2005,1,0,0,0,0,0,0,0,0,0,0,0,0,0,0
ON,1,1300,2006,0,0,0,0,0,0,0,1,0,0,0,0,0,0,0
ON,1,1300,2007,2,0,0,0,0,0,0,1,0,0,0,0,0,0,0
ON,1,1300,2008,0,0,0,0,0,0,0,2,0,0,0,0,0,0,0
ON,1,1300,2011,0,1,0,0,0,0,0,0,0,0,0,0,0,0,0
ON,1,1300,2013,0,0,0,0,0,0,0,2,0,0,0,0,0,0,0
ON,1,1300,2014,0,0,0,0,1,1,0,1,0,0,0,0,0,0,0
ON,1,1300,2015,0,0,0,0,0,0,0,1,0,0,0,0,0,0,0
ON,1,1300,2016,0,0,0,0,0,0,0,2,0,0,0,0,0,0,0
ON,1,1300,2017,0,1,0,0,0,0,0,3,0,0,0,0,0,0,0
ON,1,1300,2018,0,1,0,0,0,0,0,0,0,0,0,0,0,0,0
ON,1,1300,2019,1,0,0,0,0,0,0,1,0,0,0,0,0,0,0
ON,1,1300,2020,1,0,0,0,0,0,0,1,0,0,0,0,0,0,0
ON,1,1300,2022,0,1,0,0,0,0,0,0,0,0,0,0,0,0,0
ON,1,1300,2023,0,0,0,0,0,0,0,2,0,0,0,0,0,0,0
ON,1,1310,1976,1,1,0,0,0,0,0,2,0,0,0,0,0,0,0
ON,1,1310,1977,0,2,0,0,0,1,0,7,0,0,0,0,0,0,12
ON,1,1310,1978,1,0,0,0,3,3,0,0,0,0,0,0,0,0,5
ON,1,1310,1979,2,4,0,0,0,0,0,2,0,0,0,0,0,0,4
ON,1,1310,1980,0,1,0,0,0,0,0,6,0,0,0,0,0,0,2
ON,1,1310,1981,0,4,0,0,0,0,0,1,0,0,0,0,0,0,1
ON,1,1310,1982,0,1,0,0,0,0,0,3,0,0,0,0,0,0,2
ON,1,1310,1983,0,1,0,0,3,5,0,0,0,0,0,0,0,0,0
ON,1,1310,1984,2,1,0,0,1,1,0,0,0,0,0,0,0,0,0
ON,1,1310,1985,1,3,0,0,0,1,0,5,0,0,0,0,0,0,0
ON,1,1310,1986,0,2,0,0,0,0,0,2,0,0,0,0,0,0,0
ON,1,1310,1987,1,1,0,0,0,0,0,0,0,0,0,0,0,0,0
ON,1,1310,1988,0,1,0,0,1,1,0,0,0,0,0,0,0,0,0
ON,1,1310,1989,0,0,0,0,0,0,0,2,0,0,0,0,0,0,0
ON,1,1310,1990,0,3,0,0,3,2,0,0,0,0,0,0,0,0,0
ON,1,1310,1991,1,1,0,0,3,3,0,0,0,0,0,0,0,0,0
ON,1,1310,1992,0,5,0,0,5,0,0,0,0,0,0,0,0,0,1
ON,1,1310,1993,0,2,0,0,2,1,0,0,0,0,0,0,0,0,0
ON,1,1310,1994,0,1,0,0,1,1,0,3,0,0,0,0,0,0,0
ON,1,1310,1995,0,2,0,0,0,0,0,4,0,0,0,0,0,0,1
ON,1,1310,1996,1,2,0,0,1,0,0,4,0,0,0,0,0,0,0
ON,1,1310,1997,1,2,0,0,1,0,0,6,0,0,0,0,0,0,0
ON,1,1310,1998,1,4,0,0,1,4,0,0,0,0,0,0,0,0,0
ON,1,1310,1999,1,4,0,0,5,4,0,1,0,0,0,0,0,0,0
ON,1,1310,2000,3,2,0,0,2,3,0,0,0,0,0,0,0,0,0
ON,1,1310,2001,3,5,0,0,1,3,0,0,0,0,0,0,0,0,0
ON,1,1310,2002,1,5,0,0,1,2,0,0,0,0,0,0,0,0,1
ON,1,1310,2003,1,3,0,0,0,0,0,2,0,0,0,0,0,0,0
ON,1,1310,2004,0,1,0,0,0,0,0,1,0,0,0,0,0,0,0
ON,1,1310,2005,3,2,0,0,0,0,0,6,0,0,0,0,0,0,0
ON,1,1310,2006,0,2,0,0,0,0,0,7,0,0,0,0,0,0,0
ON,1,1310,2007,2,1,0,0,0,0,0,1,0,0,0,0,0,0,0
ON,1,1310,2008,0,0,0,0,0,0,0,1,0,0,0,0,0,0,0
ON,1,1310,2009,2,0,0,0,0,0,0,1,0,0,0,0,0,0,0
ON,1,1310,2010,0,1,0,0,0,0,0,0,0,0,0,0,0,0,0
ON,1,1310,2011,0,1,0,0,1,1,0,2,0,0,0,0,0,0,0
ON,1,1310,2012,0,0,0,0,0,1,0,0,0,0,0,0,0,0,0
ON,1,1310,2014,0,0,0,0,1,0,0,0,0,0,0,0,0,0,0
ON,1,1310,2015,0,1,0,0,0,1,0,0,0,0,0,0,0,0,0
ON,1,1310,2016,1,0,0,0,0,0,0,0,0,0,0,0,0,0,0
ON,1,1310,2017,0,2,0,0,1,1,0,2,0,0,0,0,0,0,0
ON,1,1310,2018,0,0,0,0,3,2,0,1,0,0,0,0,0,0,0
ON,1,1310,2019,0,1,0,0,0,0,0,2,0,0,0,0,0,0,0
ON,1,1310,2020,0,0,0,0,1,0,0,1,0,0,0,0,0,0,0
ON,1,1310,2021,0,1,0,0,0,1,0,1,0,0,0,0,0,0,0
ON,1,1310,2022,0,3,0,0,1,0,0,2,0,0,0,0,0,0,0
ON,1,1310,2023,0,0,0,0,0,1,0,1,0,0,0,0,0,0,0
ON,1,1320,1976,89,112,0,1,407,487,0,25,0,0,0,2,2,0,151
ON,1,1320,1977,65,74,0,3,243,315,0,11,0,0,0,1,2,0,161
ON,1,1320,1978,42,60,0,2,234,290,0,31,0,0,0,1,0,0,93
ON,1,1320,1979,61,87,0,1,270,386,0,21,0,0,0,1,3,0,115
ON,1,1320,1980,67,79,0,3,243,303,0,10,0,0,0,5,4,0,106
ON,1,1320,1981,61,95,0,0,210,253,0,6,0,0,0,2,1,0,113
ON,1,1320,1982,84,105,0,1,188,298,0,13,0,0,0,3,2,0,111
ON,1,1320,1983,101,155,0,0,334,365,0,10,0,0,0,7,0,0,28
ON,1,1320,1984,52,95,0,1,245,293,0,14,0,0,0,0,1,0,8
ON,1,1320,1985,64,75,0,0,214,254,0,15,0,0,0,4,4,0,8
ON,1,1320,1986,68,81,0,3,178,198,0,15,0,0,0,4,4,0,8
ON,1,1320,1987,53,93,0,0,241,290,0,15,0,0,0,1,0,0,0
ON,1,1320,1988,59,122,0,0,127,165,0,3,0,0,0,2,0,0,0
ON,1,1320,1989,38,75,0,0,156,198,0,4,0,0,0,1,0,0,8
ON,1,1320,1990,70,78,0,1,159,182,0,9,0,0,0,3,1,0,3
ON,1,1320,1991,41,58,0,3,141,195,0,4,0,0,0,0,1,0,11
ON,1,1320,1992,71,115,0,0,159,221,0,1,0,0,0,1,0,0,3
ON,1,1320,1993,53,77,0,1,185,234,0,12,0,0,0,1,0,0,11
ON,1,1320,1994,49,77,0,1,176,228,0,7,0,0,0,1,1,0,8
ON,1,1320,1995,28,58,0,0,100,145,0,7,0,0,0,0,0,0,3
ON,1,1320,1996,71,90,0,0,204,295,0,3,0,0,0,0,1,0,7
ON,1,1320,1997,49,92,0,2,284,346,0,16,0,0,0,2,0,0,10
ON,1,1320,1998,53,87,0,2,215,317,0,8,0,0,0,1,1,0,1
ON,1,1320,1999,22,41,0,0,167,229,0,1,0,0,0,0,0,0,1
ON,1,1320,2000,51,120,0,1,180,255,0,4,0,0,0,0,2,0,6
ON,1,1320,2001,52,113,0,0,217,242,0,9,0,0,0,0,1,0,0
ON,1,1320,2002,57,116,0,0,201,318,0,6,0,0,0,1,2,0,6
ON,1,1320,2003,55,139,0,1,294,387,0,5,0,0,0,0,2,0,10
ON,1,1320,2004,59,116,0,3,180,241,0,10,0,0,0,4,0,0,1
ON,1,1320,2005,30,60,0,0,95,156,0,5,0,0,0,0,1,0,0
ON,1,1320,2006,18,92,0,1,181,245,0,10,0,0,0,0,1,0,6
ON,1,1320,2007,44,129,0,0,157,181,0,1,0,0,0,0,0,0,5
ON,1,1320,2008,27,84,0,0,140,192,0,0,0,0,0,0,0,0,3
ON,1,1320,2009,23,51,0,0,123,175,0,4,0,0,0,0,0,0,0
ON,1,1320,2010,24,50,0,0,78,126,0,1,0,0,0,0,0,0,0
ON,1,1320,2011,25,62,0,0,81,110,0,1,0,0,0,0,0,0,0
ON,1,1320,2012,23,38,0,0,60,75,0,1,0,0,0,1,0,0,1
ON,1,1320,2013,34,68,0,1,122,139,0,1,0,1,0,0,0,0,4
ON,1,1320,2014,25,66,0,0,107,133,0,0,0,0,0,0,0,0,5
ON,1,1320,2015,34,40,0,0,98,111,0,0,0,1,0,0,1,0,1
ON,1,1320,2016,28,78,0,0,71,70,0,0,0,0,0,1,0,0,0
ON,1,1320,2017,13,39,0,0,58,61,0,2,0,0,0,1,0,0,4
ON,1,1320,2018,12,50,0,0,66,59,0,1,0,1,0,1,0,0,1
ON,1,1320,2019,17,48,0,0,53,50,0,1,0,0,0,1,0,0,4
ON,1,1320,2020,17,58,0,0,93,113,0,1,0,1,0,0,1,0,2
ON,1,1320,2021,16,46,0,1,81,132,0,2,0,0,0,0,0,0,0
ON,1,1320,2022,27,46,0,0,59,86,0,0,0,0,0,0,0,0,0
ON,1,1320,2023,21,59,0,1,49,71,0,1,0,0,0,0,0,0,0
ON,1,1320,2024,18,70,0,0,81,94,0,4,0,0,0,1,2,0,1
ON,1,1321,1976,3,2,0,0,19,11,0,0,0,0,0,0,0,0,6
ON,1,1321,1977,2,1,0,0,3,3,0,0,0,0,0,0,0,0,3
ON,1,1321,1978,2,1,0,0,6,6,0,3,0,0,0,0,0,0,5
ON,1,1321,1979,2,0,0,4,1,3,0,13,0,0,0,0,0,0,1
ON,1,1321,1980,1,2,0,0,1,2,0,2,0,0,0,0,0,0,0
ON,1,1321,1981,0,2,0,0,0,1,0,0,0,0,0,0,0,0,0
ON,1,1321,1982,3,2,0,0,6,7,0,0,0,0,0,0,0,0,0
ON,1,1321,1983,2,3,0,0,5,5,0,0,0,0,0,0,1,0,0
ON,1,1321,1984,2,0,0,0,4,3,0,0,0,0,0,0,0,0,0
ON,1,1321,1985,0,2,0,0,3,1,0,0,0,0,0,0,0,0,0
ON,1,1321,1986,1,5,0,0,2,4,0,0,0,0,0,0,0,0,0
ON,1,1321,1987,2,4,0,0,2,3,0,0,0,0,0,0,1,0,0
ON,1,1321,1988,3,2,0,0,7,0,0,0,0,0,0,0,0,0,0
ON,1,1321,1989,0,1,0,0,2,3,0,1,0,0,0,0,0,0,0
ON,1,1321,1990,1,1,0,0,5,4,0,0,0,0,0,0,0,0,0
ON,1,1321,1991,1,2,0,0,3,3,0,1,0,0,0,0,0,0,0
ON,1,1321,1992,0,6,0,0,2,4,0,0,0,0,0,0,0,0,0
ON,1,1321,1993,0,2,0,0,3,0,0,0,0,0,0,0,0,0,0
ON,1,1321,1994,3,3,0,0,2,4,0,1,0,0,0,0,0,0,0
ON,1,1321,1995,1,2,0,0,2,3,0,0,0,0,0,0,0,0,0
ON,1,1321,1996,3,5,0,0,4,5,0,0,0,0,0,0,0,0,0
ON,1,1321,1997,1,1,0,0,5,3,0,0,0,0,0,0,0,0,0
ON,1,1321,1998,2,2,0,0,4,1,0,0,0,0,0,0,0,0,0
ON,1,1321,1999,0,5,0,0,5,3,0,0,0,0,0,0,0,0,0
ON,1,1321,2000,3,0,0,0,2,2,0,0,0,0,0,0,0,0,0
ON,1,1321,2001,1,0,0,0,3,0,0,0,0,0,0,0,0,0,0
ON,1,1321,2002,2,3,0,0,6,2,0,0,0,0,0,0,0,0,0
ON,1,1321,2003,0,2,0,1,3,0,0,0,0,0,0,0,0,0,0
ON,1,1321,2004,0,5,0,0,2,2,0,0,0,0,0,0,0,0,0
ON,1,1321,2005,1,1,0,0,3,1,0,1,0,0,0,0,0,0,0
ON,1,1321,2006,1,0,0,0,3,1,0,1,0,0,0,0,0,0,0
ON,1,1321,2007,0,4,0,0,3,0,0,0,0,0,0,0,0,0,0
ON,1,1321,2008,1,1,0,0,2,0,0,0,0,0,0,0,0,0,0
ON,1,1321,2009,0,0,0,0,1,0,0,0,0,0,0,0,0,0,0
ON,1,1321,2010,0,0,0,0,1,1,0,0,0,0,0,0,0,0,0
ON,1,1321,2011,0,1,0,0,0,0,0,0,0,0,0,0,0,0,0
ON,1,1321,2012,0,0,0,0,0,1,0,0,0,0,0,0,0,0,0
ON,1,1321,2013,0,1,0,1,0,2,0,0,0,0,0,0,0,0,0
ON,1,1321,2014,1,1,0,0,2,1,0,0,0,0,0,0,0,0,0
ON,1,1321,2015,0,1,0,0,1,1,0,0,0,0,0,0,0,0,0
ON,1,1321,2016,0,2,0,0,1,1,0,0,0,0,0,0,0,0,0
ON,1,1321,2018,1,0,0,0,2,1,0,0,0,0,0,0,0,0,0
ON,1,1321,2019,0,1,0,0,2,0,0,0,0,0,0,0,0,0,0
ON,1,1321,2020,0,0,0,0,0,2,0,0,0,0,0,0,0,0,0
ON,1,1321,2021,2,0,0,0,1,0,0,0,0,0,0,0,0,0,0
ON,1,1321,2022,0,0,0,0,1,1,0,0,0,0,0,0,0,0,0
ON,1,1321,2023,1,1,0,0,0,0,0,0,0,0,0,0,0,0,0
ON,1,1321,2024,0,0,0,0,2,0,0,0,0,0,0,0,0,0,0
ON,1,1330,1976,12,20,0,0,65,57,0,1,0,0,0,0,0,0,14
ON,1,1330,1977,7,11,0,0,36,48,0,0,0,0,0,0,0,0,13
ON,1,1330,1978,3,9,0,0,37,30,0,0,0,0,0,0,0,0,21
ON,1,1330,1979,8,18,0,0,41,68,0,0,0,0,0,0,0,0,12
ON,1,1330,1980,7,16,0,0,34,58,0,0,0,0,0,0,0,0,23
ON,1,1330,1981,14,22,0,0,26,41,0,0,0,0,0,0,1,0,22
ON,1,1330,1982,15,9,0,1,37,50,0,2,0,0,0,0,0,0,15
ON,1,1330,1983,11,17,0,1,29,47,0,5,0,0,0,0,0,0,3
ON,1,1330,1984,8,9,0,1,28,22,0,4,0,0,0,0,0,0,3
ON,1,1330,1985,9,8,0,0,27,35,0,1,0,0,0,0,0,0,0
ON,1,1330,1986,12,20,0,1,20,15,0,1,0,0,0,0,0,0,2
ON,1,1330,1987,9,9,0,4,28,40,0,0,0,0,0,0,0,0,1
ON,1,1330,1988,12,12,0,0,24,23,0,0,0,0,0,0,0,0,0
ON,1,1330,1989,9,6,0,0,8,16,0,0,0,0,0,0,0,0,0
ON,1,1330,1990,7,10,0,0,15,15,0,0,0,0,0,0,0,0,1
ON,1,1330,1991,4,13,0,1,19,24,0,0,0,0,0,0,0,0,0
ON,1,1330,1992,8,13,0,0,21,22,0,1,0,0,0,0,0,0,0
ON,1,1330,1993,5,11,0,0,18,18,0,4,0,0,0,0,0,0,0
ON,1,1330,1994,2,5,0,0,16,17,0,0,0,0,0,0,0,0,0
ON,1,1330,1995,5,10,0,1,17,16,0,1,0,0,0,0,0,0,0
ON,1,1330,1996,7,16,0,1,18,12,0,0,0,0,0,0,0,0,0
ON,1,1330,1997,10,11,0,0,36,34,0,1,0,0,0,0,0,0,0
ON,1,1330,1998,7,7,0,0,23,25,0,4,0,0,0,0,0,0,0
ON,1,1330,1999,12,13,0,0,30,28,0,1,0,0,0,0,0,0,0
ON,1,1330,2000,10,13,0,0,16,24,0,2,0,0,0,0,0,0,0
ON,1,1330,2001,5,8,0,0,15,21,0,1,0,0,0,0,0,0,2
ON,1,1330,2002,13,18,0,0,27,32,0,2,0,0,0,0,0,0,0
ON,1,1330,2003,3,4,0,1,26,30,0,5,0,0,0,0,0,0,0
ON,1,1330,2004,6,14,0,1,15,21,0,0,0,0,0,0,1,0,1
ON,1,1330,2005,7,10,0,0,11,20,0,3,0,0,0,0,0,0,0
ON,1,1330,2006,5,9,0,3,13,27,0,4,0,0,0,0,0,0,0
ON,1,1330,2007,3,13,0,1,11,10,0,2,0,0,0,0,0,0,0
ON,1,1330,2008,3,4,0,0,11,9,0,5,0,0,0,0,0,0,0
ON,1,1330,2009,5,6,0,0,10,11,0,1,0,0,0,0,0,0,0
ON,1,1330,2010,4,8,0,0,15,7,0,0,0,0,0,0,0,0,0
ON,1,1330,2011,3,10,0,0,10,10,0,1,0,0,0,0,0,0,0
ON,1,1330,2012,0,3,0,0,5,10,0,1,0,0,0,0,0,0,0
ON,1,1330,2013,5,3,0,0,16,8,0,3,0,0,0,0,0,0,0
ON,1,1330,2014,5,8,0,0,6,4,0,0,0,0,0,0,0,0,1
ON,1,1330,2015,2,9,0,0,9,8,0,0,0,0,0,0,0,0,0
ON,1,1330,2016,1,5,0,0,5,7,0,0,0,0,0,0,0,0,0
ON,1,1330,2017,4,1,0,0,3,1,0,0,0,0,0,0,0,0,0
ON,1,1330,2018,1,5,0,0,6,4,0,1,0,0,0,0,0,0,1
ON,1,1330,2019,4,2,0,0,7,4,0,0,0,0,0,0,0,0,1
ON,1,1330,2020,5,4,0,0,1,9,0,0,0,0,0,0,0,0,0
ON,1,1330,2021,2,3,0,0,7,10,0,0,0,0,0,0,0,0,0
ON,1,1330,2022,5,5,0,0,6,7,0,0,0,0,0,0,0,0,0
ON,1,1330,2023,3,5,0,0,4,9,0,0,0,0,0,0,0,0,0
ON,1,1330,2024,3,8,0,0,8,10,0,0,0,0,0,0,0,0,1
ON,1,1350,1976,2,4,0,0,6,13,0,0,0,0,0,0,0,0,5
ON,1,1350,1977,2,5,0,0,4,8,0,0,0,0,0,0,0,0,7
ON,1,1350,1978,3,4,0,0,14,14,0,0,0,0,0,0,0,0,11
ON,1,1350,1979,2,4,0,0,13,10,0,0,0,0,0,1,0,0,10
ON,1,1350,1980,1,9,0,0,5,8,0,0,0,0,0,0,0,0,4
ON,1,1350,1981,3,5,0,0,3,1,0,0,0,0,0,0,0,0,3
ON,1,1350,1982,2,5,0,0,11,11,0,0,0,0,0,0,0,0,1
ON,1,1350,1983,3,3,0,0,6,5,0,0,0,0,0,0,0,0,2
ON,1,1350,1984,1,4,0,0,3,4,0,1,0,0,0,0,1,0,0
ON,1,1350,1985,2,3,0,0,8,3,0,0,0,0,0,0,0,0,0
ON,1,1350,1986,0,4,0,0,5,2,0,0,0,0,0,0,0,0,1
ON,1,1350,1987,1,3,0,0,0,1,0,0,0,0,0,0,0,0,0
ON,1,1350,1988,0,3,0,0,3,1,0,0,0,0,0,0,0,0,0
ON,1,1350,1989,0,4,0,0,4,1,0,0,0,0,0,0,0,0,0
ON,1,1350,1990,0,3,0,0,3,2,0,0,0,0,0,0,0,0,0
ON,1,1350,1991,1,2,0,0,3,3,0,0,0,0,0,0,0,0,0
ON,1,1350,1992,3,2,0,0,1,2,0,0,0,0,0,0,0,0,0
ON,1,1350,1993,1,2,0,0,3,6,0,0,0,0,0,0,0,0,0
ON,1,1350,1994,0,2,0,0,5,4,0,0,0,0,0,0,0,0,0
ON,1,1350,1995,0,2,0,0,4,2,0,0,0,0,0,0,0,0,0
ON,1,1350,1996,1,3,0,0,6,10,0,0,0,0,0,0,0,0,0
ON,1,1350,1997,0,3,0,0,8,3,0,0,0,0,0,0,0,0,0
ON,1,1350,1998,2,6,0,0,8,8,0,0,0,0,0,0,0,0,0
ON,1,1350,1999,1,4,0,0,4,16,0,0,0,0,0,0,0,0,0
ON,1,1350,2000,0,5,0,0,9,4,0,0,0,0,0,0,0,0,0
ON,1,1350,2001,1,3,0,0,5,8,0,0,0,0,0,0,0,0,0
ON,1,1350,2002,2,11,0,0,5,5,0,0,0,0,0,0,0,0,0
ON,1,1350,2003,3,3,0,0,6,9,0,0,0,0,0,0,0,0,0
ON,1,1350,2004,1,5,0,0,6,8,0,0,0,0,0,0,0,0,0
ON,1,1350,2005,0,5,0,0,4,9,0,0,0,0,0,0,0,0,0
ON,1,1350,2006,2,9,0,0,6,13,0,0,0,0,0,0,0,0,1
ON,1,1350,2007,1,1,0,0,1,3,0,0,0,0,0,0,0,0,0
ON,1,1350,2008,3,4,0,0,5,7,0,0,0,0,0,0,0,0,0
ON,1,1350,2009,1,6,0,0,7,11,0,0,0,0,0,0,0,0,0
ON,1,1350,2010,2,3,0,0,6,10,0,0,0,0,0,0,0,0,0
ON,1,1350,2011,1,7,0,0,7,4,0,0,0,0,0,0,0,0,0
ON,1,1350,2012,1,7,0,0,15,15,0,0,0,0,0,0,0,0,0
ON,1,1350,2013,1,7,0,0,10,13,0,0,0,0,0,0,0,0,0
ON,1,1350,2014,2,3,0,0,6,11,0,0,0,0,0,0,0,0,1
ON,1,1350,2015,0,5,0,0,13,20,0,0,0,1,0,0,0,0,0
ON,1,1350,2016,5,33,0,0,16,11,0,0,0,0,0,0,0,0,0
ON,1,1350,2017,1,10,0,0,3,5,0,0,0,0,0,0,0,0,1
ON,1,1350,2018,1,5,0,0,7,1,0,0,0,0,0,0,0,0,0
ON,1,1350,2019,1,5,0,0,4,3,0,0,0,0,0,0,0,0,0
ON,1,1350,2020,1,3,0,0,3,6,0,0,0,0,0,0,0,0,0
ON,1,1350,2021,0,4,0,0,4,6,0,0,0,0,0,0,0,0,0
ON,1,1350,2022,2,2,0,0,11,7,0,0,0,0,0,0,0,0,0
ON,1,1350,2023,0,8,0,0,2,5,0,0,0,0,0,0,0,0,0
ON,1,1350,2024,0,0,0,0,4,4,0,0,0,0,0,0,0,0,0
ON,1,1360,2002,0,0,0,0,1,0,0,0,0,0,0,0,0,0,0
ON,1,1370,1976,8,7,0,0,39,50,0,0,0,0,0,0,0,0,10
ON,1,1370,1977,8,21,0,0,22,18,0,0,0,0,0,1,0,0,10
ON,1,1370,1978,7,10,0,0,19,31,0,0,0,0,0,0,0,0,15
ON,1,1370,1979,10,15,0,0,45,51,0,0,0,0,0,1,0,0,29
ON,1,1370,1980,8,4,0,0,17,18,0,0,0,0,0,0,0,0,8
ON,1,1370,1981,5,17,0,0,15,11,0,0,0,0,0,0,1,0,15
ON,1,1370,1982,0,7,0,0,18,17,0,0,0,0,0,0,0,0,1
ON,1,1370,1983,1,16,0,0,29,34,0,0,0,0,0,0,0,0,0
ON,1,1370,1984,7,8,0,0,25,27,0,0,0,0,0,0,0,0,0
ON,1,1370,1985,3,10,0,0,9,7,0,0,0,0,0,0,0,0,0
ON,1,1370,1986,4,20,0,0,13,13,0,0,0,0,0,0,0,0,0
ON,1,1370,1987,4,8,0,0,3,13,0,0,0,0,0,0,0,0,0
ON,1,1370,1988,3,1,0,0,11,7,0,0,0,0,0,0,0,0,0
ON,1,1370,1989,7,5,0,0,8,9,0,0,0,0,0,0,0,0,0
ON,1,1370,1990,9,15,0,0,11,23,0,0,0,0,0,0,0,0,0
ON,1,1370,1991,6,10,0,0,9,13,0,0,0,0,0,0,0,0,0
ON,1,1370,1992,1,16,0,0,16,9,0,0,0,0,0,0,0,0,0
ON,1,1370,1993,3,6,0,0,12,22,0,0,0,0,0,0,0,0,0
ON,1,1370,1994,3,6,0,0,11,17,0,0,0,0,0,0,0,0,0
ON,1,1370,1995,2,8,0,0,9,9,0,0,0,0,0,0,0,0,0
ON,1,1370,1996,5,13,0,0,10,13,0,0,0,0,0,0,0,0,0
ON,1,1370,1997,10,16,0,0,10,14,0,0,0,0,0,0,0,0,0
ON,1,1370,1998,1,7,0,0,17,24,0,0,0,0,0,0,0,0,1
ON,1,1370,1999,2,11,0,0,14,14,0,0,0,0,0,0,0,0,1
ON,1,1370,2000,2,11,0,0,12,14,0,0,0,0,0,0,0,0,0
ON,1,1370,2001,5,6,0,0,13,15,0,0,0,0,0,0,0,0,0
ON,1,1370,2002,4,11,0,0,13,16,0,0,0,0,0,0,0,0,0
ON,1,1370,2003,1,9,0,0,15,16,0,0,0,0,0,0,0,0,0
ON,1,1370,2004,5,14,0,0,3,6,0,0,0,0,0,0,0,0,0
ON,1,1370,2005,3,20,0,0,11,28,0,0,0,0,0,0,0,0,0
ON,1,1370,2006,8,14,0,0,21,26,0,0,0,0,0,0,0,0,0
ON,1,1370,2007,5,5,0,0,7,9,0,0,0,0,0,0,0,0,0
ON,1,1370,2008,2,9,0,0,7,11,0,0,0,0,0,0,0,0,0
ON,1,1370,2009,1,21,0,0,11,7,0,0,0,0,0,0,0,0,0
ON,1,1370,2010,5,11,0,0,17,14,0,0,0,0,0,0,0,0,0
ON,1,1370,2011,4,7,0,0,10,8,0,0,0,0,0,0,0,0,0
ON,1,1370,2012,2,6,0,0,7,8,0,0,0,0,0,0,0,0,0
ON,1,1370,2013,2,16,0,0,16,16,0,0,0,0,0,0,0,0,0
ON,1,1370,2014,1,6,0,0,9,16,0,0,0,0,0,0,0,0,0
ON,1,1370,2015,6,10,0,0,8,7,0,0,0,0,0,0,0,0,0
ON,1,1370,2016,5,10,0,0,9,5,0,0,0,0,0,0,0,0,0
ON,1,1370,2017,1,4,0,0,3,10,0,0,0,0,0,0,0,0,0
ON,1,1370,2018,3,9,0,0,11,7,0,0,0,0,0,0,0,0,0
ON,1,1370,2019,0,6,0,0,2,3,0,0,0,0,0,0,0,0,0
ON,1,1370,2020,0,3,0,0,12,7,0,0,0,0,0,0,0,0,0
ON,1,1370,2021,3,3,0,0,9,9,0,0,0,0,0,0,0,0,0
ON,1,1370,2022,1,6,0,0,14,22,0,0,0,0,0,0,0,0,1
ON,1,1370,2023,5,5,0,0,11,11,0,0,0,0,0,0,0,0,0
ON,1,1370,2024,1,5,0,0,10,6,0,0,0,0,0,0,0,0,0
ON,1,1390,1976,12,24,0,0,40,57,0,5,0,0,0,3,2,0,41
ON,1,1390,1977,12,4,0,0,94,54,0,3,0,0,0,0,4,0,35
ON,1,1390,1978,8,10,0,0,34,33,0,7,0,0,0,0,1,0,17
ON,1,1390,1979,10,13,0,0,25,41,0,5,0,0,0,0,0,0,22
ON,1,1390,1980,5,3,0,0,37,49,0,1,0,0,0,1,1,0,20
ON,1,1390,1981,5,7,0,0,23,35,0,1,0,0,0,1,1,0,26
ON,1,1390,1982,12,7,0,0,34,19,0,0,0,0,0,0,4,0,13
ON,1,1390,1983,5,7,0,0,30,47,0,5,0,0,0,1,0,0,7
ON,1,1390,1984,9,6,0,0,32,31,0,0,0,0,0,0,0,0,0
ON,1,1390,1985,7,12,0,0,30,30,0,0,0,0,0,1,1,0,0
ON,1,1390,1986,9,14,0,0,18,36,0,1,0,0,0,1,1,0,1
ON,1,1390,1987,7,11,0,0,19,29,0,0,0,0,0,0,0,0,0
ON,1,1390,1988,6,7,0,0,20,22,0,0,0,0,0,0,0,0,1
ON,1,1390,1989,4,12,0,0,18,27,0,0,0,0,0,0,0,0,1
ON,1,1390,1990,15,13,0,0,26,32,0,0,0,0,0,1,1,0,0
ON,1,1390,1991,12,18,0,0,15,28,0,1,0,0,0,1,1,0,0
ON,1,1390,1992,11,10,0,0,34,36,0,1,0,0,0,0,0,0,0
ON,1,1390,1993,7,13,0,0,55,37,0,3,0,0,0,0,0,0,4
ON,1,1390,1994,7,12,0,0,30,35,0,0,0,0,0,1,0,0,2
ON,1,1390,1995,8,11,0,0,36,33,0,2,0,0,0,0,0,0,2
ON,1,1390,1996,5,14,0,0,23,21,0,3,0,0,0,0,1,0,0
ON,1,1390,1997,8,14,0,1,46,51,0,0,0,0,0,2,3,0,3
ON,1,1390,1998,9,10,0,0,35,51,0,0,0,0,0,0,0,0,1
ON,1,1390,1999,17,20,0,0,86,87,0,1,0,0,0,0,0,0,2
ON,1,1390,2000,14,14,0,0,32,47,0,0,0,0,0,0,0,0,0
ON,1,1390,2001,6,19,0,0,24,42,0,2,0,0,0,1,0,0,2
ON,1,1390,2002,13,32,0,0,74,96,0,3,0,0,0,1,0,0,7
ON,1,1390,2003,9,18,0,0,51,72,0,9,0,0,0,1,4,0,3
ON,1,1390,2004,13,20,0,0,24,30,0,0,0,0,0,0,0,0,1
ON,1,1390,2005,7,7,0,0,20,31,0,0,0,0,0,0,0,0,2
ON,1,1390,2006,5,12,0,0,30,36,0,2,0,0,0,0,0,0,1
ON,1,1390,2007,7,13,0,0,13,21,0,0,0,0,0,0,1,0,1
ON,1,1390,2008,5,10,0,0,12,21,0,0,0,0,0,0,0,0,0
ON,1,1390,2009,2,10,0,0,10,18,0,1,0,0,0,0,0,0,1
ON,1,1390,2010,1,4,0,0,16,29,0,1,0,0,0,0,1,0,0
ON,1,1390,2011,3,3,0,0,8,10,0,0,0,0,0,0,0,0,0
ON,1,1390,2012,4,0,0,0,13,11,0,0,0,0,0,0,0,0,0
ON,1,1390,2013,0,5,0,0,21,25,0,0,0,0,0,0,0,0,0
ON,1,1390,2014,1,3,0,0,13,10,0,0,0,0,0,0,0,0,0
ON,1,1390,2015,4,4,0,0,21,17,0,0,0,0,0,0,0,0,0
ON,1,1390,2016,1,8,0,0,10,16,0,0,0,0,0,0,0,0,0
ON,1,1390,2017,3,4,0,0,11,14,0,1,0,0,0,0,0,0,0
ON,1,1390,2018,0,4,0,0,13,18,0,0,0,0,0,0,0,0,0
ON,1,1390,2019,1,0,0,0,7,3,0,0,0,0,0,0,0,0,0
ON,1,1390,2020,3,4,0,0,8,6,0,0,0,0,0,1,0,0,0
ON,1,1390,2021,3,5,0,0,6,6,0,1,0,0,0,0,0,0,0
ON,1,1390,2022,0,0,0,0,5,17,0,0,0,0,0,0,0,0,0
ON,1,1390,2023,1,4,0,0,8,19,0,0,0,0,0,0,0,0,0
ON,1,1390,2024,3,7,0,0,7,16,0,0,0,0,0,0,0,0,1
ON,1,1400,1976,20,7,0,0,75,57,0,0,0,0,0,3,2,0,30
ON,1,1400,1977,10,6,0,0,47,47,0,0,0,0,0,2,2,0,10
ON,1,1400,1978,15,8,0,0,63,42,0,0,0,0,0,6,5,0,26
ON,1,1400,1979,10,9,0,0,38,33,0,0,0,0,0,0,0,0,13
ON,1,1400,1980,5,1,0,0,19,26,0,0,0,0,0,1,1,0,6
ON,1,1400,1981,4,3,0,0,15,11,0,0,0,0,0,0,1,0,17
ON,1,1400,1982,1,0,0,0,17,5,0,0,0,0,0,0,0,0,4
ON,1,1400,1983,12,12,0,0,63,60,0,0,0,0,0,2,0,0,4
ON,1,1400,1984,6,5,0,0,20,23,0,0,0,0,0,0,0,0,0
ON,1,1400,1985,4,3,0,0,19,7,0,0,0,0,0,0,0,0,0
ON,1,1400,1986,5,1,0,0,22,19,0,0,0,0,0,0,3,0,0
ON,1,1400,1987,2,4,0,0,9,10,0,0,0,0,0,0,0,0,0
ON,1,1400,1988,1,0,0,0,1,2,0,0,0,0,0,0,0,0,0
ON,1,1400,1989,4,3,0,0,5,15,0,0,0,0,0,0,0,0,1
ON,1,1400,1990,7,0,0,0,17,7,0,0,0,0,0,0,0,0,0
ON,1,1400,1991,2,2,0,0,9,14,0,0,0,0,0,0,0,0,1
ON,1,1400,1992,1,2,0,0,17,8,0,0,0,0,0,1,0,0,0
ON,1,1400,1993,3,5,0,0,18,11,0,0,0,0,0,2,1,0,1
ON,1,1400,1994,3,4,0,0,23,8,0,0,0,0,0,0,1,0,0
ON,1,1400,1995,3,2,0,0,17,12,0,0,0,0,0,0,0,0,0
ON,1,1400,1996,3,2,0,0,21,28,0,0,0,0,0,1,1,0,0
ON,1,1400,1997,7,8,0,0,42,21,0,0,0,0,0,2,2,0,0
ON,1,1400,1998,5,2,0,0,11,7,0,1,0,0,0,0,0,0,0
ON,1,1400,1999,7,6,0,0,65,25,0,0,0,0,0,0,0,0,0
ON,1,1400,2000,2,5,0,0,20,13,0,0,0,0,0,1,0,0,0
ON,1,1400,2001,4,6,0,0,21,29,0,0,0,0,0,0,0,0,0
ON,1,1400,2002,2,0,0,0,5,6,0,0,0,0,0,0,0,0,0
ON,1,1400,2003,1,1,0,0,13,14,0,0,0,0,0,0,4,0,0
ON,1,1400,2004,2,3,0,0,4,2,0,0,0,0,0,0,0,0,0
ON,1,1400,2005,0,2,0,0,21,17,0,0,0,0,0,0,0,0,0
ON,1,1400,2006,2,2,0,0,7,9,0,1,0,0,0,0,1,0,0
ON,1,1400,2007,0,3,0,0,11,8,0,0,0,0,0,0,1,0,2
ON,1,1400,2008,1,1,0,0,4,4,0,0,0,0,0,0,0,0,0
ON,1,1400,2009,0,2,0,0,6,2,0,0,0,0,0,0,0,0,0
ON,1,1400,2010,1,0,0,0,8,4,0,0,0,0,0,0,0,0,0
ON,1,1400,2011,2,4,0,0,9,11,0,0,0,0,0,0,1,0,0
ON,1,1400,2012,3,0,0,0,7,7,0,0,0,0,0,1,0,0,0
ON,1,1400,2013,2,1,0,0,5,3,0,0,0,0,0,0,0,0,0
ON,1,1400,2014,1,2,0,0,3,2,0,0,0,0,0,0,0,0,0
ON,1,1400,2015,1,0,0,0,3,3,0,0,0,0,0,0,1,0,0
ON,1,1400,2016,1,1,0,0,1,2,0,0,0,0,0,0,0,0,0
ON,1,1400,2017,0,1,0,0,0,1,0,0,0,0,0,0,0,0,0
ON,1,1400,2018,0,1,0,0,4,4,0,0,0,0,0,0,0,0,0
ON,1,1400,2020,1,1,0,0,2,4,0,0,0,0,0,0,0,0,0
ON,1,1400,2022,0,0,0,0,6,2,0,0,0,0,0,0,0,0,0
ON,1,1400,2023,1,0,0,0,2,4,0,0,0,0,0,0,0,0,0
ON,1,1400,2024,0,1,0,0,3,3,0,0,0,0,0,0,0,0,0
ON,1,1420,1976,0,0,0,0,3,0,0,0,0,0,0,0,0,0,2
ON,1,1420,1977,1,1,0,0,2,10,0,0,0,0,0,0,0,0,4
ON,1,1420,1978,0,0,0,0,2,3,0,0,0,0,0,0,0,0,3
ON,1,1420,1979,1,0,0,0,2,4,0,0,0,0,0,0,0,0,3
ON,1,1420,1980,0,0,0,0,1,1,0,0,0,0,0,0,0,0,1
ON,1,1420,1981,0,0,0,0,1,6,0,0,0,0,0,0,0,0,1
ON,1,1420,1982,0,1,0,0,1,3,0,0,0,0,0,0,0,0,0
ON,1,1420,1983,0,0,0,0,1,3,0,0,0,0,0,0,0,0,2
ON,1,1420,1984,0,0,0,0,1,2,0,0,0,0,0,0,0,0,0
ON,1,1420,1985,0,0,0,0,1,2,0,0,0,0,0,0,0,0,0
ON,1,1420,1986,1,2,0,0,0,2,0,0,0,0,0,0,0,0,1
ON,1,1420,1987,0,0,0,0,1,0,0,0,0,0,0,0,0,0,0
ON,1,1420,1988,0,0,0,0,1,3,0,0,0,0,0,0,0,0,0
ON,1,1420,1989,0,0,0,0,3,2,0,0,0,0,0,0,0,0,0
ON,1,1420,1990,0,0,0,0,2,0,0,0,0,0,0,0,0,0,0
ON,1,1420,1991,0,0,0,0,2,0,0,0,0,0,0,0,0,0,0
ON,1,1420,1992,0,0,0,0,2,2,0,0,0,0,0,0,0,0,0
ON,1,1420,1993,0,0,0,0,1,5,0,0,0,0,0,0,0,0,0
ON,1,1420,1994,1,0,0,0,4,2,0,0,0,0,0,0,0,0,0
ON,1,1420,1995,1,1,0,0,2,4,0,0,0,0,0,0,0,0,0
ON,1,1420,1996,1,0,0,0,0,2,0,0,0,0,0,0,0,0,0
ON,1,1420,1997,1,1,0,0,4,3,0,0,0,0,0,0,0,0,0
ON,1,1420,1998,0,4,0,0,5,8,0,0,0,0,0,0,0,0,0
ON,1,1420,1999,1,3,0,0,5,2,0,0,0,0,0,0,0,0,0
ON,1,1420,2000,0,2,0,0,0,0,0,0,0,0,0,0,0,0,0
ON,1,1420,2001,0,0,0,0,5,2,0,0,0,0,0,0,0,0,0
ON,1,1420,2002,0,3,0,0,5,10,0,0,0,0,0,0,0,0,0
ON,1,1420,2003,1,3,0,0,3,6,0,0,0,0,0,0,0,0,0
ON,1,1420,2004,0,1,0,0,2,1,0,0,0,0,0,0,0,0,0
ON,1,1420,2005,1,0,0,0,6,2,0,0,0,0,0,0,0,0,0
ON,1,1420,2006,0,1,0,0,2,3,0,0,0,0,0,0,0,0,0
ON,1,1420,2007,0,2,0,0,0,2,0,0,0,0,0,0,0,0,0
ON,1,1420,2008,0,1,0,0,0,1,0,0,0,0,0,0,0,0,0
ON,1,1420,2009,0,0,0,0,2,2,0,0,0,0,0,0,0,0,0
ON,1,1420,2010,1,0,0,0,2,5,0,0,0,0,0,0,0,0,0
ON,1,1420,2011,1,1,0,0,0,2,0,0,0,0,0,0,0,0,0
ON,1,1420,2012,1,2,0,0,1,2,0,0,0,0,0,0,0,0,0
ON,1,1420,2013,0,1,0,0,2,0,0,0,0,0,0,0,0,0,0
ON,1,1420,2014,0,1,0,0,1,2,0,0,0,0,0,0,0,0,0
ON,1,1420,2015,0,0,0,0,0,2,0,0,0,0,0,0,0,0,0
ON,1,1420,2016,1,1,0,0,0,3,0,0,0,0,0,0,0,0,0
ON,1,1420,2017,2,1,0,0,1,0,0,0,0,0,0,0,0,0,0
ON,1,1420,2019,0,0,0,0,1,0,0,0,0,0,0,0,0,0,0
ON,1,1420,2020,0,0,0,0,0,1,0,0,0,0,0,0,0,0,0
ON,1,1420,2021,0,0,0,0,1,2,0,0,0,0,0,0,0,0,0
ON,1,1420,2022,0,2,0,0,0,3,0,0,0,0,0,0,0,0,0
ON,1,1420,2023,0,2,0,0,2,0,0,0,0,0,0,0,0,0,0
ON,1,1420,2024,0,0,0,0,1,1,0,0,0,0,0,0,0,0,0
ON,1,1430,1976,6,6,0,0,16,25,0,0,0,0,0,0,2,0,11
ON,1,1430,1977,4,2,0,0,20,15,0,0,0,0,0,0,0,0,7
ON,1,1430,1978,2,1,0,0,9,7,0,0,0,0,0,0,0,0,12
ON,1,1430,1979,2,8,0,0,10,15,0,0,0,0,0,1,0,0,8
ON,1,1430,1980,3,5,0,0,20,23,0,0,0,0,0,1,1,0,8
ON,1,1430,1981,3,3,0,0,7,14,0,0,0,0,0,1,0,0,20
ON,1,1430,1982,6,4,0,0,11,11,0,0,0,0,0,0,0,0,1
ON,1,1430,1983,2,5,0,0,14,12,0,0,0,0,0,0,0,0,1
ON,1,1430,1984,1,3,0,0,11,12,0,0,0,0,0,0,0,0,1
ON,1,1430,1985,4,2,0,0,8,10,0,0,0,0,0,0,1,0,0
ON,1,1430,1986,7,5,0,0,9,4,0,0,0,0,0,0,0,0,0
ON,1,1430,1987,3,4,0,0,10,8,0,1,0,0,0,0,0,0,0
ON,1,1430,1988,0,4,0,0,6,12,0,0,0,0,0,0,0,0,0
ON,1,1430,1989,2,3,0,0,12,8,0,0,0,0,0,0,0,0,0
ON,1,1430,1990,2,4,0,0,6,10,0,0,0,0,0,0,0,0,0
ON,1,1430,1991,1,4,0,0,4,3,0,0,0,0,0,0,0,0,0
ON,1,1430,1992,1,5,0,0,7,8,0,0,0,0,0,0,0,0,0
ON,1,1430,1993,3,7,0,0,4,8,0,0,0,0,0,0,0,0,0
ON,1,1430,1994,1,1,0,0,6,9,0,0,0,0,0,0,0,0,0
ON,1,1430,1995,1,0,0,0,6,7,0,0,0,0,0,0,0,0,2
ON,1,1430,1996,2,3,0,0,7,8,0,0,0,0,0,0,0,0,0
ON,1,1430,1997,3,4,0,0,13,9,0,0,0,0,0,0,0,0,0
ON,1,1430,1998,1,3,0,0,16,9,0,0,0,0,0,0,0,0,0
ON,1,1430,1999,2,3,0,0,15,9,0,0,0,0,0,0,0,0,0
ON,1,1430,2000,5,3,0,0,12,8,0,0,0,0,0,0,0,0,0
ON,1,1430,2001,1,3,0,0,6,13,0,0,0,0,0,0,0,0,0
ON,1,1430,2002,3,5,0,0,29,26,0,0,0,0,0,0,0,0,0
ON,1,1430,2003,4,9,0,0,29,30,0,0,0,0,0,0,0,0,0
ON,1,1430,2004,3,7,0,0,3,7,0,0,0,0,0,0,0,0,0
ON,1,1430,2005,0,4,0,0,3,7,0,0,0,0,0,0,0,0,0
ON,1,1430,2006,0,5,0,0,12,13,0,0,0,0,0,0,0,0,0
ON,1,1430,2007,2,1,0,0,10,12,0,0,0,0,0,0,0,0,0
ON,1,1430,2008,0,1,0,0,5,15,0,0,0,0,0,0,0,0,0
ON,1,1430,2009,1,2,0,0,14,12,0,0,0,0,0,0,0,0,0
ON,1,1430,2010,1,2,0,0,14,15,0,0,0,0,0,0,0,0,0
ON,1,1430,2011,2,1,0,0,2,3,0,0,0,0,0,0,0,0,0
ON,1,1430,2012,0,0,0,0,4,4,0,0,0,0,0,0,0,0,0
ON,1,1430,2013,0,2,0,0,8,9,0,0,0,0,0,0,0,0,0
ON,1,1430,2014,1,1,0,0,2,3,0,0,0,0,0,0,0,0,1
ON,1,1430,2015,0,1,0,0,3,4,0,0,0,0,0,1,0,0,0
ON,1,1430,2016,0,2,0,0,2,2,0,0,0,0,0,0,0,0,0
ON,1,1430,2017,2,0,0,0,5,5,0,0,0,0,0,0,0,0,1
ON,1,1430,2018,0,1,0,0,4,0,0,0,0,0,0,0,0,0,0
ON,1,1430,2019,0,0,0,0,2,1,0,0,0,0,0,0,0,0,0
ON,1,1430,2020,1,1,0,0,2,10,0,0,0,0,0,0,0,0,1
ON,1,1430,2021,2,2,0,0,3,9,0,0,0,0,0,0,0,0,0
ON,1,1430,2022,0,2,0,0,9,6,0,0,0,0,0,0,0,0,0
ON,1,1430,2023,1,7,0,0,10,12,0,0,0,0,0,0,0,0,0
ON,1,1430,2024,2,2,0,0,7,9,0,0,0,0,0,0,0,0,0
ON,1,1440,1976,36,55,0,0,36,87,0,0,0,0,0,7,4,0,38
ON,1,1440,1977,21,40,0,0,41,47,0,0,0,0,0,1,8,0,26
ON,1,1440,1978,28,58,0,0,27,35,0,1,0,0,0,1,1,0,39
ON,1,1440,1979,23,26,0,0,58,48,0,0,0,0,0,2,4,0,12
ON,1,1440,1980,14,21,0,0,29,54,0,0,0,0,0,3,7,0,24
ON,1,1440,1981,21,16,0,0,33,27,0,0,0,0,0,3,2,0,24
ON,1,1440,1982,13,19,0,0,36,34,0,0,0,0,0,3,2,0,12
ON,1,1440,1983,42,34,0,0,34,102,0,0,0,0,0,6,7,0,5
ON,1,1440,1984,26,38,0,0,56,55,0,1,0,0,0,2,2,0,1
ON,1,1440,1985,28,35,0,0,39,64,0,0,0,0,0,1,4,0,1
ON,1,1440,1986,27,49,0,0,38,42,0,0,0,0,0,1,3,0,1
ON,1,1440,1987,19,28,0,0,37,49,0,0,0,0,0,4,5,0,0
ON,1,1440,1988,19,38,0,0,22,23,0,0,0,0,0,1,2,0,0
ON,1,1440,1989,30,25,0,0,32,55,0,0,0,0,0,1,1,0,0
ON,1,1440,1990,18,46,0,0,33,47,0,0,0,0,0,0,4,0,0
ON,1,1440,1991,31,31,0,0,33,44,0,1,0,0,0,2,1,0,1
ON,1,1440,1992,26,61,0,0,28,48,0,0,0,0,0,2,0,0,0
ON,1,1440,1993,36,40,0,0,33,95,0,0,0,0,0,0,1,0,0
ON,1,1440,1994,35,66,0,0,39,62,0,0,0,0,0,4,3,0,3
ON,1,1440,1995,22,43,0,0,32,55,0,0,0,0,0,2,1,0,1
ON,1,1440,1996,23,58,0,0,38,73,0,0,0,0,0,2,2,0,0
ON,1,1440,1997,34,68,0,0,83,98,0,1,0,0,0,0,7,0,4
ON,1,1440,1998,34,51,0,0,51,82,0,0,0,0,0,2,2,0,1
ON,1,1440,1999,25,45,0,0,45,80,0,0,0,0,0,1,0,0,1
ON,1,1440,2000,27,43,0,0,36,48,0,2,0,0,0,1,0,0,0
ON,1,1440,2001,18,27,0,0,31,40,0,0,0,0,0,3,3,0,0
ON,1,1440,2002,24,35,0,0,42,53,0,0,0,0,0,0,4,0,0
ON,1,1440,2003,15,42,0,0,56,59,0,0,0,0,0,0,1,0,0
ON,1,1440,2004,21,20,0,0,52,53,0,0,0,0,0,0,2,0,0
ON,1,1440,2005,11,25,0,0,27,45,0,0,0,0,0,1,2,0,0
ON,1,1440,2006,10,20,0,0,49,62,0,0,0,0,0,3,0,0,0
ON,1,1440,2007,12,14,0,0,34,31,0,0,0,0,0,0,0,0,0
ON,1,1440,2008,18,23,0,0,21,51,0,0,0,0,0,0,0,0,0
ON,1,1440,2009,27,22,0,0,17,18,0,1,0,0,0,0,0,0,0
ON,1,1440,2010,10,24,0,0,34,36,0,0,0,0,0,0,1,0,0
ON,1,1440,2011,14,30,0,0,15,28,0,0,0,0,0,0,0,0,0
ON,1,1440,2012,12,30,0,0,21,43,0,0,0,0,0,0,0,0,0
ON,1,1440,2013,11,22,0,0,28,30,0,0,0,1,0,0,0,0,0
ON,1,1440,2014,9,22,0,0,31,42,0,0,0,0,0,0,0,0,2
ON,1,1440,2015,16,12,0,0,29,45,0,0,0,0,0,0,0,0,1
ON,1,1440,2016,14,50,0,0,32,45,0,0,0,0,0,0,0,0,0
ON,1,1440,2017,12,17,0,0,27,38,0,0,0,0,0,4,1,0,5
ON,1,1440,2018,15,27,0,0,34,36,0,0,0,0,0,1,1,0,0
ON,1,1440,2019,13,15,0,0,20,32,0,0,0,0,0,0,2,0,4
ON,1,1440,2020,6,24,0,0,40,85,0,0,0,1,0,0,0,0,0
ON,1,1440,2021,5,10,0,0,31,41,0,0,0,0,0,1,0,0,1
ON,1,1440,2022,9,16,0,0,28,33,0,0,0,0,0,2,0,0,0
ON,1,1440,2023,6,16,0,0,22,28,0,0,0,0,0,0,1,0,0
ON,1,1440,2024,4,11,0,0,25,26,0,0,0,0,0,1,1,0,0
ON,1,1460,1976,13,22,0,0,23,48,0,0,0,0,0,0,0,0,17
ON,1,1460,1977,11,23,0,1,6,17,0,0,0,0,0,0,1,0,14
ON,1,1460,1978,8,10,0,0,11,14,0,0,0,0,0,0,0,0,11
ON,1,1460,1979,17,15,0,0,74,61,0,0,0,0,0,0,0,0,21
ON,1,1460,1980,30,32,0,0,44,47,0,0,0,0,0,0,2,0,14
ON,1,1460,1981,7,20,0,0,13,8,0,0,0,0,0,0,0,0,10
ON,1,1460,1982,5,9,0,0,17,17,0,0,0,0,0,0,1,0,9
ON,1,1460,1983,13,24,0,0,47,62,0,0,0,0,0,0,0,0,4
ON,1,1460,1984,2,8,0,0,16,16,0,0,0,0,0,0,0,0,0
ON,1,1460,1985,5,4,0,0,20,13,0,0,0,0,0,0,0,0,0
ON,1,1460,1986,6,14,0,0,28,22,0,0,0,0,0,0,0,0,1
ON,1,1460,1987,6,1,0,0,12,13,0,0,0,0,0,0,0,0,0
ON,1,1460,1988,4,8,0,0,1,5,0,0,0,0,0,0,0,0,0
ON,1,1460,1989,5,3,0,0,0,0,0,0,0,0,0,0,0,0,0
ON,1,1460,1990,2,8,0,0,8,5,0,0,0,0,0,0,0,0,0
ON,1,1460,1991,0,4,0,0,10,9,0,0,0,0,0,0,0,0,0
ON,1,1460,1992,5,2,0,0,10,10,0,0,0,0,0,0,0,0,0
ON,1,1460,1993,5,6,0,0,9,9,0,0,0,0,0,0,0,0,0
ON,1,1460,1994,2,10,0,0,11,17,0,0,0,0,0,0,0,0,0
ON,1,1460,1995,1,1,0,0,13,12,0,1,0,0,0,0,0,0,1
ON,1,1460,1996,5,13,0,0,19,24,0,0,0,0,0,0,0,0,0
ON,1,1460,1997,6,10,0,0,27,26,0,1,0,0,0,0,0,0,1
ON,1,1460,1998,4,7,0,0,21,10,0,0,0,0,0,0,0,0,0
ON,1,1460,1999,7,3,0,0,24,21,0,0,0,0,0,0,0,0,0
ON,1,1460,2000,3,9,0,0,8,9,0,0,0,0,0,0,0,0,0
ON,1,1460,2001,1,2,0,0,6,11,0,0,0,0,0,0,0,0,0
ON,1,1460,2002,4,5,0,0,5,3,0,0,0,0,0,0,0,0,0
ON,1,1460,2003,2,1,0,0,4,6,0,0,0,0,0,0,0,0,0
ON,1,1460,2004,8,11,0,0,11,11,0,0,0,0,0,0,0,0,3
ON,1,1460,2005,7,8,0,0,29,22,0,0,0,0,0,0,0,0,3
ON,1,1460,2006,2,9,0,0,20,11,0,0,0,0,0,0,0,0,0
ON,1,1460,2007,3,3,0,0,13,5,0,0,0,0,0,0,0,0,0
ON,1,1460,2008,3,10,0,0,7,5,0,0,0,0,0,0,0,0,0
ON,1,1460,2009,4,4,0,0,9,12,0,0,0,0,0,0,0,0,0
ON,1,1460,2010,0,3,0,0,26,23,0,0,0,0,0,0,0,0,0
ON,1,1460,2011,0,3,0,0,13,11,0,0,0,0,0,0,0,0,0
ON,1,1460,2012,1,11,0,0,8,6,0,0,0,0,0,0,0,0,1
ON,1,1460,2013,3,7,0,0,13,7,0,0,0,0,0,0,0,0,0
ON,1,1460,2014,2,0,0,0,25,13,0,0,0,0,0,0,0,0,1
ON,1,1460,2015,6,20,0,0,33,34,0,0,0,0,0,0,0,0,0
ON,1,1460,2016,4,12,0,0,20,15,0,0,0,0,0,0,0,0,0
ON,1,1460,2017,7,7,0,0,2,6,0,0,0,0,0,0,0,0,0
ON,1,1460,2018,4,16,0,0,11,14,0,0,0,0,0,0,0,0,0
ON,1,1460,2019,7,7,0,0,8,24,0,0,0,0,0,0,0,0,0
ON,1,1460,2020,6,14,0,0,11,17,0,0,0,0,0,0,0,0,0
ON,1,1460,2021,7,9,0,0,5,15,0,0,0,0,0,0,0,0,0
ON,1,1460,2022,1,4,0,0,14,21,0,1,0,0,0,0,0,0,0
ON,1,1460,2023,2,3,0,0,26,24,0,0,0,0,0,0,0,0,0
ON,1,1460,2024,7,9,0,0,10,19,0,0,0,0,0,0,0,0,0
ON,1,1470,1976,6,4,0,0,17,30,0,0,0,0,0,0,0,0,14
ON,1,1470,1977,5,1,0,0,3,13,0,0,0,0,0,0,0,0,2
ON,1,1470,1978,1,4,0,0,11,17,0,0,0,0,0,0,0,0,6
ON,1,1470,1979,5,7,0,0,30,34,0,0,0,0,0,0,0,0,10
ON,1,1470,1980,4,19,0,0,12,17,0,0,0,0,0,0,0,0,3
ON,1,1470,1981,8,9,0,0,9,12,0,0,0,0,0,0,0,0,4
ON,1,1470,1982,4,9,0,0,7,7,0,0,0,0,0,4,0,0,3
ON,1,1470,1983,8,13,0,0,15,25,0,0,0,0,0,0,0,0,0
ON,1,1470,1984,6,10,0,0,6,21,0,0,0,0,0,0,0,0,0
ON,1,1470,1985,5,4,0,0,6,10,0,0,0,0,0,0,0,0,0
ON,1,1470,1986,5,11,0,0,21,23,0,0,0,0,0,0,0,0,0
ON,1,1470,1987,2,2,0,0,6,8,0,1,0,0,0,0,0,0,0
ON,1,1470,1988,1,7,0,0,2,7,0,0,0,0,0,0,0,0,0
ON,1,1470,1989,2,4,0,0,2,4,0,0,0,0,0,0,0,0,0
ON,1,1470,1990,2,11,0,0,2,7,0,0,0,0,0,0,0,0,0
ON,1,1470,1991,2,8,0,0,2,9,0,0,0,0,0,0,0,0,0
ON,1,1470,1992,2,8,0,0,2,7,0,0,0,0,0,0,0,0,0
ON,1,1470,1993,1,1,0,0,5,3,0,0,0,0,0,0,0,0,0
ON,1,1470,1994,1,1,0,0,0,2,0,1,0,0,0,0,0,0,0
ON,1,1470,1995,3,4,0,0,6,7,0,0,0,0,0,0,0,0,0
ON,1,1470,1996,5,7,0,0,8,12,0,0,0,0,0,0,0,0,0
ON,1,1470,1997,13,8,0,1,17,15,0,0,0,0,0,0,0,0,0
ON,1,1470,1998,1,11,0,0,14,26,0,1,0,0,0,0,0,0,0
ON,1,1470,1999,1,5,0,0,11,4,0,0,0,0,0,0,0,0,0
ON,1,1470,2000,0,9,0,0,6,7,0,0,0,0,0,0,0,0,0
ON,1,1470,2001,0,3,0,0,2,2,0,0,0,0,0,0,0,0,0
ON,1,1470,2002,1,6,0,0,3,3,0,0,0,0,0,0,0,0,0
ON,1,1470,2003,2,2,0,0,2,0,0,0,0,0,0,0,0,0,0
ON,1,1470,2004,3,7,0,0,5,8,0,0,0,0,0,0,0,0,0
ON,1,1470,2005,0,2,0,0,5,2,0,0,0,0,0,0,0,0,0
ON,1,1470,2006,1,2,0,0,17,14,0,0,0,0,0,0,0,0,0
ON,1,1470,2007,2,3,0,0,8,4,0,0,0,0,0,0,0,0,0
ON,1,1470,2008,1,2,0,0,3,3,0,0,0,0,0,0,0,0,0
ON,1,1470,2009,1,6,0,0,0,4,0,0,0,0,0,0,0,0,0
ON,1,1470,2010,1,0,0,0,8,6,0,0,0,0,0,0,0,0,0
ON,1,1470,2011,4,1,0,0,13,8,0,0,0,0,0,0,0,0,0
ON,1,1470,2012,1,0,0,0,0,2,0,0,0,0,0,0,0,0,0
ON,1,1470,2013,2,6,0,0,3,6,0,0,0,0,0,0,0,0,0
ON,1,1470,2014,1,3,0,0,7,8,0,0,0,0,0,0,0,0,0
ON,1,1470,2015,1,3,0,0,3,5,0,0,0,1,0,0,0,0,0
ON,1,1470,2016,11,7,0,0,12,14,0,0,0,0,0,0,0,0,0
ON,1,1470,2017,0,0,0,0,0,4,0,1,0,0,0,0,0,0,0
ON,1,1470,2018,1,0,0,0,10,6,0,0,0,0,0,0,0,0,0
ON,1,1470,2019,0,1,0,0,4,4,0,0,0,0,0,0,0,0,0
ON,1,1470,2020,2,2,0,0,8,6,0,0,0,0,0,0,0,0,0
ON,1,1470,2021,2,4,0,0,4,9,0,0,0,0,0,0,0,0,0
ON,1,1470,2022,1,3,0,0,7,8,0,0,0,0,0,0,0,0,0
ON,1,1470,2023,0,2,0,0,5,5,0,0,0,0,0,0,0,0,0
ON,1,1470,2024,2,2,0,0,2,3,0,0,0,0,0,0,0,0,0
ON,1,1480,1976,14,17,0,0,26,45,0,0,0,0,0,1,7,0,20
ON,1,1480,1977,9,7,0,0,24,21,0,0,0,0,0,0,5,0,13
ON,1,1480,1978,2,6,0,0,13,6,0,0,0,0,0,0,1,0,5
ON,1,1480,1979,7,4,0,0,21,29,0,0,0,0,0,0,1,0,14
ON,1,1480,1980,8,14,0,0,25,31,0,0,0,0,0,1,0,0,14
ON,1,1480,1981,7,5,0,0,23,21,0,0,0,0,0,0,0,0,9
ON,1,1480,1982,8,8,0,0,7,16,0,0,0,0,0,1,1,0,8
ON,1,1480,1983,5,9,0,1,29,44,0,0,0,0,0,0,0,0,0
ON,1,1480,1984,9,8,0,0,20,23,0,0,0,0,0,0,1,0,0
ON,1,1480,1985,14,9,0,0,15,24,0,0,0,0,0,0,0,0,0
ON,1,1480,1986,9,21,0,0,10,29,0,0,0,0,0,1,0,0,0
ON,1,1480,1987,3,1,0,0,7,6,0,0,0,0,0,0,0,0,0
ON,1,1480,1988,12,11,0,0,14,11,0,0,0,0,0,0,0,0,0
ON,1,1480,1989,4,8,0,0,4,11,0,0,0,0,0,0,0,0,0
ON,1,1480,1990,6,3,0,0,3,6,0,0,0,0,0,0,0,0,0
ON,1,1480,1991,1,2,0,0,4,8,0,0,0,0,0,0,0,0,0
ON,1,1480,1992,4,4,0,0,10,11,0,0,0,0,0,0,1,0,0
ON,1,1480,1993,2,7,0,0,6,17,0,0,0,0,0,0,0,0,0
ON,1,1480,1994,4,1,0,0,7,9,0,0,0,0,0,0,0,0,0
ON,1,1480,1995,6,6,0,0,19,9,0,0,0,0,0,0,0,0,0
ON,1,1480,1996,7,7,0,0,11,18,0,0,0,0,0,0,0,0,0
ON,1,1480,1997,2,3,0,0,9,7,0,0,0,0,0,0,0,0,0
ON,1,1480,1998,0,0,0,0,4,5,0,0,0,0,0,0,0,0,0
ON,1,1480,1999,2,3,0,0,6,14,0,0,0,0,0,0,0,0,0
ON,1,1480,2000,3,3,0,0,3,11,0,0,0,0,0,0,0,0,0
ON,1,1480,2001,2,7,0,0,3,9,0,0,0,0,0,0,0,0,0
ON,1,1480,2002,4,5,0,0,4,8,0,0,0,0,0,0,0,0,0
ON,1,1480,2003,3,6,0,0,2,8,0,0,0,0,0,0,0,0,0
ON,1,1480,2004,6,5,0,0,22,23,0,0,0,0,0,0,0,0,0
ON,1,1480,2005,3,2,0,0,7,10,0,0,0,0,0,0,0,0,0
ON,1,1480,2006,6,1,0,0,4,9,0,0,0,0,0,0,0,0,0
ON,1,1480,2007,4,2,0,0,20,21,0,0,0,0,0,0,0,0,0
ON,1,1480,2008,0,2,0,0,18,24,0,0,0,0,0,1,0,0,0
ON,1,1480,2009,2,0,0,0,11,2,0,0,0,0,0,0,0,0,0
ON,1,1480,2010,1,2,0,0,4,5,0,0,0,0,0,0,0,0,0
ON,1,1480,2011,2,1,0,0,6,5,0,0,0,0,0,0,0,0,0
ON,1,1480,2012,0,1,0,0,3,4,0,0,0,0,0,0,0,0,3
ON,1,1480,2013,1,0,0,0,12,10,0,0,0,0,0,0,0,0,0
ON,1,1480,2014,3,3,0,0,3,7,0,0,0,0,0,0,0,0,0
ON,1,1480,2015,1,2,0,0,13,11,0,0,0,0,0,0,0,0,1
ON,1,1480,2016,3,1,0,0,15,19,0,0,0,0,0,0,0,0,0
ON,1,1480,2017,0,2,0,0,2,4,0,0,0,0,0,0,0,0,0
ON,1,1480,2018,3,3,0,0,3,13,0,0,0,0,0,0,0,0,0
ON,1,1480,2019,3,3,0,0,9,13,0,0,0,0,0,0,0,0,0
ON,1,1480,2020,3,5,0,0,7,7,0,0,0,0,0,0,0,0,0
ON,1,1480,2021,9,6,0,0,33,20,0,0,0,0,0,0,0,0,0
ON,1,1480,2022,2,2,0,0,5,11,0,0,0,0,0,0,0,0,0
ON,1,1480,2023,1,2,0,0,8,2,0,0,0,0,0,0,0,0,0
ON,1,1480,2024,3,3,0,0,3,8,0,0,0,0,0,0,0,0,0
ON,1,1490,1976,9,18,0,0,43,34,0,1,0,0,0,3,3,0,22
ON,1,1490,1977,7,14,0,0,23,18,0,0,0,0,0,1,3,0,19
ON,1,1490,1978,4,7,0,0,0,4,0,0,0,0,0,0,0,0,5
ON,1,1490,1979,9,19,0,0,15,27,0,0,0,0,0,0,5,0,27
ON,1,1490,1980,12,29,0,0,46,69,0,1,0,0,0,1,2,0,15
ON,1,1490,1981,12,21,0,0,28,30,0,0,0,0,0,0,1,0,20
ON,1,1490,1982,11,22,0,1,19,25,0,0,0,0,0,0,0,0,5
ON,1,1490,1983,5,18,0,0,16,25,0,0,0,0,0,0,1,0,0
ON,1,1490,1984,8,17,0,0,40,63,0,0,0,0,0,1,1,0,0
ON,1,1490,1985,10,21,0,0,27,39,0,0,0,0,0,1,0,0,0
ON,1,1490,1986,13,19,0,0,28,34,0,0,0,0,0,0,0,0,0
ON,1,1490,1987,5,7,0,0,10,14,0,0,0,0,0,0,0,0,0
ON,1,1490,1988,10,9,0,0,24,22,0,0,0,0,0,0,0,0,0
ON,1,1490,1989,10,13,0,0,11,13,0,0,0,0,0,0,1,0,0
ON,1,1490,1990,3,10,0,0,13,16,0,0,0,0,0,1,0,0,0
ON,1,1490,1991,5,15,0,0,13,11,0,0,0,0,0,0,0,0,0
ON,1,1490,1992,9,26,0,0,15,23,0,0,0,0,0,0,0,0,0
ON,1,1490,1993,25,29,0,0,25,42,0,0,0,0,0,2,0,0,2
ON,1,1490,1994,0,7,0,0,13,15,0,0,0,0,0,0,0,0,0
ON,1,1490,1995,5,6,0,0,19,22,0,0,0,0,0,0,0,0,0
ON,1,1490,1996,7,27,0,0,12,26,0,0,0,0,0,0,0,0,0
ON,1,1490,1997,7,13,0,0,30,36,0,1,0,0,0,0,0,0,2
ON,1,1490,1998,4,9,0,0,18,26,0,0,0,0,0,0,1,0,0
ON,1,1490,1999,17,12,0,0,38,50,0,0,0,0,0,0,0,0,0
ON,1,1490,2000,3,4,0,0,4,11,0,0,0,0,0,0,0,0,0
ON,1,1490,2001,4,12,0,0,20,18,0,0,0,0,0,0,0,0,0
ON,1,1490,2002,14,15,0,0,34,16,0,0,0,0,0,0,0,0,0
ON,1,1490,2003,5,9,0,0,15,19,0,0,0,0,0,1,1,0,0
ON,1,1490,2004,19,16,0,0,16,22,0,1,0,0,0,0,0,0,0
ON,1,1490,2005,4,12,0,0,17,31,0,0,0,0,0,0,0,0,0
ON,1,1490,2006,7,10,0,0,41,40,0,0,0,0,0,0,1,0,1
ON,1,1490,2007,7,10,0,0,34,25,0,0,0,0,0,0,0,0,0
ON,1,1490,2008,10,8,0,0,39,28,0,0,0,0,0,0,0,0,0
ON,1,1490,2009,2,3,0,0,4,2,0,0,0,0,0,0,0,0,0
ON,1,1490,2010,2,4,0,0,13,14,0,0,0,0,0,0,0,0,0
ON,1,1490,2011,7,2,0,0,6,10,0,0,0,0,0,0,0,0,0
ON,1,1490,2012,3,4,0,0,14,9,0,0,0,0,0,0,0,0,1
ON,1,1490,2013,1,3,0,0,22,24,0,0,0,0,0,0,0,0,0
ON,1,1490,2014,4,2,0,0,4,4,0,0,0,0,0,0,0,0,0
ON,1,1490,2015,6,3,0,0,10,15,0,0,0,0,0,0,0,0,0
ON,1,1490,2016,0,3,0,0,10,7,0,0,0,0,0,0,0,0,0
ON,1,1490,2017,0,2,0,0,4,2,0,0,0,0,0,0,0,0,0
ON,1,1490,2018,6,6,0,0,1,5,0,0,0,0,0,0,0,0,0
ON,1,1490,2019,1,5,0,0,6,5,0,0,0,0,0,0,0,0,0
ON,1,1490,2020,3,4,0,0,5,6,0,0,0,0,0,0,0,0,0
ON,1,1490,2021,8,9,0,0,28,28,0,0,0,0,0,0,0,0,0
ON,1,1490,2022,2,1,0,0,5,11,0,0,0,0,0,0,0,0,1
ON,1,1490,2023,3,1,0,0,16,15,0,0,0,0,0,0,0,0,0
ON,1,1490,2024,4,3,0,0,9,5,0,0,0,0,0,0,0,0,0
ON,1,1500,1976,10,1,0,0,25,5,0,0,0,0,0,2,0,0,8
ON,1,1500,1977,1,5,0,0,11,9,0,1,0,0,0,0,0,0,7
ON,1,1500,1978,2,1,0,0,10,16,0,0,0,0,0,1,0,0,12
ON,1,1500,1979,3,10,0,0,20,13,0,0,0,0,0,3,1,0,6
ON,1,1500,1980,3,2,0,0,30,12,0,0,0,0,0,0,0,0,8
ON,1,1500,1981,2,7,0,1,0,3,0,19,0,0,0,0,2,0,11
ON,1,1500,1982,5,9,0,0,13,12,0,0,0,0,0,0,0,0,4
ON,1,1500,1983,4,7,0,0,19,23,0,2,0,0,0,0,1,0,3
ON,1,1500,1984,7,6,0,0,25,26,0,0,0,0,0,0,0,0,1
ON,1,1500,1985,3,12,0,0,21,17,0,0,0,0,0,0,0,0,0
ON,1,1500,1986,4,6,0,0,16,23,0,0,0,0,0,1,2,0,0
ON,1,1500,1987,6,1,0,0,12,12,0,0,0,0,0,0,0,0,0
ON,1,1500,1988,1,1,0,0,5,1,0,0,0,0,0,1,0,0,0
ON,1,1500,1989,2,3,0,0,6,4,0,0,0,0,0,0,0,0,0
ON,1,1500,1990,13,7,0,0,13,15,0,0,0,0,0,1,0,0,1
ON,1,1500,1991,2,7,0,0,8,9,0,0,0,0,0,1,0,0,0
ON,1,1500,1992,4,7,0,0,16,27,0,1,0,0,0,0,0,0,1
ON,1,1500,1993,6,8,0,0,28,14,0,0,0,0,0,0,0,0,0
ON,1,1500,1994,4,3,0,0,13,8,0,0,0,0,0,0,0,0,1
ON,1,1500,1995,5,4,0,0,12,8,0,0,0,0,0,0,0,0,0
ON,1,1500,1996,4,11,0,0,24,19,0,0,0,0,0,2,2,0,1
ON,1,1500,1997,1,7,0,0,19,27,0,1,0,0,0,0,1,0,1
ON,1,1500,1998,12,12,0,0,25,40,0,0,0,0,0,0,0,0,1
ON,1,1500,1999,6,13,0,0,34,22,0,0,0,0,0,0,0,0,1
ON,1,1500,2000,4,6,0,0,18,9,0,0,0,0,0,0,0,0,1
ON,1,1500,2001,3,6,0,0,11,14,0,0,0,0,0,0,0,0,0
ON,1,1500,2002,0,11,0,0,8,17,0,0,0,0,0,0,0,0,0
ON,1,1500,2003,3,4,0,0,19,28,0,0,0,0,0,0,0,0,0
ON,1,1500,2004,4,0,0,0,15,9,0,0,0,0,0,0,0,0,0
ON,1,1500,2005,4,2,0,0,11,8,0,0,0,0,0,1,0,0,1
ON,1,1500,2006,2,1,0,0,25,11,0,1,0,0,0,0,0,0,0
ON,1,1500,2007,0,1,0,0,2,3,0,0,0,0,0,0,0,0,0
ON,1,1500,2008,1,2,0,0,6,4,0,0,0,0,0,0,0,0,1
ON,1,1500,2009,2,4,0,0,5,3,0,0,0,0,0,0,0,0,0
ON,1,1500,2010,0,2,0,0,2,2,0,0,0,0,0,0,0,0,0
ON,1,1500,2011,0,2,0,0,5,1,0,0,0,0,0,0,0,0,0
ON,1,1500,2012,0,2,0,0,2,5,0,0,0,0,0,0,0,0,0
ON,1,1500,2013,0,0,0,0,10,9,0,0,0,0,0,0,0,0,0
ON,1,1500,2014,1,0,0,0,0,4,0,0,0,0,0,0,0,0,0
ON,1,1500,2015,2,0,0,0,3,5,0,0,0,0,0,0,0,0,0
ON,1,1500,2016,2,2,0,0,3,10,0,0,0,0,0,0,0,0,0
ON,1,1500,2017,1,2,0,0,2,1,0,0,0,0,0,0,0,0,0
ON,1,1500,2018,2,5,0,0,5,4,0,0,0,0,0,0,0,0,1
ON,1,1500,2019,0,2,0,0,3,2,0,0,0,0,0,0,0,0,0
ON,1,1500,2020,0,2,0,0,1,3,0,3,0,0,0,0,0,0,0
ON,1,1500,2021,1,5,0,0,11,8,0,0,0,0,0,0,0,0,0
ON,1,1500,2022,1,1,0,0,8,9,0,1,0,0,0,0,0,0,0
ON,1,1500,2023,1,3,0,0,6,3,0,0,0,0,0,0,0,0,0
ON,1,1500,2024,3,4,0,0,0,2,0,0,0,0,0,0,0,0,0
ON,1,1510,1976,2,9,0,0,10,5,0,3,0,0,0,0,0,0,10
ON,1,1510,1977,3,2,0,0,9,4,0,2,0,0,0,0,0,0,2
ON,1,1510,1978,4,3,0,0,5,9,0,0,0,0,0,0,0,0,4
ON,1,1510,1979,5,3,0,0,4,11,0,0,0,0,0,0,0,0,18
ON,1,1510,1980,7,9,0,0,11,8,0,4,0,0,0,0,0,0,18
ON,1,1510,1981,3,1,0,0,8,6,0,1,0,0,0,0,0,0,3
ON,1,1510,1982,5,4,0,0,6,4,0,0,0,0,0,0,0,0,3
ON,1,1510,1983,4,9,0,0,8,8,0,0,0,0,0,0,0,0,0
ON,1,1510,1984,1,8,0,0,6,7,0,0,0,0,0,0,0,0,0
ON,1,1510,1985,3,13,0,0,11,14,0,1,0,0,0,0,0,0,0
ON,1,1510,1986,1,4,0,0,11,6,0,0,0,0,0,0,0,0,0
ON,1,1510,1987,2,2,0,0,5,2,0,1,0,0,0,0,0,0,0
ON,1,1510,1988,3,3,0,0,5,4,0,1,0,0,0,0,0,0,0
ON,1,1510,1989,1,4,0,0,4,2,0,0,0,0,0,0,0,0,0
ON,1,1510,1990,0,1,0,0,2,2,0,0,0,0,0,0,0,0,0
ON,1,1510,1991,2,1,0,0,1,3,0,0,0,0,0,0,0,0,0
ON,1,1510,1992,2,3,0,0,11,7,0,0,0,0,0,1,0,0,0
ON,1,1510,1993,3,2,0,0,5,12,0,0,0,0,0,0,0,0,0
ON,1,1510,1994,0,1,0,0,3,2,0,0,0,0,0,0,0,0,0
ON,1,1510,1995,3,1,0,0,5,6,0,0,0,0,0,0,0,0,0
ON,1,1510,1996,5,8,0,0,12,4,0,0,0,0,0,0,0,0,0
ON,1,1510,1997,0,5,0,0,3,2,0,0,0,0,0,0,0,0,0
ON,1,1510,1998,1,1,0,0,1,2,0,0,0,0,0,0,0,0,0
ON,1,1510,1999,3,4,0,0,8,6,0,1,0,0,0,0,0,0,0
ON,1,1510,2000,4,7,0,0,4,9,0,0,0,0,0,0,0,0,0
ON,1,1510,2001,1,1,0,0,5,3,0,0,0,0,0,0,0,0,0
ON,1,1510,2002,4,4,0,1,4,1,0,0,0,0,0,0,0,0,0
ON,1,1510,2003,2,2,0,0,3,1,0,0,0,0,0,0,0,0,0
ON,1,1510,2005,0,1,0,0,1,1,0,0,0,0,0,0,0,0,0
ON,1,1510,2006,1,0,0,0,2,2,0,0,0,0,0,0,0,0,0
ON,1,1510,2007,3,1,0,0,0,1,0,1,0,1,0,0,0,0,0
ON,1,1510,2008,0,3,0,0,4,3,0,1,0,0,0,0,0,0,0
ON,1,1510,2009,3,2,0,1,4,2,0,0,0,0,0,0,0,0,0
ON,1,1510,2010,0,1,0,0,0,0,0,0,0,0,0,0,0,0,0
ON,1,1510,2011,2,3,0,0,0,2,0,0,0,0,0,0,0,0,0
ON,1,1510,2012,1,11,0,0,3,4,0,0,0,0,0,0,0,0,0
ON,1,1510,2013,0,1,0,0,0,1,0,0,0,0,0,0,0,0,0
ON,1,1510,2014,0,3,0,0,0,1,0,0,0,0,0,0,0,0,0
ON,1,1510,2015,0,10,0,0,3,6,0,0,0,0,0,0,0,0,0
ON,1,1510,2016,0,2,0,0,1,1,0,0,0,0,0,0,0,0,0
ON,1,1510,2017,0,1,0,0,0,0,0,0,0,0,0,0,0,0,0
ON,1,1510,2018,0,0,0,0,4,2,0,0,0,0,0,0,0,0,0
ON,1,1510,2019,0,2,0,0,3,6,0,1,0,0,0,0,0,0,0
ON,1,1510,2020,0,1,0,0,2,3,0,0,0,0,0,0,0,0,0
ON,1,1510,2021,0,1,0,0,3,2,0,0,0,0,0,0,0,0,0
ON,1,1510,2022,1,3,0,0,0,0,0,0,0,0,0,0,0,0,0
ON,1,1510,2023,0,1,0,0,1,1,0,0,0,0,0,0,0,0,0
ON,1,1520,2000,0,0,0,0,1,0,0,0,0,0,0,0,0,0,0
ON,1,1530,1976,8,17,0,0,26,35,0,7,0,0,0,0,0,0,20
ON,1,1530,1977,13,26,0,0,7,15,0,27,0,0,0,1,0,0,20
ON,1,1530,1978,10,13,0,0,14,34,0,1,0,0,0,0,0,0,8
ON,1,1530,1979,12,31,0,0,26,24,0,0,0,0,0,0,0,0,39
ON,1,1530,1980,4,15,0,0,10,18,0,17,0,0,0,0,0,0,9
ON,1,1530,1981,4,17,0,0,21,10,0,0,0,0,0,2,1,0,13
ON,1,1530,1982,1,13,0,0,8,11,0,7,0,0,0,0,0,0,2
ON,1,1530,1983,12,18,0,0,24,35,0,1,0,0,0,0,0,0,0
ON,1,1530,1984,11,8,0,0,19,25,0,0,0,0,0,0,0,0,0
ON,1,1530,1985,10,32,0,0,0,0,0,61,0,0,0,1,0,0,0
ON,1,1530,1986,4,19,0,0,29,23,0,0,0,0,0,0,0,0,0
ON,1,1530,1987,5,16,0,0,18,13,0,0,0,0,0,0,0,0,0
ON,1,1530,1988,4,17,0,0,9,11,0,0,0,0,0,0,0,0,0
ON,1,1530,1989,0,10,0,0,4,12,0,0,0,0,0,0,0,0,0
ON,1,1530,1990,2,7,0,0,5,8,0,0,0,0,0,0,0,0,0
ON,1,1530,1991,5,9,0,0,11,15,0,0,0,0,0,0,0,0,0
ON,1,1530,1992,8,26,0,0,12,12,0,0,0,0,0,0,0,0,4
ON,1,1530,1993,4,16,0,0,24,28,0,1,0,0,0,0,0,0,0
ON,1,1530,1994,11,14,0,0,19,13,0,1,0,0,0,0,0,0,0
ON,1,1530,1995,4,15,0,0,15,10,0,0,0,0,0,0,0,0,0
ON,1,1530,1996,11,17,0,0,19,17,0,9,0,0,0,0,0,0,0
ON,1,1530,1997,3,32,0,0,22,21,0,0,0,0,0,0,0,0,0
ON,1,1530,1998,5,8,0,0,22,7,0,0,0,0,0,0,0,0,0
ON,1,1530,1999,2,11,0,0,14,4,0,0,0,0,0,0,0,0,0
ON,1,1530,2000,7,26,0,0,14,6,0,1,0,0,0,0,0,0,0
ON,1,1530,2001,7,20,0,0,11,2,0,0,0,0,0,0,0,0,0
ON,1,1530,2002,3,14,0,0,18,14,0,1,0,0,0,0,0,0,2
ON,1,1530,2003,0,7,0,0,11,3,0,1,0,0,0,0,0,0,0
ON,1,1530,2004,2,8,0,0,9,9,0,0,0,0,0,0,0,0,0
ON,1,1530,2005,2,4,0,0,8,9,0,0,0,0,0,0,0,0,0
ON,1,1530,2006,6,12,0,0,8,19,0,0,0,0,0,0,0,0,0
ON,1,1530,2007,6,11,0,0,11,8,0,0,0,0,0,0,0,0,0
ON,1,1530,2008,1,20,0,0,8,5,0,0,0,0,0,0,0,0,0
ON,1,1530,2009,2,16,0,0,9,4,0,0,0,0,0,0,0,0,0
ON,1,1530,2010,0,2,0,0,2,4,0,1,0,0,0,0,0,0,0
ON,1,1530,2011,2,11,0,0,5,3,0,0,0,0,0,0,0,0,0
ON,1,1530,2012,5,9,0,0,6,9,0,1,0,0,0,0,0,0,0
ON,1,1530,2013,1,11,0,0,7,5,0,0,0,0,0,0,0,0,0
ON,1,1530,2014,1,3,0,0,5,3,0,1,0,0,0,0,0,0,0
ON,1,1530,2015,3,7,0,0,9,9,0,1,0,0,0,0,0,0,0
ON,1,1530,2016,4,3,0,0,4,6,0,0,0,0,0,0,0,0,0
ON,1,1530,2017,1,7,0,0,9,1,0,0,0,0,0,0,0,0,0
ON,1,1530,2018,1,7,0,0,11,5,0,1,0,0,0,0,0,0,0
ON,1,1530,2019,1,6,0,0,4,3,0,0,0,0,0,0,0,0,0
ON,1,1530,2020,1,11,0,0,6,8,0,0,0,0,0,0,0,0,0
ON,1,1530,2021,2,21,0,0,13,10,0,0,0,0,0,0,0,0,0
ON,1,1530,2022,3,11,0,0,5,4,0,0,0,0,0,0,0,0,0
ON,1,1530,2023,3,4,0,0,15,7,0,0,0,0,0,0,0,0,0
ON,1,1530,2024,0,4,0,0,0,0,0,1,0,0,0,0,0,0,0
ON,1,1540,1976,2,0,0,0,0,0,0,8,0,0,0,0,0,0,0
ON,1,1540,1977,0,0,0,0,0,0,0,3,0,0,0,0,0,0,0
ON,1,1540,1978,0,0,0,0,0,0,0,0,0,0,0,0,0,0,1
ON,1,1540,1979,0,0,0,0,0,0,0,1,0,0,0,0,0,0,3
ON,1,1540,1980,0,0,0,0,0,0,0,3,0,0,0,0,0,0,0
ON,1,1540,1981,0,0,0,0,0,0,0,0,0,0,0,0,0,0,2
ON,1,1540,1982,0,0,0,0,0,0,0,1,0,0,0,0,0,0,0
ON,1,1540,1983,0,0,0,0,0,0,0,2,0,0,0,0,0,0,0
ON,1,1540,1984,2,0,0,0,0,1,0,1,0,0,0,0,0,0,0
ON,1,1540,1986,1,0,0,0,1,0,0,0,0,0,0,0,0,0,0
ON,1,1540,1987,0,1,0,0,0,0,0,0,0,0,0,0,0,0,0
ON,1,1540,1991,0,0,0,1,0,0,0,0,0,0,0,0,0,0,0
ON,1,1540,1993,0,1,0,0,0,1,0,2,0,0,0,0,0,0,0
ON,1,1540,1996,0,1,0,0,0,0,0,1,0,0,0,0,0,0,0
ON,1,1540,1999,0,1,0,0,0,0,0,1,0,0,0,0,0,0,0
ON,1,1540,2000,0,1,0,0,0,0,0,0,0,0,0,0,0,0,0
ON,1,1540,2002,0,0,0,0,0,0,0,1,0,0,0,0,0,0,0
ON,1,1540,2003,1,2,0,0,0,0,0,0,0,0,0,0,0,0,0
ON,1,1540,2004,0,0,0,0,0,0,0,1,0,0,0,0,0,0,0
ON,1,1540,2006,1,0,0,0,0,0,0,1,0,0,0,0,0,0,0
ON,1,1540,2007,0,1,0,0,0,0,0,0,0,0,0,0,0,0,0
ON,1,1540,2008,0,0,0,0,0,0,0,2,0,0,0,0,0,0,0
ON,1,1540,2013,0,0,0,0,1,0,0,0,0,0,0,0,0,0,0
ON,1,1540,2015,0,1,0,0,1,0,0,4,0,0,0,0,0,0,0
ON,1,1540,2018,0,1,0,0,0,0,0,0,0,0,0,0,0,0,0
ON,1,1540,2020,1,1,0,0,0,0,0,0,0,0,0,0,0,0,0
ON,1,1540,2021,2,5,0,0,0,0,0,6,0,0,0,0,0,0,0
ON,1,1540,2022,1,0,0,0,0,0,0,2,0,0,0,0,0,0,0
ON,1,1540,2023,1,0,0,0,0,0,0,1,0,0,0,0,0,0,0
ON,1,1540,2024,0,0,0,0,0,0,0,3,0,0,0,0,0,0,0
ON,1,1550,1986,0,0,0,0,4,0,0,0,0,0,0,0,0,0,0
ON,1,1590,2004,0,2,0,0,0,2,0,0,0,0,0,0,0,0,0
ON,1,1620,1990,0,0,0,0,0,0,0,1,0,0,0,0,0,0,0
ON,1,1630,1976,1,0,0,0,0,0,0,7,0,0,0,0,0,0,3
ON,1,1630,1977,0,0,0,0,0,0,0,3,0,0,0,0,0,0,3
ON,1,1630,1980,0,0,0,0,0,0,0,2,0,0,0,0,0,0,0
ON,1,1630,1981,0,0,0,0,0,0,0,2,0,0,0,0,0,0,1
ON,1,1630,1983,0,1,0,0,0,0,0,2,0,0,0,0,0,0,0
ON,1,1630,1984,0,0,0,0,0,0,0,3,0,0,0,0,0,0,0
ON,1,1630,1985,1,0,0,0,0,0,0,5,0,0,0,0,0,0,0
ON,1,1630,1986,0,0,0,0,1,3,0,0,0,0,0,0,0,0,0
ON,1,1630,1987,0,0,0,0,1,0,0,0,0,0,0,0,0,0,0
ON,1,1630,1988,0,0,0,0,0,1,0,0,0,0,0,0,0,0,0
ON,1,1630,1990,0,0,0,0,0,1,0,0,0,0,0,0,0,0,0
ON,1,1630,1992,1,0,0,0,0,1,0,0,0,0,0,0,0,0,0
ON,1,1630,1993,0,2,0,0,0,1,0,0,0,0,0,0,0,0,0
ON,1,1630,1995,0,0,0,0,0,0,0,1,0,0,0,0,0,0,0
ON,1,1630,1997,0,0,0,0,0,0,0,1,0,0,0,0,0,0,0
ON,1,1630,1999,0,0,0,0,1,2,0,1,0,0,0,0,0,0,0
ON,1,1630,2002,0,0,0,0,0,1,0,0,0,0,0,0,0,0,0
ON,1,1630,2004,0,1,0,0,0,0,0,0,0,0,0,0,0,0,0
ON,1,1630,2006,0,0,0,0,0,1,0,0,0,0,0,0,0,0,0
ON,1,1630,2008,0,0,0,0,0,0,0,1,0,0,0,0,0,0,0
ON,1,1630,2012,0,0,0,0,1,0,0,0,0,0,0,0,0,0,0
ON,1,1630,2019,0,0,0,0,0,1,0,1,0,0,0,0,0,0,0
ON,1,1650,1976,0,0,0,0,0,0,0,7,0,0,0,0,0,0,1
ON,1,1650,1977,0,0,0,0,0,0,0,6,0,0,0,0,0,0,0
ON,1,1650,1978,2,0,0,0,0,0,0,3,0,0,0,0,0,0,0
ON,1,1650,1979,1,0,0,0,0,0,0,17,0,0,0,0,0,0,4
ON,1,1650,1980,1,0,0,0,0,0,0,0,0,0,0,0,0,0,1
ON,1,1650,1981,0,0,0,0,0,0,0,4,0,0,0,0,0,0,1
ON,1,1650,1982,0,0,0,0,0,0,0,1,0,0,0,0,0,0,1
ON,1,1650,1983,1,0,0,0,0,0,0,2,0,0,0,0,0,0,0
ON,1,1650,1984,0,0,0,0,0,0,0,3,0,0,0,0,0,0,0
ON,1,1650,1985,0,0,0,0,0,0,0,2,0,0,0,0,0,0,0
ON,1,1650,1986,1,0,0,0,0,1,0,0,0,0,0,0,0,0,0
ON,1,1650,1987,1,0,0,0,2,1,0,0,0,0,0,0,0,0,0
ON,1,1650,1988,0,0,0,0,2,0,0,0,0,0,0,0,0,0,0
ON,1,1650,1992,0,1,0,0,0,0,0,0,0,0,0,0,0,0,0
ON,1,1650,1993,0,0,0,0,2,0,0,0,0,0,0,0,0,0,0
ON,1,1650,1994,0,0,0,0,0,0,0,1,0,0,0,0,0,0,0
ON,1,1650,1996,0,0,0,0,0,1,0,1,0,0,0,0,0,0,0
ON,1,1650,1997,0,0,0,0,0,0,0,1,0,0,0,0,0,0,0
ON,1,1650,2001,0,0,0,0,1,0,0,0,0,0,0,0,0,0,0
ON,1,1650,2004,0,0,0,0,1,0,0,0,0,0,0,0,0,0,0
ON,1,1650,2005,0,0,0,0,1,0,0,0,0,0,0,0,0,0,0
ON,1,1650,2006,0,0,0,0,0,0,0,1,0,0,0,0,0,0,0
ON,1,1650,2010,0,0,0,0,0,0,0,1,0,0,0,0,0,0,0
ON,1,1650,2013,0,1,0,0,0,0,0,0,0,0,0,0,0,0,0
ON,1,1650,2015,0,1,0,0,0,0,0,0,0,0,0,0,0,0,0
ON,1,1650,2021,0,2,0,0,0,0,0,1,0,0,0,0,0,0,0
ON,1,1650,2023,0,0,0,0,0,0,0,1,0,0,0,0,0,0,0
ON,1,1660,1976,0,0,0,0,0,0,0,3,0,0,0,0,0,0,1
ON,1,1660,1977,0,0,0,0,0,0,0,3,0,0,0,0,0,0,1
ON,1,1660,1979,2,0,0,0,0,0,0,10,0,0,0,0,0,0,3
ON,1,1660,1980,0,0,0,0,0,0,0,2,0,0,0,0,0,0,0
ON,1,1660,1981,1,0,0,0,0,0,0,3,0,0,0,0,0,0,0
ON,1,1660,1983,1,0,0,0,0,0,0,1,0,0,0,0,0,0,0
ON,1,1660,1984,0,0,0,0,0,0,0,6,0,0,0,0,0,0,0
ON,1,1660,1986,0,0,0,0,1,2,0,0,0,0,0,0,0,0,0
ON,1,1660,1987,0,0,0,0,1,2,0,0,0,0,0,0,0,0,0
ON,1,1660,1989,1,0,0,0,1,0,0,0,0,0,0,1,0,0,0
ON,1,1660,1990,0,0,0,0,0,0,0,1,0,0,0,0,0,0,0
ON,1,1660,1992,0,0,0,0,1,1,0,1,0,0,0,0,0,0,0
ON,1,1660,1993,0,0,0,0,0,1,0,0,0,0,0,0,0,0,0
ON,1,1660,1994,0,0,0,0,0,0,0,3,0,0,0,0,0,0,0
ON,1,1660,1996,1,0,0,0,0,0,0,3,0,0,0,0,0,0,0
ON,1,1660,2003,0,0,0,0,0,1,0,1,0,0,0,0,0,0,0
ON,1,1660,2004,0,0,0,0,0,0,0,3,0,0,0,0,0,0,0
ON,1,1660,2005,0,0,0,0,0,0,0,1,0,0,0,0,0,0,0
ON,1,1660,2008,0,1,0,0,0,1,0,2,0,0,0,0,0,0,0
ON,1,1660,2009,1,0,0,0,0,0,0,1,0,0,0,0,0,0,0
ON,1,1660,2011,0,0,0,0,0,0,0,1,0,0,0,0,0,0,0
ON,1,1660,2012,0,0,0,0,1,0,0,0,0,0,0,0,0,0,0
ON,1,1660,2015,0,0,0,0,0,0,0,1,0,0,0,0,0,0,0
ON,1,1660,2018,0,0,0,0,0,0,0,2,0,0,0,0,0,0,0
ON,1,1660,2021,0,0,0,0,0,0,0,1,0,0,0,0,0,0,0
ON,1,1670,1976,3,2,0,0,0,0,0,15,0,0,0,0,0,0,3
ON,1,1670,1977,0,1,0,1,0,0,0,8,0,0,0,0,0,0,5
ON,1,1670,1978,0,0,0,0,0,0,0,4,0,0,0,0,0,0,0
ON,1,1670,1979,0,0,0,6,0,0,0,14,0,0,0,0,0,0,4
ON,1,1670,1980,0,0,0,3,0,0,0,7,0,0,0,0,0,0,0
ON,1,1670,1981,2,0,0,0,0,0,0,8,0,0,0,0,0,0,4
ON,1,1670,1982,1,0,0,1,0,0,0,12,0,0,0,0,0,0,0
ON,1,1670,1983,1,1,0,10,0,1,0,8,0,0,0,0,0,0,4
ON,1,1670,1984,4,4,0,1,0,7,0,15,0,0,0,0,0,0,5
ON,1,1670,1985,0,3,0,0,0,0,0,3,0,0,0,0,0,0,0
ON,1,1670,1986,0,0,0,11,0,0,0,17,0,0,0,0,0,0,0
ON,1,1670,1987,0,0,0,0,0,0,0,1,0,0,0,0,0,0,0
ON,1,1670,1988,0,0,0,2,0,0,0,1,0,0,0,0,0,0,0
ON,1,1670,1989,0,0,0,1,0,0,0,2,0,0,0,0,0,0,0
ON,1,1670,1990,0,0,0,0,0,0,0,2,0,0,0,0,0,0,0
ON,1,1670,1991,1,1,0,10,0,0,0,6,0,0,0,0,0,0,0
ON,1,1670,1993,0,0,0,3,0,0,0,2,0,0,0,0,0,0,0
ON,1,1670,1994,3,0,0,4,0,0,0,10,0,0,0,0,0,0,0
ON,1,1670,1995,0,1,0,1,0,1,0,7,0,0,0,0,0,0,0
ON,1,1670,1996,0,0,0,4,0,1,0,19,0,0,0,0,0,0,0
ON,1,1670,1997,2,2,0,2,12,5,0,10,0,0,0,0,0,0,1
ON,1,1670,1998,5,4,0,2,0,0,0,6,0,0,0,0,0,0,1
ON,1,1670,1999,0,0,0,1,0,2,0,5,0,0,0,0,0,0,2
ON,1,1670,2000,0,0,0,3,0,1,0,0,0,0,0,0,0,0,1
ON,1,1670,2001,1,0,0,1,1,1,0,5,0,0,0,0,0,0,0
ON,1,1670,2002,0,0,0,2,0,1,0,1,0,0,0,0,0,0,0
ON,1,1670,2003,0,0,0,4,0,0,0,16,0,0,0,0,0,0,2
ON,1,1670,2004,0,0,0,6,0,0,0,13,0,0,0,0,0,0,0
ON,1,1670,2005,0,0,0,0,0,1,0,5,0,0,0,0,0,0,0
ON,1,1670,2006,0,0,0,1,0,0,0,11,0,0,0,0,0,0,0
ON,1,1670,2007,0,0,0,3,1,1,0,13,0,0,0,0,0,0,0
ON,1,1670,2008,0,0,0,2,0,0,0,4,0,0,0,0,0,0,0
ON,1,1670,2009,0,0,0,0,0,0,0,2,0,0,0,0,0,0,0
ON,1,1670,2010,0,0,0,1,0,0,0,4,0,0,0,0,0,0,0
ON,1,1670,2011,5,0,0,0,0,0,0,1,0,0,0,0,0,0,0
ON,1,1670,2012,2,2,0,1,0,0,0,3,0,0,0,0,0,0,0
ON,1,1670,2013,0,0,0,1,0,0,0,4,0,0,0,0,0,0,0
ON,1,1670,2014,0,1,0,1,0,1,0,10,0,0,0,0,0,0,1
ON,1,1670,2015,0,0,0,1,0,0,0,10,0,0,0,0,0,0,0
ON,1,1670,2016,7,2,0,2,0,0,0,13,0,0,0,0,0,0,0
ON,1,1670,2017,2,0,0,0,0,0,0,4,0,0,0,0,0,0,0
ON,1,1670,2019,0,0,0,0,0,0,0,3,0,0,0,0,0,0,0
ON,1,1670,2020,2,0,0,0,0,0,0,5,0,0,0,0,0,0,0
ON,1,1670,2021,0,0,0,3,0,0,0,3,0,0,0,0,0,0,0
ON,1,1670,2022,0,0,0,0,0,0,0,2,0,0,0,0,0,0,0
ON,1,1670,2023,0,0,0,2,0,0,0,2,0,0,0,0,0,0,0
ON,1,1670,2024,0,0,0,0,0,0,0,1,0,0,0,0,0,0,0
ON,1,1692,1976,0,0,0,2,0,0,0,1,0,0,0,0,0,0,0
ON,1,1692,1977,0,0,0,2,0,0,0,0,0,0,0,0,0,0,1
ON,1,1692,1979,0,0,0,3,0,0,0,5,0,0,0,0,0,0,0
ON,1,1692,1980,0,0,0,2,0,0,0,1,0,0,0,0,0,0,0
ON,1,1692,1981,0,0,0,0,0,0,0,2,0,0,0,0,0,0,0
ON,1,1692,1984,0,0,0,0,0,0,0,0,0,0,0,0,0,0,1
ON,1,1692,1988,0,0,0,1,0,0,0,0,0,0,0,0,0,0,0
ON,1,1692,1989,0,0,0,3,0,0,0,1,0,0,0,0,0,0,0
ON,1,1692,1990,0,0,0,1,0,0,0,0,0,0,0,0,0,0,0
ON,1,1692,1991,0,0,0,0,0,0,0,1,0,0,0,0,0,0,0
ON,1,1692,1992,0,0,0,3,0,0,0,5,0,0,0,0,0,0,0
ON,1,1692,1993,0,0,0,1,0,0,0,2,0,0,0,0,0,0,0
ON,1,1692,1996,0,0,0,1,0,0,0,0,0,0,0,0,0,0,0
ON,1,1692,1998,0,0,0,0,0,0,0,1,0,0,0,0,0,0,0
ON,1,1692,2001,0,0,0,1,0,0,0,0,0,0,0,0,0,0,0
ON,1,1692,2002,0,0,0,3,0,0,0,0,0,0,0,0,0,0,0
ON,1,1692,2003,0,0,0,1,0,0,0,1,0,0,0,0,0,0,1
ON,1,1692,2009,0,0,0,4,0,0,0,1,0,0,0,0,0,0,0
ON,1,1692,2015,0,0,0,0,0,0,0,1,0,0,0,0,0,0,0
ON,1,1693,1979,0,0,0,1,0,0,0,0,0,0,0,0,0,0,0
ON,1,1693,1981,0,0,0,2,0,0,0,1,0,0,0,0,0,0,0
ON,1,1693,1986,0,0,0,0,0,0,0,1,0,0,0,0,0,0,0
ON,1,1693,1988,0,0,0,0,0,0,0,1,0,0,0,0,0,0,0
ON,1,1693,1990,0,0,0,0,0,0,0,1,0,0,0,0,0,0,0
ON,1,1693,1991,0,0,0,0,0,0,0,1,0,0,0,0,0,0,0
ON,1,1693,1993,0,0,0,0,0,0,0,3,0,0,0,0,0,0,0
ON,1,1693,1998,0,0,0,1,0,0,0,1,0,0,0,0,0,0,0
ON,1,1693,2005,0,0,0,0,0,0,0,1,0,0,0,0,0,0,0
ON,1,1700,1977,0,0,0,1,0,0,0,0,0,0,0,0,0,0,0
ON,1,1700,2008,0,0,0,0,0,0,0,1,0,0,0,0,0,0,0
ON,1,1700,2023,0,0,0,1,0,0,0,0,0,0,0,0,0,0,0
ON,1,1710,2016,0,0,0,0,0,0,0,1,0,0,0,0,0,0,0
ON,1,1721,1984,0,0,0,0,0,0,0,7,0,0,0,0,0,0,0
ON,1,1721,1993,0,0,0,0,0,0,0,1,0,0,0,0,0,0,0
ON,1,1722,1976,0,0,0,57,0,0,0,29,0,0,0,0,0,0,18
ON,1,1722,1977,0,0,0,59,0,0,0,46,0,0,0,0,0,0,14
ON,1,1722,1978,0,0,0,58,0,0,0,35,0,0,0,0,0,0,21
ON,1,1722,1979,0,0,0,101,0,0,0,66,0,0,0,0,0,0,21
ON,1,1722,1980,0,0,0,112,0,0,0,48,0,0,0,0,0,0,21
ON,1,1722,1981,0,0,0,120,0,1,0,41,0,0,0,0,0,0,5
ON,1,1722,1982,0,0,0,109,0,0,0,55,0,0,0,0,0,0,25
ON,1,1722,1983,0,0,0,158,0,0,0,52,0,0,0,0,0,0,1
ON,1,1722,1984,0,0,0,109,0,0,0,134,0,0,0,0,0,0,1
ON,1,1722,1985,0,0,0,145,0,0,0,43,0,0,0,0,0,0,2
ON,1,1722,1986,0,0,0,242,0,0,0,67,0,0,0,0,0,0,1
ON,1,1722,1987,0,1,0,185,5,2,0,56,0,0,0,0,0,0,2
ON,1,1722,1988,0,0,0,194,0,0,0,53,0,0,0,0,0,0,2
ON,1,1722,1989,0,8,0,225,0,1,0,72,0,0,0,0,0,0,1
ON,1,1722,1990,0,0,0,284,0,0,0,58,0,0,0,0,0,0,4
ON,1,1722,1991,0,0,0,254,0,0,0,12,0,0,0,0,0,0,11
ON,1,1722,1992,0,1,0,362,0,0,0,40,0,0,0,0,0,0,5
ON,1,1722,1993,0,1,0,346,0,0,0,78,0,0,0,0,0,0,1
ON,1,1722,1994,0,0,0,411,0,0,0,105,0,0,0,0,0,0,3
ON,1,1722,1995,2,0,0,326,1,1,0,56,0,0,0,0,0,0,4
ON,1,1722,1996,2,4,0,372,0,0,0,95,0,0,0,0,0,0,7
ON,1,1722,1997,0,1,0,578,0,0,0,80,0,0,0,0,0,0,3
ON,1,1722,1998,0,0,0,760,0,0,0,85,0,0,0,0,0,0,9
ON,1,1722,1999,0,1,0,648,0,0,0,41,0,0,0,0,0,0,4
ON,1,1722,2000,0,0,0,770,0,0,0,27,0,0,0,0,0,0,0
ON,1,1722,2001,0,0,0,637,0,0,0,78,0,0,0,0,0,0,0
ON,1,1722,2002,0,0,0,590,0,0,0,71,0,0,0,0,0,0,3
ON,1,1722,2003,0,0,0,344,0,0,0,125,0,0,0,0,0,0,31
ON,1,1722,2004,0,0,0,601,0,0,0,61,0,0,0,0,0,0,12
ON,1,1722,2005,0,0,0,462,0,0,0,221,0,0,0,0,0,0,3
ON,1,1722,2006,0,0,0,458,0,0,0,194,0,0,0,0,0,0,0
ON,1,1722,2007,0,0,0,460,0,0,0,171,0,0,2,0,0,0,4
ON,1,1722,2008,0,0,0,325,0,0,0,141,0,0,0,0,0,0,8
ON,1,1722,2009,0,0,30,329,0,0,36,61,0,30,0,0,0,0,0
ON,1,1722,2010,0,0,207,55,0,0,96,13,0,0,0,0,0,2,0
ON,1,1722,2011,0,0,26,212,0,0,28,75,0,0,0,0,0,0,0
ON,1,1722,2012,0,0,41,216,0,0,24,70,0,0,0,0,0,0,0
ON,1,1722,2013,0,0,98,122,0,0,51,57,0,0,0,0,0,0,0
ON,1,1722,2014,0,0,23,289,0,0,17,113,0,2,0,0,0,0,0
ON,1,1722,2015,0,0,0,258,0,0,0,64,0,0,0,0,0,0,0
ON,1,1722,2016,0,0,1,154,0,0,0,104,0,5,0,0,0,1,0
ON,1,1722,2017,0,0,2,191,0,0,2,95,0,0,0,0,0,0,2
ON,1,1722,2018,0,0,5,195,0,0,2,64,0,0,0,0,0,0,2
ON,1,1722,2019,0,0,0,104,0,0,4,53,0,0,0,0,0,0,0
ON,1,1722,2020,0,0,0,243,0,0,0,79,0,11,0,0,0,0,0
ON,1,1722,2021,0,0,0,334,0,0,0,85,0,1,0,0,0,0,0
ON,1,1722,2022,0,0,0,117,0,0,0,60,0,1,0,0,0,0,0
ON,1,1722,2023,0,0,0,128,0,0,0,65,0,1,0,0,0,0,0
ON,1,1722,2024,0,0,0,176,0,0,0,53,0,0,0,0,0,0,0
ON,1,1730,1976,0,0,0,1,0,0,0,0,0,0,0,0,0,0,0
ON,1,1730,1981,0,0,0,0,0,0,0,0,0,0,0,0,0,0,1
ON,1,1730,1984,0,0,0,0,0,0,0,3,0,0,0,0,0,0,0
ON,1,1730,1986,0,0,0,0,0,1,0,0,0,0,0,0,0,0,0
ON,1,1730,1988,0,0,0,0,0,0,0,2,0,0,0,0,0,0,0
ON,1,1730,1990,0,0,0,0,0,0,0,1,0,0,0,0,0,0,0
ON,1,1730,1991,0,0,0,0,0,0,0,2,0,0,0,0,0,0,0
ON,1,1730,1998,0,0,0,0,0,0,0,1,0,0,0,0,0,0,0
ON,1,1730,2012,0,0,0,1,0,0,0,0,0,0,0,0,0,0,0
ON,1,2210,2015,0,0,0,0,0,0,0,0,0,0,0,0,0,0,2
ON,1,2210,2022,0,0,0,0,0,0,0,1,0,0,0,0,0,0,0
ON,1,2210,2023,0,0,0,0,0,0,0,0,0,0,0,0,0,0,1
ON,1,2280,1988,2,1,0,0,1,1,0,0,0,0,0,0,0,0,0
ON,1,2280,1989,0,0,0,0,1,1,0,0,0,0,0,0,0,0,0
ON,1,2280,1990,0,1,0,0,0,0,0,0,0,0,0,0,0,0,0
ON,1,2280,1993,1,0,0,0,3,5,0,0,0,0,0,0,0,0,0
ON,1,2280,1999,0,0,0,0,0,0,0,0,0,0,0,0,0,0,1
ON,1,2280,2000,16,9,0,0,23,14,0,0,0,0,0,1,0,0,1
ON,1,2280,2002,0,0,0,0,1,0,0,0,0,0,0,0,0,0,0
ON,1,2280,2004,0,0,0,0,1,1,0,0,0,0,0,0,0,0,0
ON,1,2280,2006,33,33,0,0,16,44,0,0,0,0,0,0,0,0,0
ON,1,2280,2007,34,32,0,0,14,31,0,0,0,0,0,0,2,0,2
ON,1,2280,2008,26,29,0,0,30,31,0,0,0,0,0,0,0,0,1
ON,1,2280,2009,9,5,0,0,12,14,0,0,0,0,0,0,1,0,0
ON,1,2280,2010,29,18,0,0,20,28,0,0,0,0,0,0,0,0,0
ON,1,2280,2011,49,26,0,0,22,19,0,1,0,0,0,0,0,0,0
ON,1,2280,2012,24,19,0,0,18,27,0,0,0,0,0,0,0,0,0
ON,1,2280,2013,19,16,0,0,18,22,0,0,0,0,0,1,0,0,0
ON,1,2280,2014,25,11,0,0,23,24,0,0,0,0,0,0,0,0,3
ON,1,2280,2015,12,8,0,0,9,10,0,0,0,0,0,0,0,0,0
ON,1,2280,2016,13,6,0,0,10,7,0,0,0,0,0,0,0,0,0
ON,1,2280,2017,21,10,0,0,12,11,0,0,0,0,0,0,0,0,0
ON,1,2280,2018,38,16,0,0,28,46,0,0,0,1,0,1,0,0,0
ON,1,2280,2019,15,15,1,0,40,55,0,0,0,0,0,2,1,0,0
ON,1,2280,2020,34,21,0,0,33,34,0,0,0,0,0,1,1,0,0
ON,1,2280,2021,23,23,0,0,24,25,0,0,0,0,0,0,0,0,0
ON,1,2280,2022,11,17,0,0,11,9,0,0,0,0,0,0,2,0,0
ON,1,2280,2023,21,12,0,1,14,17,0,0,0,0,0,1,1,0,0
ON,1,2280,2024,9,8,0,0,12,15,0,0,0,0,0,0,0,0,0
ON,1,2300,2007,0,0,0,0,0,0,0,1,0,0,0,0,0,0,0
ON,1,2300,2023,0,0,0,0,0,0,0,1,0,0,0,0,0,0,0
ON,1,3160,2013,0,0,0,4,0,0,0,13,0,0,0,0,0,0,10
ON,1,3160,2014,0,0,0,8,0,0,0,94,0,0,0,0,0,0,100
ON,1,3160,2015,0,0,0,21,0,0,0,47,0,5,0,0,0,0,0
ON,1,3160,2016,0,0,0,9,0,0,0,17,0,0,0,0,0,0,2
ON,1,3160,2017,0,0,0,18,0,0,0,15,0,0,0,0,0,0,2
ON,1,3160,2018,1,0,0,4,0,0,0,18,0,0,0,0,0,0,9
ON,1,3160,2019,0,0,0,8,0,0,0,18,0,0,0,0,0,0,4
ON,1,3160,2020,0,0,0,22,0,0,0,57,0,0,0,0,0,0,3
ON,1,3160,2021,0,0,0,12,0,0,0,37,0,0,0,0,0,0,5
ON,1,3160,2022,0,0,0,3,0,0,0,13,0,0,0,0,0,0,9
ON,1,3160,2023,0,0,0,6,0,0,0,17,0,1,0,0,0,0,2
ON,1,3160,2024,0,0,0,5,0,0,0,37,0,0,0,0,0,0,5
ON,2,1290,1976,1,1,0,0,0,0,0,8,0,0,0,0,0,0,2
ON,2,1290,1977,0,2,0,0,0,0,0,3,0,0,0,1,0,0,5
ON,2,1290,1978,0,1,0,0,3,0,0,0,0,0,0,0,0,0,0
ON,2,1290,1979,1,0,0,0,0,0,0,10,0,0,0,0,0,0,2
ON,2,1290,1980,2,3,0,0,9,6,0,0,0,0,0,0,0,0,6
ON,2,1290,1981,2,0,0,0,3,3,0,1,0,0,0,0,0,0,3
ON,2,1290,1982,0,0,0,0,0,0,0,7,0,0,0,0,0,0,0
ON,2,1290,1983,7,5,0,0,10,5,0,0,0,0,0,0,0,0,0
ON,2,1290,1984,7,4,0,0,4,4,0,0,0,0,0,0,0,0,0
ON,2,1290,1985,1,4,0,0,0,0,0,9,0,0,0,0,0,0,0
ON,2,1290,1986,11,9,0,0,0,0,0,21,0,0,0,0,0,0,0
ON,2,1290,1987,6,0,0,0,3,3,0,0,0,0,0,0,0,0,0
ON,2,1290,1988,8,4,0,0,10,4,0,0,0,0,0,0,0,0,0
ON,2,1290,1989,0,4,0,0,4,3,0,0,0,0,0,0,0,0,0
ON,2,1290,1990,2,6,0,0,6,2,0,0,0,0,0,0,0,0,0
ON,2,1290,1991,3,3,0,0,3,2,0,0,0,0,0,0,0,0,0
ON,2,1290,1992,4,10,0,0,16,7,0,0,0,0,0,0,0,0,1
ON,2,1290,1993,1,1,0,0,0,3,0,0,0,0,0,0,0,0,0
ON,2,1290,1994,1,1,0,0,7,2,0,0,0,0,0,0,0,0,0
ON,2,1290,1995,0,2,0,0,0,0,0,4,0,0,0,0,0,0,0
ON,2,1290,1996,4,4,0,0,11,5,0,0,0,0,0,0,0,0,0
ON,2,1290,1997,5,2,0,1,9,12,0,4,0,0,0,0,0,0,0
ON,2,1290,1998,7,1,0,0,9,10,0,0,0,0,0,1,0,0,5
ON,2,1290,1999,2,12,0,0,6,12,0,1,0,0,0,0,0,0,0
ON,2,1290,2000,4,1,0,0,4,2,0,0,0,0,0,0,0,0,0
ON,2,1290,2001,2,0,0,0,6,8,0,0,0,0,0,0,0,0,0
ON,2,1290,2002,0,0,0,0,4,4,0,1,0,0,0,0,0,0,0
ON,2,1290,2003,2,2,0,0,2,0,0,1,0,0,0,0,0,0,0
ON,2,1290,2004,1,2,0,0,1,1,0,0,0,0,0,0,0,0,0
ON,2,1290,2005,1,0,0,0,3,1,0,2,0,0,0,0,0,0,0
ON,2,1290,2006,1,0,0,0,2,3,0,0,0,0,0,0,0,0,0
ON,2,1290,2007,2,0,0,0,3,3,0,1,0,0,0,0,0,0,2
ON,2,1290,2008,1,2,0,0,0,1,0,0,0,0,0,0,0,0,0
ON,2,1290,2009,1,9,0,0,1,1,0,0,0,0,0,0,0,0,0
ON,2,1290,2010,4,5,0,0,0,3,0,0,0,0,0,0,0,0,0
ON,2,1290,2011,4,4,0,0,1,1,0,2,0,0,0,0,0,0,0
ON,2,1290,2012,0,3,0,0,2,0,0,0,0,0,0,0,0,0,0
ON,2,1290,2013,0,2,0,0,1,0,0,0,0,0,0,0,0,0,0
ON,2,1290,2014,8,18,0,0,2,7,0,1,0,0,0,0,0,0,0
ON,2,1290,2015,1,1,0,0,3,1,0,0,0,0,0,0,0,0,0
ON,2,1290,2016,0,2,0,0,3,2,0,0,0,0,0,0,0,0,0
ON,2,1290,2017,1,2,0,0,2,0,0,0,0,0,0,0,0,0,0
ON,2,1290,2018,0,2,0,0,3,1,0,0,0,0,0,0,0,0,0
ON,2,1290,2019,0,3,0,0,0,5,0,0,0,0,0,0,0,0,0
ON,2,1290,2020,2,3,0,0,8,6,0,0,0,0,0,0,0,0,0
ON,2,1290,2022,0,1,0,0,0,2,0,0,0,0,0,0,0,0,0
ON,2,1290,2023,1,1,0,0,4,1,0,0,0,0,0,0,0,0,0
ON,2,1290,2024,3,2,0,0,2,3,0,2,0,0,0,0,0,0,0
ON,2,1300,1976,0,0,0,0,0,1,0,13,0,0,0,0,0,0,2
ON,2,1300,1977,0,3,0,0,0,0,0,1,0,0,0,0,0,0,6
ON,2,1300,1978,0,1,0,0,0,0,0,0,0,0,0,0,0,0,0
ON,2,1300,1979,0,1,0,0,0,0,0,3,0,0,0,0,0,0,1
ON,2,1300,1980,0,0,0,0,0,1,0,0,0,0,0,0,0,0,0
ON,2,1300,1981,0,0,0,0,2,0,0,0,0,0,0,0,0,0,0
ON,2,1300,1982,1,0,0,0,0,0,0,1,0,0,0,0,0,0,0
ON,2,1300,1983,1,4,0,0,0,3,0,2,0,0,0,0,0,0,0
ON,2,1300,1984,2,1,0,0,2,1,0,0,0,0,0,0,0,0,0
ON,2,1300,1985,0,4,0,0,0,0,0,10,0,0,0,0,0,0,0
ON,2,1300,1986,1,2,0,0,0,1,0,10,0,0,0,0,0,0,0
ON,2,1300,1987,1,0,0,0,0,0,0,0,0,0,0,0,0,0,0
ON,2,1300,1988,2,0,0,0,0,2,0,0,0,0,0,0,0,0,0
ON,2,1300,1989,0,1,0,0,1,1,0,0,0,0,0,0,0,0,0
ON,2,1300,1990,0,0,0,0,1,2,0,1,0,0,0,0,0,0,0
ON,2,1300,1991,0,1,0,0,1,1,0,0,0,0,0,0,0,0,0
ON,2,1300,1992,0,1,0,0,3,1,0,0,0,0,0,0,0,0,0
ON,2,1300,1993,1,1,0,0,0,1,0,1,0,0,0,0,0,0,0
ON,2,1300,1994,0,0,0,0,0,0,0,4,0,0,0,0,0,0,0
ON,2,1300,1995,0,2,0,0,1,0,0,0,0,0,0,0,0,0,0
ON,2,1300,1996,2,0,0,0,0,0,0,3,0,0,0,0,0,0,0
ON,2,1300,1997,0,1,0,0,2,4,0,3,0,0,0,0,0,0,0
ON,2,1300,1998,0,0,0,0,5,6,0,0,0,0,0,0,0,0,0
ON,2,1300,1999,2,0,0,0,0,0,0,0,0,0,0,0,0,0,1
ON,2,1300,2000,0,0,0,0,2,1,0,0,0,0,0,0,0,0,0
ON,2,1300,2001,1,0,0,0,5,6,0,0,0,0,0,0,0,0,0
ON,2,1300,2002,0,2,0,0,3,3,0,0,0,0,0,0,0,0,0
ON,2,1300,2003,0,0,0,0,0,0,0,1,0,0,0,0,0,0,0
ON,2,1300,2004,1,0,0,0,0,0,0,1,0,0,0,0,0,0,0
ON,2,1300,2005,1,0,0,0,0,0,0,1,0,0,0,0,0,0,0
ON,2,1300,2006,1,0,0,0,0,0,0,5,0,0,0,0,0,0,0
ON,2,1300,2007,2,1,0,0,0,0,0,5,0,0,0,0,0,0,0
ON,2,1300,2008,1,1,0,0,0,0,0,4,0,0,0,0,0,0,0
ON,2,1300,2009,1,3,0,0,0,0,0,1,0,0,0,0,0,0,0
ON,2,1300,2010,0,1,0,0,0,0,0,3,0,0,0,0,0,0,0
ON,2,1300,2012,0,0,0,0,0,0,0,1,0,0,0,0,0,0,0
ON,2,1300,2013,0,3,0,0,0,0,0,4,0,0,0,0,0,0,0
ON,2,1300,2014,1,0,0,0,1,1,0,1,0,0,0,0,0,0,0
ON,2,1300,2015,0,1,0,0,0,0,0,1,0,0,0,0,0,0,0
ON,2,1300,2017,0,0,0,0,0,0,0,6,0,0,0,0,0,0,0
ON,2,1300,2018,0,0,0,0,0,0,0,2,0,0,0,0,0,0,0
ON,2,1300,2020,0,0,0,0,0,0,0,2,0,0,0,0,0,0,0
ON,2,1300,2021,0,0,0,0,0,0,0,0,0,0,0,0,0,0,2
ON,2,1300,2022,0,2,0,0,0,0,0,1,0,0,0,0,0,0,0
ON,2,1300,2023,1,0,0,0,0,0,0,5,0,0,0,0,0,0,0
ON,2,1300,2024,1,2,0,0,1,1,0,4,0,0,0,0,0,0,0
ON,2,1310,1976,5,10,0,0,0,3,0,81,0,0,0,0,0,0,13
ON,2,1310,1977,9,8,0,0,0,1,0,90,0,0,0,0,0,0,21
ON,2,1310,1978,10,7,0,0,17,17,0,14,0,0,0,0,0,0,7
ON,2,1310,1979,9,9,0,0,1,2,0,63,0,0,0,0,0,0,16
ON,2,1310,1980,12,12,0,0,0,1,0,55,0,0,0,0,0,0,8
ON,2,1310,1981,3,4,0,0,3,9,0,72,0,0,0,0,0,0,4
ON,2,1310,1982,2,6,0,0,0,0,0,23,0,0,0,0,0,0,11
ON,2,1310,1983,1,14,0,0,29,25,0,4,0,0,0,1,0,0,1
ON,2,1310,1984,7,10,0,0,31,44,0,2,0,0,0,0,0,0,0
ON,2,1310,1985,3,12,0,0,0,0,0,53,0,0,0,0,0,0,0
ON,2,1310,1986,12,28,0,0,2,7,0,51,0,0,0,0,0,0,0
ON,2,1310,1987,15,7,0,0,13,26,0,1,0,0,0,0,0,0,2
ON,2,1310,1988,13,24,0,0,12,26,0,0,0,0,0,0,0,0,0
ON,2,1310,1989,7,15,0,0,0,1,0,58,0,0,0,0,0,0,0
ON,2,1310,1990,12,24,0,0,35,31,0,3,0,0,0,0,0,0,0
ON,2,1310,1991,3,17,0,0,22,37,0,9,0,0,0,0,0,0,2
ON,2,1310,1992,7,43,0,0,25,45,0,0,0,0,0,0,0,0,0
ON,2,1310,1993,4,19,0,0,18,22,0,0,0,0,0,0,0,0,1
ON,2,1310,1994,7,14,0,0,13,19,0,22,0,0,0,0,0,0,1
ON,2,1310,1995,2,11,0,0,4,0,0,45,0,0,0,0,0,0,0
ON,2,1310,1996,8,18,0,0,3,2,0,49,0,0,0,0,0,0,0
ON,2,1310,1997,10,17,0,0,26,27,0,32,0,0,0,0,0,0,0
ON,2,1310,1998,7,13,0,0,16,43,0,4,0,0,0,1,0,0,1
ON,2,1310,1999,7,27,0,0,32,38,0,6,0,0,0,0,0,0,0
ON,2,1310,2000,8,22,0,0,32,29,0,1,0,0,0,0,0,0,1
ON,2,1310,2001,3,17,0,0,20,39,0,1,0,0,0,0,0,0,0
ON,2,1310,2002,5,13,0,0,14,14,0,1,0,0,0,0,0,0,2
ON,2,1310,2003,7,13,0,0,0,0,0,29,0,0,0,0,0,0,0
ON,2,1310,2004,7,14,0,0,0,0,0,31,0,0,0,0,0,0,0
ON,2,1310,2005,5,8,0,0,0,0,0,20,0,0,0,0,0,0,0
ON,2,1310,2006,1,9,0,0,0,0,0,34,0,0,0,0,0,0,1
ON,2,1310,2007,6,10,0,0,0,0,0,37,0,0,0,0,0,0,0
ON,2,1310,2008,1,9,0,0,0,0,0,26,0,0,0,0,0,0,1
ON,2,1310,2009,6,6,0,0,3,6,0,15,0,0,0,0,0,0,0
ON,2,1310,2010,0,3,0,0,3,1,0,8,0,0,0,0,0,0,0
ON,2,1310,2011,1,10,0,0,4,3,0,7,0,0,0,0,0,0,0
ON,2,1310,2012,2,13,0,0,4,7,0,14,0,0,0,0,0,0,0
ON,2,1310,2013,2,6,0,0,5,4,0,19,0,0,0,0,0,0,0
ON,2,1310,2014,4,31,0,0,11,11,0,20,0,0,0,0,0,0,0
ON,2,1310,2015,1,3,0,0,3,1,0,8,0,0,0,0,0,0,0
ON,2,1310,2016,0,1,0,0,2,2,0,8,0,0,0,0,0,0,1
ON,2,1310,2017,0,6,0,0,1,1,0,17,0,0,0,0,0,0,0
ON,2,1310,2018,0,6,0,0,1,1,0,5,0,0,0,0,0,0,0
ON,2,1310,2019,0,5,0,0,3,5,0,6,0,0,0,0,0,0,1
ON,2,1310,2020,5,11,0,0,11,2,0,22,0,0,0,0,0,0,0
ON,2,1310,2021,8,8,0,0,5,2,0,14,0,0,0,0,0,0,1
ON,2,1310,2022,0,8,0,0,3,1,0,11,0,0,0,0,0,0,0
ON,2,1310,2023,3,3,0,0,7,2,0,13,0,0,0,0,0,0,0
ON,2,1310,2024,3,12,0,0,4,10,0,10,0,0,0,0,0,0,0
ON,2,1320,1976,83,46,0,0,434,450,0,34,0,0,0,4,5,0,207
ON,2,1320,1977,75,40,0,3,372,386,0,21,0,0,0,3,2,0,199
ON,2,1320,1978,53,47,0,2,332,292,0,26,0,0,0,0,5,0,109
ON,2,1320,1979,74,38,0,5,373,383,0,40,0,0,0,2,1,0,121
ON,2,1320,1980,93,61,0,3,324,422,0,21,0,0,0,1,8,0,147
ON,2,1320,1981,94,45,0,2,347,289,0,7,0,0,0,4,3,0,178
ON,2,1320,1982,58,50,0,4,159,231,0,7,0,0,0,2,1,0,181
ON,2,1320,1983,91,78,0,0,352,345,0,11,0,0,0,7,2,0,30
ON,2,1320,1984,102,64,0,1,437,467,0,13,0,0,0,2,2,0,4
ON,2,1320,1985,105,68,0,2,447,512,0,18,0,0,0,1,2,0,13
ON,2,1320,1986,143,100,0,2,431,470,0,21,0,0,0,3,5,0,12
ON,2,1320,1987,103,81,0,0,422,468,0,23,0,0,0,3,0,0,31
ON,2,1320,1988,105,69,0,1,211,231,0,8,0,0,0,1,1,0,12
ON,2,1320,1989,75,68,0,1,412,406,0,21,0,0,0,4,0,0,13
ON,2,1320,1990,142,134,0,1,407,513,0,21,0,0,0,1,2,0,6
ON,2,1320,1991,111,95,0,0,429,386,0,10,0,0,0,3,4,0,15
ON,2,1320,1992,118,135,0,1,409,389,0,12,0,0,0,3,2,0,10
ON,2,1320,1993,90,78,0,0,343,398,0,16,0,0,0,1,0,0,2
ON,2,1320,1994,86,63,0,3,309,343,0,11,0,0,0,2,0,0,10
ON,2,1320,1995,58,62,0,2,253,247,0,12,0,0,0,1,1,0,3
ON,2,1320,1996,98,99,0,1,467,514,0,17,0,0,0,2,4,0,6
ON,2,1320,1997,129,125,0,0,680,860,0,21,0,0,0,5,6,0,11
ON,2,1320,1998,128,126,0,0,689,825,0,9,0,0,0,0,0,0,6
ON,2,1320,1999,85,146,0,0,641,825,0,6,0,0,0,3,1,0,2
ON,2,1320,2000,121,183,0,0,579,779,0,9,0,0,0,1,1,0,10
ON,2,1320,2001,106,199,0,0,666,763,0,11,0,0,0,1,1,0,4
ON,2,1320,2002,102,170,0,0,403,480,0,16,0,0,0,2,1,0,11
ON,2,1320,2003,56,110,0,0,335,387,0,11,0,0,0,1,1,0,6
ON,2,1320,2004,85,159,0,0,416,428,0,12,0,0,0,4,1,0,4
ON,2,1320,2005,77,114,0,1,320,434,0,11,0,0,0,1,0,0,3
ON,2,1320,2006,60,120,0,2,340,376,0,10,0,0,0,0,0,0,7
ON,2,1320,2007,71,117,0,0,310,341,0,1,0,0,0,0,0,0,3
ON,2,1320,2008,43,92,0,0,263,299,0,5,0,0,0,1,0,0,0
ON,2,1320,2009,26,50,0,0,209,232,0,5,0,0,0,0,0,0,1
ON,2,1320,2010,42,65,0,0,207,315,0,2,0,0,0,0,1,0,2
ON,2,1320,2011,44,71,0,1,205,218,0,6,0,0,0,0,0,0,2
ON,2,1320,2012,34,62,0,0,163,209,0,1,0,0,0,0,0,0,7
ON,2,1320,2013,43,81,0,0,236,230,0,0,0,0,0,0,0,0,1
ON,2,1320,2014,44,80,0,0,162,189,0,3,0,0,0,0,1,0,4
ON,2,1320,2015,33,60,0,0,125,169,0,2,0,1,0,0,0,0,5
ON,2,1320,2016,36,59,0,0,127,138,0,5,0,0,0,0,0,0,5
ON,2,1320,2017,41,70,0,1,114,128,0,2,0,0,0,0,4,0,1
ON,2,1320,2018,48,78,0,0,127,144,0,2,0,0,0,1,3,0,4
ON,2,1320,2019,41,61,0,1,137,139,0,3,0,0,1,1,0,0,5
ON,2,1320,2020,44,52,0,0,171,192,0,2,0,1,0,1,2,0,4
ON,2,1320,2021,11,24,0,0,83,123,0,3,0,0,0,0,0,0,0
ON,2,1320,2022,37,51,0,0,123,144,0,0,0,1,0,0,0,0,0
ON,2,1320,2023,40,91,0,1,154,151,0,2,0,0,0,0,1,0,0
ON,2,1320,2024,33,58,0,0,144,166,0,1,0,1,0,1,1,0,1
ON,2,1321,1976,3,4,0,0,25,28,0,2,0,0,0,0,0,0,16
ON,2,1321,1977,1,1,0,0,7,17,0,1,0,0,0,0,0,0,7
ON,2,1321,1978,5,2,0,1,11,13,0,1,0,0,0,0,0,0,2
ON,2,1321,1979,1,0,0,3,2,1,0,22,0,0,0,0,0,0,4
ON,2,1321,1980,3,6,0,0,12,16,0,2,0,0,0,0,0,0,4
ON,2,1321,1981,1,3,0,0,4,2,0,0,0,0,0,0,0,0,1
ON,2,1321,1982,1,1,0,0,8,9,0,0,0,0,0,0,0,0,1
ON,2,1321,1983,1,3,0,0,10,6,0,0,0,0,0,0,0,0,0
ON,2,1321,1984,2,3,0,0,17,4,0,1,0,0,0,0,0,0,1
ON,2,1321,1985,0,4,0,0,3,7,0,1,0,0,0,0,0,0,0
ON,2,1321,1986,2,9,0,0,15,12,0,0,0,0,0,0,1,0,0
ON,2,1321,1987,3,5,0,0,13,4,0,0,0,0,0,0,0,0,2
ON,2,1321,1988,3,5,0,0,8,12,0,3,0,0,0,0,0,0,0
ON,2,1321,1989,4,6,0,0,3,9,0,0,0,0,0,0,1,0,0
ON,2,1321,1990,3,1,0,0,13,6,0,0,0,0,0,0,1,0,0
ON,2,1321,1991,2,5,0,0,4,6,0,3,0,0,0,0,0,0,0
ON,2,1321,1992,3,5,0,0,10,6,0,0,0,0,0,0,0,0,0
ON,2,1321,1993,3,9,0,0,6,13,0,0,0,0,0,0,0,0,0
ON,2,1321,1994,2,0,0,0,4,5,0,0,0,0,0,0,0,0,0
ON,2,1321,1995,2,1,0,0,3,2,0,0,0,0,0,0,0,0,0
ON,2,1321,1996,3,0,0,0,5,8,0,0,0,0,0,0,0,0,0
ON,2,1321,1997,3,1,0,0,12,9,0,1,0,0,0,0,0,0,0
ON,2,1321,1998,1,2,0,0,14,9,0,0,0,0,0,0,0,0,1
ON,2,1321,1999,1,4,0,0,7,5,0,0,0,0,0,0,0,0,0
ON,2,1321,2000,1,1,0,0,12,9,0,1,0,0,0,0,0,0,0
ON,2,1321,2001,1,3,0,1,4,7,0,1,0,0,0,1,0,0,0
ON,2,1321,2002,0,5,0,2,5,4,0,1,0,0,0,0,0,0,0
ON,2,1321,2003,0,0,0,0,1,2,0,0,0,0,0,0,0,0,0
ON,2,1321,2004,0,2,0,0,3,3,0,1,0,0,0,0,0,0,0
ON,2,1321,2005,1,0,0,0,5,4,0,0,0,0,0,0,0,0,0
ON,2,1321,2006,4,3,0,0,3,4,0,1,0,0,0,0,0,0,0
ON,2,1321,2007,1,4,0,0,3,3,0,0,0,0,0,0,0,0,0
ON,2,1321,2008,0,2,0,0,1,0,0,0,0,0,0,0,0,0,0
ON,2,1321,2009,0,0,0,2,2,1,0,0,0,0,0,0,0,0,0
ON,2,1321,2010,0,1,0,0,1,0,0,0,0,0,0,0,0,0,0
ON,2,1321,2011,1,1,0,0,2,2,0,0,0,0,0,0,0,0,0
ON,2,1321,2012,0,1,0,1,2,3,0,0,0,0,0,0,0,0,0
ON,2,1321,2013,1,3,0,0,3,1,0,0,0,0,0,0,0,0,0
ON,2,1321,2014,1,0,0,0,1,2,0,0,0,0,0,0,0,0,0
ON,2,1321,2015,0,2,0,0,0,0,0,0,0,0,0,0,0,0,0
ON,2,1321,2016,0,2,0,0,3,2,0,0,0,0,0,0,0,0,0
ON,2,1321,2017,0,1,0,0,3,2,0,0,0,0,0,0,0,0,0
ON,2,1321,2018,0,2,0,0,2,2,0,0,0,0,0,0,0,0,0
ON,2,1321,2019,1,2,0,0,3,1,0,0,0,0,0,0,0,0,0
ON,2,1321,2020,0,3,0,0,1,3,0,0,0,0,0,0,0,0,0
ON,2,1321,2021,0,1,0,0,1,4,0,0,0,0,0,0,0,0,0
ON,2,1321,2022,0,2,0,0,0,0,0,0,0,0,0,0,0,0,0
ON,2,1321,2023,0,1,0,0,2,0,0,0,0,0,0,0,0,0,0
ON,2,1321,2024,2,2,0,0,1,1,0,0,0,0,0,0,0,0,0
ON,2,1330,1976,25,24,0,0,106,138,0,3,0,0,0,0,1,0,59
ON,2,1330,1977,11,16,0,0,105,136,0,3,0,0,0,0,0,0,53
ON,2,1330,1978,25,13,0,1,87,74,0,2,0,0,0,2,1,0,28
ON,2,1330,1979,29,17,0,0,130,140,0,3,0,0,0,1,3,0,29
ON,2,1330,1980,24,24,0,0,84,163,0,0,0,0,0,0,1,0,23
ON,2,1330,1981,17,21,0,0,85,89,0,3,0,0,0,0,0,0,52
ON,2,1330,1982,12,7,0,0,42,45,0,3,0,0,0,0,1,0,38
ON,2,1330,1983,14,12,0,0,71,75,0,4,0,0,0,0,1,0,0
ON,2,1330,1984,15,14,0,0,84,113,0,13,0,0,0,0,0,0,1
ON,2,1330,1985,11,17,0,0,108,91,0,3,0,0,0,1,0,0,2
ON,2,1330,1986,29,34,0,0,88,85,0,4,0,0,0,0,0,0,4
ON,2,1330,1987,11,10,0,4,65,71,0,0,0,0,0,0,0,0,0
ON,2,1330,1988,15,19,0,0,45,64,0,3,0,0,0,0,0,0,0
ON,2,1330,1989,18,29,0,0,50,70,0,1,0,0,0,0,0,0,2
ON,2,1330,1990,21,16,0,0,36,63,0,3,0,0,0,0,2,0,3
ON,2,1330,1991,13,9,0,2,65,72,0,4,0,0,0,0,0,0,0
ON,2,1330,1992,23,30,0,0,71,69,0,1,0,0,0,0,0,0,0
ON,2,1330,1993,15,13,0,0,48,54,0,2,0,0,0,0,0,0,3
ON,2,1330,1994,9,10,0,0,43,48,0,2,0,0,0,0,0,0,1
ON,2,1330,1995,4,8,0,0,28,48,0,1,0,0,0,0,0,0,0
ON,2,1330,1996,23,22,0,0,62,55,0,6,0,0,0,0,1,0,3
ON,2,1330,1997,7,15,0,0,81,111,0,5,0,0,0,0,0,0,1
ON,2,1330,1998,17,12,0,0,83,93,0,7,0,0,0,0,0,0,0
ON,2,1330,1999,23,21,0,0,91,117,0,1,0,0,0,0,0,0,1
ON,2,1330,2000,16,34,0,5,60,72,0,0,0,0,0,1,0,0,0
ON,2,1330,2001,21,15,0,0,92,61,0,2,0,0,0,0,1,0,0
ON,2,1330,2002,15,16,0,1,52,45,0,1,0,0,0,0,0,0,0
ON,2,1330,2003,4,8,0,0,39,46,0,4,0,0,0,0,0,0,2
ON,2,1330,2004,13,21,0,1,41,49,0,1,0,0,0,0,0,0,0
ON,2,1330,2005,11,13,0,0,41,41,0,5,0,0,0,0,0,0,0
ON,2,1330,2006,6,17,0,3,42,44,0,13,0,0,0,0,0,0,0
ON,2,1330,2007,11,9,0,4,41,29,0,1,0,0,0,1,0,0,0
ON,2,1330,2008,4,13,0,2,21,28,0,5,0,0,0,0,0,0,0
ON,2,1330,2009,5,11,0,0,29,28,0,2,0,0,0,0,0,0,0
ON,2,1330,2010,3,4,0,0,36,36,0,2,0,0,0,0,0,0,0
ON,2,1330,2011,3,13,0,0,20,20,0,4,0,0,0,0,0,0,1
ON,2,1330,2012,5,9,0,0,35,22,0,2,0,0,0,0,0,0,2
ON,2,1330,2013,3,14,0,1,31,25,0,3,0,0,0,0,0,0,0
ON,2,1330,2014,7,7,0,0,28,10,0,0,0,0,0,0,0,0,0
ON,2,1330,2015,4,4,0,0,15,11,0,0,0,0,0,0,0,0,0
ON,2,1330,2016,3,9,0,0,10,19,0,0,0,0,0,0,0,0,0
ON,2,1330,2017,6,6,0,0,9,15,0,2,0,0,0,0,0,0,0
ON,2,1330,2018,6,6,0,0,5,17,0,0,0,0,0,0,0,0,1
ON,2,1330,2019,3,5,0,0,9,21,0,1,0,0,0,0,0,0,0
ON,2,1330,2020,8,6,0,0,39,37,0,1,0,0,0,0,0,0,0
ON,2,1330,2021,3,3,0,0,7,20,0,0,0,0,0,0,0,0,0
ON,2,1330,2022,7,3,0,0,9,17,0,1,0,0,0,0,0,0,0
ON,2,1330,2023,2,10,0,0,19,9,0,0,0,0,0,0,0,0,0
ON,2,1330,2024,7,10,0,0,18,17,0,1,0,0,0,0,0,0,0
ON,2,1350,1976,4,3,0,0,7,8,0,0,0,0,0,1,0,0,3
ON,2,1350,1977,3,0,0,0,4,7,0,0,0,0,0,0,0,0,5
ON,2,1350,1978,2,0,0,0,6,3,0,1,0,0,0,0,0,0,1
ON,2,1350,1979,1,2,0,0,5,8,0,0,0,0,0,0,0,0,2
ON,2,1350,1980,1,3,0,0,6,6,0,0,0,0,0,0,0,0,5
ON,2,1350,1981,1,2,0,0,7,9,0,1,0,0,0,0,0,0,3
ON,2,1350,1982,2,0,0,0,8,4,0,0,0,0,0,0,0,0,6
ON,2,1350,1983,2,2,0,0,6,5,0,0,0,0,0,0,0,0,0
ON,2,1350,1984,1,1,0,0,1,4,0,0,0,0,0,0,0,0,0
ON,2,1350,1985,3,1,0,0,10,3,0,0,0,0,0,0,0,0,0
ON,2,1350,1986,3,3,0,0,3,5,0,0,0,0,0,0,0,0,0
ON,2,1350,1987,0,1,0,0,4,1,0,0,0,0,0,0,0,0,0
ON,2,1350,1988,5,3,0,0,2,2,0,0,0,0,0,0,0,0,0
ON,2,1350,1989,1,0,0,0,2,0,0,0,0,0,0,0,0,0,1
ON,2,1350,1990,0,1,0,0,2,1,0,0,0,0,0,0,0,0,0
ON,2,1350,1991,1,2,0,0,5,5,0,0,0,0,0,0,0,0,1
ON,2,1350,1992,3,5,0,0,8,5,0,0,0,0,0,0,0,0,0
ON,2,1350,1993,2,3,0,0,4,1,0,0,0,0,0,0,0,0,0
ON,2,1350,1994,0,0,0,0,0,1,0,0,0,0,0,0,0,0,0
ON,2,1350,1995,1,0,0,0,3,4,0,0,0,0,0,0,0,0,1
ON,2,1350,1996,2,1,0,0,7,16,0,0,0,0,0,0,0,0,0
ON,2,1350,1997,2,8,0,0,5,10,0,0,0,0,0,0,0,0,0
ON,2,1350,1998,3,7,0,0,10,7,0,1,0,0,0,0,0,0,0
ON,2,1350,1999,0,4,0,0,4,19,0,0,0,0,0,0,0,0,0
ON,2,1350,2000,4,7,0,0,10,8,0,0,0,0,0,0,0,0,0
ON,2,1350,2001,2,6,0,0,3,4,0,0,0,0,0,0,0,0,0
ON,2,1350,2002,1,6,0,0,6,13,0,0,0,0,0,0,0,0,0
ON,2,1350,2003,0,1,0,0,7,2,0,0,0,0,0,0,0,0,0
ON,2,1350,2004,2,4,0,0,3,3,0,0,0,0,0,0,0,0,0
ON,2,1350,2005,1,8,0,0,2,8,0,0,0,0,0,0,0,0,0
ON,2,1350,2006,3,6,0,0,6,3,0,0,0,0,0,0,0,0,0
ON,2,1350,2007,0,1,0,0,4,1,0,0,0,0,0,0,0,0,0
ON,2,1350,2008,0,4,0,0,0,1,0,0,0,0,0,0,0,0,0
ON,2,1350,2009,0,2,0,0,2,2,0,0,0,0,0,0,0,0,0
ON,2,1350,2010,0,0,0,0,3,6,0,0,0,0,0,0,0,0,0
ON,2,1350,2011,0,3,0,0,5,4,0,0,0,0,0,0,0,0,0
ON,2,1350,2012,2,4,0,0,3,4,0,0,0,0,0,0,0,0,0
ON,2,1350,2013,0,2,0,0,5,2,0,0,0,0,0,0,0,0,0
ON,2,1350,2014,0,1,0,0,2,3,0,0,0,0,0,0,0,0,1
ON,2,1350,2015,0,1,0,0,1,3,0,0,0,0,0,0,0,0,0
ON,2,1350,2016,0,0,0,0,0,1,0,1,0,0,0,0,0,0,0
ON,2,1350,2017,1,2,0,0,1,1,0,0,0,0,0,0,0,0,1
ON,2,1350,2018,0,3,0,0,0,1,0,0,0,0,0,0,0,0,0
ON,2,1350,2019,0,3,0,0,3,3,0,0,0,0,0,0,0,0,0
ON,2,1350,2020,1,1,0,0,4,4,0,0,0,0,0,0,0,0,0
ON,2,1350,2021,1,1,0,0,4,1,0,0,0,0,0,0,0,0,0
ON,2,1350,2022,0,2,0,0,3,3,0,0,0,0,0,0,0,0,0
ON,2,1350,2023,1,2,0,0,0,5,0,0,0,0,0,0,0,0,0
ON,2,1350,2024,1,1,0,0,2,2,0,0,0,0,0,0,0,0,0
ON,2,1360,1992,0,0,0,0,0,1,0,0,0,0,0,0,0,0,0
ON,2,1360,1995,0,0,0,0,1,0,0,0,0,0,0,0,0,0,0
ON,2,1360,1997,0,0,0,0,1,0,0,0,0,0,0,0,0,0,0
ON,2,1360,2015,1,0,0,0,0,0,0,0,0,0,0,0,0,0,0
ON,2,1370,1976,3,6,0,0,15,32,0,0,0,0,0,0,0,0,9
ON,2,1370,1977,0,6,0,0,9,7,0,0,0,0,0,1,0,0,5
ON,2,1370,1978,3,6,0,0,15,8,0,0,0,0,0,0,0,0,7
ON,2,1370,1979,2,6,0,0,27,17,0,0,0,0,0,0,0,0,7
ON,2,1370,1980,4,7,0,0,16,19,0,0,0,0,0,1,0,0,4
ON,2,1370,1981,1,3,0,0,6,5,0,0,0,0,0,0,0,0,6
ON,2,1370,1982,2,6,0,0,3,5,0,0,0,0,0,0,0,0,7
ON,2,1370,1983,2,7,0,1,12,10,0,0,0,0,0,0,0,0,0
ON,2,1370,1984,1,5,0,0,10,21,0,0,0,0,0,0,0,0,0
ON,2,1370,1985,5,14,0,0,24,17,0,0,0,0,0,0,0,0,1
ON,2,1370,1986,0,7,0,0,12,16,0,0,0,0,0,0,0,0,0
ON,2,1370,1987,3,5,0,0,2,15,0,0,0,0,0,0,0,0,4
ON,2,1370,1988,2,0,0,0,11,9,0,0,0,0,0,0,0,0,0
ON,2,1370,1989,5,6,0,0,6,15,0,0,0,0,0,0,0,0,0
ON,2,1370,1990,5,12,0,0,7,11,0,0,0,0,0,0,0,0,0
ON,2,1370,1991,0,7,0,0,12,14,0,0,0,0,0,0,0,0,0
ON,2,1370,1992,11,19,0,0,26,14,0,1,0,0,0,0,0,0,0
ON,2,1370,1993,0,3,0,0,6,17,0,0,0,0,0,0,0,0,0
ON,2,1370,1994,4,5,0,0,5,6,0,0,0,0,0,0,0,0,0
ON,2,1370,1995,1,2,0,0,5,1,0,0,0,0,0,0,0,0,0
ON,2,1370,1996,3,9,0,0,10,10,0,0,0,0,0,0,0,0,0
ON,2,1370,1997,7,19,0,0,18,21,0,0,0,0,0,0,0,0,0
ON,2,1370,1998,4,11,0,0,22,17,0,0,0,0,0,0,0,0,0
ON,2,1370,1999,3,5,0,0,11,16,0,0,0,0,0,0,0,0,1
ON,2,1370,2000,7,17,0,0,9,13,0,0,0,0,0,0,0,0,0
ON,2,1370,2001,9,5,0,0,13,7,0,0,0,0,0,0,0,0,0
ON,2,1370,2002,4,17,0,0,14,17,0,0,0,0,0,0,0,0,0
ON,2,1370,2003,0,2,0,0,10,10,0,0,0,0,0,0,0,0,0
ON,2,1370,2004,2,9,0,0,8,8,0,0,0,0,0,0,0,0,0
ON,2,1370,2005,1,10,0,0,13,9,0,0,0,0,0,0,0,0,0
ON,2,1370,2006,8,13,0,0,25,33,0,0,0,0,0,0,0,0,0
ON,2,1370,2007,5,9,0,0,8,8,0,0,0,0,0,0,0,0,0
ON,2,1370,2008,1,6,0,0,12,4,0,0,0,0,0,0,0,0,0
ON,2,1370,2009,2,8,0,0,5,2,0,0,0,0,0,0,0,0,0
ON,2,1370,2010,0,1,0,0,1,9,0,0,0,0,0,0,0,0,0
ON,2,1370,2011,1,4,0,0,9,4,0,0,0,0,0,0,0,0,0
ON,2,1370,2012,2,7,0,0,8,6,0,0,0,0,0,0,0,0,0
ON,2,1370,2013,3,5,0,0,14,11,0,0,0,0,0,0,0,0,0
ON,2,1370,2014,2,12,0,0,8,14,0,0,0,0,0,0,0,0,0
ON,2,1370,2015,2,6,0,0,3,17,0,0,0,0,0,0,0,0,0
ON,2,1370,2016,0,0,0,0,9,6,0,0,0,0,0,0,0,0,1
ON,2,1370,2017,1,8,0,0,8,7,0,0,0,0,0,0,0,0,0
ON,2,1370,2018,0,2,0,0,6,8,0,0,0,0,0,0,0,0,0
ON,2,1370,2019,2,3,0,0,4,6,0,0,0,0,0,0,0,0,0
ON,2,1370,2020,3,8,0,0,5,9,0,0,0,0,0,0,1,0,0
ON,2,1370,2021,1,1,0,0,6,9,0,0,0,0,0,0,0,0,1
ON,2,1370,2022,1,3,0,0,9,5,0,0,0,0,0,0,0,0,0
ON,2,1370,2023,3,4,0,0,6,6,0,0,0,0,0,0,0,0,0
ON,2,1370,2024,2,6,0,0,5,7,0,0,0,0,0,0,0,0,0
ON,2,1390,1976,19,9,0,0,58,49,0,6,0,0,0,1,2,0,40
ON,2,1390,1977,9,12,0,0,56,56,0,3,0,0,0,0,1,0,49
ON,2,1390,1978,8,5,0,1,37,23,0,7,0,0,0,1,0,0,25
ON,2,1390,1979,18,6,0,0,37,38,0,8,0,0,0,0,0,0,13
ON,2,1390,1980,8,5,0,0,64,36,0,2,0,0,0,4,0,0,29
ON,2,1390,1981,12,4,0,0,50,70,0,2,0,0,0,3,2,0,34
ON,2,1390,1982,11,8,0,0,26,25,0,0,0,0,0,1,1,0,16
ON,2,1390,1983,11,9,0,0,34,59,0,4,0,0,0,0,1,0,7
ON,2,1390,1984,8,5,0,0,69,57,0,1,0,0,0,0,0,0,0
ON,2,1390,1985,14,12,0,0,86,67,0,3,0,0,0,0,0,0,1
ON,2,1390,1986,20,14,0,0,66,70,0,5,0,0,0,1,0,0,9
ON,2,1390,1987,12,10,0,0,55,46,0,0,0,0,0,1,0,0,0
ON,2,1390,1988,10,7,0,0,23,40,0,2,0,0,0,0,1,0,1
ON,2,1390,1989,19,8,0,0,74,88,0,0,0,0,0,0,3,0,0
ON,2,1390,1990,20,23,0,0,66,62,0,1,0,0,0,1,2,0,3
ON,2,1390,1991,21,16,0,0,60,47,0,1,0,0,0,0,0,0,5
ON,2,1390,1992,16,11,0,0,44,61,0,7,0,0,0,1,1,0,5
ON,2,1390,1993,10,12,0,1,75,67,0,2,0,0,0,1,2,0,2
ON,2,1390,1994,8,8,0,0,48,58,0,0,0,0,0,0,1,0,2
ON,2,1390,1995,16,7,0,0,51,40,0,5,0,0,0,0,1,0,2
ON,2,1390,1996,8,11,0,1,64,58,0,1,0,0,0,0,4,0,0
ON,2,1390,1997,9,14,0,0,112,114,0,2,0,0,0,2,1,0,8
ON,2,1390,1998,29,22,0,0,174,200,0,9,0,0,0,1,0,0,12
ON,2,1390,1999,40,31,0,0,233,209,0,2,0,0,0,0,1,0,4
ON,2,1390,2000,22,17,0,0,96,97,0,1,0,0,0,0,0,0,0
ON,2,1390,2001,26,19,0,0,78,72,0,8,0,0,0,0,0,0,4
ON,2,1390,2002,10,11,0,0,78,91,0,3,0,0,0,0,3,0,1
ON,2,1390,2003,18,15,0,0,85,83,0,2,0,0,0,0,0,0,7
ON,2,1390,2004,7,11,0,0,47,38,0,4,0,0,0,0,0,0,14
ON,2,1390,2005,11,8,0,0,47,43,0,0,0,0,0,0,0,0,0
ON,2,1390,2006,9,8,0,0,35,34,0,3,0,0,0,0,2,0,2
ON,2,1390,2007,10,14,0,0,24,43,0,0,0,0,0,0,0,0,2
ON,2,1390,2008,9,21,0,0,34,43,0,3,0,0,0,0,0,0,2
ON,2,1390,2009,5,11,0,0,39,48,0,1,0,0,0,0,1,0,0
ON,2,1390,2010,7,8,0,0,42,50,0,0,0,0,0,1,0,0,0
ON,2,1390,2011,4,6,0,0,21,20,0,0,0,0,0,0,0,0,0
ON,2,1390,2012,5,11,0,0,41,33,0,1,0,0,0,0,0,0,0
ON,2,1390,2013,7,7,0,0,39,47,0,0,0,0,0,0,0,0,0
ON,2,1390,2014,7,7,0,0,21,24,0,0,0,0,0,0,0,0,0
ON,2,1390,2015,6,7,0,0,24,32,0,0,0,0,0,0,0,0,0
ON,2,1390,2016,6,5,0,0,18,11,0,0,0,0,0,0,0,0,0
ON,2,1390,2017,3,10,0,0,9,8,0,1,0,0,0,0,0,0,0
ON,2,1390,2018,0,8,0,0,17,16,0,2,0,0,0,0,0,0,3
ON,2,1390,2019,3,7,0,0,19,15,0,0,0,0,0,0,0,0,1
ON,2,1390,2020,13,6,0,0,33,53,0,4,0,0,0,0,1,0,2
ON,2,1390,2021,2,5,0,0,27,37,0,3,0,0,0,0,1,0,2
ON,2,1390,2022,1,3,0,0,20,30,0,2,0,0,0,0,1,0,0
ON,2,1390,2023,4,10,0,0,23,36,0,3,0,0,0,0,0,0,0
ON,2,1390,2024,5,7,0,0,23,38,0,2,0,0,0,1,2,0,0
ON,2,1400,1976,27,28,0,0,97,95,0,0,0,0,0,7,6,0,29
ON,2,1400,1977,12,10,0,0,105,56,0,0,0,0,0,4,0,0,66
ON,2,1400,1978,20,10,0,1,84,54,0,0,0,0,0,7,1,0,35
ON,2,1400,1979,14,12,0,0,57,63,0,1,0,0,0,4,10,0,8
ON,2,1400,1980,20,3,0,0,48,51,0,0,0,0,0,4,1,0,16
ON,2,1400,1981,16,10,0,1,51,54,0,0,0,0,0,6,4,0,22
ON,2,1400,1982,4,0,0,0,24,16,0,0,0,0,0,1,0,0,9
ON,2,1400,1983,20,18,0,0,85,70,0,0,0,0,0,4,0,0,3
ON,2,1400,1984,25,7,0,0,93,84,0,0,0,0,0,3,3,0,0
ON,2,1400,1985,19,4,0,0,66,43,0,0,0,0,0,1,1,0,1
ON,2,1400,1986,24,10,0,0,111,72,0,1,0,0,0,7,0,0,1
ON,2,1400,1987,18,10,0,0,42,38,0,0,0,0,0,1,1,0,2
ON,2,1400,1988,13,4,0,1,25,12,0,0,0,0,0,0,0,0,0
ON,2,1400,1989,20,10,0,0,55,27,0,0,0,0,0,0,2,0,2
ON,2,1400,1990,24,12,0,0,55,37,0,0,0,0,0,1,2,0,0
ON,2,1400,1991,11,5,0,0,35,20,0,0,0,0,0,0,0,0,0
ON,2,1400,1992,18,6,0,0,27,27,0,0,0,0,0,0,0,0,2
ON,2,1400,1993,3,5,0,0,31,34,0,0,0,0,0,1,0,0,0
ON,2,1400,1994,6,7,0,0,43,24,0,0,0,0,0,0,1,0,0
ON,2,1400,1995,6,0,0,0,36,17,0,0,0,0,0,1,1,0,0
ON,2,1400,1996,2,10,0,0,77,52,0,0,0,0,0,1,5,0,2
ON,2,1400,1997,17,17,0,0,91,64,0,0,0,0,0,0,0,0,1
ON,2,1400,1998,22,19,0,0,62,24,0,1,0,0,0,0,0,0,0
ON,2,1400,1999,11,18,0,0,104,94,0,0,0,0,0,0,0,0,2
ON,2,1400,2000,12,10,0,0,49,30,0,0,0,0,0,1,0,0,0
ON,2,1400,2001,12,18,0,0,67,50,0,0,0,0,0,1,0,0,0
ON,2,1400,2002,3,3,0,0,26,14,0,0,0,0,0,2,0,0,0
ON,2,1400,2003,2,6,0,0,27,16,0,0,0,0,0,0,0,0,1
ON,2,1400,2004,5,6,0,0,15,11,0,0,0,0,0,0,0,0,0
ON,2,1400,2005,4,2,0,0,19,15,0,0,0,0,0,0,0,0,0
ON,2,1400,2006,4,4,0,0,15,6,0,0,0,0,0,0,1,0,1
ON,2,1400,2007,5,4,0,0,27,16,0,0,0,0,0,0,0,0,1
ON,2,1400,2008,1,3,0,0,14,13,0,0,0,0,0,0,0,0,1
ON,2,1400,2009,1,2,0,0,13,14,0,0,0,0,0,0,0,0,0
ON,2,1400,2010,0,0,0,0,15,21,0,0,0,0,0,0,1,0,0
ON,2,1400,2011,1,2,0,0,9,10,0,0,0,0,0,1,0,0,0
ON,2,1400,2012,3,6,0,0,24,26,0,0,0,0,0,2,1,0,1
ON,2,1400,2013,3,4,0,0,10,6,0,0,0,0,0,0,0,0,1
ON,2,1400,2014,5,8,0,0,12,12,0,0,0,0,0,0,1,0,0
ON,2,1400,2015,3,5,0,0,6,7,0,0,0,0,0,0,0,0,0
ON,2,1400,2016,1,0,0,0,1,1,0,0,0,0,0,0,0,0,0
ON,2,1400,2017,3,3,0,0,5,4,0,0,0,0,0,0,0,0,0
ON,2,1400,2018,1,1,0,0,9,4,0,0,0,0,0,0,0,0,0
ON,2,1400,2019,1,0,0,0,3,2,0,0,0,0,0,0,0,0,0
ON,2,1400,2020,5,2,0,0,17,12,0,0,0,0,0,1,0,0,0
ON,2,1400,2021,2,0,0,0,8,4,0,0,0,0,0,0,0,0,0
ON,2,1400,2022,5,1,0,0,9,15,0,0,0,0,0,0,1,0,1
ON,2,1400,2023,4,0,0,0,8,8,0,0,0,0,0,0,0,0,0
ON,2,1400,2024,3,4,0,0,6,11,0,0,0,0,0,0,0,0,0
ON,2,1420,1976,0,0,0,0,0,2,0,0,0,0,0,0,0,0,1
ON,2,1420,1977,0,0,0,0,4,7,0,0,0,0,0,0,1,0,2
ON,2,1420,1978,0,0,0,0,1,1,0,0,0,0,0,0,0,0,1
ON,2,1420,1979,0,0,0,0,4,0,0,0,0,0,0,0,0,0,0
ON,2,1420,1980,0,1,0,0,2,1,0,0,0,0,0,0,0,0,2
ON,2,1420,1981,1,0,0,0,3,5,0,0,0,0,0,0,0,0,4
ON,2,1420,1982,0,0,0,0,1,2,0,0,0,0,0,0,0,0,0
ON,2,1420,1983,0,0,0,0,4,4,0,0,0,0,0,0,0,0,0
ON,2,1420,1984,0,0,0,0,2,5,0,0,0,0,0,0,0,0,0
ON,2,1420,1985,0,1,0,0,4,5,0,0,0,0,0,0,0,0,0
ON,2,1420,1986,0,0,0,0,7,1,0,0,0,0,0,0,0,0,0
ON,2,1420,1987,0,0,0,0,2,1,0,0,0,0,0,0,0,0,0
ON,2,1420,1988,0,1,0,0,1,2,0,0,0,0,0,0,0,0,0
ON,2,1420,1989,0,0,0,0,1,2,0,0,0,0,0,0,0,0,0
ON,2,1420,1990,1,0,0,0,2,5,0,0,0,0,0,0,0,0,0
ON,2,1420,1991,2,0,0,0,1,4,0,0,0,0,0,0,0,0,0
ON,2,1420,1992,0,0,0,0,3,2,0,0,0,0,0,0,1,0,0
ON,2,1420,1993,1,0,0,0,0,2,0,0,0,0,0,0,0,0,0
ON,2,1420,1994,0,0,0,0,1,3,0,0,0,0,0,0,0,0,0
ON,2,1420,1995,0,1,0,0,0,1,0,0,0,0,0,0,0,0,0
ON,2,1420,1996,1,1,0,0,1,3,0,0,0,0,0,0,0,0,0
ON,2,1420,1997,1,2,0,0,1,2,0,0,0,0,0,0,0,0,0
ON,2,1420,1998,0,6,0,0,5,5,0,0,0,0,0,0,0,0,0
ON,2,1420,1999,0,0,0,0,5,2,0,0,0,0,0,0,0,0,0
ON,2,1420,2000,0,2,0,0,4,3,0,0,0,0,0,0,0,0,0
ON,2,1420,2001,0,1,0,0,1,5,0,0,0,0,0,0,0,0,0
ON,2,1420,2002,0,1,0,0,6,6,0,0,0,0,0,0,0,0,0
ON,2,1420,2003,2,0,0,0,6,5,0,0,0,0,0,0,0,0,0
ON,2,1420,2004,1,0,0,0,1,3,0,0,0,0,0,0,0,0,0
ON,2,1420,2005,0,2,0,0,0,1,0,0,0,0,0,0,0,0,0
ON,2,1420,2006,0,2,0,0,0,3,0,0,0,0,0,0,0,0,0
ON,2,1420,2007,0,1,0,0,1,1,0,0,0,0,0,0,0,0,0
ON,2,1420,2008,0,0,0,0,0,1,0,0,0,0,0,0,0,0,0
ON,2,1420,2009,0,1,0,0,0,3,0,0,0,0,0,0,0,0,0
ON,2,1420,2010,0,0,0,0,0,3,0,0,0,0,0,0,0,0,0
ON,2,1420,2011,0,1,0,0,5,2,0,0,0,0,0,0,0,0,0
ON,2,1420,2012,0,0,0,0,4,1,0,0,0,0,0,0,0,0,0
ON,2,1420,2013,0,3,0,0,0,2,0,0,0,0,0,0,0,0,1
ON,2,1420,2014,0,0,0,0,0,1,0,0,0,0,0,0,0,0,0
ON,2,1420,2015,0,2,0,0,2,5,0,0,0,0,0,0,0,0,0
ON,2,1420,2017,1,0,0,0,1,0,0,0,0,0,0,0,0,0,0
ON,2,1420,2018,0,0,0,0,3,4,0,0,0,0,0,0,0,0,0
ON,2,1420,2019,0,0,0,0,0,1,0,0,0,0,0,0,0,0,0
ON,2,1420,2020,0,0,0,0,1,1,0,0,0,0,0,0,0,0,0
ON,2,1420,2021,0,0,0,0,2,1,0,0,0,0,0,0,0,0,0
ON,2,1420,2022,0,0,0,0,1,1,0,0,0,0,0,0,0,0,0
ON,2,1420,2024,0,1,0,0,0,0,0,0,0,0,0,0,0,0,0
ON,2,1430,1976,4,4,0,0,26,10,0,0,0,0,0,0,0,0,11
ON,2,1430,1977,4,1,0,0,14,21,0,0,0,0,0,0,0,0,17
ON,2,1430,1978,7,0,0,0,8,8,0,0,0,0,0,1,0,0,0
ON,2,1430,1979,2,1,0,0,4,14,0,0,0,0,0,0,0,0,7
ON,2,1430,1980,1,1,0,0,14,12,0,0,0,0,0,0,0,0,8
ON,2,1430,1981,0,1,0,0,6,12,0,0,0,0,0,0,0,0,3
ON,2,1430,1982,0,2,0,0,3,4,0,0,0,0,0,0,0,0,5
ON,2,1430,1983,0,0,0,0,10,9,0,0,0,0,0,0,0,0,0
ON,2,1430,1984,0,3,0,0,13,13,0,0,0,0,0,0,0,0,0
ON,2,1430,1985,3,0,0,0,26,33,0,0,0,0,0,0,0,0,0
ON,2,1430,1986,2,2,0,0,13,13,0,0,0,0,0,0,0,0,0
ON,2,1430,1987,0,1,0,0,6,6,0,0,0,0,0,0,0,0,1
ON,2,1430,1988,3,2,0,0,6,5,0,0,0,0,0,0,0,0,0
ON,2,1430,1989,1,0,0,0,19,19,0,0,0,0,0,0,0,0,0
ON,2,1430,1990,1,2,0,0,4,18,0,0,0,0,0,0,0,0,0
ON,2,1430,1991,3,0,0,0,2,5,0,0,0,0,0,0,0,0,0
ON,2,1430,1992,1,4,0,0,3,7,0,0,0,0,0,0,0,0,0
ON,2,1430,1993,0,1,0,0,2,9,0,0,0,0,0,0,0,0,0
ON,2,1430,1994,0,0,0,0,9,11,0,0,0,0,0,0,0,0,0
ON,2,1430,1995,0,1,0,0,3,3,0,0,0,0,0,0,0,0,2
ON,2,1430,1996,0,2,0,0,8,4,0,0,0,0,0,0,0,0,0
ON,2,1430,1997,3,1,0,0,16,18,0,0,0,0,0,0,3,0,0
ON,2,1430,1998,2,5,0,0,34,28,0,0,0,0,0,0,0,0,0
ON,2,1430,1999,3,8,0,0,40,33,0,0,0,0,0,0,0,0,0
ON,2,1430,2000,2,3,0,0,20,15,0,0,0,0,0,0,0,0,0
ON,2,1430,2001,2,1,0,1,13,9,0,0,0,0,0,0,0,0,0
ON,2,1430,2002,3,4,0,0,27,28,0,0,0,0,0,0,0,0,0
ON,2,1430,2003,4,5,0,0,27,21,0,0,0,0,0,0,0,0,0
ON,2,1430,2004,8,11,0,0,10,15,0,0,0,0,0,0,0,0,0
ON,2,1430,2005,3,2,0,0,2,13,0,0,0,0,0,0,0,0,0
ON,2,1430,2006,1,4,0,0,11,17,0,0,0,0,0,0,0,0,0
ON,2,1430,2007,1,2,0,0,11,8,0,0,0,0,0,0,0,0,0
ON,2,1430,2008,1,3,0,0,20,11,0,1,0,0,0,0,0,0,0
ON,2,1430,2009,0,1,0,0,7,5,0,0,0,0,0,0,0,0,0
ON,2,1430,2010,0,2,0,0,9,13,0,0,0,0,0,0,0,0,0
ON,2,1430,2011,0,1,0,0,2,2,0,0,0,0,0,0,0,0,0
ON,2,1430,2012,1,1,0,0,2,8,0,0,0,0,0,0,0,0,0
ON,2,1430,2013,0,3,0,0,9,9,0,0,0,0,0,0,0,0,0
ON,2,1430,2014,1,0,0,0,5,9,0,0,0,0,0,0,0,0,0
ON,2,1430,2015,1,3,0,0,3,4,0,0,0,0,0,0,0,0,0
ON,2,1430,2016,1,3,0,1,7,3,0,0,0,0,0,0,0,0,0
ON,2,1430,2017,0,3,0,0,3,8,0,0,0,0,0,0,0,0,0
ON,2,1430,2018,3,4,0,2,2,3,0,0,0,0,0,0,0,0,0
ON,2,1430,2019,1,0,0,0,3,3,0,0,0,0,0,0,0,0,0
ON,2,1430,2020,0,1,0,0,7,12,0,0,0,0,0,1,0,0,0
ON,2,1430,2021,1,1,0,0,7,8,0,0,0,0,0,0,0,0,0
ON,2,1430,2022,0,2,0,0,2,4,0,0,0,0,0,0,0,0,0
ON,2,1430,2023,2,2,0,0,9,9,0,0,0,0,0,0,0,0,0
ON,2,1430,2024,2,1,0,0,4,10,0,0,0,0,0,0,0,0,0
ON,2,1440,1976,73,96,0,0,139,202,0,0,0,0,0,19,22,0,86
ON,2,1440,1977,66,140,0,0,141,178,0,1,0,0,0,21,29,0,158
ON,2,1440,1978,85,133,0,0,148,158,0,0,0,0,0,3,4,0,78
ON,2,1440,1979,66,92,0,1,161,197,0,1,0,0,0,15,27,0,53
ON,2,1440,1980,52,77,0,0,152,247,0,0,0,0,0,16,19,0,51
ON,2,1440,1981,67,83,0,0,108,174,0,0,0,0,0,13,21,0,89
ON,2,1440,1982,34,34,0,2,69,76,0,0,0,0,0,2,2,0,39
ON,2,1440,1983,85,112,0,0,121,206,0,1,0,0,0,20,20,0,7
ON,2,1440,1984,131,159,0,0,168,269,0,1,0,0,0,10,6,0,7
ON,2,1440,1985,97,165,0,0,177,241,0,0,0,0,0,9,21,0,3
ON,2,1440,1986,75,185,0,0,183,249,0,0,0,0,0,10,6,0,5
ON,2,1440,1987,107,133,0,0,169,246,0,0,0,0,0,15,15,0,8
ON,2,1440,1988,57,90,0,0,92,103,0,0,0,0,0,5,2,0,0
ON,2,1440,1989,119,157,0,0,166,274,0,0,0,0,0,7,7,0,0
ON,2,1440,1990,139,233,0,0,196,315,0,2,0,0,0,11,20,0,4
ON,2,1440,1991,112,180,0,0,189,245,0,1,0,0,0,7,9,0,2
ON,2,1440,1992,84,251,0,0,148,252,0,0,0,0,0,2,9,0,5
ON,2,1440,1993,70,190,0,0,156,194,0,0,0,0,0,1,1,0,4
ON,2,1440,1994,108,257,0,0,151,255,0,0,0,0,0,6,6,0,3
ON,2,1440,1995,70,171,0,0,84,138,0,1,0,0,0,1,7,0,4
ON,2,1440,1996,102,254,0,1,194,261,0,0,0,0,0,7,19,0,4
ON,2,1440,1997,103,281,0,0,292,428,0,0,0,0,0,17,35,0,3
ON,2,1440,1998,165,318,0,0,255,483,0,0,0,0,0,8,3,0,7
ON,2,1440,1999,100,232,0,1,246,389,0,1,0,0,0,1,1,0,0
ON,2,1440,2000,97,250,0,0,214,292,0,1,0,0,0,1,6,0,2
ON,2,1440,2001,115,249,0,2,225,357,0,1,0,0,0,6,9,0,3
ON,2,1440,2002,68,174,0,0,134,197,0,0,0,0,0,4,9,0,4
ON,2,1440,2003,35,113,0,0,102,147,0,0,0,0,0,9,13,0,0
ON,2,1440,2004,48,78,0,0,131,231,0,0,0,0,0,0,7,0,3
ON,2,1440,2005,47,161,0,0,107,167,0,2,0,0,0,4,5,0,4
ON,2,1440,2006,42,97,0,0,110,188,0,0,0,0,0,5,4,0,1
ON,2,1440,2007,40,115,0,0,81,168,0,0,0,0,0,0,2,0,1
ON,2,1440,2008,31,83,0,0,72,135,0,0,0,0,0,1,1,0,0
ON,2,1440,2009,41,82,0,0,54,82,0,0,0,0,0,0,1,0,1
ON,2,1440,2010,31,81,0,0,78,133,0,0,0,0,0,0,3,0,0
ON,2,1440,2011,48,169,0,0,73,127,0,0,0,0,0,0,0,0,0
ON,2,1440,2012,43,147,0,0,97,167,0,0,0,0,0,1,0,0,1
ON,2,1440,2013,47,101,0,0,126,166,0,0,0,0,0,0,0,0,0
ON,2,1440,2014,30,81,0,0,89,155,0,0,0,0,0,0,0,0,0
ON,2,1440,2015,30,100,0,0,128,146,0,0,0,0,0,0,7,0,0
ON,2,1440,2016,42,130,0,0,74,133,0,0,0,1,0,3,6,0,3
ON,2,1440,2017,33,70,0,0,84,143,0,0,0,0,0,4,2,0,2
ON,2,1440,2018,34,79,0,0,88,137,0,0,0,0,0,2,2,0,0
ON,2,1440,2019,35,88,0,0,92,137,0,0,1,0,0,1,3,0,0
ON,2,1440,2020,34,77,0,0,133,240,0,1,0,1,0,0,4,0,1
ON,2,1440,2021,18,57,0,0,98,153,0,0,0,0,0,1,4,0,5
ON,2,1440,2022,21,53,0,0,63,80,0,0,0,0,0,0,1,0,0
ON,2,1440,2023,10,66,0,0,64,124,0,1,0,1,0,3,5,0,0
ON,2,1440,2024,18,66,0,0,72,99,0,0,0,0,0,2,3,0,0
ON,2,1460,1976,5,11,0,0,22,16,0,0,0,0,0,0,0,0,11
ON,2,1460,1977,6,4,0,0,10,11,0,0,0,0,0,0,0,0,2
ON,2,1460,1978,1,3,0,0,6,9,0,0,0,0,0,0,0,0,3
ON,2,1460,1979,2,5,0,0,15,16,0,0,0,0,0,0,0,0,0
ON,2,1460,1980,0,13,0,0,15,21,0,0,0,0,0,0,0,0,4
ON,2,1460,1981,2,7,0,0,3,2,0,0,0,0,0,0,0,0,0
ON,2,1460,1982,1,1,0,0,2,5,0,0,0,0,0,0,0,0,12
ON,2,1460,1983,2,8,0,0,11,8,0,0,0,0,0,0,0,0,0
ON,2,1460,1984,1,2,0,0,3,4,0,0,0,0,0,0,0,0,1
ON,2,1460,1985,2,3,0,0,12,10,0,0,0,0,0,0,0,0,0
ON,2,1460,1986,6,8,0,0,28,18,0,0,0,0,0,0,0,0,0
ON,2,1460,1987,2,3,0,0,9,9,0,0,0,0,0,0,0,0,0
ON,2,1460,1988,2,7,0,0,2,1,0,0,0,0,0,0,0,0,0
ON,2,1460,1989,0,1,0,0,1,1,0,0,0,0,0,0,0,0,0
ON,2,1460,1990,2,0,0,0,4,3,0,0,0,0,0,0,0,0,0
ON,2,1460,1991,0,1,0,0,2,1,0,0,0,0,0,0,0,0,0
ON,2,1460,1992,3,9,0,0,3,1,0,1,0,0,0,0,0,0,0
ON,2,1460,1993,2,1,0,0,2,6,0,0,0,0,0,0,0,0,0
ON,2,1460,1994,1,2,0,0,0,6,0,0,0,0,0,0,0,0,0
ON,2,1460,1995,0,0,0,0,1,0,0,0,0,0,0,0,0,0,0
ON,2,1460,1996,3,1,0,0,11,6,0,0,0,0,0,0,0,0,0
ON,2,1460,1997,2,3,0,0,7,8,0,0,0,0,0,0,0,0,0
ON,2,1460,1998,2,5,0,0,7,3,0,0,0,0,0,0,0,0,0
ON,2,1460,1999,4,2,0,0,8,7,0,0,0,0,0,0,0,0,0
ON,2,1460,2000,0,1,0,0,2,1,0,0,0,0,0,0,0,0,0
ON,2,1460,2001,2,2,0,0,7,6,0,0,0,0,0,0,0,0,0
ON,2,1460,2002,1,1,0,0,0,0,0,0,0,0,0,0,0,0,0
ON,2,1460,2003,0,4,0,0,1,2,0,0,0,0,0,0,1,0,0
ON,2,1460,2004,0,0,0,0,1,2,0,0,0,0,0,0,0,0,0
ON,2,1460,2005,1,4,0,0,8,8,0,0,0,0,0,0,0,0,0
ON,2,1460,2006,2,3,0,0,14,8,0,0,0,0,0,0,0,0,0
ON,2,1460,2007,0,1,0,0,5,1,0,0,0,0,0,0,0,0,0
ON,2,1460,2008,1,2,0,0,3,2,0,0,0,0,0,0,0,0,0
ON,2,1460,2010,0,0,0,0,5,3,0,0,0,0,0,0,0,0,0
ON,2,1460,2011,0,1,0,0,4,1,0,0,0,0,0,0,0,0,0
ON,2,1460,2012,0,1,0,0,0,1,0,0,0,0,0,0,0,0,0
ON,2,1460,2013,0,0,0,0,2,0,0,0,0,0,0,0,0,0,0
ON,2,1460,2014,2,1,0,0,7,4,0,0,0,0,0,0,0,0,0
ON,2,1460,2015,3,3,0,0,6,6,0,0,0,0,0,0,0,0,0
ON,2,1460,2016,1,3,0,0,0,1,0,0,0,0,0,0,0,0,0
ON,2,1460,2017,2,5,0,0,1,3,0,0,0,0,0,0,0,0,1
ON,2,1460,2018,1,4,0,0,5,1,0,0,0,0,0,0,0,0,0
ON,2,1460,2019,2,1,0,0,13,5,0,0,0,0,0,0,0,0,0
ON,2,1460,2020,2,2,0,0,10,8,0,0,0,0,0,0,0,0,0
ON,2,1460,2021,0,2,0,0,1,2,0,0,0,0,0,0,0,0,0
ON,2,1460,2022,0,1,0,0,3,7,0,0,0,0,0,0,0,0,0
ON,2,1460,2023,3,1,0,0,3,6,0,0,0,0,0,0,0,0,0
ON,2,1460,2024,1,1,0,0,3,2,0,0,0,0,0,0,0,0,0
ON,2,1470,1976,1,4,0,0,7,10,0,0,0,0,0,0,0,0,4
ON,2,1470,1977,2,0,0,0,3,3,0,0,0,0,0,0,0,0,1
ON,2,1470,1978,0,2,0,0,3,0,0,0,0,0,0,0,0,0,0
ON,2,1470,1979,0,1,0,1,7,6,0,0,0,0,0,0,0,0,0
ON,2,1470,1980,1,0,0,0,1,6,0,0,0,0,0,0,0,0,0
ON,2,1470,1981,1,0,0,0,2,0,0,0,0,0,0,0,0,0,1
ON,2,1470,1982,0,0,0,0,3,3,0,0,0,0,0,0,0,0,1
ON,2,1470,1983,0,2,0,0,5,4,0,0,0,0,0,0,0,0,0
ON,2,1470,1984,1,1,0,0,3,2,0,0,0,0,0,0,0,0,0
ON,2,1470,1985,3,1,0,0,6,7,0,0,0,0,0,0,0,0,0
ON,2,1470,1986,2,2,0,0,9,6,0,0,0,0,0,0,0,0,0
ON,2,1470,1987,0,1,0,0,0,2,0,0,0,0,0,0,0,0,8
ON,2,1470,1988,0,1,0,0,0,0,0,0,0,0,0,0,0,0,0
ON,2,1470,1989,0,1,0,0,0,1,0,0,0,0,0,0,0,0,0
ON,2,1470,1990,0,3,0,0,1,1,0,0,0,0,0,0,0,0,0
ON,2,1470,1993,0,0,0,0,2,0,0,0,0,0,0,0,0,0,0
ON,2,1470,1994,0,0,0,0,1,3,0,0,0,0,0,0,0,0,0
ON,2,1470,1995,1,0,0,0,1,0,0,0,0,0,0,0,0,0,0
ON,2,1470,1996,1,0,0,0,0,3,0,0,0,0,0,0,0,0,0
ON,2,1470,1997,3,0,0,0,3,3,0,0,0,0,0,0,0,0,0
ON,2,1470,1998,2,3,0,0,2,8,0,0,0,0,0,0,0,0,0
ON,2,1470,1999,0,0,0,0,1,2,0,0,0,0,0,0,0,0,0
ON,2,1470,2000,2,5,0,0,1,3,0,0,0,0,0,0,0,0,0
ON,2,1470,2001,1,0,0,0,0,0,0,0,0,0,0,0,0,0,0
ON,2,1470,2003,0,3,0,0,1,0,0,0,0,0,0,0,0,0,0
ON,2,1470,2004,0,1,0,0,0,0,0,0,0,0,0,0,0,0,0
ON,2,1470,2005,0,0,0,0,1,2,0,0,0,0,0,0,0,0,0
ON,2,1470,2006,0,0,0,0,1,4,0,0,0,0,0,0,0,0,0
ON,2,1470,2007,0,0,0,0,0,2,0,0,0,0,0,0,0,0,0
ON,2,1470,2008,1,0,0,0,0,0,0,0,0,0,0,0,0,0,0
ON,2,1470,2010,0,2,0,0,0,1,0,0,0,0,0,0,0,0,0
ON,2,1470,2013,0,0,0,0,0,1,0,0,0,0,0,0,0,0,0
ON,2,1470,2015,0,1,0,0,1,0,0,0,0,0,0,0,0,0,0
ON,2,1470,2016,0,0,0,0,0,1,0,0,0,0,0,0,0,0,0
ON,2,1470,2019,1,0,0,0,2,0,0,0,0,0,0,0,0,0,0
ON,2,1470,2022,0,1,0,0,0,0,0,0,0,0,0,0,0,0,0
ON,2,1470,2023,0,0,0,0,1,0,0,0,0,0,0,0,0,0,0
ON,2,1480,1976,10,7,0,0,18,37,0,0,0,0,0,0,0,0,13
ON,2,1480,1977,7,14,0,0,61,32,0,0,0,0,0,3,4,0,14
ON,2,1480,1978,6,5,0,0,12,2,0,0,0,0,0,2,0,0,3
ON,2,1480,1979,9,8,0,1,24,36,0,0,0,0,0,0,2,0,16
ON,2,1480,1980,10,7,0,0,28,15,0,0,0,0,0,1,0,0,12
ON,2,1480,1981,6,3,0,0,17,19,0,0,0,0,0,2,0,0,17
ON,2,1480,1982,4,6,0,0,10,11,0,0,0,0,0,0,0,0,6
ON,2,1480,1983,15,11,0,0,32,48,0,0,0,0,0,0,0,0,0
ON,2,1480,1984,17,12,0,0,29,28,0,0,0,0,0,1,0,0,0
ON,2,1480,1985,15,9,0,0,39,28,0,0,0,0,0,0,0,0,0
ON,2,1480,1986,5,17,0,0,32,48,0,0,0,0,0,0,0,0,1
ON,2,1480,1987,4,6,0,0,22,14,0,0,0,0,0,0,0,0,0
ON,2,1480,1988,11,11,0,0,8,13,0,0,0,0,0,0,0,0,0
ON,2,1480,1989,11,12,0,0,9,15,0,0,0,0,0,0,0,0,0
ON,2,1480,1990,4,13,0,0,18,22,0,0,0,0,0,1,0,0,0
ON,2,1480,1991,6,1,0,0,11,20,0,0,0,0,0,0,0,0,1
ON,2,1480,1992,7,7,0,0,11,8,0,0,0,0,0,0,0,0,0
ON,2,1480,1993,2,4,0,0,5,10,0,0,0,0,0,0,0,0,0
ON,2,1480,1994,2,5,0,0,11,7,0,0,0,0,0,0,0,0,0
ON,2,1480,1995,3,0,0,0,3,8,0,0,0,0,0,0,0,0,1
ON,2,1480,1996,7,6,0,0,10,12,0,0,0,0,0,0,0,0,0
ON,2,1480,1997,9,6,0,0,18,20,0,0,0,0,0,1,1,0,0
ON,2,1480,1998,6,4,0,0,11,20,0,0,0,0,0,0,0,0,0
ON,2,1480,1999,5,8,0,0,11,20,0,0,0,0,0,0,0,0,0
ON,2,1480,2000,2,6,0,0,6,8,0,0,0,0,0,0,0,0,0
ON,2,1480,2001,5,7,0,0,12,12,0,0,0,0,0,0,0,0,0
ON,2,1480,2002,5,2,0,0,10,10,0,0,0,0,0,0,0,0,1
ON,2,1480,2003,8,4,0,0,11,11,0,0,0,0,0,0,0,0,0
ON,2,1480,2004,1,2,0,0,8,21,0,0,0,0,0,0,0,0,0
ON,2,1480,2005,0,4,0,0,3,6,0,0,0,0,0,0,0,0,0
ON,2,1480,2006,2,1,0,0,5,10,0,0,0,0,0,0,0,0,0
ON,2,1480,2007,3,1,0,0,5,3,0,0,0,0,0,0,0,0,0
ON,2,1480,2008,3,4,0,0,5,3,0,0,0,0,0,0,0,0,0
ON,2,1480,2009,3,1,0,0,2,3,0,0,0,0,0,0,0,0,0
ON,2,1480,2010,0,4,0,0,3,5,0,0,0,0,0,0,0,0,0
ON,2,1480,2011,2,3,0,0,2,3,0,0,0,0,0,0,0,0,0
ON,2,1480,2012,1,2,0,0,5,11,0,0,0,0,0,0,0,0,0
ON,2,1480,2013,2,5,0,0,5,10,0,0,0,0,0,0,0,0,0
ON,2,1480,2014,3,2,0,0,2,1,0,0,0,0,0,0,0,0,0
ON,2,1480,2015,1,4,0,0,3,0,0,0,0,0,0,0,0,0,0
ON,2,1480,2016,2,0,0,0,8,9,0,0,0,0,0,0,0,0,0
ON,2,1480,2017,2,0,0,0,3,7,0,0,0,0,0,0,0,0,0
ON,2,1480,2018,6,5,0,0,4,6,0,0,0,0,0,0,0,0,1
ON,2,1480,2019,0,0,0,0,4,7,0,0,0,0,0,0,0,0,0
ON,2,1480,2020,2,0,0,0,3,3,0,0,0,0,0,0,0,0,0
ON,2,1480,2021,5,3,0,0,8,6,0,0,0,0,0,0,0,0,0
ON,2,1480,2022,2,0,0,0,0,4,0,0,0,0,0,0,0,0,0
ON,2,1480,2023,0,1,0,0,8,7,0,0,0,0,0,0,0,0,0
ON,2,1480,2024,3,0,0,0,3,8,0,0,0,0,0,0,0,0,0
ON,2,1490,1976,6,1,0,0,41,25,0,0,0,0,0,0,1,0,13
ON,2,1490,1977,7,10,0,0,39,36,0,0,0,0,0,2,1,0,31
ON,2,1490,1978,9,12,0,0,8,18,0,0,0,0,0,0,0,0,11
ON,2,1490,1979,8,9,0,0,21,28,0,0,0,0,0,0,1,0,18
ON,2,1490,1980,13,12,0,0,31,38,0,1,0,0,0,2,0,0,9
ON,2,1490,1981,10,18,0,0,39,38,0,0,0,0,0,2,0,0,24
ON,2,1490,1982,9,17,0,0,21,23,0,0,0,0,0,2,2,0,12
ON,2,1490,1983,18,17,0,0,28,36,0,0,0,0,0,0,0,0,0
ON,2,1490,1984,17,36,0,0,24,79,0,0,0,0,0,0,0,0,1
ON,2,1490,1985,22,30,0,0,71,57,0,0,0,0,0,1,2,0,2
ON,2,1490,1986,34,34,0,0,49,68,0,0,0,0,0,1,0,0,2
ON,2,1490,1987,10,25,0,0,36,36,0,0,0,0,0,0,0,0,5
ON,2,1490,1988,13,19,0,0,36,45,0,0,0,0,0,0,1,0,0
ON,2,1490,1989,16,26,0,0,50,56,0,0,0,0,0,0,0,0,0
ON,2,1490,1990,13,13,0,0,25,35,0,0,0,0,0,0,0,0,0
ON,2,1490,1991,17,17,0,0,40,44,0,0,0,0,0,1,0,0,2
ON,2,1490,1992,6,12,0,0,19,29,0,0,0,0,0,0,1,0,2
ON,2,1490,1993,13,9,0,0,30,47,0,0,0,0,0,2,2,0,0
ON,2,1490,1994,7,10,0,0,34,53,0,0,0,0,0,0,0,0,0
ON,2,1490,1995,7,7,0,0,27,13,0,0,0,0,0,0,0,0,0
ON,2,1490,1996,14,19,0,0,25,31,0,0,0,0,0,0,0,0,0
ON,2,1490,1997,7,12,0,0,57,42,0,0,0,0,0,0,0,0,1
ON,2,1490,1998,14,10,0,0,49,66,0,0,0,0,0,1,1,0,0
ON,2,1490,1999,16,17,0,0,33,79,0,0,0,0,0,0,0,0,0
ON,2,1490,2000,17,34,0,0,33,27,0,0,0,0,0,0,0,0,0
ON,2,1490,2001,14,13,0,0,46,53,0,0,0,0,0,1,0,0,0
ON,2,1490,2002,16,6,0,0,25,35,0,0,0,0,0,0,1,0,0
ON,2,1490,2003,10,6,0,0,30,37,0,0,0,0,0,2,0,0,0
ON,2,1490,2004,20,18,0,0,10,17,0,0,0,0,0,0,0,0,1
ON,2,1490,2005,6,8,0,0,19,23,0,0,0,0,0,0,0,0,0
ON,2,1490,2006,2,7,0,0,41,48,0,1,0,0,0,0,0,0,0
ON,2,1490,2007,6,5,0,0,19,11,0,0,0,0,0,0,0,0,0
ON,2,1490,2008,13,10,0,0,19,21,0,0,0,0,0,0,0,0,0
ON,2,1490,2009,11,4,0,0,12,10,0,0,0,0,0,0,0,0,0
ON,2,1490,2010,4,5,0,0,13,26,0,0,0,0,0,0,0,0,0
ON,2,1490,2011,6,1,0,0,9,11,0,0,0,0,0,0,0,0,0
ON,2,1490,2012,3,6,0,0,16,20,0,0,0,0,0,0,0,0,0
ON,2,1490,2013,6,7,0,0,26,20,0,0,0,0,0,0,0,0,0
ON,2,1490,2014,4,3,0,0,12,6,0,0,0,0,0,0,0,0,0
ON,2,1490,2015,7,2,0,0,9,9,0,0,0,0,0,0,0,0,0
ON,2,1490,2016,10,1,0,0,10,11,0,0,0,0,0,0,0,0,0
ON,2,1490,2017,2,5,0,0,5,8,0,0,0,0,0,0,0,0,0
ON,2,1490,2018,10,10,0,0,8,5,0,0,0,0,0,0,0,0,0
ON,2,1490,2019,8,5,0,0,11,10,0,0,0,0,0,0,0,0,0
ON,2,1490,2020,9,5,0,0,11,10,0,0,0,0,0,0,0,0,0
ON,2,1490,2021,2,2,0,0,20,16,0,0,0,0,0,1,0,0,1
ON,2,1490,2022,5,2,0,0,4,4,0,0,0,0,0,0,0,0,0
ON,2,1490,2023,6,7,0,0,15,9,0,0,0,0,0,0,0,0,0
ON,2,1490,2024,6,5,0,0,6,14,0,0,0,0,0,0,0,0,0
ON,2,1500,1976,19,13,0,0,70,51,0,1,0,0,0,2,1,0,36
ON,2,1500,1977,15,19,0,0,49,90,0,7,0,0,0,2,0,0,65
ON,2,1500,1978,9,7,0,0,50,66,0,1,0,0,0,0,0,0,50
ON,2,1500,1979,18,25,0,1,99,91,0,4,0,0,0,10,5,0,34
ON,2,1500,1980,9,13,0,0,162,104,0,0,0,0,0,2,0,0,26
ON,2,1500,1981,47,24,0,0,9,2,0,150,0,0,0,0,1,0,47
ON,2,1500,1982,15,26,0,0,39,43,0,1,0,0,0,3,5,0,23
ON,2,1500,1983,19,26,0,1,72,91,0,4,0,0,0,1,1,0,2
ON,2,1500,1984,28,47,0,0,106,161,0,2,0,0,0,4,1,0,4
ON,2,1500,1985,26,43,0,0,98,74,0,0,0,0,0,0,1,0,4
ON,2,1500,1986,38,36,0,0,86,88,0,6,0,0,0,3,0,0,3
ON,2,1500,1987,11,24,0,0,82,60,0,0,0,0,0,0,1,0,13
ON,2,1500,1988,29,28,0,0,99,71,0,1,0,0,0,3,1,0,4
ON,2,1500,1989,24,37,0,0,84,63,0,0,0,0,0,0,0,0,2
ON,2,1500,1990,59,40,0,0,102,96,0,0,0,0,0,3,0,0,6
ON,2,1500,1991,21,37,0,0,100,79,0,1,0,0,0,2,1,0,9
ON,2,1500,1992,58,58,0,0,103,107,0,1,0,0,0,0,1,0,5
ON,2,1500,1993,25,42,0,0,110,96,0,0,0,0,0,1,0,0,1
ON,2,1500,1994,11,22,0,0,63,61,0,1,0,0,0,1,1,0,1
ON,2,1500,1995,12,17,0,0,36,49,0,0,0,0,0,0,0,0,0
ON,2,1500,1996,20,36,0,0,60,70,0,5,0,0,0,2,2,0,2
ON,2,1500,1997,16,29,0,0,108,121,0,5,0,0,0,2,1,0,6
ON,2,1500,1998,18,36,0,0,127,149,0,2,0,0,0,0,2,0,1
ON,2,1500,1999,37,40,0,0,102,77,0,1,0,0,0,0,0,0,0
ON,2,1500,2000,27,61,0,0,78,75,0,1,0,0,0,1,0,0,1
ON,2,1500,2001,15,31,0,0,81,46,0,0,0,0,0,0,0,0,2
ON,2,1500,2002,14,26,0,0,64,81,0,3,0,0,0,1,0,0,2
ON,2,1500,2003,10,11,0,0,60,42,0,2,0,0,0,0,1,0,3
ON,2,1500,2004,21,21,0,0,42,38,0,1,0,0,0,0,1,0,1
ON,2,1500,2005,9,15,0,0,61,39,0,5,0,0,0,0,0,0,1
ON,2,1500,2006,4,16,0,0,90,58,0,14,0,0,0,0,0,0,6
ON,2,1500,2007,7,20,0,0,59,36,0,0,0,0,0,0,0,0,0
ON,2,1500,2008,6,18,0,0,27,30,0,0,0,0,0,1,1,0,1
ON,2,1500,2009,6,18,0,0,36,30,0,1,0,0,0,0,0,0,0
ON,2,1500,2010,7,8,0,0,37,31,0,0,0,0,0,0,0,0,0
ON,2,1500,2011,20,12,0,0,57,38,0,0,0,0,0,2,0,0,2
ON,2,1500,2012,5,18,0,0,48,36,0,0,0,0,0,0,0,0,0
ON,2,1500,2013,0,7,0,0,39,34,0,0,0,0,0,0,0,0,0
ON,2,1500,2014,4,18,0,0,11,21,0,0,0,0,0,0,0,0,0
ON,2,1500,2015,8,22,0,0,30,21,0,0,0,0,0,0,0,0,0
ON,2,1500,2016,2,7,0,0,19,16,0,0,0,0,0,0,0,0,0
ON,2,1500,2017,6,4,0,0,10,8,0,2,0,0,0,0,0,0,1
ON,2,1500,2018,5,10,0,2,23,32,0,2,0,0,0,0,0,0,2
ON,2,1500,2019,9,15,0,0,19,17,0,0,0,0,0,0,0,0,0
ON,2,1500,2020,10,13,0,0,19,25,0,3,0,0,0,1,1,0,2
ON,2,1500,2021,1,6,0,0,22,18,0,1,0,0,0,0,1,0,4
ON,2,1500,2022,3,7,0,0,12,15,0,2,0,0,0,0,0,0,0
ON,2,1500,2023,8,14,0,0,17,21,0,1,0,1,0,0,2,0,2
ON,2,1500,2024,8,12,0,0,32,23,0,2,0,0,0,0,2,0,0
ON,2,1510,1976,2,28,0,0,21,22,0,4,0,0,0,0,0,0,20
ON,2,1510,1977,14,54,0,0,30,35,0,4,0,0,0,0,0,0,20
ON,2,1510,1978,12,28,0,0,25,23,0,2,0,0,0,0,0,0,11
ON,2,1510,1979,9,35,0,0,21,32,0,2,0,0,0,0,0,0,15
ON,2,1510,1980,14,22,0,0,20,24,0,21,0,0,0,0,0,0,15
ON,2,1510,1981,15,34,0,0,28,32,0,4,0,0,0,0,0,0,11
ON,2,1510,1982,12,44,0,0,26,17,0,5,0,0,0,0,1,0,16
ON,2,1510,1983,8,30,0,0,27,28,0,1,0,0,0,0,0,0,0
ON,2,1510,1984,20,37,0,0,44,52,0,3,0,0,0,1,0,0,1
ON,2,1510,1985,15,41,0,0,53,29,0,26,0,0,0,0,0,0,0
ON,2,1510,1986,29,37,0,0,32,31,0,2,0,0,0,0,0,0,0
ON,2,1510,1987,19,18,0,0,36,36,0,0,0,0,0,0,0,0,3
ON,2,1510,1988,32,34,0,0,40,49,0,0,0,0,0,0,0,0,0
ON,2,1510,1989,20,59,0,0,20,37,0,0,0,0,0,0,0,0,1
ON,2,1510,1990,25,88,0,0,36,32,0,3,0,0,0,0,0,0,0
ON,2,1510,1991,29,37,0,1,26,39,0,0,0,0,0,0,0,0,1
ON,2,1510,1992,20,28,0,0,29,33,0,0,0,0,0,1,0,0,0
ON,2,1510,1993,14,62,0,0,31,33,0,0,0,0,0,1,0,0,1
ON,2,1510,1994,9,30,0,1,25,18,0,1,0,0,0,0,0,0,0
ON,2,1510,1995,12,15,0,0,19,17,0,0,0,0,0,0,0,0,0
ON,2,1510,1996,26,52,0,0,29,26,0,0,0,0,0,0,0,0,0
ON,2,1510,1997,17,60,0,0,32,49,0,2,0,0,0,0,0,0,5
ON,2,1510,1998,13,42,0,0,24,24,0,0,0,0,0,0,0,0,0
ON,2,1510,1999,17,60,0,0,44,34,0,0,0,0,0,0,0,0,0
ON,2,1510,2000,27,52,0,0,21,25,0,0,0,0,0,0,0,0,0
ON,2,1510,2001,18,58,0,0,32,39,0,5,0,0,0,0,0,0,0
ON,2,1510,2002,11,28,0,5,13,24,0,0,0,0,0,0,0,0,0
ON,2,1510,2003,9,46,0,0,26,28,0,4,0,0,0,0,0,0,3
ON,2,1510,2004,14,43,0,0,18,21,0,2,0,0,0,0,0,0,0
ON,2,1510,2005,6,30,0,0,17,21,0,0,0,0,0,0,0,0,0
ON,2,1510,2006,12,37,0,0,11,15,0,1,0,0,0,0,0,0,0
ON,2,1510,2007,16,23,0,0,14,15,0,2,0,2,0,0,0,0,0
ON,2,1510,2008,5,27,0,0,10,14,0,3,0,2,0,0,0,0,0
ON,2,1510,2009,7,25,0,0,9,6,0,0,0,0,0,0,0,0,0
ON,2,1510,2010,12,73,0,0,15,20,0,1,0,0,0,0,0,0,1
ON,2,1510,2011,1,29,0,0,20,19,0,0,0,0,0,0,0,0,0
ON,2,1510,2012,1,15,0,0,8,4,0,0,0,0,0,0,0,0,0
ON,2,1510,2013,6,7,0,0,8,8,0,0,0,0,0,0,0,0,0
ON,2,1510,2014,3,8,0,0,5,11,0,0,0,0,0,0,0,0,0
ON,2,1510,2015,5,10,0,0,2,8,0,0,0,0,0,0,0,0,0
ON,2,1510,2016,1,10,0,0,8,3,0,0,0,0,0,0,0,0,0
ON,2,1510,2017,3,11,0,0,5,7,0,0,0,0,0,0,0,0,0
ON,2,1510,2018,3,43,0,0,8,14,0,0,0,0,0,0,0,0,0
ON,2,1510,2019,0,13,0,0,7,6,0,0,0,0,0,0,0,0,0
ON,2,1510,2020,3,7,0,0,10,8,0,0,0,0,0,0,0,0,0
ON,2,1510,2021,1,6,0,0,7,3,0,0,0,0,0,1,0,0,0
ON,2,1510,2022,1,3,0,0,2,4,0,0,0,0,0,0,0,0,0
ON,2,1510,2023,3,5,0,0,7,3,0,0,0,0,0,0,0,0,0
ON,2,1510,2024,5,13,0,0,2,5,0,0,0,0,0,0,0,0,0
ON,2,1520,1977,0,0,0,0,0,0,0,0,0,0,0,0,0,0,1
ON,2,1520,1987,1,0,0,0,0,0,0,0,0,0,0,0,0,0,0
ON,2,1520,1989,0,0,0,0,0,0,0,0,0,0,0,0,1,0,0
ON,2,1520,1991,0,1,0,0,0,0,0,0,0,0,0,0,0,0,0
ON,2,1520,1992,0,1,0,0,0,0,0,0,0,0,0,0,0,0,0
ON,2,1520,1993,1,0,0,0,1,1,0,0,0,0,0,0,0,0,0
ON,2,1520,1996,1,0,0,0,0,0,0,0,0,0,0,0,0,0,0
ON,2,1520,1998,0,0,0,0,1,0,0,0,0,0,0,0,0,0,0
ON,2,1520,1999,0,1,0,0,0,0,0,0,0,0,0,0,0,0,0
ON,2,1520,2004,1,0,0,0,0,0,0,0,0,0,0,0,0,0,0
ON,2,1520,2005,1,0,0,0,0,0,0,0,0,0,0,0,0,0,0
ON,2,1520,2006,0,1,0,0,0,0,0,0,0,0,0,0,0,0,0
ON,2,1520,2015,0,1,0,0,0,0,0,0,0,0,0,0,0,0,0
ON,2,1530,1976,11,36,0,0,25,21,0,3,0,0,0,0,0,0,14
ON,2,1530,1977,6,18,0,0,5,13,0,27,0,0,0,0,0,0,26
ON,2,1530,1978,14,24,0,2,10,15,0,2,0,0,0,0,0,0,7
ON,2,1530,1979,7,28,0,0,31,24,0,0,0,0,0,0,0,0,12
ON,2,1530,1980,11,18,0,0,10,20,0,16,0,0,0,0,1,0,9
ON,2,1530,1981,8,23,0,0,18,16,0,0,0,0,0,3,0,0,7
ON,2,1530,1982,3,16,0,0,10,11,0,3,0,0,0,0,0,0,5
ON,2,1530,1983,5,26,0,0,14,22,0,0,0,0,0,4,0,0,2
ON,2,1530,1984,16,18,0,0,23,25,0,0,0,0,0,1,0,0,0
ON,2,1530,1985,7,17,0,0,2,0,0,34,0,0,0,0,0,0,0
ON,2,1530,1986,11,15,0,0,38,23,0,1,0,0,0,1,0,0,2
ON,2,1530,1987,5,15,0,0,19,18,0,1,0,0,0,0,0,0,0
ON,2,1530,1988,20,32,0,0,26,24,0,0,0,0,0,0,0,0,0
ON,2,1530,1989,7,23,0,0,23,11,0,0,0,0,0,0,0,0,0
ON,2,1530,1990,6,27,0,0,13,20,0,0,0,0,0,0,0,0,0
ON,2,1530,1991,8,30,0,0,21,10,0,0,0,0,0,0,0,0,0
ON,2,1530,1992,10,21,0,0,27,16,0,0,0,0,0,0,0,0,0
ON,2,1530,1993,4,32,0,0,16,12,0,0,0,0,0,0,0,0,2
ON,2,1530,1994,4,20,0,0,17,11,0,1,0,0,0,0,0,0,0
ON,2,1530,1995,6,16,0,0,12,8,0,3,0,0,0,0,0,0,0
ON,2,1530,1996,23,45,0,0,26,16,0,13,0,0,0,0,0,0,0
ON,2,1530,1997,11,35,0,0,44,31,0,1,0,0,0,3,0,0,1
ON,2,1530,1998,13,34,0,0,55,25,0,2,0,0,0,2,0,0,1
ON,2,1530,1999,9,44,0,0,30,20,0,2,0,0,0,0,0,0,1
ON,2,1530,2000,13,34,0,0,14,13,0,0,0,0,0,0,0,0,1
ON,2,1530,2001,14,25,0,0,36,14,0,0,0,0,0,0,0,0,0
ON,2,1530,2002,6,19,0,0,24,16,0,0,0,0,0,0,0,0,0
ON,2,1530,2003,6,12,0,0,20,18,0,4,0,0,0,0,0,0,2
ON,2,1530,2004,10,21,0,0,14,14,0,0,0,0,0,0,0,0,0
ON,2,1530,2005,8,22,0,0,16,11,0,0,0,0,0,0,0,0,1
ON,2,1530,2006,9,20,0,0,20,18,0,0,0,0,0,0,0,0,0
ON,2,1530,2007,13,21,0,8,19,22,0,0,0,0,0,0,0,0,0
ON,2,1530,2008,8,21,0,0,18,15,0,1,0,0,0,0,0,0,0
ON,2,1530,2009,5,13,0,0,8,4,0,0,0,0,0,0,0,0,0
ON,2,1530,2010,5,20,0,0,10,8,0,4,0,0,0,0,0,0,4
ON,2,1530,2011,4,22,0,0,13,12,0,3,0,0,0,0,0,0,0
ON,2,1530,2012,5,23,0,0,18,16,0,0,0,0,0,0,0,0,0
ON,2,1530,2013,9,20,0,0,14,10,0,3,0,0,0,0,0,0,0
ON,2,1530,2014,3,11,0,0,11,12,0,0,0,0,0,0,0,0,0
ON,2,1530,2015,2,6,0,0,14,5,0,0,0,0,0,0,0,0,0
ON,2,1530,2016,8,14,0,0,4,11,0,1,0,0,0,1,0,0,1
ON,2,1530,2017,2,17,0,0,8,3,0,0,0,0,0,0,0,0,1
ON,2,1530,2018,8,17,0,0,21,12,0,0,0,0,0,0,0,0,0
ON,2,1530,2019,5,23,0,0,17,14,0,0,0,0,0,1,0,0,0
ON,2,1530,2020,2,30,0,0,20,12,0,0,0,0,0,0,0,0,0
ON,2,1530,2021,3,11,0,0,5,3,0,0,0,0,0,0,0,0,0
ON,2,1530,2022,1,2,0,0,1,10,0,0,0,0,0,0,0,0,0
ON,2,1530,2023,2,8,0,0,9,3,0,0,0,0,0,0,0,0,0
ON,2,1530,2024,4,17,0,0,5,4,0,1,0,0,0,0,0,0,0
ON,2,1540,1976,0,0,0,0,0,0,0,1,0,0,0,0,0,0,2
ON,2,1540,1977,1,0,0,0,0,0,0,5,0,0,0,0,0,0,1
ON,2,1540,1978,1,3,0,0,0,1,0,1,0,0,0,0,0,0,1
ON,2,1540,1979,1,0,0,0,0,1,0,10,0,0,0,0,0,0,2
ON,2,1540,1980,0,0,0,0,0,1,0,5,0,0,0,0,0,0,0
ON,2,1540,1981,1,1,0,0,0,1,0,2,0,0,0,0,0,0,2
ON,2,1540,1982,1,2,0,0,0,0,0,6,0,0,0,0,0,0,3
ON,2,1540,1983,0,0,0,0,1,0,0,0,0,0,0,0,0,0,0
ON,2,1540,1984,4,5,0,0,0,3,0,6,0,0,0,0,0,0,0
ON,2,1540,1985,0,0,0,0,0,0,0,8,0,0,0,0,0,0,0
ON,2,1540,1986,10,17,0,0,5,3,0,0,0,0,0,0,0,0,1
ON,2,1540,1987,0,5,0,0,1,0,0,3,0,0,0,0,0,0,1
ON,2,1540,1988,2,4,0,0,1,0,0,5,0,0,0,0,0,0,0
ON,2,1540,1989,0,0,0,0,0,1,0,0,0,0,0,0,0,0,0
ON,2,1540,1990,3,3,0,0,3,0,0,2,0,0,0,0,0,0,0
ON,2,1540,1991,0,1,0,0,0,0,0,2,0,0,0,0,0,0,0
ON,2,1540,1992,2,1,0,0,0,0,0,1,0,0,0,0,0,0,0
ON,2,1540,1993,1,0,0,0,1,1,0,0,0,0,0,0,0,0,0
ON,2,1540,1994,0,1,0,0,0,0,0,4,0,0,0,0,0,0,0
ON,2,1540,1996,1,1,0,0,0,0,0,11,0,0,0,0,0,0,0
ON,2,1540,1997,6,1,0,0,4,4,0,3,0,0,0,0,0,0,0
ON,2,1540,1998,1,1,0,0,2,1,0,1,0,0,0,0,0,0,1
ON,2,1540,1999,1,0,0,0,3,4,0,0,0,0,0,0,0,0,0
ON,2,1540,2000,0,0,0,1,1,1,0,0,0,0,0,0,0,0,0
ON,2,1540,2001,2,0,0,0,0,0,0,6,0,0,0,0,0,0,0
ON,2,1540,2002,0,1,0,0,2,0,0,0,0,0,0,0,0,0,0
ON,2,1540,2003,1,1,0,0,0,0,0,1,0,0,0,0,0,0,0
ON,2,1540,2004,1,0,0,0,0,0,0,1,0,0,0,0,0,0,0
ON,2,1540,2005,0,0,0,0,0,0,0,1,0,0,0,0,0,0,0
ON,2,1540,2006,0,0,0,0,2,1,0,7,0,0,0,0,0,0,0
ON,2,1540,2007,1,0,0,0,0,0,0,2,0,0,0,0,0,0,0
ON,2,1540,2008,1,2,0,0,0,0,0,4,0,0,0,0,0,0,0
ON,2,1540,2009,0,0,0,1,0,1,0,0,0,0,0,0,0,0,0
ON,2,1540,2011,0,1,0,0,1,1,0,5,0,0,0,0,0,0,1
ON,2,1540,2012,1,0,0,0,0,0,0,0,0,0,0,0,0,0,0
ON,2,1540,2013,0,2,0,0,0,1,0,2,0,0,0,0,0,0,0
ON,2,1540,2014,0,1,0,0,1,0,0,0,0,0,0,0,0,0,0
ON,2,1540,2015,2,1,0,0,1,0,0,0,0,0,0,0,0,0,0
ON,2,1540,2016,3,0,0,0,0,0,0,3,0,0,0,0,0,0,0
ON,2,1540,2017,0,0,0,0,0,0,0,3,0,0,0,0,0,0,0
ON,2,1540,2018,7,2,0,0,1,0,0,9,0,0,0,0,0,0,0
ON,2,1540,2019,0,3,0,0,0,0,0,9,0,0,0,0,0,0,0
ON,2,1540,2020,1,1,0,0,0,0,0,8,0,0,0,0,0,0,0
ON,2,1540,2021,0,0,0,0,0,0,0,1,0,0,0,0,0,0,0
ON,2,1540,2022,0,0,0,0,0,0,0,1,0,0,0,0,0,0,0
ON,2,1540,2024,0,0,0,0,0,0,0,1,0,0,0,0,0,0,0
ON,2,1550,1986,1,0,0,0,0,2,0,0,0,0,0,0,0,0,0
ON,2,1550,1987,0,0,0,0,0,3,0,0,0,0,0,0,0,0,1
ON,2,1550,1988,0,1,0,0,1,1,0,1,0,0,0,0,0,0,0
ON,2,1550,1989,0,1,0,0,0,0,0,0,0,0,0,0,0,0,0
ON,2,1590,1978,0,0,0,0,1,0,0,0,0,0,0,0,0,0,0
ON,2,1590,1979,1,1,0,0,0,0,0,1,0,0,0,0,0,0,0
ON,2,1590,1984,0,0,0,0,0,0,0,1,0,0,0,0,0,0,0
ON,2,1590,1985,0,0,0,0,0,0,0,1,0,0,0,0,0,0,0
ON,2,1590,1998,0,0,0,0,1,0,0,0,0,0,0,0,0,0,0
ON,2,1590,2002,1,0,0,0,0,1,0,0,0,0,0,0,0,0,0
ON,2,1590,2004,0,0,0,0,1,0,0,0,0,0,0,0,0,0,0
ON,2,1590,2007,1,0,0,0,2,0,0,0,0,0,0,0,0,0,0
ON,2,1620,1996,0,0,0,0,1,0,0,0,0,0,0,0,0,0,0
ON,2,1620,2000,0,0,0,0,1,0,0,0,0,0,0,0,0,0,0
ON,2,1620,2013,0,0,0,0,0,0,0,1,0,0,0,0,0,0,0
ON,2,1630,1976,0,0,0,0,0,0,0,15,0,0,0,0,0,0,8
ON,2,1630,1977,0,4,0,0,0,0,0,7,0,0,0,0,0,0,2
ON,2,1630,1978,0,1,0,0,1,0,0,4,0,0,0,0,0,0,0
ON,2,1630,1979,1,4,0,0,0,0,0,4,0,0,0,0,0,0,1
ON,2,1630,1980,0,0,0,0,0,0,0,1,0,0,0,0,0,0,0
ON,2,1630,1981,0,0,0,0,0,0,0,6,0,0,0,0,0,0,2
ON,2,1630,1982,0,0,0,0,0,0,0,1,0,0,0,0,0,0,1
ON,2,1630,1983,1,0,0,0,0,0,0,6,0,0,0,0,0,0,0
ON,2,1630,1984,0,0,0,0,1,0,0,7,0,0,0,0,0,0,0
ON,2,1630,1985,0,2,0,0,0,0,0,12,0,0,0,0,0,0,0
ON,2,1630,1986,1,3,0,0,4,2,0,1,0,0,0,0,0,0,0
ON,2,1630,1987,0,0,0,0,3,1,0,0,0,0,0,0,0,0,0
ON,2,1630,1988,0,0,0,0,2,2,0,0,0,0,0,0,0,0,0
ON,2,1630,1989,3,0,0,0,0,1,0,0,0,0,0,0,0,0,0
ON,2,1630,1990,1,4,0,0,2,2,0,0,0,0,0,0,0,0,0
ON,2,1630,1991,1,1,0,0,0,0,0,4,0,0,0,0,0,0,0
ON,2,1630,1992,0,0,0,0,2,1,0,0,0,0,0,0,0,0,0
ON,2,1630,1993,0,0,0,0,0,3,0,0,0,0,0,0,0,0,0
ON,2,1630,1994,0,0,0,0,0,0,0,4,0,0,0,0,0,0,0
ON,2,1630,1995,0,0,0,0,0,0,0,2,0,0,0,0,0,0,0
ON,2,1630,1996,0,0,0,0,0,0,0,3,0,0,0,0,0,0,0
ON,2,1630,1997,0,0,0,0,0,2,0,0,0,0,0,0,0,0,0
ON,2,1630,1998,0,0,0,0,0,1,0,1,0,0,0,1,0,0,0
ON,2,1630,1999,0,0,0,0,0,0,0,2,0,0,0,0,0,0,0
ON,2,1630,2000,0,0,0,0,2,2,0,1,0,0,0,0,0,0,0
ON,2,1630,2001,1,4,0,0,1,5,0,0,0,0,0,0,0,0,0
ON,2,1630,2002,0,0,0,0,2,0,0,0,0,0,0,0,0,0,0
ON,2,1630,2003,0,0,0,0,2,0,0,0,0,0,0,0,0,0,0
ON,2,1630,2006,0,0,0,0,0,2,0,0,0,0,0,0,0,0,0
ON,2,1630,2007,0,0,0,0,0,0,0,2,0,0,0,0,0,0,0
ON,2,1630,2009,0,0,0,0,0,0,0,1,0,0,0,0,0,0,0
ON,2,1630,2012,0,0,0,0,0,0,0,1,0,0,0,0,0,0,0
ON,2,1630,2013,0,0,0,0,1,0,0,1,0,0,0,0,0,0,0
ON,2,1630,2017,0,0,0,0,1,2,0,0,0,0,0,0,0,0,0
ON,2,1650,1976,1,0,0,0,0,0,0,12,0,0,0,0,0,0,2
ON,2,1650,1977,0,1,0,0,0,0,0,13,0,0,0,0,0,0,0
ON,2,1650,1978,1,1,0,0,0,1,0,1,0,0,0,0,0,0,1
ON,2,1650,1979,1,0,0,1,0,0,0,9,0,0,0,0,0,0,1
ON,2,1650,1980,0,0,0,0,0,0,0,9,0,0,0,0,0,0,1
ON,2,1650,1981,0,0,0,0,0,0,0,7,0,0,0,0,0,0,0
ON,2,1650,1982,0,3,0,0,0,0,0,3,0,0,0,0,0,0,0
ON,2,1650,1983,2,2,0,0,0,0,0,6,0,0,0,0,0,0,0
ON,2,1650,1984,1,1,0,1,0,0,0,14,0,0,0,0,0,0,0
ON,2,1650,1985,1,0,0,0,0,0,0,11,0,0,0,0,0,0,0
ON,2,1650,1986,2,2,0,0,2,1,0,0,0,0,0,0,0,0,0
ON,2,1650,1987,2,1,0,0,6,7,0,0,0,0,0,0,0,0,0
ON,2,1650,1988,0,0,0,0,4,3,0,1,0,0,0,0,0,0,0
ON,2,1650,1989,0,0,0,0,3,6,0,0,0,0,0,0,2,0,0
ON,2,1650,1990,1,0,0,0,1,4,0,1,0,0,0,0,0,0,0
ON,2,1650,1991,2,0,0,0,0,0,0,2,0,0,0,0,0,0,0
ON,2,1650,1992,0,0,0,0,0,1,0,0,0,0,0,0,0,0,0
ON,2,1650,1993,2,3,0,0,5,4,0,0,0,0,0,0,0,0,0
ON,2,1650,1994,0,0,0,0,0,0,0,7,0,0,0,0,1,0,0
ON,2,1650,1995,1,0,0,0,0,0,0,3,0,0,0,0,0,0,0
ON,2,1650,1996,0,0,0,0,0,0,0,9,0,0,0,0,0,0,0
ON,2,1650,1997,0,0,0,0,4,1,0,0,0,0,0,0,0,0,0
ON,2,1650,1998,0,0,0,0,5,0,0,0,0,0,0,0,0,0,0
ON,2,1650,1999,4,1,0,0,1,0,0,0,0,0,0,0,0,0,0
ON,2,1650,2000,0,1,0,0,1,0,0,0,0,0,0,0,0,0,0
ON,2,1650,2001,1,0,0,0,2,2,0,0,0,0,0,0,0,0,0
ON,2,1650,2002,1,0,0,0,2,0,0,0,0,0,0,0,0,0,0
ON,2,1650,2003,1,0,0,0,0,0,0,0,0,0,0,0,0,0,0
ON,2,1650,2004,1,0,0,0,0,0,0,0,0,0,0,0,0,0,0
ON,2,1650,2006,1,0,0,0,1,0,0,2,0,0,0,0,0,0,0
ON,2,1650,2007,0,2,0,0,0,0,0,1,0,0,0,0,0,0,0
ON,2,1650,2009,1,0,0,0,0,0,0,0,0,0,0,0,0,0,0
ON,2,1650,2012,0,0,0,0,1,0,0,0,0,0,0,0,0,0,0
ON,2,1650,2017,2,0,0,0,0,0,0,1,0,0,0,0,0,0,0
ON,2,1650,2018,0,0,0,0,1,0,0,0,0,0,0,0,0,0,0
ON,2,1650,2019,0,0,0,0,0,1,0,1,0,0,0,0,0,0,0
ON,2,1650,2020,0,0,0,0,1,0,0,0,0,0,0,0,0,0,0
ON,2,1650,2024,0,0,0,0,1,0,0,0,0,0,0,0,0,0,0
ON,2,1660,1976,2,0,0,0,0,0,0,7,0,0,0,0,0,0,6
ON,2,1660,1977,2,0,0,0,0,0,0,24,0,0,0,0,0,0,5
ON,2,1660,1978,1,0,0,0,0,0,0,9,0,0,0,0,0,0,0
ON,2,1660,1979,5,3,0,0,0,0,0,24,0,0,0,1,0,0,5
ON,2,1660,1980,0,0,0,0,0,0,0,15,0,0,0,0,0,0,3
ON,2,1660,1981,0,0,0,0,0,0,0,2,0,0,0,0,0,0,0
ON,2,1660,1982,0,0,0,0,0,0,0,1,0,0,0,0,0,0,1
ON,2,1660,1983,1,0,0,0,0,0,0,2,0,0,0,0,0,0,0
ON,2,1660,1984,0,0,0,0,0,0,0,12,0,0,0,0,0,0,1
ON,2,1660,1985,0,1,0,0,0,0,0,3,0,0,0,0,0,0,0
ON,2,1660,1986,1,0,0,0,6,1,0,0,0,0,0,0,0,0,0
ON,2,1660,1987,0,0,0,0,3,4,0,0,0,0,0,0,0,0,0
ON,2,1660,1988,0,0,0,0,0,3,0,0,0,0,0,0,0,0,0
ON,2,1660,1989,0,0,0,0,7,5,0,0,0,0,0,1,2,0,0
ON,2,1660,1990,0,0,0,0,2,0,0,5,0,0,0,0,0,0,0
ON,2,1660,1991,1,0,0,0,0,0,0,9,0,0,0,0,0,0,0
ON,2,1660,1992,0,1,0,0,1,0,0,0,0,0,0,0,0,0,0
ON,2,1660,1993,0,0,0,0,1,5,0,0,0,0,0,0,0,0,0
ON,2,1660,1995,0,0,0,0,0,0,0,4,0,0,0,0,0,0,0
ON,2,1660,1996,0,0,0,0,0,0,0,3,0,0,0,0,0,0,0
ON,2,1660,1997,1,0,0,0,0,8,0,0,0,0,0,0,0,0,0
ON,2,1660,1998,1,0,0,0,0,2,0,1,0,0,0,0,0,0,0
ON,2,1660,1999,0,0,0,0,1,0,0,0,0,0,0,0,0,0,0
ON,2,1660,2000,1,0,0,0,0,0,0,0,0,0,0,0,0,0,0
ON,2,1660,2003,0,0,0,0,0,2,0,0,0,0,0,0,0,0,1
ON,2,1660,2004,0,0,0,0,0,1,0,2,0,0,0,0,0,0,0
ON,2,1660,2008,0,0,0,0,0,0,0,1,0,0,0,0,0,0,0
ON,2,1660,2012,1,0,0,0,0,2,0,0,0,0,0,0,0,0,0
ON,2,1660,2013,0,0,0,0,1,0,0,0,0,0,0,0,0,0,0
ON,2,1660,2014,0,0,0,0,0,0,0,1,0,0,0,0,0,0,0
ON,2,1660,2022,0,0,0,0,0,0,0,2,0,0,0,0,0,0,0
ON,2,1670,1976,0,0,0,0,0,0,0,0,0,0,0,0,0,0,1
ON,2,1670,1977,0,0,0,0,0,0,0,0,0,0,0,0,0,0,3
ON,2,1670,1979,0,0,0,2,0,0,0,0,0,0,0,0,0,0,0
ON,2,1670,1982,0,0,0,1,0,0,0,0,0,0,0,0,0,0,1
ON,2,1670,1983,0,0,0,0,0,0,0,1,0,0,0,0,0,0,0
ON,2,1670,1984,2,2,0,0,0,0,0,2,0,0,0,1,0,0,0
ON,2,1670,1985,1,3,0,0,0,0,0,1,0,0,0,0,0,0,0
ON,2,1670,1986,0,0,0,8,0,0,0,11,0,0,0,0,0,0,0
ON,2,1670,1990,0,0,0,0,0,0,0,1,0,0,0,0,0,0,0
ON,2,1670,1992,2,0,0,0,0,0,0,0,0,0,0,0,0,0,0
ON,2,1670,1994,0,0,0,0,0,0,0,1,0,0,0,0,0,0,0
ON,2,1670,1995,0,1,0,0,0,0,0,0,0,0,0,0,0,0,0
ON,2,1670,1996,0,0,0,0,0,0,0,6,0,0,0,0,0,0,0
ON,2,1670,1997,1,0,0,1,1,0,0,0,0,0,0,0,0,0,0
ON,2,1670,1998,0,0,0,2,0,0,0,0,0,0,0,0,0,0,0
ON,2,1670,1999,0,0,0,0,0,1,0,0,0,0,0,0,0,0,0
ON,2,1670,2000,0,0,0,1,0,0,0,2,0,0,0,0,0,0,0
ON,2,1670,2001,2,0,0,0,0,1,0,0,0,0,0,0,0,0,0
ON,2,1670,2003,0,0,0,0,0,0,0,2,0,0,0,0,0,0,0
ON,2,1670,2004,0,0,0,0,0,0,0,1,0,0,0,0,0,0,0
ON,2,1670,2005,0,0,0,0,0,0,0,4,0,0,0,0,0,0,0
ON,2,1670,2006,0,0,0,1,0,0,0,3,0,0,0,0,0,0,0
ON,2,1670,2008,0,0,0,0,0,0,0,1,0,0,0,0,0,0,0
ON,2,1670,2010,0,0,0,0,0,0,0,1,0,0,0,0,0,0,0
ON,2,1670,2011,0,0,0,0,0,0,0,1,0,0,0,0,0,0,0
ON,2,1670,2013,0,0,0,0,0,0,0,2,0,0,0,0,0,0,0
ON,2,1670,2014,0,0,0,0,0,0,0,1,0,0,0,0,0,0,0
ON,2,1670,2018,0,1,0,0,0,0,0,0,0,0,0,0,0,0,0
ON,2,1670,2020,0,1,0,0,0,0,0,0,0,0,0,0,0,0,0
ON,2,1670,2022,0,0,0,0,0,0,0,1,0,0,0,0,0,0,0
ON,2,1692,1976,0,0,0,2,0,0,0,2,0,0,0,0,0,0,0
ON,2,1692,1977,0,0,0,0,0,0,0,0,0,0,0,0,0,0,1
ON,2,1692,1979,0,0,0,1,0,0,0,0,0,0,0,0,0,0,1
ON,2,1692,1980,0,0,0,0,0,0,0,1,0,0,0,0,0,0,0
ON,2,1692,1981,0,0,0,0,0,0,0,0,0,0,0,0,0,0,3
ON,2,1692,1986,0,0,0,1,0,0,0,0,0,0,0,0,0,0,0
ON,2,1692,1987,0,0,0,0,0,0,0,2,0,0,0,0,0,0,0
ON,2,1692,1989,0,0,0,4,0,0,0,4,0,0,0,0,0,0,0
ON,2,1692,1990,0,0,0,1,0,0,0,3,0,0,0,0,0,0,0
ON,2,1692,1991,0,0,0,1,0,0,0,0,0,0,0,0,0,0,0
ON,2,1692,1994,0,0,0,1,0,0,0,0,0,0,0,0,0,0,0
ON,2,1692,1995,0,0,0,0,0,0,0,1,0,0,0,0,0,0,0
ON,2,1692,1996,0,0,0,3,0,0,0,4,0,0,0,0,0,0,0
ON,2,1692,1997,0,0,0,1,0,0,0,2,0,0,0,0,0,0,0
ON,2,1692,1998,0,0,0,1,0,0,0,2,0,0,0,0,0,0,0
ON,2,1692,1999,0,0,0,4,0,0,0,0,0,0,0,0,0,0,0
ON,2,1692,2000,0,0,0,6,0,0,0,3,0,0,0,0,0,0,1
ON,2,1692,2001,0,0,0,3,0,0,0,3,0,0,0,0,0,0,0
ON,2,1692,2002,0,0,0,2,0,0,0,0,0,0,0,0,0,0,0
ON,2,1692,2003,0,0,0,0,0,0,0,0,0,0,0,0,0,0,2
ON,2,1692,2004,0,0,0,15,0,0,0,0,0,0,0,0,0,0,1
ON,2,1692,2005,0,0,0,0,0,0,0,4,0,0,0,0,0,0,0
ON,2,1692,2006,0,0,0,2,0,0,0,3,0,0,0,0,0,0,1
ON,2,1692,2007,0,0,0,1,0,0,0,0,0,0,0,0,0,0,0
ON,2,1692,2009,0,0,0,2,0,0,0,1,0,0,0,0,0,0,0
ON,2,1692,2010,0,0,0,3,0,0,0,2,0,0,0,0,0,0,0
ON,2,1692,2011,0,0,0,9,0,0,0,1,0,0,0,0,0,0,1
ON,2,1692,2012,0,0,0,6,0,0,0,0,0,0,0,0,0,0,0
ON,2,1692,2013,0,0,0,2,0,0,0,1,0,0,0,0,0,0,0
ON,2,1692,2017,0,0,0,1,0,0,0,2,0,1,0,0,0,0,1
ON,2,1692,2018,0,0,0,0,0,0,0,1,0,0,0,0,0,0,0
ON,2,1692,2022,0,0,0,0,0,0,0,0,0,1,0,0,0,0,0
ON,2,1692,2024,0,0,0,1,0,0,0,2,0,3,0,0,0,0,0
ON,2,1693,1978,0,0,0,0,0,0,0,0,0,0,0,0,0,0,1
ON,2,1693,1981,0,0,0,0,0,0,0,0,0,0,0,0,0,0,3
ON,2,1693,1984,0,0,0,0,0,0,0,2,0,0,0,0,0,0,0
ON,2,1693,1987,0,0,0,1,0,0,0,0,0,0,0,0,0,0,0
ON,2,1693,1988,0,0,0,0,0,0,0,1,0,0,0,0,0,0,0
ON,2,1693,1989,0,0,0,2,0,0,0,3,0,0,0,0,0,0,0
ON,2,1693,1991,0,0,0,2,0,0,0,1,0,0,0,0,0,0,0
ON,2,1693,1994,0,0,0,0,0,0,0,1,0,0,0,0,0,0,0
ON,2,1693,1995,0,0,0,2,0,0,0,0,0,0,0,0,0,0,0
ON,2,1693,1996,0,0,0,0,0,0,0,2,0,0,0,0,0,0,1
ON,2,1693,1998,0,0,0,1,0,0,0,0,0,0,0,0,0,0,0
ON,2,1693,1999,0,0,0,0,0,0,0,1,0,0,0,0,0,0,0
ON,2,1693,2001,0,0,0,2,0,0,0,3,0,0,0,0,0,0,0
ON,2,1693,2004,0,0,0,1,0,0,0,0,0,0,0,0,0,0,0
ON,2,1693,2009,0,0,0,0,0,0,0,1,0,0,0,0,0,0,0
ON,2,1693,2013,0,0,0,0,0,0,0,1,0,0,0,0,0,0,0
ON,2,1693,2017,0,0,0,4,0,0,0,0,0,0,0,0,0,0,0
ON,2,1693,2018,0,0,0,0,0,0,0,1,0,0,0,0,0,0,0
ON,2,1700,1996,0,0,0,1,0,0,0,1,0,0,0,0,0,0,0
ON,2,1700,1997,0,0,0,0,0,0,0,1,0,0,0,0,0,0,0
ON,2,1700,2003,0,0,0,0,0,0,0,1,0,0,0,0,0,0,0
ON,2,1700,2004,0,0,0,1,0,0,0,0,0,0,0,0,0,0,0
ON,2,1700,2013,0,0,0,0,0,0,0,1,0,0,0,0,0,0,0
ON,2,1710,1993,0,0,0,0,0,0,0,1,0,0,0,0,0,0,0
ON,2,1710,1996,0,0,0,1,0,0,0,0,0,0,0,0,0,0,0
ON,2,1721,1984,0,0,0,0,0,0,0,7,0,0,0,0,0,0,0
ON,2,1721,1990,0,0,0,1,0,0,0,1,0,0,0,0,0,0,0
ON,2,1721,1991,0,0,0,1,0,0,0,0,0,0,0,0,0,0,0
ON,2,1721,1992,0,0,0,4,0,0,0,2,0,0,0,0,0,0,0
ON,2,1721,1994,0,0,0,1,0,0,0,0,0,0,0,0,0,0,0
ON,2,1721,2004,0,0,0,0,0,0,0,1,0,0,0,0,0,0,0
ON,2,1721,2018,0,0,0,1,0,0,0,0,0,0,0,0,0,0,0
ON,2,1721,2022,0,0,0,0,0,0,0,2,0,0,0,0,0,0,0
ON,2,1721,2023,0,0,0,0,0,0,0,1,0,0,0,0,0,0,0
ON,2,1722,1976,0,0,0,41,0,0,0,28,0,0,0,0,0,0,16
ON,2,1722,1977,0,0,0,51,0,0,0,78,0,0,0,0,0,0,24
ON,2,1722,1978,0,0,0,83,0,0,0,49,0,0,0,0,0,0,25
ON,2,1722,1979,0,0,0,85,0,0,0,72,0,0,0,0,0,0,11
ON,2,1722,1980,0,0,0,56,0,0,0,62,0,0,0,0,0,0,28
ON,2,1722,1981,0,1,0,33,0,0,0,12,0,0,0,0,0,0,11
ON,2,1722,1982,0,0,0,43,0,0,0,35,0,0,0,0,0,0,21
ON,2,1722,1983,0,0,0,70,0,0,0,62,0,0,0,0,0,0,1
ON,2,1722,1984,0,0,0,56,0,0,0,99,0,0,0,0,0,0,1
ON,2,1722,1985,0,0,0,65,0,0,0,48,0,0,0,0,0,0,2
ON,2,1722,1986,0,0,0,166,0,0,0,139,0,0,0,0,0,0,4
ON,2,1722,1987,0,0,0,107,0,2,0,48,0,0,0,0,0,0,3
ON,2,1722,1988,0,0,0,100,0,0,0,49,0,0,0,0,0,0,0
ON,2,1722,1989,0,4,0,140,0,3,0,95,0,0,0,0,0,0,2
ON,2,1722,1990,0,0,0,271,0,2,0,117,0,0,0,0,0,0,5
ON,2,1722,1991,0,0,0,256,0,0,0,51,0,0,0,0,0,0,5
ON,2,1722,1992,1,1,0,456,0,1,0,94,0,0,0,0,0,0,10
ON,2,1722,1993,0,1,0,192,0,0,0,72,0,0,0,0,0,0,4
ON,2,1722,1994,0,1,0,260,0,0,0,52,0,0,0,0,0,0,6
ON,2,1722,1995,0,1,0,282,0,1,0,91,0,0,0,0,0,0,5
ON,2,1722,1996,1,5,0,491,0,0,0,159,0,0,0,0,0,0,12
ON,2,1722,1997,0,1,0,746,0,1,0,190,0,0,0,0,0,0,3
ON,2,1722,1998,0,1,0,794,1,1,0,147,0,0,0,0,0,0,9
ON,2,1722,1999,0,0,0,1184,0,1,0,181,0,0,0,0,0,0,17
ON,2,1722,2000,0,1,0,1203,0,1,0,77,0,0,0,0,0,0,0
ON,2,1722,2001,0,0,0,1195,1,0,0,209,0,0,0,0,0,0,3
ON,2,1722,2002,0,0,0,1147,0,0,0,181,0,0,0,0,0,0,2
ON,2,1722,2003,0,0,0,699,0,0,0,243,0,0,0,0,0,0,58
ON,2,1722,2004,0,0,0,821,0,0,0,184,0,0,0,0,0,0,34
ON,2,1722,2005,0,0,0,673,0,0,0,328,0,0,0,0,0,0,8
ON,2,1722,2006,0,0,0,828,0,0,0,342,0,0,0,0,0,0,1
ON,2,1722,2007,0,0,0,744,0,0,0,265,0,0,0,0,0,0,4
ON,2,1722,2008,0,0,0,645,0,0,0,304,0,0,1,0,0,0,4
ON,2,1722,2009,0,0,33,640,0,0,56,166,0,60,0,0,0,0,1
ON,2,1722,2010,0,0,487,210,0,0,241,120,0,1,0,0,0,1,8
ON,2,1722,2011,0,0,52,517,0,0,63,167,0,0,0,0,0,0,0
ON,2,1722,2012,0,0,103,479,0,0,67,201,0,1,0,0,0,0,0
ON,2,1722,2013,0,0,254,495,0,0,132,229,0,0,0,0,0,0,0
ON,2,1722,2014,0,0,23,506,0,0,15,215,0,0,0,0,0,0,0
ON,2,1722,2015,0,0,9,535,0,0,1,165,0,3,0,0,0,0,0
ON,2,1722,2016,0,0,1,329,0,0,3,252,0,16,0,0,0,0,1
ON,2,1722,2017,0,0,8,297,0,0,15,208,0,17,0,0,0,1,11
ON,2,1722,2018,0,0,23,527,0,0,6,118,0,6,0,0,0,0,1
ON,2,1722,2019,0,0,7,464,0,0,2,243,0,2,0,0,0,0,1
ON,2,1722,2020,0,0,0,318,0,0,0,172,0,11,0,0,0,0,0
ON,2,1722,2021,0,0,0,372,0,0,0,108,0,5,0,0,0,0,0
ON,2,1722,2022,0,0,0,310,0,0,0,186,0,11,0,0,0,0,0
ON,2,1722,2023,0,0,0,379,0,0,0,317,0,11,0,0,0,0,6
ON,2,1722,2024,0,0,0,521,0,0,0,217,0,5,0,0,0,0,1
ON,2,1730,1979,0,0,0,0,0,0,0,1,0,0,0,0,0,0,0
ON,2,1730,1980,0,0,0,0,0,0,0,1,0,0,0,0,0,0,0
ON,2,1730,1984,0,0,0,1,0,0,0,1,0,0,0,0,0,0,0
ON,2,1730,1985,0,0,0,1,0,0,0,0,0,0,0,0,0,0,0
ON,2,1730,1986,0,0,0,4,0,0,0,0,0,0,0,0,0,0,0
ON,2,1730,1988,0,0,0,1,0,0,0,0,0,0,0,0,0,0,0
ON,2,1730,1990,0,0,0,1,0,0,0,0,0,0,0,0,0,0,0
ON,2,1730,1991,0,0,0,0,0,0,0,1,0,0,0,0,0,0,0
ON,2,1730,1993,0,0,0,1,0,0,0,0,0,0,0,0,0,0,0
ON,2,1730,1997,0,0,0,2,0,0,0,2,0,0,0,0,0,0,0
ON,2,1730,1998,0,0,0,0,0,0,0,4,0,0,0,0,0,0,0
ON,2,1730,2000,0,0,0,0,0,0,0,6,0,0,0,0,0,0,1
ON,2,1730,2001,0,0,0,1,0,0,0,1,0,0,0,0,0,0,0
ON,2,1730,2002,0,0,0,1,0,0,0,1,0,0,0,0,0,0,0
ON,2,1730,2003,0,0,0,0,0,0,0,1,0,0,0,0,0,0,0
ON,2,1730,2005,0,0,0,0,0,0,0,0,0,0,0,0,0,0,1
ON,2,1730,2007,0,0,0,0,0,0,0,0,0,0,0,0,0,0,1
ON,2,1730,2011,0,0,0,1,0,0,0,0,0,0,0,0,0,0,0
ON,2,1730,2016,0,0,0,1,0,0,0,0,0,0,0,0,0,0,0
ON,2,1730,2019,0,0,0,0,0,0,0,2,0,0,0,0,0,0,0
ON,2,2190,1985,0,0,0,0,0,0,0,0,0,0,0,0,0,0,1
ON,2,2210,2006,0,0,0,0,0,0,0,0,0,0,0,0,0,0,1
ON,2,2210,2008,0,0,0,0,0,0,0,0,0,0,0,0,0,0,2
ON,2,2210,2016,0,0,0,0,0,0,0,0,0,0,0,0,0,0,1
ON,2,2210,2019,0,0,0,0,0,0,0,0,0,0,0,0,0,0,4
ON,2,2210,2021,0,0,0,0,0,0,0,0,0,0,0,0,0,0,6
ON,2,2210,2024,0,0,0,1,0,0,0,1,0,0,0,0,0,0,0
ON,2,2280,1985,0,1,0,0,2,0,0,0,0,0,0,0,0,0,0
ON,2,2280,1988,0,0,0,0,1,3,0,0,0,0,0,0,0,0,0
ON,2,2280,1989,4,1,0,0,1,2,0,0,0,0,0,0,0,0,0
ON,2,2280,1990,3,3,0,0,8,9,0,0,0,0,0,0,0,0,0
ON,2,2280,1991,2,1,0,0,6,5,0,0,0,0,0,0,0,0,0
ON,2,2280,1994,11,5,0,0,4,8,0,0,0,0,0,0,0,0,0
ON,2,2280,1996,0,1,0,0,0,1,0,0,0,0,0,0,0,0,0
ON,2,2280,1997,1,3,0,0,0,1,0,0,0,0,0,0,0,0,0
ON,2,2280,1999,0,0,0,0,0,2,0,0,0,0,0,0,0,0,0
ON,2,2280,2000,23,13,0,1,30,21,0,1,0,0,0,0,2,0,11
ON,2,2280,2002,1,2,0,0,0,0,0,0,0,0,0,0,0,0,0
ON,2,2280,2004,0,0,0,0,1,0,0,0,0,0,0,0,0,0,0
ON,2,2280,2005,1,1,0,0,1,1,0,1,0,0,0,0,0,0,0
ON,2,2280,2006,40,35,0,0,13,24,0,0,0,0,0,0,0,0,0
ON,2,2280,2007,24,23,0,1,10,12,0,0,0,0,0,3,0,0,1
ON,2,2280,2008,28,27,0,1,21,18,0,1,0,0,0,0,1,0,0
ON,2,2280,2009,17,12,0,0,5,6,0,0,0,0,0,0,0,0,0
ON,2,2280,2010,43,24,0,0,24,47,0,0,0,0,0,0,0,0,0
ON,2,2280,2011,25,24,0,0,15,15,0,0,0,0,0,1,0,0,0
ON,2,2280,2012,28,27,0,0,13,14,0,1,0,0,0,1,0,0,0
ON,2,2280,2013,46,21,0,0,29,25,0,5,0,0,0,0,1,0,0
ON,2,2280,2014,26,18,0,0,12,5,0,0,0,0,0,0,0,0,5
ON,2,2280,2015,42,25,0,0,19,21,0,0,0,0,0,1,0,0,0
ON,2,2280,2016,18,8,0,0,23,16,0,0,0,0,0,0,0,0,0
ON,2,2280,2017,32,31,0,0,37,51,0,0,0,0,0,0,0,0,0
ON,2,2280,2018,26,14,0,0,20,32,0,0,0,0,0,0,0,0,0
ON,2,2280,2019,29,15,0,0,43,56,0,0,0,0,0,0,0,0,0
ON,2,2280,2020,45,28,0,0,38,40,0,0,0,0,0,0,2,0,0
ON,2,2280,2021,24,16,0,0,21,21,0,0,0,0,0,0,0,0,0
ON,2,2280,2022,50,32,0,0,29,27,0,0,0,0,0,0,0,0,0
ON,2,2280,2023,22,9,0,0,25,32,0,0,0,0,0,1,0,0,0
ON,2,2280,2024,14,19,0,0,20,19,0,0,0,0,0,1,0,0,0
ON,2,2300,1985,0,0,0,0,0,0,0,0,0,0,0,0,0,0,1
ON,2,2300,1989,0,0,0,0,0,0,0,3,0,0,0,0,0,0,0
ON,2,2300,2006,0,0,0,0,0,0,0,0,0,0,0,0,0,0,5
ON,2,2300,2007,0,0,0,0,0,0,0,1,0,0,0,0,0,0,0
ON,2,2300,2008,0,0,0,1,0,0,0,0,0,0,0,0,0,0,0
ON,2,2300,2020,0,0,0,0,0,0,0,4,0,0,0,0,0,0,0
ON,2,2300,2024,0,0,0,0,0,0,0,1,0,0,0,0,0,0,0
ON,2,3160,2013,0,0,0,6,0,0,0,1,0,0,0,0,0,0,7
ON,2,3160,2014,0,0,0,1,0,0,0,4,0,0,0,0,0,0,2
ON,2,3160,2015,0,0,0,1,0,0,0,4,0,0,0,0,0,0,0
ON,2,3160,2016,0,0,0,1,0,0,0,9,0,0,0,0,0,0,4
ON,2,3160,2017,0,0,0,2,0,0,0,2,0,0,0,0,0,0,1
ON,2,3160,2018,0,0,0,0,0,0,0,3,0,0,0,0,0,0,2
ON,2,3160,2019,0,0,0,6,0,0,0,4,0,0,0,0,0,0,5
ON,2,3160,2020,0,0,0,3,0,0,0,24,0,0,0,0,0,0,4
ON,2,3160,2021,0,0,0,2,0,0,0,18,0,0,0,0,0,0,3
ON,2,3160,2022,0,0,0,8,0,0,0,17,0,0,0,0,0,0,2
ON,2,3160,2023,0,0,0,2,0,0,0,4,0,0,0,0,0,0,1
ON,2,3160,2024,0,0,0,3,0,0,0,4,0,0,0,0,0,0,0
ON,3,1290,1976,0,1,0,0,0,0,0,4,0,0,0,0,0,0,4
ON,3,1290,1977,4,0,0,0,0,0,0,5,0,0,0,0,0,0,0
ON,3,1290,1978,3,2,0,0,10,2,0,3,0,0,0,0,0,0,4
ON,3,1290,1979,1,0,0,0,0,0,0,15,0,0,0,0,0,0,6
ON,3,1290,1980,0,2,0,0,11,4,0,2,0,0,0,1,0,0,3
ON,3,1290,1981,5,0,0,0,5,21,0,2,0,0,0,0,0,0,3
ON,3,1290,1982,1,1,0,0,0,0,0,5,0,0,0,0,0,0,1
ON,3,1290,1983,1,0,0,0,6,8,0,6,0,0,0,0,0,0,0
ON,3,1290,1984,4,0,0,0,2,4,0,4,0,0,0,0,0,0,0
ON,3,1290,1985,0,2,0,0,0,0,0,10,0,0,0,0,0,0,0
ON,3,1290,1986,5,0,0,0,0,1,0,5,0,0,0,0,0,0,0
ON,3,1290,1987,2,0,0,0,1,4,0,0,0,0,0,0,0,0,0
ON,3,1290,1988,0,0,0,0,1,1,0,0,0,0,0,0,0,0,0
ON,3,1290,1989,2,0,0,0,2,1,0,0,0,0,0,0,0,0,0
ON,3,1290,1990,0,0,0,0,4,1,0,1,0,0,0,0,0,0,0
ON,3,1290,1991,0,0,0,0,0,3,0,0,0,0,0,0,0,0,0
ON,3,1290,1992,0,1,0,0,0,4,0,0,0,0,0,0,0,0,0
ON,3,1290,1994,2,0,0,0,9,3,0,0,0,0,0,0,0,0,0
ON,3,1290,1995,0,1,0,0,0,0,0,3,0,0,0,0,0,0,0
ON,3,1290,1996,1,0,0,0,3,2,0,2,0,0,0,0,0,0,0
ON,3,1290,1997,0,0,0,0,2,0,0,0,0,0,0,0,0,0,0
ON,3,1290,1998,0,0,0,0,2,2,0,2,0,0,0,0,0,0,0
ON,3,1290,1999,1,0,0,0,0,2,0,0,0,0,0,0,1,0,1
ON,3,1290,2000,0,0,0,0,1,2,0,0,0,0,0,0,0,0,0
ON,3,1290,2001,0,2,0,0,1,0,0,0,0,0,0,0,0,0,0
ON,3,1290,2002,0,0,0,0,4,1,0,0,0,0,0,0,0,0,0
ON,3,1290,2003,2,1,0,0,4,0,0,0,0,0,0,0,0,0,1
ON,3,1290,2006,1,1,0,0,0,0,0,0,0,0,0,0,0,0,0
ON,3,1290,2007,2,0,0,0,0,0,0,0,0,0,0,0,0,0,0
ON,3,1290,2008,1,1,0,0,0,2,0,0,0,0,0,0,0,0,0
ON,3,1290,2009,0,0,0,0,2,0,0,0,0,0,0,0,0,0,0
ON,3,1290,2011,1,0,0,0,0,0,0,0,0,0,0,0,0,0,0
ON,3,1290,2012,1,1,0,0,4,0,0,2,0,0,0,0,0,0,0
ON,3,1290,2013,0,1,0,0,0,0,0,1,0,0,0,0,0,0,0
ON,3,1290,2015,0,0,0,0,1,0,0,3,0,0,0,0,0,0,1
ON,3,1290,2017,4,0,0,0,1,1,0,2,0,0,0,0,0,0,0
ON,3,1290,2018,0,0,0,0,1,0,0,0,0,0,0,0,0,0,0
ON,3,1290,2019,1,0,0,0,0,1,0,0,0,0,0,0,0,0,0
ON,3,1290,2020,1,0,0,0,1,1,0,2,0,0,0,0,0,0,0
ON,3,1290,2021,3,1,0,0,1,0,0,0,0,0,0,0,0,0,0
ON,3,1290,2022,2,0,0,0,1,0,0,1,0,0,0,0,0,0,0
ON,3,1290,2023,1,0,0,0,1,0,0,1,0,0,0,0,0,0,0
ON,3,1290,2024,0,1,0,0,1,1,0,0,0,0,0,0,0,0,0
ON,3,1300,1976,0,0,0,0,0,0,0,4,0,0,0,0,0,0,0
ON,3,1300,1977,0,0,0,0,0,0,0,1,0,0,0,0,0,0,0
ON,3,1300,1978,0,0,0,0,0,0,0,2,0,0,0,0,0,0,0
ON,3,1300,1979,0,1,0,0,0,1,0,0,0,0,0,0,0,0,2
ON,3,1300,1981,0,0,0,0,2,0,0,0,0,0,0,0,0,0,1
ON,3,1300,1982,2,0,0,0,0,0,0,0,0,0,0,0,0,0,0
ON,3,1300,1983,0,0,0,0,0,1,0,0,0,0,0,0,0,0,1
ON,3,1300,1984,0,0,0,0,1,0,0,0,0,0,0,0,0,0,0
ON,3,1300,1985,0,1,0,0,0,0,0,1,0,0,0,0,0,0,0
ON,3,1300,1986,0,1,0,0,0,0,0,1,0,0,0,0,0,0,0
ON,3,1300,1988,0,0,0,0,1,0,0,0,0,0,0,0,0,0,0
ON,3,1300,1989,0,0,0,0,0,1,0,0,0,0,0,0,0,0,0
ON,3,1300,1990,0,0,0,0,0,1,0,0,0,0,0,0,0,0,0
ON,3,1300,1991,0,0,0,0,0,0,0,1,0,0,0,0,0,0,0
ON,3,1300,1994,0,0,0,0,0,0,0,2,0,0,0,0,0,0,1
ON,3,1300,1999,0,0,0,0,1,0,0,0,0,0,0,0,0,0,0
ON,3,1300,2006,0,0,0,0,0,0,0,1,0,0,0,0,0,0,0
ON,3,1300,2007,0,0,0,0,0,0,0,1,0,0,0,0,0,0,2
ON,3,1300,2009,0,1,0,0,0,0,0,0,0,0,0,0,0,0,0
ON,3,1300,2012,0,0,0,0,0,1,0,0,0,0,0,0,0,0,0
ON,3,1300,2014,0,0,0,0,1,0,0,0,0,0,0,0,0,0,0
ON,3,1300,2020,0,0,0,0,0,0,0,1,0,0,0,0,0,0,0
ON,3,1300,2024,0,0,0,0,1,0,0,0,0,0,0,0,0,0,0
ON,3,1310,1976,2,3,0,0,0,0,0,27,0,0,0,0,0,0,11
ON,3,1310,1977,1,1,0,0,0,1,0,33,0,0,0,0,0,0,3
ON,3,1310,1978,0,1,0,0,7,11,0,18,0,0,0,0,0,0,2
ON,3,1310,1979,3,3,0,0,0,0,0,41,0,0,0,0,0,0,4
ON,3,1310,1980,3,9,0,0,0,0,0,35,0,0,0,0,0,0,3
ON,3,1310,1981,1,4,0,0,1,3,0,18,0,0,0,0,0,0,12
ON,3,1310,1982,1,7,0,0,0,0,0,18,0,0,0,0,0,0,8
ON,3,1310,1983,3,3,0,0,21,17,0,2,0,0,0,0,0,0,0
ON,3,1310,1984,0,3,0,0,13,10,0,1,0,0,0,0,0,0,0
ON,3,1310,1985,3,1,0,0,0,1,0,13,0,0,0,0,0,0,1
ON,3,1310,1986,1,7,0,0,0,0,0,33,0,0,0,0,0,0,0
ON,3,1310,1987,4,5,0,0,7,7,0,1,0,0,0,0,0,0,0
ON,3,1310,1988,2,2,0,0,9,9,0,0,0,0,0,0,0,0,0
ON,3,1310,1989,1,2,0,0,0,0,0,23,0,0,0,0,0,0,0
ON,3,1310,1990,2,1,0,0,17,13,0,3,0,0,0,0,0,0,0
ON,3,1310,1991,2,1,0,0,12,10,0,4,0,0,0,0,0,0,2
ON,3,1310,1992,6,9,0,0,11,16,0,0,0,0,0,0,0,0,0
ON,3,1310,1993,0,1,0,0,6,4,0,1,0,0,0,0,0,0,0
ON,3,1310,1994,1,1,0,0,13,13,0,6,0,0,0,0,0,0,0
ON,3,1310,1995,5,2,0,0,1,0,0,25,0,0,0,0,0,0,0
ON,3,1310,1996,0,3,0,0,0,2,0,36,0,0,0,0,0,0,1
ON,3,1310,1997,0,3,0,0,4,3,0,10,0,0,0,0,0,0,0
ON,3,1310,1998,1,5,0,0,6,18,0,0,0,0,0,0,0,0,0
ON,3,1310,1999,0,1,0,0,11,13,0,2,0,0,0,0,0,0,0
ON,3,1310,2000,1,2,0,0,1,6,0,0,0,0,0,0,0,0,0
ON,3,1310,2001,2,3,0,0,7,7,0,0,0,0,0,0,0,0,0
ON,3,1310,2002,2,4,0,0,10,7,0,0,0,0,0,1,0,0,2
ON,3,1310,2003,1,3,0,0,0,0,0,13,0,0,0,0,0,0,1
ON,3,1310,2004,1,0,0,0,0,0,0,11,0,0,0,0,0,0,0
ON,3,1310,2005,0,0,0,0,0,0,0,6,0,0,0,0,0,0,0
ON,3,1310,2006,0,0,0,0,0,0,0,14,0,0,0,0,0,0,0
ON,3,1310,2007,2,5,0,0,0,0,0,13,0,0,0,0,0,0,0
ON,3,1310,2008,0,0,0,0,0,0,0,11,0,0,0,0,0,0,0
ON,3,1310,2009,1,1,0,0,6,1,0,6,0,0,0,0,0,0,0
ON,3,1310,2010,0,0,0,0,4,4,0,11,0,0,0,0,0,0,0
ON,3,1310,2011,0,0,0,0,4,2,0,8,0,0,0,0,0,0,0
ON,3,1310,2012,6,4,0,0,1,1,0,8,0,0,0,0,0,0,0
ON,3,1310,2013,0,1,0,0,2,0,0,3,0,0,0,0,0,0,0
ON,3,1310,2014,0,1,0,0,0,2,0,4,0,0,0,0,0,0,0
ON,3,1310,2015,1,3,0,0,2,1,0,6,0,0,0,0,0,0,0
ON,3,1310,2016,0,0,0,0,3,1,0,4,0,0,0,0,0,0,0
ON,3,1310,2017,1,2,0,0,1,0,0,6,0,0,0,0,0,0,0
ON,3,1310,2018,0,0,0,0,4,1,0,1,0,0,0,0,0,0,0
ON,3,1310,2019,0,3,0,0,1,1,0,1,0,0,0,0,0,0,0
ON,3,1310,2020,0,1,0,0,3,0,0,3,0,0,0,0,0,0,0
ON,3,1310,2021,0,2,0,0,3,1,0,10,0,0,0,0,0,0,0
ON,3,1310,2022,0,0,0,0,3,1,0,7,0,0,0,0,0,0,0
ON,3,1310,2023,2,1,0,0,2,1,0,4,0,0,0,0,0,0,0
ON,3,1310,2024,0,2,0,0,0,0,0,2,0,0,0,0,0,0,0
ON,3,1320,1976,22,13,0,1,102,110,0,13,0,0,0,2,1,0,66
ON,3,1320,1977,19,20,0,1,146,108,0,7,0,0,0,0,1,0,57
ON,3,1320,1978,43,20,0,1,166,180,0,21,0,0,0,0,1,0,66
ON,3,1320,1979,53,13,0,2,213,195,0,10,0,0,0,0,0,0,85
ON,3,1320,1980,42,30,0,1,198,218,0,7,0,0,0,5,0,0,82
ON,3,1320,1981,53,19,0,0,189,165,0,9,0,0,0,2,1,0,93
ON,3,1320,1982,23,14,0,0,44,36,0,6,0,0,0,1,0,0,30
ON,3,1320,1983,47,18,0,0,215,183,0,7,0,0,0,3,1,0,6
ON,3,1320,1984,37,16,0,1,161,179,0,7,0,0,0,1,1,0,3
ON,3,1320,1985,28,21,0,1,202,186,0,12,0,0,0,2,0,0,9
ON,3,1320,1986,48,16,0,0,149,176,0,6,0,0,0,0,1,0,3
ON,3,1320,1987,40,17,0,0,130,119,0,4,0,0,0,0,1,0,0
ON,3,1320,1988,35,20,0,0,110,124,0,6,0,0,0,2,0,0,3
ON,3,1320,1989,55,29,0,0,242,263,0,4,0,0,0,1,1,0,2
ON,3,1320,1990,84,42,0,1,202,205,0,10,0,0,0,1,0,0,3
ON,3,1320,1991,45,19,0,0,144,155,0,2,0,0,0,0,0,0,3
ON,3,1320,1992,62,50,0,0,167,160,0,10,0,0,0,1,0,0,3
ON,3,1320,1993,43,18,0,0,146,125,0,6,0,0,0,1,0,0,3
ON,3,1320,1994,31,12,0,0,112,104,0,12,0,0,0,0,0,0,1
ON,3,1320,1995,19,13,0,0,114,104,0,3,0,0,0,0,0,0,0
ON,3,1320,1996,25,4,0,0,112,113,0,1,0,0,0,0,0,0,2
ON,3,1320,1997,19,10,0,0,110,137,0,5,0,0,0,1,1,0,11
ON,3,1320,1998,13,9,0,0,91,101,0,2,0,0,0,0,0,0,1
ON,3,1320,1999,23,14,0,0,115,105,0,2,0,0,0,0,0,0,0
ON,3,1320,2000,28,8,0,0,82,113,0,1,0,0,0,0,0,0,0
ON,3,1320,2001,16,15,0,0,82,95,0,3,0,0,0,0,1,0,0
ON,3,1320,2002,16,15,0,0,114,142,0,2,0,0,0,1,0,0,1
ON,3,1320,2003,13,13,0,0,97,70,0,1,0,0,0,1,0,0,4
ON,3,1320,2004,19,13,0,1,54,46,0,1,0,0,0,0,0,0,2
ON,3,1320,2005,13,8,0,0,63,56,0,1,0,0,0,0,0,0,0
ON,3,1320,2006,11,11,0,0,75,109,0,5,0,0,0,1,0,0,5
ON,3,1320,2007,19,8,0,0,79,66,0,0,0,0,0,0,0,0,0
ON,3,1320,2008,22,15,0,0,89,93,0,0,0,0,0,0,0,0,0
ON,3,1320,2009,11,6,0,1,68,68,0,1,0,0,0,0,0,0,0
ON,3,1320,2010,7,5,0,0,71,84,0,0,0,0,0,0,0,0,0
ON,3,1320,2011,14,12,0,0,91,91,0,1,0,0,0,0,0,0,0
ON,3,1320,2012,10,10,0,0,69,64,0,1,0,0,0,0,0,0,0
ON,3,1320,2013,8,6,0,0,68,67,0,2,0,0,0,0,0,0,0
ON,3,1320,2014,17,5,0,0,93,67,0,1,0,0,0,0,0,0,0
ON,3,1320,2015,9,7,0,0,61,80,0,0,0,0,0,1,0,0,2
ON,3,1320,2016,16,10,0,0,32,46,0,2,0,0,0,0,0,0,0
ON,3,1320,2017,8,9,0,0,27,34,0,1,0,0,0,0,0,0,1
ON,3,1320,2018,18,10,0,0,77,102,0,0,0,0,0,0,0,0,3
ON,3,1320,2019,11,14,0,0,86,106,0,2,0,0,0,0,0,0,1
ON,3,1320,2020,7,6,0,0,59,63,0,0,0,0,0,0,0,0,0
ON,3,1320,2021,7,9,0,0,65,69,0,0,0,0,0,0,0,0,0
ON,3,1320,2022,9,13,0,0,82,89,0,2,0,0,0,0,0,0,0
ON,3,1320,2023,5,5,0,1,47,50,0,0,0,0,0,0,0,0,0
ON,3,1320,2024,7,15,0,0,52,58,0,1,0,0,0,0,0,0,0
ON,3,1321,1976,0,1,0,0,6,7,0,1,0,0,0,0,0,0,10
ON,3,1321,1977,1,3,0,0,8,7,0,0,0,0,0,0,0,0,1
ON,3,1321,1978,2,2,0,0,12,7,0,0,0,0,0,0,0,0,1
ON,3,1321,1979,0,2,0,2,2,1,0,20,0,0,0,0,0,0,3
ON,3,1321,1980,2,2,0,0,2,10,0,2,0,0,0,0,0,0,1
ON,3,1321,1981,0,2,0,0,2,1,0,1,0,0,0,0,0,0,1
ON,3,1321,1982,0,1,0,0,3,0,0,0,0,0,0,0,0,0,0
ON,3,1321,1983,1,1,0,0,6,10,0,0,0,0,0,1,0,0,0
ON,3,1321,1984,0,2,0,0,6,1,0,0,0,0,0,0,0,0,0
ON,3,1321,1985,1,4,0,0,7,11,0,0,0,0,0,0,0,0,0
ON,3,1321,1986,2,2,0,0,9,1,0,0,0,0,0,0,0,0,1
ON,3,1321,1987,1,4,0,0,1,1,0,0,0,0,0,0,0,0,0
ON,3,1321,1988,2,1,0,0,2,5,0,0,0,0,0,0,0,0,0
ON,3,1321,1989,1,2,0,0,8,14,0,0,0,0,0,0,0,0,0
ON,3,1321,1990,1,1,0,0,8,9,0,0,0,0,0,0,0,0,0
ON,3,1321,1991,1,0,0,0,5,9,0,0,0,0,0,0,0,0,0
ON,3,1321,1992,1,2,0,0,4,7,0,0,0,0,0,0,0,0,0
ON,3,1321,1993,1,4,0,0,6,3,0,0,0,0,0,0,0,0,0
ON,3,1321,1994,0,2,0,0,3,3,0,0,0,0,0,0,0,0,0
ON,3,1321,1995,2,0,0,0,2,1,0,0,0,0,0,0,0,0,1
ON,3,1321,1996,0,0,0,0,5,2,0,0,0,0,0,0,0,0,0
ON,3,1321,1997,1,2,0,0,1,3,0,0,0,0,0,0,0,0,0
ON,3,1321,1998,0,0,0,0,4,3,0,0,0,0,0,0,0,0,0
ON,3,1321,1999,0,2,0,0,5,2,0,0,0,0,0,0,0,0,0
ON,3,1321,2000,2,0,0,0,1,1,0,0,0,0,0,0,0,0,0
ON,3,1321,2001,0,0,0,0,2,2,0,1,0,0,0,0,0,0,0
ON,3,1321,2002,1,0,0,0,2,2,0,0,0,0,0,0,0,0,0
ON,3,1321,2003,0,0,0,0,1,0,0,0,0,0,0,0,0,0,0
ON,3,1321,2004,1,0,0,0,1,0,0,0,0,0,0,0,0,0,0
ON,3,1321,2005,1,0,0,0,1,1,0,0,0,0,0,0,0,0,0
ON,3,1321,2006,0,1,0,0,1,2,0,0,0,0,0,0,0,0,0
ON,3,1321,2007,0,0,0,0,2,2,0,0,0,0,0,0,0,0,0
ON,3,1321,2008,0,0,0,0,2,0,0,0,0,0,0,0,0,0,0
ON,3,1321,2009,0,0,0,0,0,1,0,0,0,0,0,0,0,0,1
ON,3,1321,2011,2,0,0,0,0,1,0,0,0,0,0,0,0,0,0
ON,3,1321,2012,0,0,0,0,2,0,0,0,0,0,0,0,0,0,0
ON,3,1321,2013,0,0,0,0,3,0,0,0,0,0,0,0,0,0,0
ON,3,1321,2014,1,0,0,0,1,0,0,0,0,0,0,0,0,0,0
ON,3,1321,2015,0,1,0,0,1,1,0,1,0,0,0,0,0,0,0
ON,3,1321,2016,0,0,0,0,0,1,0,0,0,0,0,0,0,0,0
ON,3,1321,2017,1,1,0,0,2,0,0,0,0,0,0,0,0,0,0
ON,3,1321,2018,1,0,0,0,0,0,0,0,0,0,0,0,0,0,0
ON,3,1321,2019,1,0,0,0,1,2,0,0,0,0,0,0,0,0,0
ON,3,1321,2021,0,1,0,0,2,0,0,0,0,0,0,0,0,0,0
ON,3,1321,2022,0,0,0,0,0,1,0,0,0,0,0,0,0,0,0
ON,3,1321,2023,0,0,0,0,1,0,0,0,0,0,0,0,0,0,0
ON,3,1321,2024,0,0,0,0,1,3,0,0,0,0,0,0,0,0,0
ON,3,1330,1976,8,11,0,0,71,62,0,1,0,0,0,0,3,0,27
ON,3,1330,1977,9,7,0,0,68,50,0,2,0,0,0,0,0,0,39
ON,3,1330,1978,13,15,0,0,96,77,0,2,0,0,0,2,2,0,46
ON,3,1330,1979,20,6,0,0,118,122,0,3,0,0,0,3,2,0,34
ON,3,1330,1980,20,12,0,0,109,104,0,4,0,0,0,0,1,0,37
ON,3,1330,1981,11,10,0,0,76,67,0,1,0,0,0,0,0,0,42
ON,3,1330,1982,10,6,0,0,19,23,0,0,0,0,0,0,1,0,13
ON,3,1330,1983,18,13,0,0,84,70,0,5,0,0,0,0,0,0,3
ON,3,1330,1984,8,6,0,0,53,48,0,4,0,0,0,0,0,0,1
ON,3,1330,1985,13,8,0,0,91,77,0,3,0,0,0,1,0,0,2
ON,3,1330,1986,17,15,0,0,69,56,0,2,0,0,0,0,2,0,3
ON,3,1330,1987,15,4,0,1,61,44,0,0,0,0,0,0,0,0,0
ON,3,1330,1988,18,9,0,0,35,55,0,2,0,0,0,0,0,0,0
ON,3,1330,1989,21,18,0,0,61,49,0,1,0,0,0,0,1,0,3
ON,3,1330,1990,26,14,0,0,45,46,0,1,0,0,0,0,1,0,2
ON,3,1330,1991,17,6,0,1,71,63,0,4,0,0,0,0,1,0,1
ON,3,1330,1992,18,10,0,1,66,43,0,0,0,0,0,0,0,0,4
ON,3,1330,1993,11,8,0,0,34,37,0,1,0,0,0,0,0,0,1
ON,3,1330,1994,2,1,0,0,28,17,0,1,0,0,0,0,0,0,0
ON,3,1330,1995,5,4,0,0,43,39,0,4,0,0,0,0,0,0,1
ON,3,1330,1996,6,3,0,0,23,25,0,0,0,0,0,0,0,0,0
ON,3,1330,1997,4,3,0,0,27,31,0,4,0,0,0,0,0,0,1
ON,3,1330,1998,4,3,0,0,22,22,0,1,0,0,0,0,0,0,0
ON,3,1330,1999,4,3,0,0,25,32,0,2,0,0,0,0,0,0,1
ON,3,1330,2000,9,9,0,0,16,21,0,1,0,0,0,0,0,0,0
ON,3,1330,2001,2,4,0,1,24,15,0,0,0,0,0,0,0,0,0
ON,3,1330,2002,2,4,0,1,20,23,0,0,0,0,0,0,0,0,0
ON,3,1330,2003,1,2,0,1,16,16,0,3,0,0,0,0,0,0,0
ON,3,1330,2004,1,3,0,1,5,15,0,2,0,0,0,0,1,0,1
ON,3,1330,2005,2,3,0,0,9,7,0,1,0,0,0,0,0,0,0
ON,3,1330,2006,0,1,0,0,8,7,0,5,0,0,0,0,0,0,0
ON,3,1330,2007,2,2,0,1,7,6,0,1,0,0,0,0,0,0,0
ON,3,1330,2008,1,0,0,1,12,8,0,2,0,0,0,0,0,0,0
ON,3,1330,2009,2,1,0,0,14,12,0,1,0,0,0,0,0,0,0
ON,3,1330,2010,1,3,0,0,16,14,0,1,0,0,0,0,0,0,0
ON,3,1330,2011,4,3,0,0,10,5,0,0,0,0,0,0,0,0,0
ON,3,1330,2012,3,1,0,0,10,4,0,0,0,0,0,0,0,0,0
ON,3,1330,2013,1,5,0,0,11,14,0,1,0,0,0,0,0,0,0
ON,3,1330,2014,0,4,0,0,6,5,0,0,0,0,0,0,0,0,0
ON,3,1330,2015,2,0,0,0,10,3,0,0,0,0,0,0,0,0,0
ON,3,1330,2016,0,1,0,0,9,11,0,0,0,0,0,0,0,0,0
ON,3,1330,2017,1,1,0,0,6,1,0,0,0,0,0,0,0,0,0
ON,3,1330,2018,0,3,0,0,7,2,0,0,0,0,0,0,0,0,0
ON,3,1330,2019,1,0,0,0,5,4,0,0,0,0,0,0,0,0,0
ON,3,1330,2020,1,1,0,0,5,6,0,0,0,0,0,0,0,0,0
ON,3,1330,2021,1,1,0,0,2,7,0,0,0,0,0,0,0,0,0
ON,3,1330,2022,0,1,0,0,7,9,0,0,0,0,0,0,0,0,0
ON,3,1330,2023,0,3,0,0,7,5,0,0,0,0,0,0,0,0,0
ON,3,1330,2024,2,3,0,0,7,11,0,0,0,0,0,0,0,0,0
ON,3,1350,1976,0,0,0,0,1,3,0,0,0,0,0,0,0,0,0
ON,3,1350,1977,0,0,0,0,2,0,0,0,0,0,0,0,0,0,0
ON,3,1350,1978,0,0,0,0,3,2,0,0,0,0,0,0,0,0,0
ON,3,1350,1979,0,0,0,0,2,2,0,0,0,0,0,0,0,0,0
ON,3,1350,1980,0,0,0,0,3,1,0,0,0,0,0,0,0,0,0
ON,3,1350,1981,0,0,0,0,0,0,0,0,0,0,0,0,0,0,1
ON,3,1350,1982,0,0,0,0,0,1,0,1,0,0,0,0,0,0,1
ON,3,1350,1983,0,2,0,0,2,0,0,0,0,0,0,0,0,0,0
ON,3,1350,1984,0,0,0,0,2,0,0,0,0,0,0,0,0,0,0
ON,3,1350,1985,0,0,0,0,2,1,0,0,0,0,0,0,0,0,0
ON,3,1350,1986,1,0,0,0,0,0,0,0,0,0,0,0,0,0,0
ON,3,1350,1987,0,0,0,0,1,0,0,0,0,0,0,0,0,0,0
ON,3,1350,1988,0,0,0,0,1,1,0,0,0,0,0,0,0,0,0
ON,3,1350,1989,0,2,0,0,1,3,0,0,0,0,0,0,0,0,0
ON,3,1350,1990,1,1,0,0,3,1,0,0,0,0,0,0,0,0,0
ON,3,1350,1991,0,0,0,0,1,0,0,0,0,0,0,0,0,0,0
ON,3,1350,1992,1,0,0,0,1,1,0,0,0,0,0,1,0,0,0
ON,3,1350,1993,0,0,0,0,2,1,0,0,0,0,0,0,0,0,0
ON,3,1350,1994,0,0,0,0,2,0,0,0,0,0,0,0,0,0,0
ON,3,1350,1997,0,0,0,0,1,0,0,0,0,0,0,0,0,0,0
ON,3,1350,2001,0,0,0,0,0,2,0,0,0,0,0,0,0,0,0
ON,3,1350,2002,0,1,0,0,0,0,0,0,0,0,0,0,0,0,0
ON,3,1350,2003,0,0,0,0,0,1,0,0,0,0,0,0,0,0,0
ON,3,1350,2005,0,0,0,0,1,2,0,0,0,0,0,0,0,0,0
ON,3,1350,2008,0,0,0,0,1,0,0,0,0,0,0,0,0,0,0
ON,3,1350,2012,0,0,0,0,0,1,0,0,0,0,0,0,0,0,0
ON,3,1350,2013,0,0,0,0,0,2,0,0,0,0,0,0,0,0,0
ON,3,1350,2016,2,0,0,0,0,1,0,0,0,0,0,0,0,0,0
ON,3,1350,2017,1,0,0,0,1,3,0,0,0,0,0,0,0,0,0
ON,3,1350,2018,0,0,0,0,0,1,0,0,0,0,0,0,0,0,0
ON,3,1350,2019,0,0,0,0,0,1,0,0,0,0,0,0,0,0,0
ON,3,1350,2020,0,1,0,0,0,1,0,0,0,0,0,0,0,0,0
ON,3,1350,2021,1,1,0,0,0,0,0,0,0,0,0,0,0,0,0
ON,3,1350,2022,0,1,0,0,0,0,0,0,0,0,0,0,0,0,0
ON,3,1350,2023,0,1,0,0,1,1,0,0,0,0,0,0,0,0,0
ON,3,1350,2024,0,0,0,0,0,1,0,0,0,0,0,0,0,0,0
ON,3,1370,1976,0,2,0,0,11,15,0,0,0,0,0,0,0,0,7
ON,3,1370,1977,1,0,0,0,9,4,0,0,0,0,0,0,0,0,1
ON,3,1370,1978,1,4,0,0,11,25,0,0,0,0,0,0,0,0,5
ON,3,1370,1979,3,3,0,0,20,24,0,0,0,0,0,0,1,0,7
ON,3,1370,1980,1,3,0,0,15,6,0,0,0,0,0,0,0,0,6
ON,3,1370,1981,1,3,0,0,9,9,0,0,0,0,0,0,0,0,2
ON,3,1370,1982,1,0,0,0,0,1,0,0,0,0,0,0,0,0,0
ON,3,1370,1983,1,4,0,0,19,20,0,0,0,0,0,0,0,0,0
ON,3,1370,1984,1,0,0,0,6,5,0,0,0,0,0,0,0,0,0
ON,3,1370,1985,0,1,0,0,20,14,0,0,0,0,0,0,0,0,3
ON,3,1370,1986,3,5,0,0,9,9,0,0,0,0,0,0,0,0,0
ON,3,1370,1987,2,1,0,0,4,10,0,0,0,0,0,0,0,0,0
ON,3,1370,1988,1,2,0,0,6,2,0,0,0,0,0,0,0,0,0
ON,3,1370,1989,3,5,0,0,3,25,0,0,0,0,0,0,0,0,0
ON,3,1370,1990,1,1,0,0,9,10,0,0,0,0,0,0,0,0,0
ON,3,1370,1991,2,0,0,0,6,5,0,0,0,0,0,0,0,0,0
ON,3,1370,1992,4,3,0,0,17,6,0,0,0,0,0,0,0,0,0
ON,3,1370,1993,1,0,0,0,7,4,0,0,0,0,0,0,0,0,1
ON,3,1370,1994,3,1,0,0,3,5,0,0,0,0,0,0,0,0,0
ON,3,1370,1995,2,0,0,0,4,7,0,0,0,0,0,0,0,0,0
ON,3,1370,1996,0,0,0,0,7,5,0,0,0,0,0,0,0,0,0
ON,3,1370,1997,2,1,0,0,8,5,0,1,0,0,0,0,0,0,0
ON,3,1370,1998,0,1,0,0,4,5,0,0,0,0,0,0,0,0,0
ON,3,1370,1999,1,0,0,0,6,4,0,0,0,0,0,0,0,0,0
ON,3,1370,2000,1,1,0,0,3,3,0,0,0,0,0,0,0,0,0
ON,3,1370,2001,1,1,0,0,2,4,0,0,0,0,0,0,0,0,0
ON,3,1370,2002,0,1,0,0,12,4,0,0,0,0,0,0,0,0,0
ON,3,1370,2003,0,1,0,0,5,5,0,0,0,0,0,0,0,0,1
ON,3,1370,2004,1,0,0,0,3,1,0,0,0,0,0,0,0,0,0
ON,3,1370,2005,0,0,0,0,6,3,0,0,0,0,0,0,0,0,0
ON,3,1370,2006,0,0,0,0,4,1,0,0,0,0,0,0,0,0,0
ON,3,1370,2007,0,1,0,0,4,4,0,0,0,0,0,0,0,0,0
ON,3,1370,2008,1,0,0,0,5,4,0,0,0,0,0,0,0,0,0
ON,3,1370,2009,0,1,0,0,1,1,0,0,0,0,0,0,0,0,0
ON,3,1370,2010,0,0,0,0,6,3,0,0,0,0,0,0,0,0,0
ON,3,1370,2011,0,2,0,0,7,3,0,0,0,0,0,0,0,0,0
ON,3,1370,2012,0,0,0,0,2,1,0,0,0,0,0,0,0,0,0
ON,3,1370,2013,0,2,0,0,5,3,0,0,0,0,0,0,0,0,0
ON,3,1370,2014,0,1,0,0,2,0,0,0,0,0,0,0,0,0,0
ON,3,1370,2015,0,0,0,0,5,5,0,0,0,0,0,0,0,0,0
ON,3,1370,2016,2,1,0,0,4,1,0,0,0,0,0,0,0,0,0
ON,3,1370,2017,0,0,0,0,1,3,0,0,0,0,0,0,0,0,0
ON,3,1370,2018,2,0,0,0,3,2,0,0,0,0,0,0,0,0,0
ON,3,1370,2019,1,2,0,0,4,5,0,0,0,0,0,0,0,0,0
ON,3,1370,2020,0,2,0,0,6,2,0,0,0,0,0,0,0,0,0
ON,3,1370,2021,0,2,0,0,3,1,0,0,0,0,0,0,0,0,0
ON,3,1370,2022,3,1,0,0,2,3,0,0,0,0,0,0,0,0,0
ON,3,1370,2023,0,0,0,0,1,2,0,0,0,0,0,0,0,0,0
ON,3,1370,2024,0,1,0,0,4,3,0,0,0,0,0,0,0,0,0
ON,3,1390,1976,4,0,0,0,47,36,0,1,0,0,0,0,0,0,22
ON,3,1390,1977,2,0,0,0,14,15,0,1,0,0,0,0,0,0,14
ON,3,1390,1978,1,0,0,0,13,18,0,3,0,0,0,0,0,0,22
ON,3,1390,1979,2,0,0,1,31,22,0,1,0,0,0,0,0,0,13
ON,3,1390,1980,4,0,0,0,61,35,0,3,0,0,0,1,0,0,17
ON,3,1390,1981,4,0,0,0,20,27,0,1,0,0,0,2,1,0,19
ON,3,1390,1982,1,1,0,0,2,5,0,0,0,0,0,2,0,0,3
ON,3,1390,1983,4,0,0,0,35,19,0,1,0,0,0,0,2,0,3
ON,3,1390,1984,2,1,0,0,23,17,0,0,0,0,0,1,1,0,3
ON,3,1390,1985,4,0,0,0,20,21,0,1,0,0,0,0,0,0,0
ON,3,1390,1986,4,1,0,0,26,30,0,2,0,0,0,1,1,0,0
ON,3,1390,1987,5,3,0,0,17,19,0,0,0,0,0,0,2,0,1
ON,3,1390,1988,2,3,0,0,20,36,0,1,0,0,0,0,3,0,0
ON,3,1390,1989,8,0,0,0,33,43,0,0,0,0,0,0,1,0,0
ON,3,1390,1990,5,5,0,0,35,27,0,0,0,0,0,1,0,0,0
ON,3,1390,1991,3,3,0,0,17,7,0,1,0,0,0,0,1,0,0
ON,3,1390,1992,4,3,0,0,27,27,0,1,0,0,0,0,0,0,2
ON,3,1390,1993,2,1,0,0,24,28,0,1,0,0,0,0,0,0,0
ON,3,1390,1994,0,1,0,0,12,16,0,0,0,0,0,1,1,0,1
ON,3,1390,1995,2,1,0,0,25,16,0,2,0,0,0,0,0,0,0
ON,3,1390,1996,0,0,0,0,12,12,0,1,0,0,0,1,0,0,0
ON,3,1390,1997,1,2,0,0,33,17,0,1,0,0,0,2,1,0,10
ON,3,1390,1998,2,1,0,0,23,24,0,0,0,0,0,0,0,0,2
ON,3,1390,1999,2,2,0,0,27,23,0,0,0,0,0,0,0,0,0
ON,3,1390,2000,1,0,0,0,4,10,0,0,0,0,0,0,0,0,0
ON,3,1390,2001,0,0,0,0,10,10,0,0,0,0,0,0,0,0,0
ON,3,1390,2002,1,1,0,0,28,32,0,1,0,0,0,0,0,0,0
ON,3,1390,2003,2,3,0,0,24,33,0,1,0,0,0,0,0,0,0
ON,3,1390,2004,0,0,0,0,1,1,0,0,0,0,0,0,0,0,0
ON,3,1390,2005,0,0,0,0,4,2,0,0,0,0,0,0,0,0,0
ON,3,1390,2006,0,0,0,0,15,5,0,0,0,0,0,0,0,0,1
ON,3,1390,2007,4,1,0,0,7,22,0,0,0,0,0,0,0,0,1
ON,3,1390,2008,3,0,0,0,13,3,0,0,0,0,0,0,0,0,0
ON,3,1390,2009,1,2,0,0,13,15,0,0,0,0,0,0,0,0,0
ON,3,1390,2010,0,1,0,0,18,17,0,0,0,0,0,0,0,0,0
ON,3,1390,2011,0,0,0,0,8,12,0,0,0,0,0,0,0,0,0
ON,3,1390,2012,0,0,0,0,11,8,0,0,0,0,0,0,0,0,0
ON,3,1390,2013,2,1,0,0,10,7,0,0,0,0,0,0,0,0,0
ON,3,1390,2014,1,0,0,0,11,5,0,0,0,0,0,0,0,0,0
ON,3,1390,2015,3,0,0,0,17,10,0,0,0,0,0,0,0,0,0
ON,3,1390,2016,1,2,0,0,4,5,0,0,0,0,0,0,0,0,0
ON,3,1390,2017,1,2,0,0,6,11,0,1,0,0,0,0,0,0,0
ON,3,1390,2018,0,0,0,0,10,9,0,1,0,1,0,0,0,0,0
ON,3,1390,2019,2,2,0,0,6,5,0,0,0,0,0,0,0,0,0
ON,3,1390,2020,1,0,0,0,11,13,0,0,0,0,0,0,0,0,0
ON,3,1390,2021,2,0,0,0,5,9,0,1,0,0,0,0,0,0,0
ON,3,1390,2022,2,0,0,0,20,13,0,0,0,0,0,0,0,0,0
ON,3,1390,2023,0,2,0,0,11,4,0,1,0,0,0,0,0,0,0
ON,3,1390,2024,2,1,0,0,4,10,0,1,0,0,0,0,0,0,0
ON,3,1400,1976,5,3,0,0,51,52,0,0,0,0,0,8,6,0,23
ON,3,1400,1977,5,1,0,0,12,12,0,0,0,0,0,1,1,0,9
ON,3,1400,1978,6,3,0,0,34,32,0,0,0,0,0,3,3,0,6
ON,3,1400,1979,3,5,0,0,29,33,0,0,0,0,0,1,1,0,16
ON,3,1400,1980,13,2,0,0,29,28,0,0,0,0,0,3,3,0,6
ON,3,1400,1981,5,1,0,0,15,20,0,0,0,0,0,1,0,0,16
ON,3,1400,1982,0,0,0,0,3,3,0,0,0,0,0,1,0,0,3
ON,3,1400,1983,13,6,0,0,28,35,0,0,0,0,0,2,1,0,0
ON,3,1400,1984,2,0,0,0,10,13,0,0,0,0,0,0,0,0,0
ON,3,1400,1985,5,0,0,0,20,13,0,0,0,0,0,1,2,0,0
ON,3,1400,1986,2,3,0,0,23,14,0,0,0,0,0,0,1,0,1
ON,3,1400,1987,3,0,0,0,16,6,0,0,0,0,0,1,0,0,1
ON,3,1400,1988,4,0,0,0,13,8,0,0,0,0,0,0,1,0,0
ON,3,1400,1989,8,4,0,0,19,20,0,0,0,0,0,3,0,0,0
ON,3,1400,1990,9,3,0,0,16,22,0,0,0,0,0,0,2,0,0
ON,3,1400,1991,5,1,0,0,19,16,0,0,0,0,0,1,0,0,1
ON,3,1400,1992,5,4,0,0,19,12,0,0,0,0,0,0,2,0,0
ON,3,1400,1993,2,0,0,0,9,13,0,0,0,0,0,0,1,0,0
ON,3,1400,1994,2,0,0,0,6,7,0,0,0,0,0,1,0,0,0
ON,3,1400,1995,4,0,0,0,13,8,0,0,0,0,0,0,0,0,0
ON,3,1400,1996,2,0,0,0,17,9,0,0,0,0,0,0,0,0,0
ON,3,1400,1997,0,1,0,0,14,8,0,0,0,0,0,0,1,0,0
ON,3,1400,1998,5,0,0,0,14,4,0,1,0,0,0,0,1,0,0
ON,3,1400,1999,1,1,0,0,15,19,0,0,0,0,0,0,0,0,0
ON,3,1400,2000,1,3,0,0,11,9,0,0,0,0,0,0,0,0,1
ON,3,1400,2001,4,2,0,0,18,31,0,0,0,0,0,0,1,0,0
ON,3,1400,2002,3,3,0,0,13,9,0,0,0,0,0,0,0,0,0
ON,3,1400,2003,0,1,0,0,9,10,0,0,0,0,0,0,0,0,0
ON,3,1400,2004,2,0,0,0,1,2,0,0,0,0,0,0,0,0,0
ON,3,1400,2005,0,3,0,0,5,4,0,0,0,0,0,0,0,0,0
ON,3,1400,2006,8,9,0,0,14,13,0,0,0,0,0,0,1,0,0
ON,3,1400,2007,1,1,0,0,6,11,0,0,0,0,0,0,0,0,0
ON,3,1400,2008,2,1,0,1,8,8,0,0,0,0,0,0,0,0,0
ON,3,1400,2009,2,2,0,0,15,13,0,0,0,0,0,0,0,0,0
ON,3,1400,2010,0,1,0,0,6,5,0,0,0,0,0,0,0,0,0
ON,3,1400,2011,0,2,0,0,10,10,0,0,0,0,0,0,0,0,0
ON,3,1400,2012,1,3,0,0,11,18,0,0,0,0,0,0,0,0,0
ON,3,1400,2013,1,1,0,0,1,4,0,0,0,0,0,0,0,0,0
ON,3,1400,2014,3,2,0,0,3,4,0,0,0,0,0,0,0,0,0
ON,3,1400,2015,0,1,0,0,10,4,0,0,0,0,0,0,0,0,0
ON,3,1400,2016,1,0,0,0,0,3,0,0,0,0,0,0,0,0,0
ON,3,1400,2017,0,1,0,0,0,0,0,0,0,0,0,0,0,0,0
ON,3,1400,2018,1,0,0,0,6,1,0,0,0,0,0,0,0,0,0
ON,3,1400,2019,0,0,0,0,2,1,0,0,0,0,0,0,0,0,0
ON,3,1400,2020,1,3,0,0,26,20,0,0,0,0,0,2,0,0,0
ON,3,1400,2021,4,3,0,0,11,11,0,0,0,0,0,0,0,0,0
ON,3,1400,2022,2,1,0,0,12,21,0,0,0,0,0,0,0,0,0
ON,3,1400,2023,0,2,0,0,4,5,0,0,0,0,0,0,0,0,0
ON,3,1400,2024,2,4,0,0,7,8,0,0,0,0,0,0,0,0,0
ON,3,1420,1976,0,0,0,0,0,1,0,0,0,0,0,0,0,0,1
ON,3,1420,1977,0,0,0,0,0,0,0,0,0,0,0,0,0,0,1
ON,3,1420,1979,0,0,0,0,1,2,0,0,0,0,0,0,0,0,1
ON,3,1420,1980,0,0,0,0,2,2,0,0,0,0,0,0,0,0,0
ON,3,1420,1981,0,1,0,0,2,2,0,0,0,0,0,0,0,0,0
ON,3,1420,1984,0,0,0,0,1,0,0,0,0,0,0,0,0,0,0
ON,3,1420,1985,0,0,0,0,1,1,0,0,0,0,0,0,0,0,0
ON,3,1420,1986,0,0,0,0,0,1,0,0,0,0,0,0,0,0,0
ON,3,1420,1987,0,0,0,0,1,2,0,0,0,0,0,0,0,0,0
ON,3,1420,1988,0,0,0,0,2,1,0,0,0,0,0,0,0,0,0
ON,3,1420,1989,0,0,0,0,3,0,0,0,0,0,0,0,0,0,0
ON,3,1420,1990,1,0,0,0,0,0,0,0,0,0,0,0,0,0,0
ON,3,1420,1993,0,0,0,0,0,2,0,0,0,0,0,0,0,0,0
ON,3,1420,1994,0,0,0,0,1,1,0,0,0,0,0,0,0,0,0
ON,3,1420,1995,0,0,0,0,0,1,0,0,0,0,0,0,0,0,0
ON,3,1420,1996,0,0,0,0,2,0,0,0,0,0,0,0,0,0,0
ON,3,1420,1998,1,0,0,0,2,1,0,0,0,0,0,0,0,0,0
ON,3,1420,1999,0,0,0,0,0,1,0,0,0,0,0,0,0,0,0
ON,3,1420,2000,0,0,0,0,2,0,0,0,0,0,0,0,0,0,0
ON,3,1420,2002,0,0,0,0,6,1,0,0,0,0,0,0,0,0,0
ON,3,1420,2003,0,2,0,0,1,0,0,0,0,0,0,0,0,0,0
ON,3,1420,2004,0,0,0,0,0,1,0,0,0,0,0,0,0,0,0
ON,3,1420,2005,0,0,0,0,0,1,0,0,0,0,0,0,0,0,0
ON,3,1420,2006,0,0,0,0,0,1,0,0,0,0,0,0,0,0,0
ON,3,1420,2007,0,0,0,0,3,1,0,0,0,0,0,0,0,0,0
ON,3,1420,2009,0,0,0,0,0,1,0,0,0,0,0,0,0,0,0
ON,3,1420,2010,1,0,0,0,2,0,0,0,0,0,0,0,0,0,0
ON,3,1420,2012,0,0,0,0,1,2,0,0,0,0,0,0,0,0,0
ON,3,1420,2013,0,0,0,0,2,0,0,0,0,0,0,0,0,0,0
ON,3,1420,2014,0,1,0,0,0,1,0,0,0,0,0,0,0,0,0
ON,3,1420,2015,0,0,0,0,0,1,0,0,0,0,0,0,0,0,0
ON,3,1420,2016,0,2,0,0,1,0,0,0,0,0,0,0,0,0,0
ON,3,1420,2017,0,0,0,0,0,1,0,0,0,0,0,0,0,0,0
ON,3,1420,2020,2,0,0,0,0,2,0,0,0,0,0,0,0,0,0
ON,3,1420,2021,0,0,0,0,2,3,0,0,0,0,0,0,0,0,0
ON,3,1420,2022,0,0,0,0,0,1,0,0,0,0,0,0,0,0,0
ON,3,1430,1976,1,2,0,0,9,16,0,0,0,0,0,0,3,0,8
ON,3,1430,1977,0,1,0,0,5,7,0,0,0,0,0,1,0,0,3
ON,3,1430,1978,0,0,0,0,10,14,0,0,0,0,0,0,0,0,8
ON,3,1430,1979,0,1,0,0,9,8,0,0,0,0,0,0,0,0,6
ON,3,1430,1980,1,0,0,0,9,7,0,0,0,0,0,0,0,0,12
ON,3,1430,1981,1,0,0,0,13,12,0,0,0,0,0,2,0,0,4
ON,3,1430,1982,0,0,0,0,4,3,0,0,0,0,0,0,0,0,1
ON,3,1430,1983,1,2,0,0,16,20,0,0,0,0,0,0,0,0,0
ON,3,1430,1984,1,1,0,0,14,9,0,0,0,0,0,0,0,0,0
ON,3,1430,1985,2,7,0,0,11,16,0,0,0,0,0,0,0,0,0
ON,3,1430,1986,2,3,0,0,7,8,0,0,0,0,0,0,0,0,0
ON,3,1430,1987,0,0,0,0,5,1,0,0,0,0,0,0,0,0,0
ON,3,1430,1988,0,1,0,0,5,8,0,0,0,0,0,0,0,0,0
ON,3,1430,1989,0,1,0,0,11,14,0,0,0,0,0,0,0,0,0
ON,3,1430,1990,2,1,0,0,8,5,0,0,0,0,0,0,0,0,0
ON,3,1430,1991,0,3,0,0,3,5,0,0,0,0,0,0,0,0,0
ON,3,1430,1992,1,0,0,0,6,4,0,0,0,0,0,0,0,0,1
ON,3,1430,1993,3,1,0,0,3,3,0,0,0,0,0,0,0,0,0
ON,3,1430,1994,0,0,0,0,3,1,0,0,0,0,0,0,0,0,0
ON,3,1430,1995,0,0,0,0,2,0,0,0,0,0,0,0,0,0,0
ON,3,1430,1996,0,0,0,0,3,1,0,0,0,0,0,0,0,0,0
ON,3,1430,1997,0,0,0,0,5,4,0,0,0,0,0,0,0,0,0
ON,3,1430,1998,1,0,0,0,5,2,0,0,0,0,0,0,0,0,0
ON,3,1430,1999,0,0,0,0,3,6,0,0,0,0,0,0,0,0,0
ON,3,1430,2000,0,0,0,0,4,4,0,0,0,0,0,0,0,0,0
ON,3,1430,2002,1,1,0,0,13,15,0,0,0,0,0,0,0,0,0
ON,3,1430,2003,1,1,0,0,12,8,0,0,0,0,0,0,0,0,0
ON,3,1430,2004,1,1,0,0,3,1,0,0,0,0,0,0,0,0,0
ON,3,1430,2005,0,0,0,0,3,1,0,0,0,0,0,0,0,0,0
ON,3,1430,2006,0,0,0,0,1,0,0,0,0,0,0,0,0,0,0
ON,3,1430,2007,0,1,0,0,5,9,0,0,0,0,0,0,0,0,0
ON,3,1430,2008,0,0,0,0,7,2,0,0,0,0,0,0,0,0,0
ON,3,1430,2009,1,0,0,0,2,7,0,0,0,0,0,0,0,0,0
ON,3,1430,2010,0,0,0,0,2,13,0,0,0,0,0,0,0,0,0
ON,3,1430,2011,1,0,0,0,1,1,0,0,0,0,0,0,0,0,0
ON,3,1430,2012,0,0,0,0,2,1,0,0,0,0,0,0,0,0,0
ON,3,1430,2013,0,0,0,0,7,3,0,0,0,0,0,0,0,0,0
ON,3,1430,2014,0,1,0,0,2,0,0,0,0,0,0,0,0,0,0
ON,3,1430,2015,0,1,0,0,3,4,0,0,0,0,0,0,0,0,0
ON,3,1430,2016,0,2,0,0,5,1,0,0,0,0,0,0,0,0,0
ON,3,1430,2017,0,1,0,0,0,2,0,0,0,0,0,0,0,0,0
ON,3,1430,2018,4,3,0,0,7,2,0,0,0,0,0,0,0,0,0
ON,3,1430,2019,3,0,0,0,6,8,0,0,0,0,0,0,0,0,0
ON,3,1430,2020,0,0,0,0,1,7,0,0,0,0,0,0,0,0,0
ON,3,1430,2021,0,0,0,0,9,8,0,0,0,0,0,0,0,0,0
ON,3,1430,2022,1,0,0,0,1,3,0,0,0,0,0,0,0,0,0
ON,3,1430,2023,0,1,0,0,4,6,0,1,0,0,0,0,0,0,0
ON,3,1430,2024,0,0,0,0,0,1,0,0,0,0,0,0,0,0,0
ON,3,1440,1976,8,26,0,0,13,13,0,0,0,0,0,0,3,0,13
ON,3,1440,1977,7,15,0,0,17,26,0,0,0,0,0,0,2,0,16
ON,3,1440,1978,4,21,0,1,20,21,0,0,0,0,0,0,0,0,12
ON,3,1440,1979,14,42,0,0,30,34,0,0,0,0,0,1,5,0,6
ON,3,1440,1980,4,21,0,0,24,25,0,0,0,0,0,2,1,0,9
ON,3,1440,1981,7,40,0,0,25,25,0,0,0,0,0,0,2,0,23
ON,3,1440,1982,2,3,0,0,2,4,0,0,0,0,0,0,0,0,6
ON,3,1440,1983,6,37,0,0,21,48,0,0,0,0,0,3,6,0,0
ON,3,1440,1984,8,14,0,0,21,20,0,0,0,0,0,0,3,0,0
ON,3,1440,1985,9,29,0,0,27,35,0,0,0,0,0,4,5,0,0
ON,3,1440,1986,11,32,0,0,33,34,0,0,0,0,0,0,0,0,1
ON,3,1440,1987,8,18,0,0,13,16,0,0,0,0,0,0,1,0,0
ON,3,1440,1988,2,16,0,0,16,21,0,0,0,0,0,1,1,0,0
ON,3,1440,1989,10,43,0,0,18,36,0,0,0,0,0,0,0,0,0
ON,3,1440,1990,7,58,0,0,18,31,0,0,0,0,0,1,0,0,0
ON,3,1440,1991,9,46,0,0,18,40,0,1,0,0,0,1,1,0,1
ON,3,1440,1992,11,55,0,0,14,37,0,0,0,0,0,0,1,0,3
ON,3,1440,1993,17,53,0,0,31,40,0,1,0,0,0,2,2,0,2
ON,3,1440,1994,5,43,0,0,8,23,0,0,0,0,0,0,0,0,0
ON,3,1440,1995,10,44,0,0,20,24,0,0,0,0,0,0,1,0,0
ON,3,1440,1996,4,38,0,0,8,23,0,0,0,0,0,0,0,0,0
ON,3,1440,1997,4,25,0,0,9,25,0,0,0,0,0,0,2,0,0
ON,3,1440,1998,8,31,0,0,16,32,0,0,0,0,0,1,0,0,0
ON,3,1440,1999,5,20,0,0,8,19,0,0,0,0,0,0,0,0,0
ON,3,1440,2000,3,23,0,0,15,27,0,0,0,0,0,0,0,0,0
ON,3,1440,2001,4,26,0,0,12,16,0,0,0,0,0,0,0,0,0
ON,3,1440,2002,3,20,0,0,8,17,0,0,0,0,0,0,1,0,0
ON,3,1440,2003,0,16,0,0,9,14,0,0,0,0,0,1,0,0,1
ON,3,1440,2004,1,9,0,0,3,6,0,0,0,0,0,0,3,0,0
ON,3,1440,2005,4,14,0,0,9,12,0,0,0,0,0,0,1,0,0
ON,3,1440,2006,3,32,0,0,10,24,0,0,0,0,0,1,1,0,0
ON,3,1440,2007,4,17,0,0,7,14,0,0,0,0,0,0,0,0,0
ON,3,1440,2008,1,22,0,0,8,15,0,0,0,0,0,0,0,0,0
ON,3,1440,2009,4,17,0,0,4,13,0,0,0,0,0,0,0,0,2
ON,3,1440,2010,1,21,0,0,7,13,0,0,0,0,0,0,0,0,0
ON,3,1440,2011,2,21,0,0,9,11,0,0,0,0,0,0,0,0,0
ON,3,1440,2012,5,13,0,0,13,19,0,0,0,0,0,0,0,0,0
ON,3,1440,2013,2,12,0,0,1,15,0,0,0,0,0,0,0,0,0
ON,3,1440,2014,2,13,0,0,2,10,0,0,0,0,0,0,0,0,0
ON,3,1440,2015,2,10,0,0,16,11,0,0,0,0,0,0,1,0,0
ON,3,1440,2016,1,11,0,0,7,10,0,0,0,0,0,0,2,0,0
ON,3,1440,2017,1,11,0,0,7,8,0,1,0,0,0,0,0,0,2
ON,3,1440,2018,1,16,0,0,10,16,0,0,0,0,0,0,4,0,0
ON,3,1440,2019,0,9,0,0,14,31,0,0,0,0,0,0,1,0,0
ON,3,1440,2020,1,2,0,0,5,12,0,0,0,0,0,0,1,0,0
ON,3,1440,2021,1,17,0,0,7,13,0,0,0,0,0,1,2,0,0
ON,3,1440,2022,3,15,0,0,5,22,0,0,0,0,0,0,0,0,0
ON,3,1440,2023,3,12,0,0,10,14,0,0,0,0,0,0,1,0,0
ON,3,1440,2024,2,11,0,0,12,10,0,0,0,0,0,0,0,0,0
ON,3,1460,1976,1,1,0,0,4,5,0,0,0,0,0,0,0,0,2
ON,3,1460,1977,1,1,0,0,0,1,0,0,0,0,0,0,0,0,1
ON,3,1460,1978,0,0,0,0,2,9,0,0,0,0,0,0,0,0,0
ON,3,1460,1979,1,0,0,0,9,7,0,0,0,0,0,0,0,0,2
ON,3,1460,1980,1,0,0,0,1,2,0,0,0,0,0,0,0,0,9
ON,3,1460,1981,1,1,0,0,4,3,0,0,0,0,0,0,0,0,0
ON,3,1460,1983,1,3,0,0,13,12,0,0,0,0,0,0,0,0,0
ON,3,1460,1984,1,3,0,0,2,4,0,0,0,0,0,0,0,0,0
ON,3,1460,1985,0,2,0,0,6,2,0,0,0,0,0,0,0,0,0
ON,3,1460,1986,0,1,0,0,3,8,0,0,0,0,0,0,0,0,0
ON,3,1460,1987,1,1,0,0,1,4,0,0,0,0,0,0,0,0,0
ON,3,1460,1989,1,0,0,0,0,1,0,0,0,0,0,0,0,0,0
ON,3,1460,1990,0,0,0,0,1,2,0,0,0,0,0,0,0,0,0
ON,3,1460,1991,0,1,0,0,4,3,0,0,0,0,0,0,0,0,0
ON,3,1460,1992,0,0,0,0,2,1,0,0,0,0,0,0,0,0,0
ON,3,1460,1993,0,0,0,0,0,2,0,0,0,0,0,0,0,0,0
ON,3,1460,1994,0,0,0,0,0,1,0,0,0,0,0,0,0,0,0
ON,3,1460,1995,0,1,0,0,1,2,0,0,0,0,0,0,0,0,0
ON,3,1460,1996,1,1,0,0,1,1,0,0,0,0,0,0,0,0,0
ON,3,1460,1997,1,0,0,0,0,1,0,0,0,0,0,0,0,0,1
ON,3,1460,1998,1,1,0,0,3,0,0,0,0,0,0,0,0,0,0
ON,3,1460,2000,0,0,0,0,1,0,0,0,0,0,0,0,0,0,0
ON,3,1460,2001,0,0,0,0,3,1,0,0,0,0,0,0,0,0,0
ON,3,1460,2003,0,0,0,0,2,2,0,0,0,0,0,0,0,0,0
ON,3,1460,2005,1,0,0,0,1,5,0,0,0,0,0,0,0,0,0
ON,3,1460,2006,0,0,0,0,2,3,0,0,0,0,0,0,0,0,0
ON,3,1460,2007,0,4,0,0,3,5,0,0,0,0,0,0,0,0,0
ON,3,1460,2008,0,2,0,0,2,4,0,0,0,0,0,0,0,0,0
ON,3,1460,2009,0,0,0,0,4,4,0,0,0,0,0,0,0,0,0
ON,3,1460,2010,0,0,0,0,1,7,0,0,0,0,0,0,0,0,0
ON,3,1460,2011,0,4,0,0,1,3,0,0,0,0,0,0,0,0,0
ON,3,1460,2012,1,1,0,0,5,8,0,0,0,0,0,0,0,0,0
ON,3,1460,2013,0,0,0,0,1,1,0,0,0,0,0,0,0,0,0
ON,3,1460,2014,1,0,0,0,4,9,0,0,0,0,0,0,0,0,0
ON,3,1460,2015,2,1,0,0,3,5,0,0,0,0,0,0,0,0,0
ON,3,1460,2016,0,2,0,0,2,2,0,0,0,0,0,0,0,0,0
ON,3,1460,2017,0,0,0,0,5,2,0,0,0,0,0,0,0,0,0
ON,3,1460,2019,1,1,0,0,3,8,0,0,0,0,0,0,0,0,0
ON,3,1460,2020,0,1,0,0,0,0,0,0,0,0,0,0,0,0,0
ON,3,1460,2021,1,1,0,0,0,2,0,0,0,0,0,0,0,0,0
ON,3,1460,2022,0,1,0,0,2,3,0,0,0,0,0,0,0,0,0
ON,3,1460,2023,0,0,0,0,5,3,0,0,0,0,0,0,0,0,0
ON,3,1460,2024,0,1,0,0,0,2,0,0,0,0,0,0,0,0,0
ON,3,1470,1976,0,0,0,0,3,3,0,0,0,0,0,0,0,0,1
ON,3,1470,1977,2,0,0,0,0,0,0,0,0,0,0,0,0,0,0
ON,3,1470,1978,0,4,0,0,0,2,0,0,0,0,0,0,0,0,2
ON,3,1470,1979,1,2,0,0,3,1,0,0,0,0,0,0,0,0,0
ON,3,1470,1980,0,0,0,0,4,0,0,0,0,0,0,0,0,0,1
ON,3,1470,1981,1,3,0,0,0,4,0,0,0,0,0,0,0,0,2
ON,3,1470,1982,0,0,0,0,0,0,0,0,0,0,0,1,0,0,0
ON,3,1470,1983,0,0,0,0,1,1,0,0,0,0,0,0,0,0,0
ON,3,1470,1984,1,2,0,0,0,0,0,0,0,0,0,0,0,0,0
ON,3,1470,1985,1,2,0,0,0,1,0,0,0,0,0,0,0,0,1
ON,3,1470,1986,0,3,0,0,0,0,0,0,0,0,0,0,0,0,0
ON,3,1470,1987,0,0,0,0,1,0,0,0,0,0,0,0,0,0,0
ON,3,1470,1989,0,2,0,0,0,0,0,0,0,0,0,0,0,0,0
ON,3,1470,1990,0,2,0,0,1,1,0,0,0,0,0,0,0,0,0
ON,3,1470,1991,0,1,0,0,0,0,0,0,0,0,0,0,0,0,0
ON,3,1470,1993,0,0,0,0,0,1,0,0,0,0,0,0,0,0,0
ON,3,1470,1997,0,1,0,0,0,2,0,0,0,0,0,0,0,0,0
ON,3,1470,1999,0,0,0,0,1,1,0,0,0,0,0,0,0,0,0
ON,3,1470,2000,0,0,0,0,1,0,0,0,0,0,0,0,0,0,0
ON,3,1470,2002,0,0,0,0,1,0,0,0,0,0,0,0,0,0,0
ON,3,1470,2003,0,1,0,0,0,0,0,0,0,0,0,0,0,0,0
ON,3,1470,2007,0,1,0,0,0,0,0,0,0,0,0,0,0,0,0
ON,3,1470,2008,0,0,0,0,0,1,0,0,0,0,0,0,0,0,0
ON,3,1470,2009,0,0,0,0,0,1,0,0,0,0,0,0,0,0,0
ON,3,1470,2010,0,0,0,0,0,2,0,0,0,0,0,0,0,0,0
ON,3,1470,2014,0,0,0,0,1,0,0,0,0,0,0,0,0,0,0
ON,3,1470,2017,0,0,0,0,1,0,0,0,0,0,0,0,0,0,0
ON,3,1470,2021,0,1,0,0,0,0,0,0,0,0,0,0,0,0,0
ON,3,1480,1976,2,1,0,0,6,10,0,0,0,0,0,0,0,0,3
ON,3,1480,1977,0,1,0,0,5,8,0,0,0,0,0,1,0,0,4
ON,3,1480,1978,5,8,0,0,6,0,0,0,0,0,0,0,3,0,8
ON,3,1480,1979,5,1,0,0,3,13,0,0,0,0,0,0,0,0,2
ON,3,1480,1980,2,1,0,0,6,7,0,0,0,0,0,0,0,0,3
ON,3,1480,1981,0,1,0,0,8,6,0,0,0,0,0,0,0,0,3
ON,3,1480,1982,0,0,0,0,4,5,0,0,0,0,0,0,0,0,2
ON,3,1480,1983,6,5,0,0,14,24,0,0,0,0,0,0,0,0,0
ON,3,1480,1984,4,0,0,0,8,6,0,0,0,0,0,1,1,0,1
ON,3,1480,1985,7,1,0,0,10,4,0,0,0,0,0,0,0,0,0
ON,3,1480,1986,1,2,0,0,2,5,0,0,0,0,0,0,0,0,0
ON,3,1480,1987,1,0,0,0,0,6,0,0,0,0,0,0,0,0,0
ON,3,1480,1988,2,1,0,0,3,2,0,0,0,0,0,1,0,0,0
ON,3,1480,1989,0,3,0,0,0,6,0,0,0,0,0,0,0,0,0
ON,3,1480,1990,0,1,0,0,1,4,0,0,0,0,0,0,0,0,0
ON,3,1480,1991,3,0,0,0,5,3,0,0,0,0,0,0,0,0,0
ON,3,1480,1992,4,4,0,0,11,11,0,0,0,0,0,0,0,0,0
ON,3,1480,1993,0,0,0,0,0,6,0,0,0,0,0,0,0,0,0
ON,3,1480,1994,2,0,0,0,2,2,0,1,0,0,0,0,0,0,0
ON,3,1480,1995,0,0,0,0,7,7,0,0,0,0,0,0,0,0,0
ON,3,1480,1996,2,0,0,0,3,3,0,0,0,0,0,0,0,0,0
ON,3,1480,1997,1,0,0,0,2,3,0,0,0,0,0,0,0,0,0
ON,3,1480,1998,0,1,0,0,5,5,0,0,0,0,0,0,0,0,0
ON,3,1480,1999,0,1,0,0,1,2,0,0,0,0,0,0,0,0,0
ON,3,1480,2000,0,0,0,0,2,0,0,0,0,0,0,0,0,0,0
ON,3,1480,2001,0,0,0,0,0,1,0,0,0,0,0,1,0,0,0
ON,3,1480,2002,5,3,0,0,10,14,0,0,0,0,0,0,0,0,1
ON,3,1480,2003,3,5,0,0,6,22,0,0,0,0,0,0,0,0,0
ON,3,1480,2004,0,0,0,0,0,4,0,0,0,0,0,0,0,0,0
ON,3,1480,2007,2,0,0,0,7,12,0,0,0,0,0,0,0,0,0
ON,3,1480,2008,0,3,0,0,5,9,0,0,0,0,0,0,0,0,0
ON,3,1480,2009,1,2,0,0,5,5,0,0,0,0,0,0,0,0,0
ON,3,1480,2010,0,0,0,0,1,9,0,0,0,0,0,0,0,0,0
ON,3,1480,2011,0,1,0,0,7,4,0,0,0,0,0,0,0,0,0
ON,3,1480,2012,0,0,0,0,2,4,0,0,0,0,0,0,0,0,0
ON,3,1480,2013,0,0,0,0,1,0,0,0,0,0,0,0,0,0,0
ON,3,1480,2014,2,1,0,0,0,1,0,0,0,0,0,0,0,0,1
ON,3,1480,2015,0,0,0,0,5,0,0,0,0,0,0,0,0,0,0
ON,3,1480,2016,0,0,0,0,0,1,0,0,0,0,0,0,0,0,0
ON,3,1480,2019,1,2,0,0,6,1,0,0,0,0,0,0,0,0,0
ON,3,1480,2020,0,1,0,0,1,3,0,0,0,0,0,0,0,0,0
ON,3,1480,2021,1,0,0,0,2,0,0,0,0,0,0,0,0,0,0
ON,3,1480,2022,1,0,0,0,5,5,0,0,0,0,0,0,0,0,0
ON,3,1480,2023,0,0,0,0,1,2,0,0,0,0,0,0,0,0,0
ON,3,1480,2024,0,0,0,0,0,1,0,0,0,0,0,0,0,0,0
ON,3,1490,1976,7,11,0,0,35,29,0,1,0,0,0,1,3,0,13
ON,3,1490,1977,2,5,0,0,15,15,0,0,0,0,0,0,0,0,11
ON,3,1490,1978,6,5,0,0,16,13,0,0,0,0,0,0,0,0,23
ON,3,1490,1979,9,7,0,0,26,36,0,0,0,0,0,0,2,0,8
ON,3,1490,1980,3,3,0,0,32,32,0,1,0,0,0,0,0,0,16
ON,3,1490,1981,5,7,0,0,39,58,0,0,0,0,0,1,0,0,12
ON,3,1490,1982,9,7,0,0,19,31,0,0,0,0,0,0,1,0,16
ON,3,1490,1983,11,18,0,0,57,51,0,0,0,0,0,0,0,0,0
ON,3,1490,1984,12,13,0,0,39,87,0,0,0,0,0,1,0,0,0
ON,3,1490,1985,11,14,0,0,45,38,0,0,0,0,0,1,1,0,0
ON,3,1490,1986,3,1,0,0,14,27,0,0,0,0,0,0,0,0,1
ON,3,1490,1987,3,6,0,0,38,46,0,0,0,0,0,0,1,0,1
ON,3,1490,1988,2,2,0,0,21,50,0,0,0,0,0,0,0,0,0
ON,3,1490,1989,1,6,0,0,26,32,0,0,0,0,0,0,0,0,0
ON,3,1490,1990,8,11,0,0,16,31,0,1,0,0,0,1,0,0,0
ON,3,1490,1991,5,16,0,0,14,12,0,0,0,0,0,0,0,0,0
ON,3,1490,1992,9,9,0,0,29,35,0,0,0,0,0,0,0,0,0
ON,3,1490,1993,2,0,0,0,6,16,0,0,0,0,0,1,0,0,0
ON,3,1490,1994,2,2,0,0,10,25,0,0,0,0,0,0,0,0,0
ON,3,1490,1995,8,4,0,0,12,12,0,0,0,0,0,0,0,0,1
ON,3,1490,1996,4,3,0,0,9,5,0,0,0,0,0,0,0,0,0
ON,3,1490,1997,1,2,0,0,17,9,0,1,0,0,0,0,0,0,0
ON,3,1490,1998,4,3,0,0,8,12,0,0,0,0,0,0,1,0,0
ON,3,1490,1999,1,2,0,0,9,12,0,0,0,0,0,0,0,0,0
ON,3,1490,2000,0,1,0,0,4,7,0,0,0,0,0,0,0,0,0
ON,3,1490,2001,3,0,0,0,2,7,0,0,0,0,0,0,0,0,0
ON,3,1490,2002,3,6,0,0,35,28,0,0,0,0,0,0,0,0,8
ON,3,1490,2003,1,3,0,0,25,32,0,0,0,0,0,0,0,0,0
ON,3,1490,2004,1,1,0,0,0,1,0,0,0,0,0,0,0,0,0
ON,3,1490,2005,0,0,0,0,1,0,0,0,0,0,0,0,0,0,0
ON,3,1490,2006,0,0,0,0,5,5,0,0,0,0,0,0,0,0,0
ON,3,1490,2007,0,2,0,0,7,3,0,0,0,0,0,0,0,0,0
ON,3,1490,2008,5,2,0,0,17,17,0,0,0,0,0,0,0,0,0
ON,3,1490,2009,2,2,0,0,6,10,0,0,0,0,0,0,0,0,0
ON,3,1490,2010,1,0,0,0,11,20,0,0,0,0,0,0,0,0,0
ON,3,1490,2011,5,1,0,0,11,16,0,0,0,0,0,0,0,0,0
ON,3,1490,2012,0,2,0,0,6,10,0,0,0,0,0,0,0,0,1
ON,3,1490,2013,0,0,0,0,1,1,0,0,0,0,0,0,0,0,0
ON,3,1490,2014,2,1,0,0,2,2,0,0,0,0,0,0,0,0,0
ON,3,1490,2015,1,0,0,0,3,9,0,0,0,0,0,0,0,0,0
ON,3,1490,2016,1,0,0,0,4,3,0,0,0,0,0,0,0,0,0
ON,3,1490,2017,0,2,0,0,3,1,0,0,0,0,0,0,0,0,0
ON,3,1490,2018,0,0,0,0,1,1,0,0,0,0,0,0,0,0,0
ON,3,1490,2019,1,0,0,0,2,2,0,0,0,0,0,0,0,0,0
ON,3,1490,2020,0,0,0,0,2,4,0,0,0,0,0,0,0,0,0
ON,3,1490,2021,1,1,0,0,4,0,0,0,0,0,0,0,0,0,0
ON,3,1490,2022,1,1,0,0,8,10,0,0,0,0,0,0,0,0,0
ON,3,1490,2023,1,1,0,0,5,8,0,0,0,0,0,0,0,0,0
ON,3,1490,2024,4,1,0,0,3,10,0,1,0,0,0,0,0,0,0
ON,3,1500,1976,7,4,0,0,95,56,0,1,0,0,0,1,1,0,17
ON,3,1500,1977,9,9,0,0,47,65,0,3,0,0,0,2,2,0,41
ON,3,1500,1978,5,10,0,0,69,81,0,0,0,0,0,0,0,0,52
ON,3,1500,1979,24,15,0,0,129,91,0,2,0,0,0,9,4,0,42
ON,3,1500,1980,8,3,0,0,146,96,0,0,0,0,0,0,0,0,20
ON,3,1500,1981,26,10,0,0,0,2,0,174,0,0,0,0,0,0,28
ON,3,1500,1982,6,13,0,0,58,69,0,2,0,0,0,2,0,0,19
ON,3,1500,1983,13,8,0,0,118,118,0,6,0,0,0,2,4,0,0
ON,3,1500,1984,32,21,0,0,106,125,0,3,0,0,0,3,3,0,0
ON,3,1500,1985,41,31,0,0,175,138,0,0,0,0,0,8,4,0,10
ON,3,1500,1986,12,15,0,0,100,69,0,3,0,0,0,10,6,0,6
ON,3,1500,1987,13,9,0,0,72,65,0,0,0,0,0,0,1,0,0
ON,3,1500,1988,6,6,0,0,52,29,0,2,0,0,0,1,5,0,2
ON,3,1500,1989,17,7,0,0,76,43,0,0,0,0,0,2,1,0,0
ON,3,1500,1990,14,17,0,0,100,85,0,0,0,0,0,4,0,0,3
ON,3,1500,1991,14,11,0,0,74,52,0,5,0,0,0,3,1,0,14
ON,3,1500,1992,26,21,0,1,115,92,0,3,0,0,0,2,1,0,3
ON,3,1500,1993,14,16,0,0,82,64,0,3,0,0,0,0,1,0,7
ON,3,1500,1994,5,5,0,0,47,23,0,0,0,0,0,0,0,0,0
ON,3,1500,1995,9,10,0,0,66,62,0,0,0,0,0,0,2,0,2
ON,3,1500,1996,6,5,0,0,38,35,0,3,0,0,0,1,2,0,3
ON,3,1500,1997,3,6,0,0,49,43,0,4,0,0,0,0,1,0,4
ON,3,1500,1998,1,5,0,0,45,48,0,1,0,0,0,0,0,0,2
ON,3,1500,1999,13,6,0,0,59,27,0,1,0,0,0,0,0,0,0
ON,3,1500,2000,9,13,0,0,25,20,0,0,0,0,0,0,0,0,3
ON,3,1500,2001,11,8,0,0,36,31,0,1,0,0,0,0,0,0,0
ON,3,1500,2002,5,12,0,0,60,60,0,4,0,0,0,0,0,0,4
ON,3,1500,2003,3,3,0,0,47,55,0,0,0,0,0,0,0,0,0
ON,3,1500,2004,6,7,0,0,22,15,0,0,0,0,0,0,0,0,1
ON,3,1500,2005,8,3,0,0,30,15,0,1,0,0,0,0,0,0,0
ON,3,1500,2006,2,5,0,0,59,35,0,8,0,0,0,0,0,0,3
ON,3,1500,2007,7,8,0,0,28,36,0,3,0,0,0,0,0,0,4
ON,3,1500,2008,6,17,0,0,46,36,0,2,0,0,0,1,1,0,3
ON,3,1500,2009,6,5,0,0,33,24,0,0,0,0,0,0,0,0,0
ON,3,1500,2010,5,7,0,0,42,24,0,2,0,0,0,0,0,0,0
ON,3,1500,2011,11,7,0,0,39,25,0,1,0,0,0,0,0,0,0
ON,3,1500,2012,1,3,0,0,53,47,0,1,0,0,0,0,0,0,0
ON,3,1500,2013,1,3,0,0,14,13,0,0,0,0,0,0,0,0,1
ON,3,1500,2014,6,3,0,0,18,23,0,0,0,0,0,0,0,0,0
ON,3,1500,2015,3,3,0,0,28,33,0,1,0,0,0,0,0,0,0
ON,3,1500,2016,3,6,0,0,32,20,0,0,0,0,0,0,0,0,0
ON,3,1500,2017,4,6,0,0,22,9,0,1,0,0,0,0,0,0,0
ON,3,1500,2018,1,1,0,0,8,11,0,1,0,0,0,0,0,0,0
ON,3,1500,2019,5,0,0,0,20,11,0,1,0,0,0,0,1,0,1
ON,3,1500,2020,7,2,0,0,11,18,0,8,0,0,0,1,0,0,0
ON,3,1500,2021,2,4,0,0,21,17,0,3,0,0,0,0,0,0,0
ON,3,1500,2022,5,13,0,0,41,28,0,2,0,0,0,0,0,0,0
ON,3,1500,2023,3,3,0,0,13,7,0,0,0,0,0,0,0,0,0
ON,3,1500,2024,2,3,0,0,15,6,0,0,0,0,0,0,0,0,0
ON,3,1510,1976,9,4,0,0,21,23,0,4,0,0,0,0,0,0,19
ON,3,1510,1977,12,6,0,0,19,13,0,7,0,0,0,0,0,0,23
ON,3,1510,1978,8,7,0,0,53,35,0,10,0,0,0,0,1,0,20
ON,3,1510,1979,4,9,0,0,41,33,0,6,0,0,0,0,0,0,14
ON,3,1510,1980,2,6,0,0,20,19,0,28,0,0,0,0,0,0,13
ON,3,1510,1981,6,11,0,0,23,24,0,6,0,0,0,1,0,0,11
ON,3,1510,1982,7,6,0,0,18,19,0,0,0,0,0,0,0,0,9
ON,3,1510,1983,8,3,0,0,41,44,0,2,0,0,0,0,0,0,0
ON,3,1510,1984,10,22,0,0,20,30,0,1,0,0,0,0,0,0,0
ON,3,1510,1985,5,5,0,0,23,26,0,9,0,0,0,0,0,0,1
ON,3,1510,1986,8,5,0,0,32,33,0,1,0,0,0,0,0,0,0
ON,3,1510,1987,3,2,0,0,16,23,0,0,0,0,0,0,0,0,0
ON,3,1510,1988,3,6,0,0,22,30,0,0,0,0,0,0,0,0,0
ON,3,1510,1989,4,7,0,0,32,39,0,1,0,0,0,0,0,0,0
ON,3,1510,1990,12,11,0,0,23,23,0,2,0,0,0,0,0,0,0
ON,3,1510,1991,2,7,0,0,11,16,0,0,0,0,0,0,0,0,1
ON,3,1510,1992,11,30,0,1,21,26,0,1,0,0,0,0,0,0,1
ON,3,1510,1993,4,13,0,0,20,34,0,2,0,0,0,0,0,0,0
ON,3,1510,1994,9,2,0,0,29,13,0,1,0,0,0,0,0,0,0
ON,3,1510,1995,2,1,0,0,20,18,0,0,0,0,0,0,0,0,0
ON,3,1510,1996,5,9,0,0,18,15,0,0,0,0,0,0,0,0,0
ON,3,1510,1997,1,6,0,0,10,13,0,5,0,0,0,0,0,0,0
ON,3,1510,1998,3,0,0,0,5,8,0,0,0,0,0,0,0,0,0
ON,3,1510,1999,1,2,0,0,7,11,0,0,0,0,0,1,0,0,0
ON,3,1510,2000,3,6,0,0,6,6,0,0,0,0,0,0,0,0,0
ON,3,1510,2001,2,3,0,0,1,10,0,1,0,0,0,0,0,0,0
ON,3,1510,2002,7,8,0,0,11,15,0,1,0,0,0,0,0,0,3
ON,3,1510,2003,9,5,0,0,12,14,0,0,0,0,0,0,0,0,1
ON,3,1510,2004,1,4,0,0,3,2,0,0,0,0,0,0,0,0,0
ON,3,1510,2005,0,2,0,0,0,2,0,0,0,0,0,0,0,0,0
ON,3,1510,2006,0,0,0,0,2,3,0,0,0,0,0,0,0,0,0
ON,3,1510,2007,2,3,0,0,5,7,0,1,0,0,0,0,0,0,0
ON,3,1510,2008,5,4,0,0,4,9,0,1,0,0,0,0,0,0,0
ON,3,1510,2009,1,2,0,0,5,5,0,0,0,0,0,0,0,0,0
ON,3,1510,2010,1,2,0,0,1,1,0,1,0,0,0,0,0,0,0
ON,3,1510,2011,2,2,0,0,2,11,0,0,0,0,0,0,0,0,0
ON,3,1510,2012,1,7,0,0,5,4,0,0,0,0,0,0,0,0,0
ON,3,1510,2013,2,3,0,0,9,10,0,0,0,0,0,0,0,0,0
ON,3,1510,2014,1,3,0,0,1,0,0,0,0,0,0,0,0,0,0
ON,3,1510,2015,0,0,0,0,3,0,0,0,0,0,0,0,0,0,0
ON,3,1510,2016,0,3,0,0,3,0,0,0,0,0,0,0,0,0,0
ON,3,1510,2017,1,2,0,0,3,6,0,0,0,0,0,0,0,0,0
ON,3,1510,2018,0,2,0,0,3,2,0,0,0,0,0,0,0,0,0
ON,3,1510,2019,0,1,0,0,3,6,0,0,0,0,0,0,0,0,0
ON,3,1510,2020,2,8,0,0,2,10,0,0,0,0,0,0,0,0,0
ON,3,1510,2021,2,1,0,0,1,5,0,0,0,0,0,0,0,0,0
ON,3,1510,2022,0,3,0,0,5,9,0,0,0,0,0,0,0,0,0
ON,3,1510,2023,3,4,0,0,7,2,0,0,0,0,0,0,0,0,0
ON,3,1510,2024,0,0,0,0,0,1,0,0,0,0,0,0,0,0,0
ON,3,1520,1989,0,0,0,0,1,0,0,0,0,0,0,0,0,0,0
ON,3,1520,1991,0,0,0,0,0,1,0,0,0,0,0,0,0,0,0
ON,3,1520,1992,0,1,0,0,0,0,0,0,0,0,0,0,0,0,0
ON,3,1520,1993,0,0,0,0,0,1,0,0,0,0,0,0,0,0,0
ON,3,1520,1994,1,0,0,0,0,0,0,0,0,0,0,0,0,0,0
ON,3,1520,2000,1,0,0,0,0,0,0,0,0,0,0,0,0,0,0
ON,3,1530,1976,3,14,0,0,8,5,0,1,0,0,0,0,0,0,5
ON,3,1530,1977,7,12,0,0,1,0,0,14,0,0,0,0,0,0,10
ON,3,1530,1978,14,8,0,0,10,14,0,0,0,0,0,1,0,0,4
ON,3,1530,1979,3,9,0,0,14,8,0,0,0,0,0,0,0,0,7
ON,3,1530,1980,4,2,0,0,8,4,0,7,0,0,0,0,0,0,6
ON,3,1530,1981,5,24,0,0,13,12,0,1,0,0,0,2,0,0,2
ON,3,1530,1982,5,20,0,0,12,17,0,4,0,0,0,0,0,0,4
ON,3,1530,1983,1,6,0,0,14,12,0,1,0,0,0,1,0,0,1
ON,3,1530,1984,2,7,0,0,15,15,0,0,0,0,0,0,0,0,1
ON,3,1530,1985,7,3,0,0,0,0,0,13,0,0,0,0,0,0,0
ON,3,1530,1986,1,6,0,0,16,9,0,0,0,0,0,0,0,0,0
ON,3,1530,1987,3,9,0,0,8,11,0,0,0,0,0,0,0,0,0
ON,3,1530,1988,2,8,0,0,5,5,0,0,0,0,0,0,0,0,1
ON,3,1530,1989,2,5,0,0,10,6,0,1,0,0,0,0,0,0,1
ON,3,1530,1990,5,8,0,0,17,4,0,0,0,0,0,0,0,0,0
ON,3,1530,1991,4,4,0,0,3,4,0,0,0,0,0,0,0,0,0
ON,3,1530,1992,16,20,0,0,18,13,0,0,0,0,0,0,0,0,0
ON,3,1530,1993,1,8,0,0,7,3,0,0,0,0,0,0,0,0,0
ON,3,1530,1994,4,1,0,0,9,2,0,1,0,0,0,0,0,0,0
ON,3,1530,1995,3,6,0,0,17,6,0,0,0,0,0,0,0,0,0
ON,3,1530,1996,6,11,0,0,6,3,0,5,0,0,0,0,0,0,0
ON,3,1530,1997,1,4,0,0,14,17,0,2,0,0,0,0,0,0,1
ON,3,1530,1998,1,5,0,0,4,4,0,0,0,0,0,0,0,0,0
ON,3,1530,1999,4,2,0,0,8,2,0,1,0,0,0,0,0,0,0
ON,3,1530,2000,2,14,0,0,11,5,0,0,0,0,0,0,0,0,0
ON,3,1530,2001,2,4,0,0,1,0,0,0,0,0,0,0,0,0,0
ON,3,1530,2002,9,10,0,0,4,5,0,1,0,0,0,0,0,0,4
ON,3,1530,2003,3,8,0,0,15,7,0,0,0,0,0,0,0,0,0
ON,3,1530,2004,2,5,0,0,5,3,0,0,0,0,0,0,0,0,0
ON,3,1530,2005,0,0,0,0,0,2,0,0,0,0,0,0,0,0,0
ON,3,1530,2006,1,2,0,0,3,2,0,0,0,0,0,0,0,0,0
ON,3,1530,2007,5,12,0,5,5,6,0,1,0,0,0,1,0,0,0
ON,3,1530,2008,3,14,0,0,8,13,0,0,0,0,0,2,0,0,0
ON,3,1530,2009,1,11,0,0,5,1,0,0,0,0,0,0,0,0,0
ON,3,1530,2010,0,14,0,0,8,9,0,1,0,0,0,0,0,0,0
ON,3,1530,2011,0,14,0,0,15,14,0,0,0,0,0,0,0,0,0
ON,3,1530,2012,7,22,0,0,16,12,0,4,0,1,0,0,0,0,0
ON,3,1530,2013,3,6,0,0,4,8,0,1,0,0,0,0,0,0,0
ON,3,1530,2014,6,5,0,0,5,9,0,1,0,0,0,0,0,0,0
ON,3,1530,2015,3,15,0,0,5,10,0,0,0,0,0,0,0,0,0
ON,3,1530,2016,1,4,0,0,5,6,0,1,0,0,0,0,0,0,0
ON,3,1530,2017,3,4,0,0,4,7,0,0,0,0,0,0,0,0,0
ON,3,1530,2018,1,3,0,0,17,3,0,0,0,0,0,0,0,0,0
ON,3,1530,2019,1,3,0,0,9,3,0,0,0,0,0,0,0,0,0
ON,3,1530,2020,1,11,0,0,12,8,0,0,0,0,0,0,0,0,0
ON,3,1530,2021,1,5,0,0,4,1,0,0,0,0,0,0,0,0,0
ON,3,1530,2022,4,23,0,0,11,17,0,0,0,0,0,0,0,0,0
ON,3,1530,2023,2,12,0,0,8,9,0,0,0,0,0,0,0,0,0
ON,3,1530,2024,6,5,0,0,16,4,0,0,0,0,0,0,0,0,0
ON,3,1540,1976,0,0,0,0,0,0,0,4,0,0,0,0,0,0,0
ON,3,1540,1978,0,0,0,0,0,0,0,1,0,0,0,0,0,0,0
ON,3,1540,1979,2,0,0,0,0,0,0,2,0,0,0,0,0,0,0
ON,3,1540,1980,0,1,0,0,0,0,0,2,0,0,0,0,0,0,0
ON,3,1540,1982,0,0,0,0,0,0,0,7,0,0,0,0,0,0,2
ON,3,1540,1983,0,1,0,0,0,0,0,2,0,0,0,0,0,0,0
ON,3,1540,1984,1,0,0,0,0,0,0,2,0,0,0,0,0,0,0
ON,3,1540,1985,0,0,0,0,0,0,0,2,0,0,0,0,0,0,0
ON,3,1540,1986,0,1,0,0,0,0,0,0,0,0,0,0,0,0,0
ON,3,1540,1988,0,0,0,0,0,0,0,1,0,0,0,0,0,0,0
ON,3,1540,1989,0,0,0,0,0,2,0,0,0,0,0,1,0,0,0
ON,3,1540,1990,0,0,0,0,0,0,0,1,0,0,0,0,0,0,0
ON,3,1540,1992,0,1,0,0,1,0,0,0,0,0,0,0,0,0,0
ON,3,1540,1993,0,0,0,0,0,2,0,0,0,0,0,0,0,0,0
ON,3,1540,1994,0,0,0,0,0,0,0,1,0,0,0,0,0,0,0
ON,3,1540,1995,0,0,0,0,0,0,0,1,0,0,0,0,0,0,0
ON,3,1540,1996,0,1,0,0,0,0,0,0,0,0,0,0,0,0,0
ON,3,1540,1997,0,0,0,0,2,1,0,0,0,0,0,0,0,0,0
ON,3,1540,1998,0,0,0,0,1,1,0,0,0,0,0,0,0,0,0
ON,3,1540,2001,0,0,0,0,0,0,0,1,0,0,0,0,0,0,0
ON,3,1540,2002,0,0,0,0,1,0,0,0,0,0,0,0,0,0,0
ON,3,1540,2004,0,0,0,0,0,0,0,2,0,0,0,0,0,0,0
ON,3,1540,2007,0,0,0,0,0,0,0,4,0,0,0,0,0,0,0
ON,3,1540,2011,0,0,0,0,0,0,0,3,0,0,0,0,0,0,0
ON,3,1540,2013,0,0,0,0,1,0,0,0,0,0,0,0,0,0,0
ON,3,1540,2014,1,1,0,0,0,0,0,0,0,0,0,0,0,0,0
ON,3,1540,2017,1,2,0,0,0,0,0,1,0,0,0,0,0,0,0
ON,3,1540,2018,0,0,0,0,0,0,0,1,0,0,0,0,0,0,0
ON,3,1540,2021,0,1,0,0,0,0,0,0,0,0,0,0,0,0,0
ON,3,1540,2023,1,0,0,0,0,0,0,0,0,0,0,0,0,0,0
ON,3,1550,1979,0,0,0,0,0,1,0,0,0,0,0,0,0,0,0
ON,3,1550,1986,0,0,0,0,0,2,0,0,0,0,0,0,0,0,0
ON,3,1550,1988,0,0,0,0,1,2,0,0,0,0,0,0,0,0,0
ON,3,1550,1989,0,0,0,0,0,1,0,0,0,0,0,0,0,0,0
ON,3,1590,1986,0,0,0,0,0,0,0,1,0,0,0,0,0,0,0
ON,3,1620,1978,0,0,0,0,0,0,0,1,0,0,0,0,0,0,0
ON,3,1630,1976,1,0,0,0,0,0,0,6,0,0,0,0,0,0,0
ON,3,1630,1977,0,0,0,0,0,0,0,1,0,0,0,0,0,0,2
ON,3,1630,1978,0,0,0,0,0,0,0,3,0,0,0,0,0,0,1
ON,3,1630,1979,0,0,0,0,0,0,0,3,0,0,0,0,0,0,2
ON,3,1630,1980,0,0,0,0,0,0,0,3,0,0,0,0,0,0,0
ON,3,1630,1981,0,0,0,0,0,0,0,4,0,0,0,0,0,0,3
ON,3,1630,1982,0,0,0,0,0,0,0,5,0,0,0,0,0,0,0
ON,3,1630,1983,1,0,0,0,0,0,0,4,0,0,0,0,0,0,0
ON,3,1630,1984,0,0,0,0,0,0,0,10,0,0,0,0,0,0,0
ON,3,1630,1985,0,0,0,0,0,0,0,3,0,0,0,0,0,0,0
ON,3,1630,1986,0,0,0,0,4,1,0,0,0,0,0,0,0,0,0
ON,3,1630,1987,0,0,0,0,1,0,0,0,0,0,0,0,0,0,0
ON,3,1630,1990,0,0,0,0,1,1,0,0,0,0,0,0,0,0,0
ON,3,1630,1991,0,0,0,0,0,0,0,1,0,0,0,0,0,0,0
ON,3,1630,1992,0,0,0,0,0,2,0,0,0,0,0,0,0,0,0
ON,3,1630,1996,0,0,0,0,0,0,0,1,0,0,0,0,0,0,0
ON,3,1630,1999,0,0,0,0,0,0,0,1,0,0,0,0,0,0,0
ON,3,1630,2001,0,0,0,0,1,0,0,0,0,0,0,0,0,0,0
ON,3,1630,2002,0,0,0,0,0,0,0,0,0,0,0,0,0,0,1
ON,3,1630,2003,0,0,0,0,1,1,0,1,0,0,0,0,0,0,0
ON,3,1630,2006,0,0,0,0,0,0,0,1,0,0,0,0,0,0,0
ON,3,1630,2008,0,0,0,0,0,1,0,0,0,0,0,0,0,0,0
ON,3,1630,2014,0,0,0,0,0,1,0,0,0,0,0,0,0,0,0
ON,3,1630,2015,0,0,0,0,1,0,0,0,0,0,0,0,0,0,0
ON,3,1630,2022,0,0,0,0,0,0,0,2,0,0,0,0,0,0,0
ON,3,1650,1976,0,0,0,0,0,0,0,2,0,0,0,0,0,0,1
ON,3,1650,1977,0,0,0,0,0,0,0,0,0,0,0,0,0,0,1
ON,3,1650,1978,0,0,0,0,0,0,0,3,0,0,0,0,0,0,0
ON,3,1650,1979,0,0,0,0,0,0,0,12,0,0,0,0,0,0,1
ON,3,1650,1980,0,0,0,0,0,0,0,4,0,0,0,0,0,0,1
ON,3,1650,1981,0,0,0,0,0,0,0,5,0,0,0,0,0,0,0
ON,3,1650,1982,0,0,0,0,0,0,0,3,0,0,0,0,1,0,1
ON,3,1650,1983,0,0,0,0,0,0,0,1,0,0,0,0,0,0,0
ON,3,1650,1984,1,0,0,0,0,0,0,7,0,0,0,0,0,0,0
ON,3,1650,1985,1,0,0,0,0,0,0,2,0,0,0,0,0,0,0
ON,3,1650,1986,0,0,0,0,1,0,0,0,0,0,0,0,0,0,0
ON,3,1650,1987,1,0,0,0,2,1,0,0,0,0,0,0,0,0,0
ON,3,1650,1988,0,0,0,0,1,1,0,0,0,0,0,0,0,0,0
ON,3,1650,1989,0,0,0,0,1,0,0,0,0,0,0,0,0,0,0
ON,3,1650,1991,0,2,0,0,0,0,0,1,0,0,0,0,0,0,0
ON,3,1650,1992,0,0,0,0,2,0,0,0,0,0,0,0,0,0,0
ON,3,1650,1993,0,0,0,0,0,2,0,0,0,0,0,0,0,0,0
ON,3,1650,1994,0,0,0,0,0,0,0,1,0,0,0,0,0,0,0
ON,3,1650,1996,0,0,0,0,0,0,0,1,0,0,0,0,0,0,0
ON,3,1650,1997,0,0,0,0,0,0,0,1,0,0,0,0,0,0,0
ON,3,1650,2002,0,0,0,0,1,0,0,1,0,0,0,0,0,0,0
ON,3,1650,2003,0,0,0,0,1,1,0,0,0,0,0,0,0,0,0
ON,3,1650,2012,0,0,0,0,0,0,0,1,0,0,0,0,0,0,0
ON,3,1650,2013,0,0,0,0,0,0,0,1,0,0,0,0,0,0,0
ON,3,1650,2019,0,0,0,0,0,0,0,1,0,0,0,0,0,0,0
ON,3,1650,2020,0,0,0,0,0,2,0,0,0,0,0,0,0,0,0
ON,3,1650,2022,0,0,0,0,2,0,0,1,0,0,0,0,0,0,0
ON,3,1650,2023,0,0,0,0,0,0,0,1,0,0,0,0,0,0,0
ON,3,1660,1976,4,2,0,0,0,0,0,31,0,0,0,0,0,0,4
ON,3,1660,1977,0,0,0,0,0,0,0,6,0,0,0,0,0,0,2
ON,3,1660,1978,0,0,0,0,0,0,0,10,0,0,0,0,0,0,0
ON,3,1660,1979,0,0,0,0,0,0,0,14,0,0,0,0,0,0,1
ON,3,1660,1980,0,0,0,0,0,0,0,12,0,0,0,0,0,0,6
ON,3,1660,1981,0,0,0,0,0,0,0,1,0,0,0,0,0,0,2
ON,3,1660,1982,0,0,0,0,0,0,0,3,0,0,0,0,0,0,3
ON,3,1660,1984,0,0,0,0,0,0,0,10,0,0,0,0,0,0,0
ON,3,1660,1985,0,0,0,0,0,0,0,1,0,0,0,0,0,0,0
ON,3,1660,1986,0,0,0,0,1,2,0,0,0,0,0,0,0,0,0
ON,3,1660,1987,0,0,0,0,1,2,0,0,0,0,0,0,0,0,0
ON,3,1660,1988,0,0,0,0,2,1,0,0,0,0,0,0,0,0,0
ON,3,1660,1989,0,0,0,0,0,1,0,0,0,0,0,0,1,0,0
ON,3,1660,1990,0,0,0,0,0,1,0,1,0,0,0,0,0,0,0
ON,3,1660,1991,0,0,0,0,0,0,0,6,0,0,0,0,0,0,0
ON,3,1660,1992,0,0,0,0,0,1,0,0,0,0,0,0,0,0,0
ON,3,1660,1993,0,0,0,0,1,1,0,1,0,0,0,0,0,0,0
ON,3,1660,1994,0,0,0,0,0,0,0,1,0,0,0,0,0,0,0
ON,3,1660,1995,0,1,0,0,1,0,0,0,0,0,0,0,0,0,0
ON,3,1660,1998,1,0,0,0,0,0,0,0,0,0,0,0,0,0,0
ON,3,1660,2002,1,0,0,0,1,0,0,0,0,0,0,0,0,0,0
ON,3,1660,2003,0,0,0,0,1,0,0,0,0,0,0,0,0,0,0
ON,3,1660,2007,1,0,0,0,0,1,0,1,0,0,0,0,0,0,0
ON,3,1660,2008,1,0,0,0,1,0,0,2,0,0,0,0,0,0,0
ON,3,1660,2012,0,0,0,0,2,0,0,0,0,0,0,0,0,0,0
ON,3,1660,2014,0,0,0,0,1,1,0,1,0,0,0,0,0,0,0
ON,3,1660,2015,0,0,0,0,1,0,0,1,0,0,0,0,0,0,0
ON,3,1660,2016,0,0,0,0,0,0,0,1,0,0,0,0,0,0,0
ON,3,1660,2019,0,0,0,0,0,0,0,1,0,0,0,0,0,0,0
ON,3,1670,1976,1,1,0,0,0,0,0,2,0,0,0,0,0,0,0
ON,3,1670,1980,0,0,0,0,0,0,0,0,0,0,0,0,0,0,3
ON,3,1670,1983,0,0,0,0,0,0,0,2,0,0,0,0,0,0,0
ON,3,1670,1985,0,0,0,0,0,0,0,1,0,0,0,0,0,0,0
ON,3,1670,1991,0,0,0,0,0,0,0,1,0,0,0,0,0,0,0
ON,3,1670,1998,0,0,0,0,1,0,0,0,0,0,0,0,0,0,0
ON,3,1670,2002,0,0,0,0,0,0,0,1,0,0,0,0,0,0,0
ON,3,1670,2003,0,0,0,1,0,0,0,1,0,0,0,0,0,0,0
ON,3,1670,2020,0,0,0,0,0,0,0,2,0,0,0,0,0,0,0
ON,3,1692,1976,0,0,0,18,0,0,0,3,0,0,0,0,0,0,13
ON,3,1692,1977,0,0,0,11,0,0,0,10,0,0,0,0,0,0,1
ON,3,1692,1978,0,0,0,8,0,0,0,2,0,0,0,0,0,0,1
ON,3,1692,1979,0,0,0,5,0,0,0,16,0,0,0,0,0,0,2
ON,3,1692,1980,0,0,0,14,0,0,0,25,0,0,0,0,0,0,0
ON,3,1692,1981,0,0,0,3,0,0,0,8,0,0,0,0,0,0,6
ON,3,1692,1982,0,0,0,0,0,0,0,1,0,0,0,0,0,0,2
ON,3,1692,1983,0,0,0,0,0,1,0,10,0,0,0,0,0,0,0
ON,3,1692,1984,0,0,0,4,0,0,0,2,0,0,0,0,0,0,0
ON,3,1692,1985,0,0,0,6,0,0,0,2,0,0,0,0,0,0,0
ON,3,1692,1986,0,0,0,3,0,0,0,1,0,0,0,0,0,0,1
ON,3,1692,1987,0,0,0,8,0,0,0,14,0,0,0,0,0,0,0
ON,3,1692,1988,0,0,0,1,0,0,0,4,0,0,0,0,0,0,0
ON,3,1692,1989,0,0,0,13,0,0,0,27,0,0,0,0,0,0,0
ON,3,1692,1990,0,0,0,5,0,0,0,9,0,0,0,0,0,0,0
ON,3,1692,1991,0,0,0,4,0,0,0,5,0,0,0,0,0,0,0
ON,3,1692,1992,0,0,0,6,0,0,0,3,0,0,0,0,0,0,0
ON,3,1692,1993,0,0,0,4,0,0,0,7,0,0,0,0,0,0,0
ON,3,1692,1994,0,0,0,1,0,0,0,1,0,0,0,0,0,0,0
ON,3,1692,1995,0,0,0,2,0,0,0,3,0,0,0,0,0,0,0
ON,3,1692,1996,0,0,0,0,0,0,0,1,0,0,0,0,0,0,0
ON,3,1692,1998,0,0,0,0,0,0,0,3,0,0,0,0,0,0,0
ON,3,1692,2000,0,0,0,6,0,0,0,4,0,0,0,0,0,0,2
ON,3,1692,2001,0,0,0,0,0,0,0,1,0,0,0,0,0,0,0
ON,3,1692,2002,0,0,0,0,0,0,0,4,0,0,0,0,0,0,0
ON,3,1692,2003,0,0,0,1,0,0,0,1,0,0,0,0,0,0,9
ON,3,1692,2004,0,0,0,3,0,0,0,2,0,0,0,0,0,0,0
ON,3,1692,2006,0,0,0,1,0,0,0,3,0,0,0,0,0,0,0
ON,3,1692,2007,0,0,0,0,0,0,0,0,0,0,0,0,0,0,1
ON,3,1692,2008,0,0,0,0,0,0,0,2,0,0,0,0,0,0,0
ON,3,1692,2010,0,0,0,0,0,0,0,1,0,0,0,0,0,0,0
ON,3,1692,2012,0,0,0,1,0,0,0,1,0,0,0,0,0,0,0
ON,3,1692,2015,0,0,0,0,0,0,0,1,0,0,0,0,0,0,0
ON,3,1692,2017,0,0,0,1,0,0,0,0,0,0,0,0,0,0,0
ON,3,1692,2018,0,0,0,18,0,0,0,0,0,0,0,0,0,0,1
ON,3,1692,2019,0,0,0,8,0,0,0,9,0,0,0,0,0,0,0
ON,3,1692,2022,0,0,0,0,0,0,0,0,0,2,0,0,0,0,0
ON,3,1692,2023,0,0,0,0,0,0,0,1,0,0,0,0,0,0,0
ON,3,1692,2024,0,0,0,3,0,0,0,1,0,4,0,0,0,0,0
ON,3,1693,1978,0,0,0,12,0,0,0,11,0,0,0,0,0,0,3
ON,3,1693,1979,0,0,0,6,0,0,0,10,0,0,0,0,0,0,4
ON,3,1693,1980,0,0,0,1,0,0,0,0,0,0,0,0,0,0,1
ON,3,1693,1981,0,0,0,6,0,0,0,12,0,0,0,0,0,0,10
ON,3,1693,1982,0,0,0,2,0,0,0,2,0,0,0,0,0,0,4
ON,3,1693,1984,0,0,0,1,0,0,0,8,0,0,0,0,0,0,0
ON,3,1693,1985,0,0,0,3,0,0,0,0,0,0,0,0,0,0,0
ON,3,1693,1986,0,0,0,7,0,0,0,3,0,0,0,0,0,0,3
ON,3,1693,1988,0,0,0,2,0,0,0,2,0,0,0,0,0,0,0
ON,3,1693,1989,0,0,0,3,0,0,0,4,0,0,0,0,0,0,0
ON,3,1693,1990,0,0,0,2,0,0,0,0,0,0,0,0,0,0,0
ON,3,1693,1991,0,0,0,0,0,0,0,4,0,0,0,0,0,0,0
ON,3,1693,1992,0,0,0,3,0,0,0,0,0,0,0,0,0,0,0
ON,3,1693,1993,0,0,0,2,0,0,0,19,0,0,0,0,0,0,0
ON,3,1693,1994,0,0,0,3,0,0,0,4,0,0,0,0,0,0,0
ON,3,1693,1995,0,0,0,5,0,0,0,4,0,0,0,0,0,0,0
ON,3,1693,1997,0,0,0,1,0,0,0,0,0,0,0,0,0,0,0
ON,3,1693,1998,0,0,0,2,0,0,0,6,0,0,0,0,0,0,0
ON,3,1693,2000,0,0,0,2,0,0,0,7,0,0,0,0,0,0,0
ON,3,1693,2001,0,0,0,0,0,0,0,1,0,0,0,0,0,0,0
ON,3,1693,2002,0,0,0,0,0,0,0,2,0,0,0,0,0,0,0
ON,3,1693,2004,0,0,0,1,0,0,0,2,0,0,0,0,0,0,0
ON,3,1693,2010,0,0,0,1,0,0,0,0,0,0,0,0,0,0,1
ON,3,1693,2013,0,0,0,1,0,0,0,2,0,0,0,0,0,0,0
ON,3,1693,2015,0,0,0,1,0,0,0,0,0,0,0,0,0,0,0
ON,3,1693,2018,0,0,0,18,0,0,0,0,0,0,0,0,0,0,0
ON,3,1693,2024,0,0,0,1,0,0,0,1,0,0,0,0,0,0,0
ON,3,1700,1992,0,0,0,1,0,0,0,0,0,0,0,0,0,0,0
ON,3,1700,2004,0,0,0,0,0,0,0,1,0,0,0,0,0,0,0
ON,3,1710,1984,0,0,0,1,0,0,0,1,0,0,0,0,0,0,0
ON,3,1710,1989,0,0,0,0,0,0,0,1,0,0,0,0,0,0,0
ON,3,1710,2003,0,0,0,0,0,0,0,0,0,0,0,0,0,0,2
ON,3,1710,2019,0,0,0,1,0,0,0,0,0,0,0,0,0,0,0
ON,3,1710,2022,0,0,0,0,0,0,0,0,0,1,0,0,0,0,0
ON,3,1721,1981,0,0,0,0,0,0,0,1,0,0,0,0,0,0,0
ON,3,1721,1982,0,0,0,0,0,0,0,1,0,0,0,0,0,0,0
ON,3,1721,1984,0,0,0,4,0,0,0,3,0,0,0,0,0,0,0
ON,3,1721,1991,0,0,0,2,0,0,0,0,0,0,0,0,0,0,0
ON,3,1721,1994,0,0,0,1,0,0,0,0,0,0,0,0,0,0,0
ON,3,1721,1995,1,0,0,0,0,0,0,0,0,0,0,0,0,0,0
ON,3,1721,1998,0,0,0,2,0,0,0,0,0,0,0,0,0,0,0
ON,3,1721,2000,0,0,0,4,0,0,0,1,0,0,0,0,0,0,0
ON,3,1721,2010,0,0,0,1,0,0,0,0,0,0,0,0,0,0,0
ON,3,1721,2012,0,0,0,1,0,0,0,0,0,0,0,0,0,0,0
ON,3,1721,2017,0,0,0,1,0,0,0,0,0,0,0,0,0,0,0
ON,3,1721,2018,0,0,0,2,0,0,0,5,0,0,0,0,0,0,0
ON,3,1721,2021,0,0,0,4,0,0,0,4,0,0,0,0,0,0,0
ON,3,1721,2022,0,0,0,4,0,0,0,6,0,0,0,0,0,0,0
ON,3,1721,2023,0,0,0,3,0,0,0,2,0,0,0,0,0,0,0
ON,3,1722,1976,0,0,0,8,0,0,0,11,0,0,0,0,0,0,7
ON,3,1722,1977,0,0,0,19,0,0,0,28,0,0,0,0,0,0,5
ON,3,1722,1978,0,0,0,11,0,1,0,12,0,0,0,0,0,0,5
ON,3,1722,1979,0,0,0,31,0,0,0,85,0,0,0,0,0,0,7
ON,3,1722,1980,0,0,0,25,0,0,0,22,0,0,0,0,0,0,20
ON,3,1722,1981,0,0,0,18,0,0,0,19,0,0,0,0,0,0,24
ON,3,1722,1982,0,0,0,11,0,0,0,11,0,0,0,0,0,0,9
ON,3,1722,1983,0,0,0,29,0,0,0,36,0,0,0,0,0,0,0
ON,3,1722,1984,0,0,0,35,0,0,0,88,0,0,0,0,0,0,1
ON,3,1722,1985,0,0,0,61,0,2,0,59,0,0,0,0,0,0,0
ON,3,1722,1986,0,0,0,80,0,0,0,111,0,0,0,0,0,0,2
ON,3,1722,1987,0,0,0,17,1,0,0,34,0,0,0,0,0,0,0
ON,3,1722,1988,0,0,0,27,0,0,0,57,0,0,0,0,0,0,0
ON,3,1722,1989,1,0,0,64,0,2,0,166,0,0,0,0,0,0,3
ON,3,1722,1990,0,0,0,66,0,3,0,64,0,0,0,0,0,0,3
ON,3,1722,1991,0,0,0,54,0,0,0,31,0,0,0,0,0,0,4
ON,3,1722,1992,1,1,0,68,0,0,0,26,0,0,0,0,0,0,1
ON,3,1722,1993,0,0,0,69,0,0,0,56,0,0,0,0,0,0,5
ON,3,1722,1994,0,0,0,100,0,0,0,57,0,0,0,0,0,0,1
ON,3,1722,1995,1,0,0,67,0,1,0,28,0,0,0,0,0,0,2
ON,3,1722,1996,0,0,0,37,0,0,0,26,0,0,0,0,0,0,1
ON,3,1722,1997,0,0,0,53,0,0,0,22,0,0,0,0,0,0,0
ON,3,1722,1998,0,0,0,88,0,0,0,59,0,0,0,0,0,0,3
ON,3,1722,1999,0,0,0,76,0,0,0,21,0,0,0,0,0,0,5
ON,3,1722,2000,0,0,0,99,0,0,0,13,0,0,0,0,0,0,0
ON,3,1722,2001,0,0,0,114,0,0,0,38,0,0,0,0,0,0,1
ON,3,1722,2002,0,0,0,147,0,0,0,26,0,0,0,0,0,0,3
ON,3,1722,2003,0,0,0,149,0,0,0,62,0,0,0,0,0,0,8
ON,3,1722,2004,0,0,0,98,0,0,0,22,0,0,0,0,0,0,3
ON,3,1722,2005,0,0,0,102,0,0,0,43,0,0,0,0,0,0,1
ON,3,1722,2006,0,0,0,97,0,0,0,28,0,0,0,0,0,0,0
ON,3,1722,2007,0,0,0,146,0,0,0,58,0,0,1,0,0,0,3
ON,3,1722,2008,0,0,0,133,0,0,0,52,0,0,0,0,0,0,0
ON,3,1722,2009,0,0,10,89,0,0,7,76,0,4,0,0,0,0,0
ON,3,1722,2010,0,0,123,64,0,0,49,12,0,0,0,0,0,0,0
ON,3,1722,2011,0,0,27,166,0,0,24,62,0,0,0,0,0,0,1
ON,3,1722,2012,0,0,24,72,0,0,19,53,0,0,0,0,0,0,0
ON,3,1722,2013,0,0,30,68,0,0,10,47,0,0,0,0,0,0,0
ON,3,1722,2014,0,0,12,112,0,0,3,58,0,0,0,0,0,0,0
ON,3,1722,2015,0,0,1,199,0,0,0,88,0,0,0,0,0,0,0
ON,3,1722,2016,0,0,0,67,0,0,0,50,0,1,0,0,0,0,0
ON,3,1722,2017,0,0,2,118,0,0,0,83,0,0,0,0,0,0,1
ON,3,1722,2018,0,0,0,187,0,0,0,90,0,0,0,0,0,1,0
ON,3,1722,2019,0,0,8,209,0,0,0,152,0,0,0,0,0,0,0
ON,3,1722,2020,0,0,0,117,0,0,0,54,0,1,0,0,0,0,0
ON,3,1722,2021,0,0,0,157,0,0,0,94,0,0,0,0,0,0,0
ON,3,1722,2022,0,0,0,180,0,0,0,104,0,1,0,0,0,0,0
ON,3,1722,2023,0,0,0,161,0,0,0,96,0,0,0,0,0,0,0
ON,3,1722,2024,0,0,0,143,0,0,0,58,0,0,0,0,0,0,0
ON,3,1730,1981,0,0,0,0,0,0,0,1,0,0,0,0,0,0,0
ON,3,1730,1984,0,0,0,0,0,0,0,1,0,0,0,0,0,0,0
ON,3,1730,1988,0,0,0,0,0,0,0,1,0,0,0,0,0,0,0
ON,3,1730,2002,0,0,0,0,0,0,0,1,0,0,0,0,0,0,0
ON,3,1730,2008,0,0,0,1,0,0,0,0,0,0,0,0,0,0,0
ON,3,2210,2005,0,0,0,0,0,0,0,0,0,0,0,0,0,0,2
ON,3,2210,2007,0,0,0,0,0,0,0,0,0,0,0,0,0,0,1
ON,3,2210,2017,0,0,0,1,0,0,0,5,0,1,0,0,0,0,3
ON,3,2210,2018,0,0,0,2,0,0,0,7,0,0,0,0,0,0,0
ON,3,2210,2019,0,0,0,1,0,0,0,0,0,0,0,0,0,0,4
ON,3,2210,2021,0,0,0,0,0,0,0,0,0,0,0,0,0,0,1
ON,3,2280,1990,0,0,0,0,0,1,0,0,0,0,0,0,0,0,0
ON,3,2280,1994,0,0,0,0,1,0,0,0,0,0,0,0,0,0,0
ON,3,2280,1998,0,0,0,0,0,0,0,0,0,0,0,0,0,0,1
ON,3,2280,2000,0,0,0,0,0,0,0,0,0,0,0,0,1,0,0
ON,3,2280,2004,0,0,0,0,0,1,0,0,0,0,0,0,0,0,0
ON,3,2280,2006,0,1,0,0,0,1,0,0,0,0,0,0,0,0,0
ON,3,2280,2007,0,1,0,0,1,1,0,0,0,0,0,0,0,0,0
ON,3,2280,2008,2,2,0,0,0,1,0,0,0,0,0,0,0,0,0
ON,3,2280,2009,1,0,0,0,2,0,0,0,0,0,0,0,0,0,0
ON,3,2280,2010,7,6,0,0,6,4,0,0,0,0,0,0,0,0,0
ON,3,2280,2011,15,8,0,0,1,9,0,0,0,0,0,0,0,0,0
ON,3,2280,2012,7,4,0,1,0,3,0,1,0,0,0,0,0,0,0
ON,3,2280,2013,2,3,0,0,5,2,0,0,0,0,0,0,0,0,0
ON,3,2280,2014,5,7,0,0,4,11,0,0,0,0,0,0,0,0,0
ON,3,2280,2015,1,1,0,6,3,2,0,6,0,0,0,0,0,0,1
ON,3,2280,2016,8,6,0,0,4,5,0,0,0,0,0,0,0,0,0
ON,3,2280,2017,17,13,0,0,6,7,0,0,0,0,0,0,0,0,0
ON,3,2280,2018,6,1,0,0,7,3,0,0,0,0,0,0,0,0,0
ON,3,2280,2019,6,2,0,0,8,9,0,0,0,0,0,0,0,0,0
ON,3,2280,2020,8,4,0,0,3,5,0,0,0,0,0,0,0,0,0
ON,3,2280,2021,6,5,0,0,7,5,0,0,0,0,0,0,0,0,0
ON,3,2280,2022,12,6,0,0,1,4,0,0,0,0,0,0,0,0,0
ON,3,2280,2023,4,1,0,0,2,4,0,0,0,0,0,0,0,0,0
ON,3,2280,2024,9,3,0,0,4,5,0,0,0,0,0,0,0,0,0
ON,3,2300,2018,0,0,0,0,0,0,0,0,0,0,0,0,0,0,1
ON,3,2300,2019,0,0,0,0,0,0,0,0,0,0,0,0,0,0,1
ON,3,2300,2020,0,0,0,1,0,0,0,0,0,0,0,0,0,0,0
ON,3,2300,2022,0,0,0,0,0,0,0,1,0,0,0,0,0,0,0
ON,3,2300,2023,0,0,0,0,0,0,0,1,0,0,0,0,0,0,0
ON,3,2300,2024,0,0,0,0,0,0,0,1,0,0,0,0,0,0,0
ON,3,3160,2024,0,0,0,0,0,0,0,1,0,0,0,0,0,0,0
ON,NA,1290,1991,1,0,0,0,0,0,0,0,0,0,0,0,0,0,0
ON,NA,1310,1991,0,0,0,0,0,2,0,0,0,0,0,0,0,0,0
ON,NA,1320,1991,1,2,0,0,5,7,0,0,0,0,0,0,0,0,1
ON,NA,1330,1991,1,0,0,0,1,2,0,0,0,0,0,0,0,0,0
ON,NA,1390,1991,0,0,0,0,1,1,0,0,0,0,0,0,0,0,0
ON,NA,1400,1991,0,0,0,0,1,0,0,0,0,0,0,0,0,0,0
ON,NA,1440,1991,0,5,0,0,7,4,0,0,0,0,0,0,1,0,0
ON,NA,1460,1991,0,0,0,0,1,0,0,0,0,0,0,0,0,0,0
ON,NA,1490,1991,1,0,0,0,0,2,0,0,0,0,0,0,0,0,0
ON,NA,1500,1991,0,4,0,0,1,0,0,0,0,0,0,0,0,0,0
ON,NA,1510,1991,1,0,0,0,1,1,0,0,0,0,0,0,0,0,0
ON,NA,1722,1991,0,0,0,8,0,0,0,1,0,0,0,0,0,0,0
ON,NA,1730,1991,0,0,0,1,0,0,0,1,0,0,0,0,0,0,0
PE,1,1290,1977,0,0,0,0,0,0,0,2,0,0,0,0,0,0,0
PE,1,1290,1978,0,1,0,0,1,0,0,0,0,0,0,0,0,0,0
PE,1,1290,1979,0,0,0,0,0,0,0,1,0,0,0,0,0,0,4
PE,1,1290,1984,0,0,0,0,0,1,0,0,0,0,0,0,0,0,0
PE,1,1290,1986,1,0,0,0,0,0,0,0,0,0,0,0,0,0,0
PE,1,1290,1992,0,1,0,0,0,0,0,0,0,0,0,0,0,0,0
PE,1,1290,1995,0,2,0,0,0,0,0,3,0,0,0,0,0,0,0
PE,1,1290,1996,0,3,0,0,1,0,0,0,0,0,0,0,0,0,0
PE,1,1290,2000,0,0,0,0,0,1,0,0,0,0,0,0,0,0,0
PE,1,1290,2002,0,0,0,0,1,1,0,0,0,0,0,0,0,0,0
PE,1,1290,2004,1,2,0,0,0,0,0,0,0,0,0,0,0,0,0
PE,1,1290,2005,0,0,0,0,0,1,0,0,0,0,0,0,0,0,0
PE,1,1290,2006,0,0,0,0,1,1,0,0,0,0,0,0,0,0,0
PE,1,1290,2007,2,3,0,0,0,1,0,0,0,0,0,0,0,0,0
PE,1,1290,2008,0,2,0,0,0,0,0,0,0,0,0,0,0,0,0
PE,1,1290,2009,0,2,0,0,1,2,0,0,0,0,0,0,0,0,0
PE,1,1290,2011,0,0,0,0,0,2,0,0,0,0,0,0,0,0,0
PE,1,1290,2012,1,4,0,0,2,2,0,0,0,0,0,0,0,0,0
PE,1,1290,2013,1,5,0,0,0,1,0,0,0,0,0,0,0,0,0
PE,1,1290,2021,0,0,0,0,1,0,0,0,0,0,0,0,0,0,0
PE,1,1290,2024,1,0,0,0,0,0,0,0,0,0,0,0,0,0,0
PE,1,1300,1976,1,5,0,0,0,0,0,20,0,0,0,0,0,0,1
PE,1,1300,1977,1,0,0,0,0,0,0,2,0,0,0,0,0,0,0
PE,1,1300,1978,0,0,0,0,0,0,0,0,0,0,0,0,0,0,1
PE,1,1300,1979,0,1,0,0,0,0,0,2,0,0,0,0,0,0,1
PE,1,1300,1981,0,0,0,0,0,0,0,0,0,0,0,0,0,0,2
PE,1,1300,1982,0,1,0,0,0,0,0,1,0,0,0,0,0,0,0
PE,1,1300,1983,1,1,0,0,0,0,0,5,0,0,0,0,0,0,0
PE,1,1300,1984,1,1,0,0,3,1,0,0,0,0,0,0,0,0,0
PE,1,1300,1985,0,1,0,0,0,0,0,1,0,0,0,0,0,0,0
PE,1,1300,1988,1,0,0,0,0,0,0,0,0,0,0,0,0,0,0
PE,1,1300,1989,0,0,0,0,0,1,0,0,0,0,0,0,0,0,0
PE,1,1300,1990,0,0,0,0,1,0,0,0,0,0,0,0,0,0,0
PE,1,1300,1993,0,1,0,0,0,0,0,0,0,0,0,0,0,0,0
PE,1,1300,1994,1,0,0,0,1,1,0,2,0,0,0,0,0,0,0
PE,1,1300,1995,0,0,0,0,0,0,0,3,0,0,0,0,0,0,0
PE,1,1300,1996,0,0,0,0,0,0,0,3,0,0,0,0,0,0,0
PE,1,1300,2003,0,0,0,0,0,0,0,3,0,0,0,0,0,0,0
PE,1,1300,2011,0,0,0,0,0,1,0,0,0,0,0,0,0,0,0
PE,1,1300,2012,0,0,0,0,0,0,0,1,0,0,0,0,0,0,0
PE,1,1310,1977,0,1,0,0,0,0,0,0,0,0,0,0,0,0,0
PE,1,1310,1981,0,2,0,0,0,0,0,1,0,0,0,0,0,0,0
PE,1,1310,1984,0,0,0,0,2,0,0,0,0,0,0,0,0,0,0
PE,1,1310,1986,0,0,0,0,0,0,0,1,0,0,0,0,0,0,0
PE,1,1310,1988,0,0,0,0,0,1,0,0,0,0,0,0,0,0,0
PE,1,1310,1990,1,0,0,0,0,0,0,0,0,0,0,0,0,0,0
PE,1,1310,1991,0,0,0,0,0,3,0,0,0,0,0,0,0,0,0
PE,1,1310,1992,0,0,0,0,1,0,0,0,0,0,0,0,0,0,0
PE,1,1310,1995,1,0,0,0,0,0,0,0,0,0,0,0,0,0,0
PE,1,1310,2004,0,0,0,0,0,0,0,1,0,0,0,0,0,0,0
PE,1,1310,2008,0,1,0,0,0,0,0,2,0,0,0,0,0,0,0
PE,1,1310,2009,1,2,0,0,1,0,0,3,0,0,0,0,0,0,0
PE,1,1310,2012,0,1,0,0,0,0,0,1,0,0,0,0,0,0,0
PE,1,1310,2013,0,0,0,0,0,0,0,4,0,0,0,0,0,0,0
PE,1,1310,2024,0,0,0,0,0,0,0,2,0,0,0,0,0,0,0
PE,1,1320,1976,0,0,0,0,0,2,0,1,0,0,0,0,0,0,1
PE,1,1320,1977,0,1,0,0,1,0,0,0,0,0,0,0,0,0,2
PE,1,1320,1978,0,2,0,0,0,0,0,0,0,0,0,0,0,0,1
PE,1,1320,1979,1,0,0,0,1,3,0,0,0,0,0,0,0,0,0
PE,1,1320,1980,0,2,0,0,3,2,0,0,0,0,0,0,0,0,0
PE,1,1320,1981,0,2,0,0,1,4,0,0,0,0,0,0,0,0,10
PE,1,1320,1982,0,0,0,0,1,0,0,0,0,0,0,0,0,0,1
PE,1,1320,1983,0,0,0,0,1,3,0,1,0,0,0,0,0,0,1
PE,1,1320,1984,0,3,0,0,3,7,0,2,0,0,0,0,0,0,0
PE,1,1320,1985,1,5,0,0,0,1,0,0,0,0,0,0,0,0,0
PE,1,1320,1986,1,1,0,0,2,1,0,1,0,0,0,0,0,0,0
PE,1,1320,1987,1,1,0,0,0,6,0,0,0,0,0,0,1,0,0
PE,1,1320,1988,1,2,0,0,0,2,0,0,0,0,0,0,0,0,0
PE,1,1320,1989,0,0,0,0,2,4,0,0,0,0,0,0,0,0,1
PE,1,1320,1990,0,1,0,0,3,2,0,0,0,0,0,0,0,0,1
PE,1,1320,1991,0,0,0,0,3,2,0,0,0,0,0,0,0,0,0
PE,1,1320,1992,0,0,0,0,0,2,0,0,0,0,0,0,0,0,0
PE,1,1320,1993,0,0,0,0,5,1,0,0,0,0,0,0,0,0,0
PE,1,1320,1994,0,1,0,0,2,4,0,1,0,0,0,0,0,0,0
PE,1,1320,1995,1,1,0,0,5,1,0,0,0,0,0,0,0,0,0
PE,1,1320,1996,1,4,0,0,3,1,0,0,0,0,0,0,0,0,0
PE,1,1320,1997,1,0,0,0,1,1,0,0,0,0,0,0,0,0,0
PE,1,1320,1998,1,1,0,0,3,1,0,0,0,0,0,0,0,0,0
PE,1,1320,1999,0,1,0,0,3,1,0,0,0,0,0,0,0,0,0
PE,1,1320,2000,0,5,0,0,3,5,0,0,0,0,0,0,0,0,0
PE,1,1320,2001,0,1,0,0,1,0,0,0,0,0,0,0,0,0,0
PE,1,1320,2002,2,2,0,0,3,4,0,0,0,0,0,0,0,0,0
PE,1,1320,2003,1,1,0,0,1,2,0,0,0,0,0,0,0,0,0
PE,1,1320,2004,1,4,0,0,4,4,0,0,0,0,0,0,0,0,0
PE,1,1320,2005,3,4,0,0,6,6,0,1,0,0,0,0,0,0,0
PE,1,1320,2006,1,3,0,0,3,4,0,0,0,0,0,0,0,0,0
PE,1,1320,2007,1,3,0,2,4,11,0,0,0,0,0,0,0,0,0
PE,1,1320,2008,2,5,0,0,10,15,0,0,0,0,0,0,0,0,0
PE,1,1320,2009,2,3,0,0,4,3,0,0,0,0,0,0,0,0,0
PE,1,1320,2010,0,7,0,0,2,3,0,0,0,0,0,0,0,0,0
PE,1,1320,2011,0,1,0,0,3,4,0,0,0,0,0,0,0,0,0
PE,1,1320,2012,1,1,0,0,2,3,0,0,0,0,0,0,0,0,0
PE,1,1320,2013,1,0,0,0,1,3,0,0,0,0,0,0,0,0,0
PE,1,1320,2014,0,0,0,0,1,0,0,0,0,0,0,0,0,0,0
PE,1,1320,2015,0,1,0,0,2,4,0,1,0,0,0,1,0,0,0
PE,1,1320,2016,0,0,0,0,5,3,0,5,0,0,0,0,0,0,0
PE,1,1320,2017,3,8,0,0,0,2,0,0,0,0,0,0,0,0,0
PE,1,1320,2018,2,10,0,0,1,2,0,0,0,0,0,0,0,0,0
PE,1,1320,2019,0,2,0,0,2,7,0,3,0,0,0,0,0,0,0
PE,1,1320,2020,1,0,0,0,4,8,0,1,0,0,0,0,0,0,0
PE,1,1320,2021,1,2,0,0,1,2,0,1,0,0,0,0,0,0,0
PE,1,1320,2022,6,5,0,0,6,8,0,0,0,0,0,0,0,0,0
PE,1,1320,2023,0,1,0,0,2,4,0,0,0,0,0,0,0,0,0
PE,1,1321,1976,1,2,0,0,3,5,0,0,0,0,0,0,0,0,1
PE,1,1321,1977,0,0,0,0,2,0,0,0,0,0,0,0,0,0,0
PE,1,1321,1978,0,2,0,0,2,1,0,0,0,0,0,0,0,0,1
PE,1,1321,1979,0,0,0,0,0,1,0,2,0,0,0,0,0,0,1
PE,1,1321,1980,0,0,0,0,0,1,0,0,0,0,0,0,0,0,0
PE,1,1321,1981,0,0,0,0,0,0,0,0,0,0,0,0,0,0,1
PE,1,1321,1982,0,2,0,0,0,2,0,0,0,0,0,0,0,0,1
PE,1,1321,1983,0,2,0,0,3,2,0,1,0,0,0,0,0,0,0
PE,1,1321,1984,0,6,0,0,1,6,0,0,0,0,0,0,0,0,0
PE,1,1321,1985,1,5,0,0,1,2,0,0,0,0,0,0,0,0,0
PE,1,1321,1986,2,2,0,0,3,3,0,0,0,0,0,0,0,0,0
PE,1,1321,1987,0,1,0,0,0,4,0,1,0,0,0,0,0,0,0
PE,1,1321,1988,2,1,0,0,0,0,0,0,0,0,0,0,0,0,0
PE,1,1321,1989,0,1,0,0,0,2,0,0,0,0,0,0,0,0,0
PE,1,1321,1990,1,0,0,0,0,6,0,0,0,0,0,0,0,0,0
PE,1,1321,1991,0,1,0,0,0,4,0,0,0,0,0,0,0,0,0
PE,1,1321,1992,0,1,0,0,0,2,0,0,0,0,0,0,0,0,0
PE,1,1321,1993,0,0,0,0,0,1,0,0,0,0,0,0,0,0,0
PE,1,1321,1994,0,2,0,0,0,3,0,0,0,0,0,0,0,0,0
PE,1,1321,1995,0,0,0,0,0,1,0,0,0,0,0,0,0,0,0
PE,1,1321,1996,0,1,0,0,0,0,0,0,0,0,0,0,0,0,0
PE,1,1321,1997,0,0,0,0,0,2,0,0,0,0,0,0,0,0,0
PE,1,1321,1998,1,0,0,0,0,0,0,0,0,0,0,0,0,0,0
PE,1,1321,1999,1,1,0,0,1,0,0,0,0,0,0,0,0,0,0
PE,1,1321,2000,0,1,0,0,0,0,0,0,0,0,0,0,0,0,0
PE,1,1321,2002,0,0,0,0,1,3,0,0,0,0,0,0,0,0,0
PE,1,1321,2003,0,0,0,0,1,2,0,0,0,0,0,0,0,0,0
PE,1,1321,2004,0,4,0,0,3,0,0,0,0,0,0,0,0,0,0
PE,1,1321,2005,0,1,0,0,1,0,0,0,0,0,0,0,0,0,0
PE,1,1321,2006,0,2,0,0,1,1,0,0,0,0,0,0,0,0,0
PE,1,1321,2007,0,3,0,0,2,8,0,0,0,0,0,0,0,0,0
PE,1,1321,2008,1,3,0,0,2,1,0,0,0,0,0,0,0,0,0
PE,1,1321,2009,1,6,0,0,2,3,0,0,0,0,0,0,0,0,0
PE,1,1321,2010,0,3,0,0,1,1,0,0,0,0,0,0,0,0,0
PE,1,1321,2011,0,1,0,0,0,0,0,0,0,0,0,0,0,0,0
PE,1,1321,2012,0,3,0,0,1,3,0,0,0,0,0,0,0,0,0
PE,1,1321,2013,0,2,0,0,1,1,0,0,0,0,0,0,0,0,0
PE,1,1321,2014,0,1,0,0,0,0,0,0,0,0,0,0,0,0,0
PE,1,1321,2015,0,0,0,0,1,0,0,0,0,0,0,0,0,0,0
PE,1,1321,2016,0,0,0,0,1,0,0,0,0,0,0,0,0,0,0
PE,1,1321,2019,1,1,0,0,0,1,0,0,0,0,0,0,0,0,0
PE,1,1321,2020,0,0,0,0,0,1,0,0,0,0,0,0,0,0,0
PE,1,1321,2022,2,2,0,0,0,0,0,0,0,0,0,0,0,0,0
PE,1,1321,2023,0,0,0,0,0,1,0,0,0,0,0,0,0,0,0
PE,1,1321,2024,0,1,0,0,0,0,0,0,0,0,0,0,0,0,0
PE,1,1330,1976,9,20,0,0,80,96,0,0,0,0,0,0,0,0,51
PE,1,1330,1977,13,20,0,0,64,71,0,1,0,0,0,1,0,0,86
PE,1,1330,1978,20,26,0,2,90,102,0,1,0,0,0,0,1,0,36
PE,1,1330,1979,11,13,0,0,46,66,0,3,0,0,0,4,0,0,29
PE,1,1330,1980,12,23,0,1,49,98,0,2,0,0,0,1,0,0,34
PE,1,1330,1981,15,19,0,0,53,82,0,1,0,0,0,3,2,0,51
PE,1,1330,1982,12,21,0,0,54,66,0,2,0,0,0,1,0,0,54
PE,1,1330,1983,15,30,0,1,91,95,0,11,0,0,0,0,1,0,4
PE,1,1330,1984,22,44,0,1,122,149,0,10,0,0,0,0,0,0,4
PE,1,1330,1985,10,24,0,0,67,71,0,0,0,0,0,2,0,0,0
PE,1,1330,1986,10,16,0,1,51,67,0,6,0,0,0,0,3,0,4
PE,1,1330,1987,8,10,0,0,38,54,0,2,0,0,0,0,0,0,6
PE,1,1330,1988,9,11,0,0,56,63,0,0,0,0,0,0,1,0,0
PE,1,1330,1989,6,7,0,1,28,26,0,0,0,0,0,0,0,0,0
PE,1,1330,1990,20,28,0,1,38,34,0,1,0,0,0,0,0,0,1
PE,1,1330,1991,13,5,0,0,17,31,0,0,0,0,0,0,0,0,1
PE,1,1330,1992,9,18,0,1,33,28,0,0,0,0,0,0,0,0,0
PE,1,1330,1993,8,7,0,0,22,21,0,1,0,0,0,0,1,0,2
PE,1,1330,1994,3,8,0,0,28,54,0,1,0,0,0,0,0,0,0
PE,1,1330,1995,6,11,0,1,64,42,0,0,0,0,0,0,0,0,1
PE,1,1330,1996,6,9,0,0,23,32,0,0,0,0,0,1,1,0,0
PE,1,1330,1997,7,3,0,0,15,23,0,0,0,0,0,0,0,0,2
PE,1,1330,1998,5,10,0,0,9,14,0,0,0,0,0,0,0,0,0
PE,1,1330,1999,10,16,0,0,24,18,0,0,0,0,0,0,0,0,0
PE,1,1330,2000,12,15,0,0,22,24,0,0,0,0,0,0,0,0,0
PE,1,1330,2001,2,3,0,0,7,4,0,0,0,0,0,0,1,0,0
PE,1,1330,2002,2,7,0,0,10,18,0,0,0,0,0,0,0,0,0
PE,1,1330,2003,2,6,0,0,25,23,0,1,0,0,0,0,0,0,0
PE,1,1330,2004,13,18,0,0,26,26,0,1,0,0,0,0,0,0,0
PE,1,1330,2005,2,9,0,0,14,23,0,0,0,0,0,0,0,0,0
PE,1,1330,2006,3,9,0,0,12,21,0,3,0,0,0,1,0,0,0
PE,1,1330,2007,7,9,0,1,31,34,0,1,0,0,0,0,0,0,0
PE,1,1330,2008,13,18,0,0,32,33,0,0,0,0,0,0,0,0,0
PE,1,1330,2009,6,16,0,0,22,25,0,0,0,0,0,0,0,0,0
PE,1,1330,2010,5,6,0,0,8,13,0,2,0,0,0,0,0,0,0
PE,1,1330,2011,4,4,0,0,5,0,0,0,0,0,0,0,0,0,0
PE,1,1330,2012,8,5,0,0,19,12,0,0,0,0,0,0,0,0,0
PE,1,1330,2013,10,13,0,1,20,13,0,0,0,0,0,0,0,0,0
PE,1,1330,2014,2,4,0,0,1,0,0,0,0,0,0,0,0,0,0
PE,1,1330,2015,0,1,0,0,8,10,0,0,0,0,0,0,0,0,0
PE,1,1330,2016,6,9,0,0,13,13,0,1,0,0,0,0,0,0,2
PE,1,1330,2017,4,4,0,0,11,0,0,0,0,0,0,0,0,0,0
PE,1,1330,2018,2,2,0,0,9,7,0,0,0,0,0,0,0,0,0
PE,1,1330,2019,1,1,0,0,12,11,0,1,0,0,0,0,0,0,1
PE,1,1330,2020,0,1,0,0,3,9,0,2,0,0,0,0,0,0,0
PE,1,1330,2021,0,6,0,0,6,7,0,0,0,0,0,0,0,0,0
PE,1,1330,2022,4,7,0,0,21,14,0,0,0,0,0,0,0,0,0
PE,1,1330,2023,0,3,0,0,6,8,0,0,0,0,0,0,0,0,0
PE,1,1330,2024,5,3,0,0,3,16,0,0,0,0,0,0,0,0,0
PE,1,1350,1981,0,0,0,0,1,0,0,0,0,0,0,0,0,0,0
PE,1,1350,1984,0,0,0,0,1,2,0,0,0,0,0,0,0,0,0
PE,1,1350,1985,0,0,0,0,0,0,0,0,0,0,0,0,0,0,1
PE,1,1350,1988,0,0,0,0,1,1,0,0,0,0,0,0,0,0,0
PE,1,1350,1989,0,0,0,0,2,1,0,0,0,0,0,0,0,0,0
PE,1,1350,1990,0,0,0,0,2,1,0,0,0,0,0,0,0,0,0
PE,1,1350,1991,0,0,0,0,0,1,0,0,0,0,0,0,0,0,0
PE,1,1350,1995,1,0,0,0,2,1,0,0,0,0,0,0,0,0,0
PE,1,1350,1996,0,0,0,0,1,0,0,0,0,0,0,0,0,0,0
PE,1,1350,1997,0,0,0,0,0,1,0,0,0,0,0,0,0,0,0
PE,1,1350,1998,0,0,0,0,0,1,0,0,0,0,0,0,0,0,0
PE,1,1350,2000,0,0,0,0,3,3,0,0,0,0,0,0,0,0,0
PE,1,1350,2002,0,0,0,0,4,1,0,0,0,0,0,0,0,0,0
PE,1,1350,2005,0,0,0,0,1,0,0,0,0,0,0,0,0,0,0
PE,1,1350,2006,0,0,0,0,1,1,0,0,0,0,0,0,0,0,0
PE,1,1350,2007,0,1,0,0,4,3,0,0,0,0,0,0,0,0,0
PE,1,1350,2008,0,2,0,0,1,2,0,0,0,0,0,0,0,0,0
PE,1,1350,2009,1,0,0,0,0,0,0,0,0,0,0,0,0,0,0
PE,1,1350,2010,0,0,0,0,1,0,0,0,0,0,0,0,0,0,0
PE,1,1350,2011,0,1,0,0,1,1,0,0,0,0,0,0,0,0,0
PE,1,1350,2012,0,0,0,0,1,1,0,0,0,0,0,0,0,0,0
PE,1,1350,2016,0,0,0,0,0,1,0,0,0,0,0,0,0,0,0
PE,1,1350,2017,0,0,0,0,0,1,0,0,0,0,0,0,0,0,0
PE,1,1350,2018,0,3,0,0,0,0,0,0,0,0,0,0,0,0,0
PE,1,1350,2021,0,0,0,0,0,1,0,0,0,0,0,0,0,0,0
PE,1,1350,2022,0,0,0,0,1,0,0,0,0,0,0,0,0,0,0
PE,1,1350,2023,0,0,0,0,0,2,0,0,0,0,0,0,0,0,0
PE,1,1350,2024,0,0,0,0,0,1,0,0,0,0,0,0,0,0,0
PE,1,1360,2007,0,1,0,0,0,0,0,0,0,0,0,0,0,0,0
PE,1,1370,1976,0,0,0,0,2,0,0,0,0,0,0,0,0,0,0
PE,1,1370,1977,0,1,0,0,2,0,0,0,0,0,0,0,0,0,0
PE,1,1370,1978,0,0,0,0,3,2,0,0,0,0,0,0,0,0,1
PE,1,1370,1979,1,0,0,0,4,0,0,0,0,0,0,0,0,0,0
PE,1,1370,1980,0,0,0,0,2,2,0,0,0,0,0,0,0,0,1
PE,1,1370,1981,0,0,0,0,3,1,0,0,0,0,0,0,0,0,1
PE,1,1370,1982,0,0,0,0,3,1,0,0,0,0,0,1,0,0,0
PE,1,1370,1983,1,0,0,0,2,1,0,0,0,0,0,0,0,0,0
PE,1,1370,1984,0,0,0,0,4,3,0,0,0,0,0,0,0,0,0
PE,1,1370,1986,0,1,0,0,0,2,0,0,0,0,0,0,0,0,0
PE,1,1370,1987,0,1,0,0,1,5,0,0,0,0,0,0,0,0,0
PE,1,1370,1988,0,0,0,0,1,1,0,0,0,0,0,0,0,0,0
PE,1,1370,1989,1,0,0,0,3,4,0,0,0,0,0,0,0,0,0
PE,1,1370,1990,1,1,0,0,1,0,0,0,0,0,0,0,0,0,1
PE,1,1370,1991,1,0,0,0,1,2,0,0,0,0,0,0,0,0,0
PE,1,1370,1992,1,1,0,0,5,2,0,0,0,0,0,0,0,0,0
PE,1,1370,1993,0,0,0,0,1,2,0,0,0,0,0,0,0,0,0
PE,1,1370,1994,0,0,0,0,2,1,0,0,0,0,0,0,0,0,0
PE,1,1370,1995,0,0,0,0,0,1,0,0,0,0,0,0,0,0,0
PE,1,1370,1996,0,0,0,0,2,1,0,0,0,0,0,0,0,0,0
PE,1,1370,1997,0,0,0,0,0,2,0,0,0,0,0,0,0,0,0
PE,1,1370,1998,0,0,0,0,0,1,0,0,0,0,0,0,0,0,0
PE,1,1370,1999,0,1,0,0,0,2,0,0,0,0,0,0,0,0,0
PE,1,1370,2000,1,0,0,0,5,2,0,0,0,0,0,0,0,0,0
PE,1,1370,2001,0,0,0,0,2,3,0,0,0,0,0,0,0,0,0
PE,1,1370,2004,0,1,0,0,1,1,0,0,0,0,0,0,0,0,0
PE,1,1370,2006,0,0,0,0,0,1,0,0,0,0,0,0,0,0,0
PE,1,1370,2008,1,0,0,0,0,1,0,0,0,0,0,0,0,0,0
PE,1,1370,2009,0,0,0,0,1,1,0,0,0,0,0,0,0,0,0
PE,1,1370,2010,1,0,0,0,1,0,0,0,0,0,0,0,0,0,0
PE,1,1370,2011,0,0,0,0,2,1,0,0,0,0,0,0,0,0,0
PE,1,1370,2012,1,2,0,0,2,1,0,0,0,0,0,0,0,0,0
PE,1,1370,2015,0,0,0,0,2,0,0,0,0,0,0,0,0,0,0
PE,1,1370,2016,0,0,0,0,0,1,0,0,0,0,0,0,0,0,0
PE,1,1370,2017,1,0,0,0,0,0,0,0,0,0,0,0,0,0,0
PE,1,1370,2018,0,1,0,0,0,0,0,0,0,0,0,0,0,0,0
PE,1,1370,2021,0,0,0,0,0,1,0,0,0,0,0,0,0,0,0
PE,1,1370,2022,0,0,0,0,0,1,0,0,0,0,0,0,0,0,0
PE,1,1370,2023,1,0,0,0,0,0,0,0,0,0,0,0,0,0,0
PE,1,1390,1976,9,10,0,0,46,19,0,2,0,0,0,1,2,0,35
PE,1,1390,1977,8,5,0,0,24,34,0,0,0,0,0,2,1,0,42
PE,1,1390,1978,6,7,0,0,30,33,0,0,0,0,0,2,3,0,18
PE,1,1390,1979,10,9,0,0,32,25,0,5,0,0,0,3,2,0,22
PE,1,1390,1980,4,5,0,0,34,30,0,2,0,0,0,2,2,0,19
PE,1,1390,1981,8,8,0,0,33,35,0,3,0,0,0,2,0,0,28
PE,1,1390,1982,9,5,0,0,29,18,0,0,0,0,0,4,2,0,23
PE,1,1390,1983,6,5,0,0,28,30,0,2,0,0,0,2,1,0,3
PE,1,1390,1984,10,5,0,0,56,43,0,4,0,0,0,1,1,0,4
PE,1,1390,1985,11,4,0,0,32,28,0,2,0,0,0,1,1,0,4
PE,1,1390,1986,4,4,0,0,18,31,0,4,0,0,0,0,1,0,3
PE,1,1390,1987,3,3,0,0,15,14,0,2,0,0,0,1,0,0,5
PE,1,1390,1988,7,9,0,0,23,23,0,0,0,0,0,1,0,0,5
PE,1,1390,1989,2,5,0,0,38,31,0,0,0,0,0,1,2,0,3
PE,1,1390,1990,4,4,0,0,30,20,0,0,0,0,0,0,1,0,2
PE,1,1390,1991,2,1,0,0,8,11,0,0,0,0,0,1,1,0,0
PE,1,1390,1992,12,10,0,0,11,9,0,1,0,0,0,0,0,0,0
PE,1,1390,1993,1,5,0,0,27,21,0,0,0,0,0,0,0,0,2
PE,1,1390,1994,6,6,0,0,16,12,0,0,0,0,0,1,0,0,0
PE,1,1390,1995,8,7,0,0,25,37,0,1,0,0,0,0,0,0,1
PE,1,1390,1996,1,8,0,0,8,7,0,0,0,0,0,0,0,0,0
PE,1,1390,1997,0,0,0,0,8,4,0,0,0,0,0,0,1,0,2
PE,1,1390,1998,1,4,0,0,3,6,0,1,0,0,0,0,0,0,1
PE,1,1390,1999,4,0,0,0,12,9,0,0,0,0,0,0,0,0,1
PE,1,1390,2000,3,4,0,0,5,6,0,0,0,0,0,0,0,0,0
PE,1,1390,2001,1,1,0,0,2,3,0,2,0,0,0,0,0,0,0
PE,1,1390,2002,3,8,0,0,10,12,0,3,0,0,0,0,1,0,0
PE,1,1390,2003,0,0,0,0,26,14,0,1,0,0,0,0,0,0,0
PE,1,1390,2004,8,5,0,0,17,16,0,1,0,0,0,0,1,0,0
PE,1,1390,2005,2,5,0,0,9,6,0,1,0,0,0,0,2,0,0
PE,1,1390,2006,6,4,0,0,12,14,0,0,0,0,0,0,0,0,1
PE,1,1390,2007,0,2,0,0,9,8,0,0,0,0,0,0,1,0,2
PE,1,1390,2008,3,3,0,0,11,10,0,0,0,0,0,0,0,0,0
PE,1,1390,2009,1,4,0,0,6,9,0,0,0,0,0,0,0,0,0
PE,1,1390,2010,1,0,0,0,7,4,0,0,0,0,0,0,0,0,0
PE,1,1390,2011,0,2,0,0,1,1,0,0,0,0,0,0,0,0,0
PE,1,1390,2012,0,1,0,0,11,6,0,2,0,0,0,0,0,0,3
PE,1,1390,2013,2,1,0,0,1,1,0,0,0,0,0,0,0,0,0
PE,1,1390,2015,0,0,0,0,6,6,0,0,0,0,0,0,0,0,0
PE,1,1390,2016,0,2,0,0,2,2,0,0,0,0,0,0,0,0,0
PE,1,1390,2017,2,0,0,0,0,2,0,0,0,0,0,0,0,0,0
PE,1,1390,2018,0,0,0,1,5,4,0,0,0,0,0,0,0,0,0
PE,1,1390,2019,0,0,0,0,0,1,0,0,0,0,0,0,0,0,0
PE,1,1390,2020,0,1,0,0,1,2,0,0,0,0,0,0,0,0,0
PE,1,1390,2021,0,1,0,0,1,0,0,0,0,0,0,0,0,0,0
PE,1,1390,2022,1,4,0,0,4,6,0,0,0,0,0,0,0,0,0
PE,1,1390,2023,0,0,0,0,2,0,0,0,0,0,0,0,0,0,0
PE,1,1390,2024,0,0,0,0,0,2,0,0,0,0,0,1,0,0,0
PE,1,1400,1976,4,2,0,0,9,5,0,0,0,0,0,0,1,0,7
PE,1,1400,1977,2,0,0,0,6,4,0,0,0,0,0,0,0,0,4
PE,1,1400,1978,0,0,0,0,11,6,0,0,0,0,0,0,0,0,7
PE,1,1400,1979,1,2,0,0,7,9,0,0,0,0,0,1,0,0,1
PE,1,1400,1980,0,0,0,0,3,1,0,0,0,0,0,1,0,0,1
PE,1,1400,1981,2,0,0,0,3,3,0,0,0,0,0,1,2,0,2
PE,1,1400,1982,0,0,0,0,1,1,0,0,0,0,0,0,0,0,4
PE,1,1400,1983,2,3,0,0,17,8,0,0,0,0,0,2,1,0,1
PE,1,1400,1984,2,6,0,0,19,16,0,0,0,0,0,1,2,0,0
PE,1,1400,1985,2,1,0,0,4,3,0,0,0,0,0,1,0,0,0
PE,1,1400,1986,1,0,0,0,4,5,0,0,0,0,0,0,1,0,0
PE,1,1400,1987,0,0,0,0,3,1,0,0,0,0,0,2,0,0,1
PE,1,1400,1988,1,1,0,0,5,1,0,0,0,0,0,0,0,0,0
PE,1,1400,1989,1,0,0,0,9,1,0,0,0,0,0,0,0,0,0
PE,1,1400,1990,0,2,0,0,10,8,0,0,0,0,0,0,2,0,0
PE,1,1400,1991,1,0,0,0,2,1,0,0,0,0,0,0,0,0,0
PE,1,1400,1992,0,1,0,0,2,0,0,0,0,0,0,0,0,0,0
PE,1,1400,1993,0,0,0,0,5,4,0,0,0,0,0,0,0,0,0
PE,1,1400,1994,1,1,0,0,4,3,0,0,0,0,0,0,0,0,0
PE,1,1400,1995,2,0,0,0,11,8,0,0,0,0,0,0,0,0,0
PE,1,1400,1996,0,1,0,0,2,3,0,0,0,0,0,0,0,0,0
PE,1,1400,1997,0,2,0,0,5,9,0,0,0,0,0,0,0,0,0
PE,1,1400,1999,1,1,0,0,2,0,0,0,0,0,0,0,0,0,0
PE,1,1400,2000,0,2,0,0,0,2,0,0,0,0,0,0,0,0,0
PE,1,1400,2001,0,1,0,0,1,0,0,0,0,0,0,1,0,0,0
PE,1,1400,2002,0,1,0,0,1,1,0,0,0,0,0,0,0,0,0
PE,1,1400,2003,0,0,0,0,1,0,0,0,0,0,0,0,0,0,0
PE,1,1400,2004,1,0,0,0,2,3,0,0,0,0,0,1,0,0,0
PE,1,1400,2005,0,1,0,0,7,3,0,0,0,0,0,0,0,0,0
PE,1,1400,2006,0,1,0,0,0,2,0,0,0,0,0,0,0,0,0
PE,1,1400,2007,0,0,0,0,1,1,0,0,0,0,0,0,0,0,0
PE,1,1400,2008,0,0,0,0,2,1,0,0,0,0,0,0,0,0,0
PE,1,1400,2009,0,0,0,0,3,2,0,0,0,0,0,0,0,0,0
PE,1,1400,2010,0,1,0,0,1,2,0,0,0,0,0,0,0,0,0
PE,1,1400,2011,0,1,0,0,0,0,0,0,0,0,0,0,0,0,0
PE,1,1400,2012,0,0,0,0,0,1,0,0,0,0,0,0,0,0,0
PE,1,1400,2013,0,0,0,0,2,1,0,0,0,0,0,0,0,0,0
PE,1,1400,2015,0,0,0,0,1,0,0,0,0,0,0,0,0,0,0
PE,1,1400,2018,0,0,0,0,1,1,0,0,0,0,0,0,0,0,0
PE,1,1400,2019,3,1,0,0,4,1,0,0,0,0,0,0,0,0,0
PE,1,1400,2022,0,0,0,0,1,2,0,0,0,0,0,0,0,0,0
PE,1,1420,1987,0,0,0,0,0,2,0,0,0,0,0,0,0,0,0
PE,1,1420,1988,0,0,0,0,0,1,0,0,0,0,0,0,0,0,0
PE,1,1420,1989,0,0,0,0,0,1,0,0,0,0,0,0,0,0,0
PE,1,1420,1994,0,0,0,0,0,1,0,0,0,0,0,0,0,0,0
PE,1,1420,2002,0,0,0,0,0,1,0,0,0,0,0,0,0,0,0
PE,1,1420,2015,0,0,0,0,0,1,0,0,0,0,0,0,0,0,0
PE,1,1430,1976,0,0,0,0,4,2,0,0,0,0,0,2,0,0,3
PE,1,1430,1977,0,1,0,0,12,7,0,0,0,0,0,0,0,0,6
PE,1,1430,1978,0,0,0,0,6,2,0,0,0,0,0,0,1,0,1
PE,1,1430,1979,0,1,0,0,3,6,0,0,0,0,0,0,0,0,1
PE,1,1430,1980,0,0,0,0,3,3,0,0,0,0,0,0,0,0,0
PE,1,1430,1981,0,0,0,0,4,6,0,1,0,0,0,0,0,0,1
PE,1,1430,1982,1,3,0,0,3,6,0,1,0,0,0,0,0,0,5
PE,1,1430,1983,0,1,0,0,5,3,0,0,0,0,0,0,0,0,0
PE,1,1430,1984,2,0,0,0,15,5,0,0,0,0,0,0,0,0,0
PE,1,1430,1985,0,0,0,0,6,3,0,0,0,0,0,0,0,0,0
PE,1,1430,1986,1,1,0,0,1,2,0,0,0,0,0,0,0,0,0
PE,1,1430,1987,1,0,0,0,2,3,0,0,0,0,0,0,0,0,0
PE,1,1430,1988,0,1,0,0,3,6,0,0,0,0,0,0,0,0,0
PE,1,1430,1989,0,0,0,0,7,2,0,0,0,0,0,0,0,0,0
PE,1,1430,1990,2,1,0,0,2,1,0,0,0,0,0,0,0,0,0
PE,1,1430,1991,0,0,0,0,1,2,0,0,0,0,0,0,0,0,0
PE,1,1430,1992,0,0,0,0,4,6,0,0,0,0,0,0,0,0,0
PE,1,1430,1993,2,0,0,0,3,4,0,0,0,0,0,0,0,0,0
PE,1,1430,1994,0,0,0,0,2,7,0,0,0,0,0,0,0,0,0
PE,1,1430,1995,1,0,0,0,1,3,0,0,0,0,0,0,0,0,0
PE,1,1430,1996,0,1,0,0,1,1,0,0,0,0,0,0,0,0,0
PE,1,1430,1997,0,0,0,0,0,1,0,0,0,0,0,0,0,0,0
PE,1,1430,1999,0,0,0,0,1,3,0,0,0,0,0,0,0,0,0
PE,1,1430,2000,0,1,0,0,1,2,0,0,0,0,0,0,0,0,0
PE,1,1430,2002,0,0,0,0,1,0,0,0,0,0,0,0,0,0,0
PE,1,1430,2003,0,0,0,0,1,1,0,0,0,0,0,0,0,0,0
PE,1,1430,2004,0,0,0,0,2,5,0,0,0,0,0,0,0,0,0
PE,1,1430,2005,0,0,0,0,1,0,0,0,0,0,0,0,0,0,1
PE,1,1430,2006,0,1,0,0,3,2,0,0,0,0,0,0,0,0,0
PE,1,1430,2007,0,1,0,0,3,3,0,0,0,0,0,0,0,0,0
PE,1,1430,2008,1,0,0,0,2,3,0,0,0,0,0,0,0,0,0
PE,1,1430,2009,1,0,0,0,2,1,0,0,0,0,0,0,0,0,0
PE,1,1430,2010,1,1,0,0,4,1,0,0,0,0,0,0,0,0,0
PE,1,1430,2012,0,0,0,0,1,3,0,0,0,0,0,0,0,0,0
PE,1,1430,2013,0,0,0,0,1,4,0,0,0,0,0,0,0,0,0
PE,1,1430,2015,0,0,0,0,1,1,0,0,0,0,0,0,0,0,0
PE,1,1430,2024,1,0,0,0,1,0,0,0,0,0,0,0,0,0,0
PE,1,1440,1977,0,1,0,0,0,0,0,0,0,0,0,0,0,0,0
PE,1,1440,1978,0,1,0,0,0,0,0,0,0,0,0,0,0,0,0
PE,1,1440,1981,0,0,0,0,0,1,0,0,0,0,0,0,0,0,1
PE,1,1440,1982,0,0,0,0,0,0,0,0,0,0,0,1,0,0,0
PE,1,1440,1989,0,0,0,0,0,1,0,0,0,0,0,0,0,0,0
PE,1,1440,1991,0,0,0,0,2,0,0,0,0,0,0,0,0,0,0
PE,1,1440,1993,0,1,0,0,0,0,0,0,0,0,0,0,0,0,0
PE,1,1440,1995,0,0,0,0,1,1,0,0,0,0,0,0,0,0,0
PE,1,1440,1997,0,3,0,0,0,0,0,0,0,0,0,0,0,0,0
PE,1,1440,1999,0,2,0,0,0,0,0,0,0,0,0,0,0,0,0
PE,1,1440,2000,0,1,0,0,0,1,0,0,0,0,0,0,0,0,0
PE,1,1440,2001,0,1,0,0,0,0,0,0,0,0,0,0,0,0,0
PE,1,1440,2002,0,0,0,0,1,0,0,0,0,0,0,0,0,0,0
PE,1,1440,2004,0,0,0,0,0,1,0,0,0,0,0,0,1,0,0
PE,1,1440,2005,0,0,0,0,1,0,0,0,0,0,0,0,0,0,0
PE,1,1440,2006,0,1,0,0,0,1,0,0,0,0,0,0,0,0,0
PE,1,1440,2007,0,1,0,0,0,0,0,0,0,0,0,0,0,0,1
PE,1,1440,2015,1,0,0,0,0,0,0,0,0,0,0,0,0,0,0
PE,1,1440,2016,0,0,0,0,0,1,0,0,0,0,0,0,0,0,0
PE,1,1440,2017,0,1,0,0,0,0,0,0,0,0,0,0,0,0,0
PE,1,1440,2019,0,0,0,0,0,1,0,0,0,0,0,0,0,0,0
PE,1,1440,2022,0,1,0,0,0,0,0,0,0,0,0,0,0,0,0
PE,1,1480,1977,1,0,0,0,2,0,0,0,0,0,0,0,0,0,0
PE,1,1480,1980,1,1,0,0,0,0,0,0,0,0,0,0,0,0,0
PE,1,1480,1982,0,0,0,0,0,0,0,0,0,0,0,0,0,0,1
PE,1,1480,1984,0,1,0,0,0,0,0,0,0,0,0,0,0,0,0
PE,1,1480,1985,0,0,0,0,0,2,0,0,0,0,0,0,0,0,0
PE,1,1480,1986,0,0,0,0,0,1,0,0,0,0,0,0,0,0,1
PE,1,1480,1989,0,0,0,0,1,0,0,0,0,0,0,0,0,0,0
PE,1,1480,1990,1,0,0,0,0,0,0,0,0,0,0,0,0,0,0
PE,1,1480,1993,0,0,0,0,1,0,0,0,0,0,0,0,0,0,0
PE,1,1480,1995,0,0,0,0,1,0,0,0,0,0,0,0,0,0,0
PE,1,1480,1996,0,1,0,0,0,0,0,0,0,0,0,0,0,0,0
PE,1,1480,1997,0,0,0,0,0,1,0,0,0,0,0,0,0,0,0
PE,1,1480,1998,0,0,0,0,1,0,0,0,0,0,0,0,0,0,0
PE,1,1480,2002,1,0,0,0,0,0,0,0,0,0,0,0,0,0,0
PE,1,1480,2003,0,0,0,0,1,3,0,0,0,0,0,0,0,0,0
PE,1,1480,2004,0,0,0,0,0,1,0,0,0,0,0,0,0,0,0
PE,1,1480,2006,1,0,0,0,1,0,0,0,0,0,0,0,0,0,0
PE,1,1480,2007,0,0,0,0,0,0,0,0,0,0,0,1,0,0,0
PE,1,1480,2008,0,0,0,0,0,1,0,0,0,0,0,0,0,0,0
PE,1,1480,2013,0,1,0,0,0,0,0,0,0,0,0,0,0,0,0
PE,1,1480,2024,0,1,0,0,0,0,0,0,0,0,0,0,0,0,0
PE,1,1490,1976,0,0,0,0,2,0,0,0,0,0,0,0,0,0,0
PE,1,1490,1977,0,0,0,0,0,0,0,0,0,0,0,0,0,0,1
PE,1,1490,1978,0,0,0,0,0,0,0,0,0,0,0,0,0,0,1
PE,1,1490,1980,0,0,0,0,0,1,0,0,0,0,0,0,0,0,0
PE,1,1490,1983,0,0,0,0,0,1,0,0,0,0,0,0,0,0,0
PE,1,1490,1984,0,0,0,0,1,0,0,0,0,0,0,0,0,0,0
PE,1,1490,1987,0,0,0,0,0,2,0,0,0,0,0,0,0,0,0
PE,1,1490,1988,0,0,0,0,1,0,0,0,0,0,0,0,0,0,0
PE,1,1490,1989,0,0,0,0,1,0,0,0,0,0,0,0,0,0,0
PE,1,1490,1990,0,0,0,0,0,1,0,0,0,0,0,0,0,0,0
PE,1,1490,1994,0,0,0,0,1,0,0,0,0,0,0,0,0,0,0
PE,1,1490,2002,2,1,0,0,2,0,0,0,0,0,0,0,0,0,0
PE,1,1490,2003,1,0,0,0,0,1,0,0,0,0,0,0,0,0,0
PE,1,1490,2005,0,0,0,0,2,1,0,0,0,0,0,0,0,0,0
PE,1,1490,2007,0,0,0,0,1,0,0,0,0,0,0,0,0,0,0
PE,1,1490,2008,0,0,0,0,1,0,0,0,0,0,0,0,0,0,0
PE,1,1490,2009,0,0,0,0,1,0,0,0,0,0,0,0,0,0,0
PE,1,1490,2011,1,0,0,0,0,0,0,0,0,0,0,0,0,0,0
PE,1,1490,2012,1,0,0,0,2,3,0,0,0,0,0,0,0,0,0
PE,1,1490,2013,1,0,0,0,7,2,0,0,0,0,0,0,0,0,0
PE,1,1490,2019,0,1,0,0,0,0,0,0,0,0,0,0,0,0,0
PE,1,1500,1976,1,0,0,0,4,2,0,0,0,0,0,0,0,0,1
PE,1,1500,1977,1,0,0,0,6,2,0,0,0,0,0,0,0,0,1
PE,1,1500,1978,0,0,0,0,3,2,0,0,0,0,0,0,0,0,3
PE,1,1500,1979,0,0,0,0,2,0,0,0,0,0,0,0,0,0,2
PE,1,1500,1980,0,0,0,0,1,1,0,0,0,0,0,0,0,0,0
PE,1,1500,1981,0,0,0,0,1,0,0,1,0,0,0,0,0,0,1
PE,1,1500,1982,0,0,0,0,3,2,0,0,0,0,0,0,0,0,1
PE,1,1500,1983,1,0,0,0,1,0,0,10,0,0,0,0,0,0,2
PE,1,1500,1984,1,1,0,0,7,10,0,1,0,0,0,0,0,0,1
PE,1,1500,1985,1,0,0,0,4,2,0,0,0,0,0,0,0,0,0
PE,1,1500,1986,0,0,0,0,3,2,0,0,0,0,0,0,0,0,0
PE,1,1500,1987,0,0,0,0,3,3,0,0,0,0,0,1,0,0,1
PE,1,1500,1988,0,0,0,0,9,5,0,0,0,0,0,0,0,0,1
PE,1,1500,1989,0,1,0,0,5,9,0,1,0,0,0,0,0,0,0
PE,1,1500,1990,1,0,0,0,11,9,0,1,0,0,0,0,0,0,0
PE,1,1500,1991,0,0,0,0,3,3,0,0,0,0,0,0,0,0,0
PE,1,1500,1992,1,0,0,0,3,2,0,0,0,0,0,0,0,0,0
PE,1,1500,1993,1,0,0,0,2,6,0,0,0,0,0,0,0,0,0
PE,1,1500,1994,1,1,0,0,5,5,0,0,0,0,0,0,1,0,0
PE,1,1500,1995,2,2,0,0,11,9,0,0,0,0,0,0,0,0,0
PE,1,1500,1996,2,0,0,0,8,8,0,0,0,0,0,0,0,0,1
PE,1,1500,1997,0,0,0,0,1,0,0,0,0,0,0,0,0,0,1
PE,1,1500,1999,0,0,0,0,2,0,0,0,0,0,0,0,0,0,0
PE,1,1500,2000,0,0,0,0,1,0,0,0,0,0,0,0,0,0,0
PE,1,1500,2002,1,0,0,0,2,1,0,0,0,0,0,0,0,0,0
PE,1,1500,2003,0,0,0,0,3,1,0,0,0,0,0,0,0,0,0
PE,1,1500,2004,1,0,0,0,6,3,0,0,0,0,0,0,0,0,0
PE,1,1500,2005,3,1,0,0,7,6,0,0,0,0,0,0,1,0,0
PE,1,1500,2006,0,1,0,0,1,5,0,0,0,0,0,0,0,0,1
PE,1,1500,2007,1,0,0,0,1,4,0,0,0,0,0,0,0,0,0
PE,1,1500,2008,1,1,0,0,5,7,0,1,0,0,0,0,0,0,1
PE,1,1500,2009,1,2,0,0,4,9,0,0,0,0,0,0,0,0,0
PE,1,1500,2011,0,0,0,0,1,0,0,0,0,0,0,0,0,0,0
PE,1,1500,2012,0,1,0,0,7,4,0,0,0,0,0,1,0,0,2
PE,1,1500,2013,1,0,0,0,2,2,0,0,0,0,0,1,0,0,0
PE,1,1500,2015,0,1,0,0,4,1,0,0,0,0,0,0,0,0,0
PE,1,1500,2017,0,0,0,0,0,1,0,0,0,0,0,0,0,0,0
PE,1,1500,2018,0,0,0,0,0,1,0,0,0,0,0,0,0,0,0
PE,1,1500,2019,0,0,0,0,1,0,0,0,0,0,0,0,0,0,0
PE,1,1500,2020,0,0,0,0,0,1,0,0,0,0,0,0,0,0,0
PE,1,1500,2022,0,0,0,0,2,1,0,0,0,0,0,0,0,0,0
PE,1,1510,1976,0,1,0,0,2,0,0,1,0,0,0,0,0,0,1
PE,1,1510,1977,0,0,0,0,0,0,0,1,0,0,0,0,0,0,0
PE,1,1510,1978,0,0,0,0,0,1,0,0,0,0,0,0,0,0,3
PE,1,1510,1979,0,0,0,0,1,0,0,1,0,0,0,0,0,0,0
PE,1,1510,1980,0,1,0,0,0,0,0,1,0,0,0,0,0,0,1
PE,1,1510,1981,0,0,0,0,0,1,0,0,0,0,0,0,0,0,0
PE,1,1510,1982,1,1,0,0,2,2,0,0,0,0,0,0,0,0,0
PE,1,1510,1983,0,1,0,0,0,0,0,2,0,0,0,0,0,0,0
PE,1,1510,1984,0,1,0,0,1,0,0,0,0,0,0,0,0,0,0
PE,1,1510,1985,0,0,0,0,2,0,0,0,0,0,0,0,0,0,0
PE,1,1510,1986,1,0,0,0,0,1,0,0,0,0,0,0,0,0,0
PE,1,1510,1988,0,0,0,0,0,2,0,0,0,0,0,0,0,0,0
PE,1,1510,1991,0,0,0,0,1,0,0,0,0,0,0,0,0,0,0
PE,1,1510,1992,2,0,0,0,0,0,0,0,0,0,0,0,0,0,0
PE,1,1510,1993,2,0,0,0,1,1,0,0,0,0,0,0,0,0,0
PE,1,1510,1994,1,2,0,0,1,2,0,0,0,0,0,0,0,0,0
PE,1,1510,1996,0,0,0,0,1,3,0,0,0,0,0,0,0,0,0
PE,1,1510,1999,0,1,0,0,0,1,0,0,0,0,0,0,0,0,0
PE,1,1510,2002,1,0,0,0,0,0,0,0,0,0,0,0,0,0,0
PE,1,1510,2004,0,0,0,0,4,3,0,0,0,0,0,0,0,0,0
PE,1,1510,2005,0,1,0,0,0,1,0,0,0,0,0,0,0,0,0
PE,1,1510,2006,1,0,0,0,0,1,0,0,0,0,0,0,0,0,0
PE,1,1510,2007,1,1,0,0,1,1,0,1,0,0,0,0,0,0,0
PE,1,1510,2008,0,2,0,0,0,0,0,0,0,0,0,0,0,0,0
PE,1,1510,2009,0,1,0,0,1,1,0,0,0,0,0,0,0,0,0
PE,1,1510,2012,0,1,0,0,1,0,0,0,0,0,0,0,0,0,0
PE,1,1510,2013,3,2,0,0,1,0,0,0,0,0,0,0,0,0,0
PE,1,1520,1986,2,0,0,0,0,0,0,0,0,0,0,0,0,0,0
PE,1,1520,1992,0,2,0,0,0,0,0,0,0,0,0,0,0,0,0
PE,1,1520,2005,1,0,0,0,0,0,0,0,0,0,0,0,0,0,0
PE,1,1520,2007,1,0,0,0,0,0,0,0,0,0,0,0,0,0,0
PE,1,1520,2013,1,1,0,0,0,0,0,0,0,0,0,0,0,0,0
PE,1,1530,1981,0,0,0,0,0,1,0,0,0,0,0,0,0,0,0
PE,1,1530,1983,0,1,0,0,0,0,0,0,0,0,0,0,0,0,0
PE,1,1530,1984,0,0,0,0,1,1,0,0,0,0,0,0,0,0,0
PE,1,1530,1988,0,0,0,0,1,0,0,0,0,0,0,0,0,0,0
PE,1,1530,2004,0,0,0,0,1,0,0,0,0,0,0,0,0,0,0
PE,1,1530,2005,0,0,0,0,0,1,0,0,0,0,0,0,0,0,0
PE,1,1530,2007,0,0,0,0,0,1,0,0,0,0,0,0,0,0,0
PE,1,1530,2013,0,1,0,0,0,0,0,0,0,0,0,0,0,0,0
PE,1,1540,1976,0,0,0,0,0,1,0,2,0,0,0,0,0,0,1
PE,1,1540,1977,0,0,0,0,0,0,0,5,0,0,0,0,0,0,0
PE,1,1540,1978,0,0,0,0,0,0,0,0,0,0,0,0,0,0,3
PE,1,1540,1980,0,1,0,0,0,0,0,0,0,0,0,0,0,0,0
PE,1,1540,1985,1,1,0,0,0,0,0,2,0,0,0,0,0,0,0
PE,1,1540,1996,0,1,0,0,0,0,0,0,0,0,0,0,0,0,0
PE,1,1540,1998,7,10,0,0,14,9,0,3,0,0,0,1,0,0,0
PE,1,1540,2005,0,1,0,0,0,0,0,0,0,0,0,0,0,0,0
PE,1,1590,1976,0,0,0,0,0,0,0,0,0,0,0,0,0,0,1
PE,1,1590,1977,1,0,0,0,0,0,0,0,0,0,0,0,0,0,0
PE,1,1590,1978,0,1,0,0,0,0,0,0,0,0,0,0,0,0,0
PE,1,1590,1980,0,1,0,0,0,0,0,0,0,0,0,0,0,0,0
PE,1,1590,1986,0,1,0,0,0,0,0,1,0,0,0,0,0,0,0
PE,1,1590,2002,1,0,0,0,0,0,0,0,0,0,0,0,0,0,0
PE,1,1590,2003,0,0,0,0,1,0,0,0,0,0,0,0,0,0,0
PE,1,1590,2005,0,0,0,0,1,1,0,0,0,0,0,0,0,0,0
PE,1,1630,1977,0,0,0,0,0,0,0,1,0,0,0,0,0,0,0
PE,1,1630,1985,0,0,0,0,0,0,0,2,0,0,0,0,0,0,0
PE,1,1630,1998,0,0,0,0,0,1,0,0,0,0,0,0,0,0,0
PE,1,1630,2002,0,1,0,0,0,0,0,0,0,0,0,0,0,0,0
PE,1,1650,1976,0,0,0,0,0,0,0,1,0,0,0,0,0,0,0
PE,1,1650,1978,0,0,0,0,0,0,0,1,0,0,0,0,0,0,0
PE,1,1650,1984,0,0,0,0,0,0,0,1,0,0,0,0,0,0,0
PE,1,1650,1993,0,0,0,0,0,4,0,0,0,0,0,0,0,0,0
PE,1,1650,2002,1,0,0,0,0,0,0,0,0,0,0,0,0,0,0
PE,1,1660,1976,1,5,0,0,0,0,0,6,0,0,0,0,0,0,0
PE,1,1660,1977,0,0,0,0,0,0,0,2,0,0,0,0,0,0,5
PE,1,1660,1978,0,1,0,0,0,0,0,0,0,0,0,0,0,0,0
PE,1,1660,1986,1,0,0,0,0,0,0,0,0,0,0,0,0,0,0
PE,1,1660,1993,0,0,0,0,0,1,0,0,0,0,0,0,0,0,0
PE,1,1660,1998,1,0,0,0,5,3,0,0,0,0,0,0,0,0,1
PE,1,1660,2002,0,1,0,0,0,0,0,0,0,0,0,0,0,0,0
PE,1,1660,2007,0,0,0,0,0,0,0,4,0,0,0,0,0,0,0
PE,1,1670,1976,0,0,0,0,0,0,0,1,0,0,0,0,0,0,0
PE,1,1670,1979,0,0,0,0,0,0,0,1,0,0,0,0,0,0,0
PE,1,1670,2022,0,0,0,0,0,0,0,1,0,0,0,0,0,0,0
PE,1,1692,2018,0,0,0,1,0,0,0,0,0,0,0,0,0,0,1
PE,1,1700,1976,0,0,0,1,0,0,0,0,0,0,0,0,0,0,0
PE,1,1700,2008,0,0,0,0,0,0,0,2,0,0,0,0,0,0,0
PE,1,1721,1984,0,0,0,0,0,0,0,9,0,0,0,0,0,0,0
PE,1,1721,2000,0,0,0,0,0,0,0,2,0,0,0,0,0,0,0
PE,1,1721,2008,0,0,0,0,0,0,0,2,0,0,0,0,0,0,0
PE,1,1722,1976,0,0,0,87,0,0,0,132,0,0,0,0,0,0,37
PE,1,1722,1977,0,0,0,55,0,0,0,52,0,0,0,0,0,0,122
PE,1,1722,1978,0,0,0,50,0,0,0,84,0,0,0,0,0,0,26
PE,1,1722,1979,0,0,0,58,0,0,0,55,0,0,0,0,0,0,23
PE,1,1722,1980,0,0,0,48,0,0,0,60,0,0,0,0,0,0,31
PE,1,1722,1981,0,0,0,100,0,1,0,82,0,0,0,0,0,0,37
PE,1,1722,1982,0,0,0,50,0,0,0,62,0,0,0,0,0,0,26
PE,1,1722,1983,0,0,0,75,1,0,0,112,0,0,0,0,0,0,4
PE,1,1722,1984,0,0,0,58,0,0,0,157,0,0,0,0,0,0,1
PE,1,1722,1985,0,0,0,63,0,0,0,58,0,0,0,0,0,0,0
PE,1,1722,1986,0,0,0,73,0,0,0,114,0,0,0,0,0,0,2
PE,1,1722,1987,0,0,0,91,0,0,0,87,0,0,0,0,0,0,3
PE,1,1722,1988,0,1,0,74,0,0,0,95,0,0,0,0,0,0,0
PE,1,1722,1989,0,0,0,70,0,0,0,76,0,0,0,0,0,0,3
PE,1,1722,1990,0,1,0,132,0,0,0,116,0,0,0,0,0,0,1
PE,1,1722,1991,0,0,0,114,0,0,0,45,0,0,0,0,0,0,0
PE,1,1722,1992,0,0,0,68,0,0,0,50,0,0,0,0,0,0,0
PE,1,1722,1993,0,0,0,94,0,0,0,135,0,0,0,0,0,0,1
PE,1,1722,1994,0,0,0,91,0,0,0,116,0,0,0,0,0,0,0
PE,1,1722,1995,0,0,0,86,0,0,0,95,0,0,0,0,0,0,0
PE,1,1722,1996,0,0,0,67,0,0,0,50,0,0,0,0,0,0,1
PE,1,1722,1997,0,0,0,32,0,0,0,41,0,0,0,0,0,0,1
PE,1,1722,1998,0,0,0,56,0,0,0,74,0,0,0,0,0,0,2
PE,1,1722,1999,0,0,0,93,0,1,0,46,0,0,0,0,0,0,1
PE,1,1722,2000,0,0,0,111,0,0,0,37,0,0,0,0,0,0,1
PE,1,1722,2001,0,0,0,33,0,0,0,16,0,0,0,0,0,0,1
PE,1,1722,2002,0,0,0,91,0,0,0,35,0,0,0,0,0,0,0
PE,1,1722,2003,0,0,0,77,0,0,0,68,0,0,0,0,0,0,0
PE,1,1722,2004,0,0,0,76,0,0,0,43,0,0,0,0,0,0,5
PE,1,1722,2005,0,0,0,85,0,0,0,44,0,0,0,0,0,0,0
PE,1,1722,2006,0,0,0,99,0,0,0,93,0,0,0,0,0,0,1
PE,1,1722,2007,0,0,0,35,0,0,0,35,0,0,0,0,0,0,0
PE,1,1722,2008,0,0,0,41,0,0,0,38,0,0,0,0,0,0,0
PE,1,1722,2009,0,0,1,53,0,0,0,20,0,1,0,0,0,0,0
PE,1,1722,2010,0,0,0,32,0,0,0,27,0,0,0,0,0,0,0
PE,1,1722,2011,0,0,0,20,0,0,0,21,0,0,0,0,0,0,0
PE,1,1722,2012,0,0,1,22,0,0,2,16,0,0,0,0,0,0,0
PE,1,1722,2013,0,0,0,33,0,0,0,39,0,0,0,0,0,0,0
PE,1,1722,2014,0,0,0,54,0,0,0,51,0,0,0,0,0,0,0
PE,1,1722,2015,0,0,0,24,0,0,0,25,0,0,0,0,0,0,0
PE,1,1722,2016,0,0,6,37,0,0,2,19,0,0,0,0,0,0,1
PE,1,1722,2017,0,0,0,53,0,0,0,24,0,0,0,0,0,0,0
PE,1,1722,2018,0,0,0,61,0,0,0,41,0,0,0,0,0,0,0
PE,1,1722,2019,0,0,1,100,0,0,0,62,0,0,0,0,0,0,0
PE,1,1722,2020,0,0,0,78,0,0,0,37,0,1,0,0,0,0,0
PE,1,1722,2021,0,0,0,12,0,0,0,3,0,0,0,0,0,0,0
PE,1,1722,2022,0,0,0,47,0,0,0,11,0,0,0,0,0,0,0
PE,1,1722,2023,0,0,0,40,0,0,0,17,0,1,0,0,0,0,0
PE,1,1722,2024,0,0,0,28,0,0,0,10,0,0,0,0,0,0,0
PE,1,1730,1989,0,0,0,1,0,0,0,0,0,0,0,0,0,0,0
PE,1,2280,1989,0,0,0,0,16,12,0,0,0,0,0,0,0,0,0
PE,1,2280,2014,2,0,0,0,2,1,0,0,0,0,0,0,0,0,0
PE,1,2280,2015,0,2,0,0,0,0,0,0,0,0,0,0,0,0,0
PE,1,2280,2017,1,0,0,0,1,1,0,0,0,0,0,0,0,0,0
PE,1,2280,2024,1,0,0,0,0,0,0,0,0,0,0,0,0,0,0
PE,NA,1330,1991,0,0,0,0,2,2,0,0,0,0,0,0,0,0,1
PE,NA,1722,1991,0,0,0,3,0,0,0,1,0,0,0,0,0,0,0
PQ,1,1290,1976,3,0,0,0,0,1,0,12,0,0,0,0,1,0,4
PQ,1,1290,1977,4,0,0,0,0,0,0,14,0,0,0,0,0,0,11
PQ,1,1290,1978,4,5,0,0,8,1,0,0,0,0,0,0,0,0,9
PQ,1,1290,1979,10,7,0,0,0,0,0,18,0,0,0,0,0,0,20
PQ,1,1290,1980,6,8,0,0,10,31,0,1,0,0,0,1,0,0,22
PQ,1,1290,1981,3,2,0,0,15,15,0,0,0,0,0,0,0,0,11
PQ,1,1290,1982,6,5,0,0,0,0,0,21,0,0,0,0,0,0,32
PQ,1,1290,1983,7,10,0,0,15,9,0,2,0,0,0,1,0,0,0
PQ,1,1290,1984,9,10,0,1,9,16,0,0,0,0,0,0,0,0,2
PQ,1,1290,1985,1,5,0,0,0,0,0,28,0,0,0,0,0,0,0
PQ,1,1290,1986,15,6,0,0,1,1,0,34,0,0,0,0,0,0,0
PQ,1,1290,1987,6,5,0,0,6,11,0,2,0,0,0,0,0,0,0
PQ,1,1290,1988,1,5,0,0,14,9,0,0,0,0,0,0,0,0,0
PQ,1,1290,1989,2,5,0,0,8,8,0,1,0,0,0,0,0,0,1
PQ,1,1290,1990,3,3,0,0,11,11,0,0,0,0,0,0,0,0,3
PQ,1,1290,1991,5,13,0,0,21,19,0,0,0,0,0,0,0,0,0
PQ,1,1290,1992,7,14,0,0,18,15,0,0,0,0,0,0,0,0,0
PQ,1,1290,1993,3,3,0,0,3,16,0,2,0,0,0,0,0,0,0
PQ,1,1290,1994,5,1,0,0,19,17,0,0,0,0,0,0,0,0,0
PQ,1,1290,1995,1,3,0,0,0,0,0,40,0,0,0,0,0,0,0
PQ,1,1290,1996,8,13,0,0,12,17,0,1,0,0,0,2,0,0,0
PQ,1,1290,1997,6,6,0,0,25,23,0,5,0,0,0,0,0,0,0
PQ,1,1290,1998,9,1,0,0,10,22,0,1,0,0,0,0,0,0,0
PQ,1,1290,1999,4,8,0,0,10,14,0,1,0,0,0,0,0,0,0
PQ,1,1290,2000,6,4,0,0,8,8,0,0,0,0,0,0,0,0,0
PQ,1,1290,2001,4,2,0,0,8,18,0,0,0,0,0,0,0,0,0
PQ,1,1290,2002,6,5,0,0,7,9,0,0,0,0,0,0,0,0,0
PQ,1,1290,2003,4,1,0,0,9,7,0,5,0,0,0,0,0,0,0
PQ,1,1290,2004,6,7,0,0,5,8,0,2,0,0,0,0,0,0,0
PQ,1,1290,2005,0,0,0,0,3,0,0,0,0,0,0,0,0,0,0
PQ,1,1290,2006,3,2,0,0,5,2,0,1,0,0,0,0,0,0,0
PQ,1,1290,2007,8,3,0,0,4,2,0,0,0,0,0,0,0,0,0
PQ,1,1290,2008,1,0,0,0,2,0,0,1,0,0,0,0,0,0,0
PQ,1,1290,2009,4,0,0,0,2,2,0,1,0,0,0,0,0,0,0
PQ,1,1290,2010,1,4,0,0,5,8,0,0,0,0,0,0,0,0,0
PQ,1,1290,2011,3,8,0,0,6,2,0,0,0,0,0,0,0,0,0
PQ,1,1290,2012,6,8,0,0,2,3,0,3,0,0,0,0,0,0,0
PQ,1,1290,2013,5,1,0,0,1,2,0,0,0,0,0,0,0,0,0
PQ,1,1290,2014,0,1,0,0,3,2,0,0,0,0,0,0,0,0,0
PQ,1,1290,2015,3,4,0,0,1,4,0,1,0,0,0,0,0,0,0
PQ,1,1290,2016,2,0,0,0,1,4,0,0,0,0,0,0,0,0,0
PQ,1,1290,2017,3,3,0,0,2,1,0,0,0,0,0,0,0,0,0
PQ,1,1290,2018,0,0,0,0,3,4,0,4,0,0,0,0,1,0,0
PQ,1,1290,2019,9,0,0,0,2,1,0,2,0,0,0,0,0,0,0
PQ,1,1290,2020,1,0,0,0,0,2,0,0,0,0,0,0,0,0,0
PQ,1,1290,2021,3,0,0,0,1,0,0,0,0,0,0,0,0,0,0
PQ,1,1290,2022,2,1,0,0,3,1,0,0,0,0,0,0,0,0,0
PQ,1,1290,2023,6,4,0,0,1,1,0,1,0,0,0,0,0,0,0
PQ,1,1290,2024,4,0,0,0,1,2,0,0,0,0,0,0,0,0,0
PQ,1,1300,1976,2,0,0,0,0,0,0,4,0,0,0,0,0,0,0
PQ,1,1300,1977,1,0,0,0,1,1,0,6,0,0,0,0,0,0,4
PQ,1,1300,1978,0,0,0,0,0,0,0,1,0,0,0,0,0,0,1
PQ,1,1300,1979,0,2,0,0,0,0,0,4,0,0,0,0,0,0,4
PQ,1,1300,1980,0,2,0,0,6,4,0,0,0,0,0,0,0,0,4
PQ,1,1300,1981,2,3,0,0,1,2,0,1,0,0,0,0,0,0,7
PQ,1,1300,1982,1,4,0,0,0,0,0,9,0,0,0,0,0,0,9
PQ,1,1300,1983,0,0,0,0,0,1,0,10,0,0,0,0,0,0,0
PQ,1,1300,1984,6,3,0,0,2,4,0,0,0,0,0,0,0,0,0
PQ,1,1300,1985,0,3,0,0,0,1,0,21,0,0,0,0,0,0,0
PQ,1,1300,1986,5,1,0,0,4,2,0,6,0,0,0,0,0,0,19
PQ,1,1300,1987,3,4,0,0,1,3,0,0,0,0,0,0,0,0,0
PQ,1,1300,1988,3,3,0,0,3,1,0,0,0,0,0,0,0,0,0
PQ,1,1300,1989,1,1,0,0,7,5,0,0,0,0,0,0,0,0,0
PQ,1,1300,1990,3,2,0,0,4,6,0,0,0,0,0,0,0,0,0
PQ,1,1300,1991,1,3,0,0,5,7,0,0,0,0,0,0,0,0,0
PQ,1,1300,1992,2,3,0,0,6,3,0,0,0,0,0,0,0,0,0
PQ,1,1300,1993,0,3,0,0,3,4,0,0,0,0,0,0,0,0,0
PQ,1,1300,1994,1,2,0,0,1,0,0,3,0,0,0,0,0,0,0
PQ,1,1300,1995,1,0,0,0,0,0,0,2,0,0,0,0,0,0,0
PQ,1,1300,1996,0,4,0,0,1,0,0,3,0,0,0,0,0,0,0
PQ,1,1300,1997,4,1,0,0,5,5,0,0,0,0,0,0,0,0,0
PQ,1,1300,1998,1,0,0,0,4,14,0,0,0,0,0,0,0,0,1
PQ,1,1300,1999,3,2,0,0,1,5,0,0,0,0,0,0,0,0,0
PQ,1,1300,2000,2,0,0,0,0,2,0,0,0,0,0,0,0,0,0
PQ,1,1300,2001,0,0,0,0,3,4,0,0,0,0,0,0,0,0,0
PQ,1,1300,2002,0,1,0,0,3,3,0,0,0,0,0,0,0,0,0
PQ,1,1300,2003,1,0,0,0,0,0,0,6,0,0,0,0,0,0,0
PQ,1,1300,2004,1,1,0,0,0,0,0,7,0,0,0,0,0,0,1
PQ,1,1300,2005,0,0,0,0,0,0,0,3,0,0,0,0,0,0,0
PQ,1,1300,2006,0,2,0,0,0,0,0,4,0,0,0,0,0,0,0
PQ,1,1300,2007,0,0,0,0,0,0,0,2,0,0,0,0,0,0,0
PQ,1,1300,2008,0,2,0,0,0,0,0,2,0,0,0,0,0,0,0
PQ,1,1300,2009,1,2,0,0,0,0,0,3,0,0,0,0,0,0,0
PQ,1,1300,2010,0,0,0,0,0,0,0,5,0,0,0,0,0,0,0
PQ,1,1300,2011,1,5,0,0,0,1,0,1,0,0,0,0,0,0,1
PQ,1,1300,2012,0,2,0,1,0,0,0,2,0,0,0,0,0,0,0
PQ,1,1300,2013,2,1,0,0,0,0,0,2,0,0,0,0,0,0,0
PQ,1,1300,2015,0,0,0,0,0,0,0,1,0,0,0,0,0,0,0
PQ,1,1300,2016,2,2,0,0,0,0,0,4,0,0,0,0,0,0,0
PQ,1,1300,2017,0,0,0,0,0,0,0,2,0,0,0,0,0,0,0
PQ,1,1300,2018,0,0,0,0,0,0,0,1,0,0,0,0,0,0,0
PQ,1,1300,2019,0,1,0,0,0,0,0,1,0,0,0,0,0,0,0
PQ,1,1300,2020,0,0,0,0,0,0,0,1,0,0,0,0,0,0,0
PQ,1,1300,2023,0,0,0,0,0,0,0,2,0,0,0,0,0,0,0
PQ,1,1300,2024,0,0,0,0,0,0,0,2,0,0,0,0,0,0,0
PQ,1,1310,1976,3,1,0,0,0,0,0,42,0,0,0,0,0,0,9
PQ,1,1310,1977,4,1,0,0,0,1,0,36,0,0,0,0,0,0,13
PQ,1,1310,1978,2,0,0,0,6,9,0,13,0,0,0,0,0,0,21
PQ,1,1310,1979,2,6,0,0,0,0,0,38,0,0,0,0,0,0,9
PQ,1,1310,1980,2,1,0,0,0,0,0,44,0,0,0,0,0,0,23
PQ,1,1310,1981,4,4,0,0,1,0,0,37,0,0,0,0,0,0,17
PQ,1,1310,1982,1,4,0,0,0,0,0,33,0,0,0,0,0,0,23
PQ,1,1310,1983,5,4,0,0,0,3,0,39,0,0,0,0,0,0,1
PQ,1,1310,1984,2,7,0,0,24,25,0,5,0,0,0,0,0,0,1
PQ,1,1310,1985,5,5,0,0,0,0,0,58,0,0,0,0,0,0,0
PQ,1,1310,1986,0,7,0,0,14,29,0,3,0,0,0,0,0,0,1
PQ,1,1310,1987,5,3,0,0,21,16,0,0,0,0,0,0,0,0,0
PQ,1,1310,1988,5,11,0,0,4,12,0,0,0,0,0,0,0,0,0
PQ,1,1310,1989,5,13,0,0,1,0,0,51,0,0,0,0,0,0,0
PQ,1,1310,1990,1,5,0,0,27,14,0,2,0,0,0,0,0,0,0
PQ,1,1310,1991,5,8,0,0,25,26,0,1,0,0,0,0,0,0,0
PQ,1,1310,1992,6,11,0,0,15,42,0,0,0,0,0,0,1,0,1
PQ,1,1310,1993,5,10,0,0,25,17,0,0,0,0,0,0,0,0,0
PQ,1,1310,1994,3,2,0,0,2,8,0,45,0,0,0,0,0,0,0
PQ,1,1310,1995,6,5,0,0,0,0,0,33,0,0,0,0,0,0,0
PQ,1,1310,1996,16,7,0,0,0,1,0,34,0,0,0,0,0,0,0
PQ,1,1310,1997,5,15,0,0,14,13,0,24,0,0,0,0,0,0,0
PQ,1,1310,1998,6,10,0,0,26,37,0,0,0,0,0,0,0,0,0
PQ,1,1310,1999,4,5,0,0,21,20,0,0,0,0,0,0,0,0,0
PQ,1,1310,2000,4,14,0,0,24,25,0,1,0,0,0,0,0,0,0
PQ,1,1310,2001,4,5,0,0,17,20,0,1,0,0,0,0,0,0,0
PQ,1,1310,2002,5,8,0,0,9,7,0,2,0,0,0,0,0,0,1
PQ,1,1310,2003,3,5,0,0,0,0,0,21,0,0,0,0,0,0,0
PQ,1,1310,2004,0,4,0,0,0,0,0,26,0,0,0,0,0,0,0
PQ,1,1310,2005,1,5,0,0,0,0,0,20,0,0,0,0,0,0,0
PQ,1,1310,2006,1,4,0,0,0,0,0,32,0,0,0,0,0,0,0
PQ,1,1310,2007,3,2,0,0,0,0,0,35,0,0,0,0,0,0,0
PQ,1,1310,2008,3,5,0,0,0,0,0,25,0,0,0,0,0,0,0
PQ,1,1310,2009,4,3,0,0,2,6,0,10,0,0,0,0,0,0,0
PQ,1,1310,2010,0,6,0,2,10,7,0,21,0,0,0,0,0,0,1
PQ,1,1310,2011,2,7,0,0,6,6,0,13,0,0,0,0,0,0,0
PQ,1,1310,2012,4,3,0,1,6,2,0,16,0,0,0,0,0,0,0
PQ,1,1310,2013,7,11,0,0,8,0,0,12,0,0,0,0,0,0,0
PQ,1,1310,2014,2,11,0,1,13,4,0,20,0,0,0,0,0,0,0
PQ,1,1310,2015,1,6,0,0,2,1,0,6,0,0,0,0,0,0,0
PQ,1,1310,2016,2,6,0,0,1,2,0,7,0,0,0,0,0,0,1
PQ,1,1310,2017,0,1,0,0,2,2,0,3,0,0,0,0,0,0,0
PQ,1,1310,2018,0,5,0,0,6,0,0,11,0,0,0,0,0,0,0
PQ,1,1310,2019,0,3,0,0,6,2,0,11,0,0,0,0,0,0,1
PQ,1,1310,2020,3,5,0,0,0,0,0,3,0,0,0,0,0,0,0
PQ,1,1310,2021,1,5,0,0,2,1,0,7,0,0,0,0,0,0,0
PQ,1,1310,2022,2,4,0,0,4,2,0,7,0,0,0,0,0,0,0
PQ,1,1310,2023,0,1,0,0,2,0,0,7,0,0,0,0,0,0,0
PQ,1,1310,2024,0,1,0,0,4,3,0,3,0,0,0,0,0,0,0
PQ,1,1320,1976,18,28,0,0,106,128,0,6,0,0,0,1,2,0,63
PQ,1,1320,1977,26,22,0,2,129,178,0,13,0,0,0,0,1,0,166
PQ,1,1320,1978,10,14,0,0,94,83,0,5,0,0,0,0,0,0,103
PQ,1,1320,1979,25,24,0,3,156,185,0,9,0,0,0,3,1,0,88
PQ,1,1320,1980,43,42,0,1,256,308,0,14,0,0,0,1,1,0,120
PQ,1,1320,1981,49,35,0,0,195,207,0,14,0,0,0,3,1,0,157
PQ,1,1320,1982,46,36,0,1,146,201,0,8,0,0,0,2,2,0,257
PQ,1,1320,1983,52,51,0,1,242,213,0,9,0,0,0,3,0,0,11
PQ,1,1320,1984,25,20,0,0,121,160,0,4,0,0,0,0,0,0,3
PQ,1,1320,1985,67,48,0,1,250,262,0,6,0,0,0,1,2,0,11
PQ,1,1320,1986,73,72,0,0,243,260,0,7,0,0,0,1,1,0,5
PQ,1,1320,1987,38,44,0,2,190,269,0,5,0,0,0,0,3,0,3
PQ,1,1320,1988,47,40,0,1,110,150,0,3,0,0,0,0,1,0,6
PQ,1,1320,1989,43,39,0,0,181,236,0,7,0,0,0,0,2,0,3
PQ,1,1320,1990,44,64,0,0,252,275,0,7,0,0,0,1,3,0,5
PQ,1,1320,1991,52,57,0,0,241,245,0,4,0,0,0,0,5,0,4
PQ,1,1320,1992,84,110,0,1,315,328,0,7,0,0,0,1,2,0,11
PQ,1,1320,1993,60,89,0,0,304,355,0,11,0,0,0,1,0,0,7
PQ,1,1320,1994,102,109,0,3,377,417,0,17,0,0,0,1,0,0,5
PQ,1,1320,1995,57,76,0,1,278,311,0,7,0,0,0,0,0,0,3
PQ,1,1320,1996,130,149,0,0,380,509,0,11,0,0,0,0,1,0,10
PQ,1,1320,1997,109,139,0,0,444,527,0,15,0,0,0,2,0,0,5
PQ,1,1320,1998,96,116,0,1,448,467,0,8,0,0,0,2,1,0,6
PQ,1,1320,1999,73,166,0,0,316,384,0,18,0,0,0,0,0,0,6
PQ,1,1320,2000,134,193,0,2,333,395,0,18,0,0,0,0,1,0,3
PQ,1,1320,2001,88,151,0,2,431,471,0,19,0,0,0,3,2,0,7
PQ,1,1320,2002,76,117,0,1,293,290,0,8,0,0,0,0,0,0,4
PQ,1,1320,2003,85,189,0,1,325,377,0,6,0,0,0,6,5,0,7
PQ,1,1320,2004,90,183,0,3,401,362,0,12,0,0,0,3,0,0,10
PQ,1,1320,2005,59,153,0,0,328,365,0,17,0,0,0,0,2,0,6
PQ,1,1320,2006,63,135,0,2,383,420,0,21,0,0,0,1,5,0,14
PQ,1,1320,2007,92,136,0,1,291,337,0,10,0,0,0,1,0,0,7
PQ,1,1320,2008,64,132,0,1,233,251,0,7,0,0,0,1,5,0,7
PQ,1,1320,2009,47,108,0,0,235,268,0,15,0,0,0,0,3,0,14
PQ,1,1320,2010,42,108,0,0,203,269,1,11,0,0,0,0,0,0,7
PQ,1,1320,2011,38,98,0,1,218,219,0,4,0,0,0,0,0,0,0
PQ,1,1320,2012,36,102,0,0,207,181,0,4,0,0,0,0,2,0,9
PQ,1,1320,2013,37,79,0,0,202,216,0,6,0,0,0,0,0,0,1
PQ,1,1320,2014,41,102,0,0,237,241,0,1,0,0,0,0,0,0,3
PQ,1,1320,2015,48,86,0,0,189,239,0,0,0,0,0,2,0,0,6
PQ,1,1320,2016,29,90,0,0,158,211,0,1,0,0,0,1,0,0,0
PQ,1,1320,2017,39,102,0,0,160,155,0,0,0,0,0,3,0,0,4
PQ,1,1320,2018,56,124,0,1,167,158,0,2,0,0,0,1,1,0,1
PQ,1,1320,2019,28,59,0,0,135,169,0,10,0,0,0,2,0,0,4
PQ,1,1320,2020,28,54,0,0,126,147,0,0,0,0,0,0,0,0,7
PQ,1,1320,2021,15,43,0,0,128,154,0,1,0,0,0,1,0,0,2
PQ,1,1320,2022,47,90,0,0,182,161,0,4,0,0,0,0,0,0,5
PQ,1,1320,2023,23,63,0,0,108,164,0,2,0,0,0,0,0,0,2
PQ,1,1320,2024,19,63,0,1,95,170,0,2,0,0,0,0,0,0,0
PQ,1,1321,1976,3,3,0,0,40,24,0,1,0,0,0,0,0,0,6
PQ,1,1321,1977,0,4,0,0,9,8,0,0,0,0,0,0,0,0,20
PQ,1,1321,1978,0,0,0,0,7,8,0,0,0,0,0,0,0,0,7
PQ,1,1321,1979,0,0,0,5,1,1,0,34,0,0,0,0,0,0,6
PQ,1,1321,1980,2,0,0,0,16,23,0,0,0,0,0,0,0,0,9
PQ,1,1321,1981,3,1,0,0,2,4,0,0,0,0,0,0,0,0,6
PQ,1,1321,1982,2,3,0,0,10,9,0,0,0,0,0,1,0,0,24
PQ,1,1321,1983,3,4,0,0,13,16,0,0,0,0,0,0,0,0,0
PQ,1,1321,1984,6,5,0,0,10,12,0,1,0,0,0,0,0,0,0
PQ,1,1321,1985,4,5,0,0,15,13,0,0,0,0,0,0,0,0,0
PQ,1,1321,1986,14,21,0,0,13,27,0,2,0,0,0,0,0,0,0
PQ,1,1321,1987,2,8,0,0,20,34,0,0,0,0,0,0,0,0,0
PQ,1,1321,1988,3,4,0,1,8,14,0,0,0,0,0,0,0,0,1
PQ,1,1321,1989,0,1,0,0,4,4,0,0,0,0,0,0,0,0,0
PQ,1,1321,1990,8,10,0,1,16,13,0,0,0,0,0,0,0,0,0
PQ,1,1321,1991,2,5,0,0,23,9,0,0,0,0,0,0,0,0,0
PQ,1,1321,1992,5,13,0,0,25,19,0,2,0,0,0,0,0,0,0
PQ,1,1321,1993,8,7,0,0,28,21,0,1,0,0,0,0,0,0,0
PQ,1,1321,1994,13,8,0,0,27,19,0,0,0,0,0,0,0,0,0
PQ,1,1321,1995,4,6,0,0,18,12,0,0,0,0,0,0,0,0,0
PQ,1,1321,1996,12,10,0,0,26,10,0,0,0,0,0,0,0,0,1
PQ,1,1321,1997,8,17,0,0,30,21,0,0,0,0,0,0,0,0,0
PQ,1,1321,1998,6,5,0,0,32,20,0,0,0,0,0,0,0,0,2
PQ,1,1321,1999,5,6,0,0,14,16,0,0,0,0,0,0,0,0,1
PQ,1,1321,2000,4,7,0,1,28,6,0,0,0,0,0,0,0,0,0
PQ,1,1321,2001,4,9,0,0,14,8,0,0,0,0,0,0,0,0,0
PQ,1,1321,2002,1,5,0,0,15,13,0,0,0,0,0,0,0,0,0
PQ,1,1321,2003,1,5,0,0,7,4,0,0,0,0,0,0,0,0,0
PQ,1,1321,2004,4,7,0,0,8,10,0,0,0,0,0,1,0,0,0
PQ,1,1321,2005,2,2,0,0,12,10,0,0,0,0,0,0,0,0,0
PQ,1,1321,2006,1,7,0,0,19,12,0,0,0,0,0,0,0,0,0
PQ,1,1321,2007,3,2,0,1,11,10,0,2,0,0,0,0,0,0,0
PQ,1,1321,2008,1,4,0,1,6,3,0,3,0,0,0,0,0,0,0
PQ,1,1321,2009,2,2,0,0,3,7,0,1,0,0,0,0,0,0,0
PQ,1,1321,2010,1,1,0,0,7,1,0,0,0,0,0,0,0,0,0
PQ,1,1321,2011,0,3,0,0,9,5,0,0,0,0,0,0,0,0,0
PQ,1,1321,2012,0,4,0,0,3,4,0,1,0,0,0,0,0,0,0
PQ,1,1321,2013,2,4,0,0,8,6,0,0,0,0,0,0,0,0,0
PQ,1,1321,2014,2,5,0,0,8,7,0,0,0,0,0,0,0,0,0
PQ,1,1321,2015,1,0,0,0,4,2,0,0,0,0,0,0,0,0,0
PQ,1,1321,2016,1,3,0,0,3,3,0,0,0,0,0,0,0,0,0
PQ,1,1321,2017,1,5,0,0,1,2,0,0,0,0,0,0,0,0,0
PQ,1,1321,2018,2,3,0,0,3,3,0,0,0,0,0,0,0,0,0
PQ,1,1321,2019,2,3,0,0,1,1,0,2,0,0,0,0,0,0,0
PQ,1,1321,2020,0,3,0,0,2,4,0,0,0,0,0,0,0,0,0
PQ,1,1321,2021,2,1,0,0,8,5,0,0,0,0,0,0,0,0,0
PQ,1,1321,2022,1,2,0,0,3,4,0,0,0,0,0,0,0,0,0
PQ,1,1321,2023,0,3,0,0,7,9,0,0,0,0,0,0,0,0,0
PQ,1,1321,2024,1,1,0,0,4,1,0,0,0,0,0,0,0,0,0
PQ,1,1330,1976,26,26,0,0,111,174,0,2,0,0,0,0,1,0,82
PQ,1,1330,1977,18,15,0,0,168,229,0,5,0,0,0,1,2,0,203
PQ,1,1330,1978,17,20,0,1,133,126,0,1,0,0,0,1,1,0,154
PQ,1,1330,1979,24,18,0,0,235,254,0,4,0,0,0,1,2,0,129
PQ,1,1330,1980,42,33,0,0,224,280,0,9,0,0,0,0,1,0,153
PQ,1,1330,1981,38,31,0,0,136,165,0,3,0,0,0,0,0,0,194
PQ,1,1330,1982,40,11,0,1,146,138,0,6,0,0,0,3,3,0,278
PQ,1,1330,1983,30,21,0,1,210,235,0,13,0,0,0,3,2,0,4
PQ,1,1330,1984,38,17,0,1,230,179,0,7,0,0,0,0,0,0,1
PQ,1,1330,1985,32,33,0,0,226,219,0,3,0,0,0,0,0,0,10
PQ,1,1330,1986,66,74,0,0,248,262,0,2,0,0,0,0,2,0,8
PQ,1,1330,1987,35,31,0,0,224,202,0,5,0,0,0,0,0,0,0
PQ,1,1330,1988,34,18,0,1,196,181,0,2,0,0,0,0,0,0,6
PQ,1,1330,1989,47,37,0,1,210,199,0,2,0,0,0,0,1,0,5
PQ,1,1330,1990,57,62,0,1,176,177,0,4,0,0,0,0,2,0,2
PQ,1,1330,1991,32,31,0,0,221,173,0,3,0,0,0,1,0,0,2
PQ,1,1330,1992,72,75,0,0,223,206,0,3,0,0,0,0,0,0,2
PQ,1,1330,1993,49,34,0,0,186,217,0,5,0,0,0,1,0,0,6
PQ,1,1330,1994,36,30,0,0,202,187,0,4,0,0,0,0,0,0,2
PQ,1,1330,1995,31,23,0,0,134,134,0,8,0,0,0,0,0,0,6
PQ,1,1330,1996,60,51,0,3,169,173,0,16,0,0,0,0,1,0,2
PQ,1,1330,1997,63,44,0,1,242,272,0,3,0,0,0,0,0,0,1
PQ,1,1330,1998,53,25,0,0,228,199,0,5,0,0,0,0,0,0,1
PQ,1,1330,1999,63,67,0,3,176,166,0,7,0,0,0,0,0,0,3
PQ,1,1330,2000,65,53,0,0,145,135,0,4,0,0,0,1,0,0,2
PQ,1,1330,2001,28,36,0,6,150,137,0,17,0,0,0,0,1,0,0
PQ,1,1330,2002,39,37,0,3,131,101,0,10,0,0,0,0,0,0,0
PQ,1,1330,2003,37,48,0,3,124,154,0,10,0,0,0,0,2,0,6
PQ,1,1330,2004,34,55,0,3,156,138,0,7,0,0,0,0,0,0,5
PQ,1,1330,2005,30,53,0,1,126,147,0,13,0,0,0,0,0,0,9
PQ,1,1330,2006,35,27,0,6,122,154,0,11,0,0,0,1,0,0,1
PQ,1,1330,2007,19,24,0,6,87,76,0,16,0,0,0,0,0,0,6
PQ,1,1330,2008,11,22,0,0,79,73,0,12,0,0,0,0,0,0,0
PQ,1,1330,2009,12,16,0,2,90,94,0,9,0,0,0,0,1,0,0
PQ,1,1330,2010,18,18,0,3,97,87,0,9,0,0,0,0,1,0,4
PQ,1,1330,2011,20,29,0,0,61,73,0,7,0,0,0,0,0,0,0
PQ,1,1330,2012,10,11,0,1,66,65,0,11,0,0,0,0,0,0,0
PQ,1,1330,2013,13,23,0,2,61,66,0,10,0,0,0,0,0,0,0
PQ,1,1330,2014,20,21,0,0,54,59,0,2,0,0,0,0,1,0,1
PQ,1,1330,2015,10,10,0,2,45,43,0,9,0,0,0,0,0,0,1
PQ,1,1330,2016,13,12,0,1,27,44,0,6,0,0,0,0,0,0,0
PQ,1,1330,2017,22,12,0,1,45,35,0,4,0,0,0,0,0,0,2
PQ,1,1330,2018,24,17,0,1,50,53,0,2,0,0,0,0,0,0,0
PQ,1,1330,2019,9,4,0,1,44,43,0,7,0,0,0,0,0,0,0
PQ,1,1330,2020,14,10,0,0,52,47,0,2,0,0,0,0,0,0,0
PQ,1,1330,2021,4,9,0,1,39,39,0,6,0,0,0,0,0,0,0
PQ,1,1330,2022,7,9,0,0,36,33,0,2,0,0,0,0,0,0,2
PQ,1,1330,2023,7,13,0,0,56,56,0,6,0,0,0,0,0,0,0
PQ,1,1330,2024,12,12,0,0,53,76,1,0,0,0,0,0,0,0,0
PQ,1,1350,1976,5,0,0,0,26,10,0,0,0,0,0,0,0,0,6
PQ,1,1350,1977,8,0,0,0,13,17,0,0,0,0,0,0,0,0,8
PQ,1,1350,1978,3,1,0,0,24,10,0,0,0,0,0,0,0,0,8
PQ,1,1350,1979,12,2,0,0,49,29,0,0,0,0,0,0,0,0,12
PQ,1,1350,1980,14,1,0,0,50,53,0,1,0,0,0,0,0,0,6
PQ,1,1350,1981,6,1,0,0,18,12,0,0,0,0,0,3,0,0,13
PQ,1,1350,1982,12,0,0,0,17,10,0,0,0,0,0,0,0,0,33
PQ,1,1350,1983,18,1,0,0,26,28,0,0,0,0,0,1,0,0,0
PQ,1,1350,1984,8,2,0,0,17,11,0,0,0,0,0,0,0,0,0
PQ,1,1350,1985,8,1,0,0,38,29,0,0,0,0,0,0,0,0,0
PQ,1,1350,1986,9,3,0,0,23,15,0,0,0,0,0,1,0,0,0
PQ,1,1350,1987,7,4,0,0,12,8,0,0,0,0,0,0,0,0,0
PQ,1,1350,1988,3,1,0,0,11,6,0,0,0,0,0,0,0,0,1
PQ,1,1350,1989,5,1,0,0,12,12,0,0,0,0,0,0,0,0,1
PQ,1,1350,1990,6,0,0,0,10,15,0,0,0,0,0,0,0,0,0
PQ,1,1350,1991,5,1,0,0,23,20,0,0,0,0,0,0,0,0,0
PQ,1,1350,1992,7,4,0,0,34,23,0,0,0,0,0,0,0,0,2
PQ,1,1350,1993,8,2,0,0,27,19,0,1,0,0,0,0,0,0,2
PQ,1,1350,1994,3,1,0,0,22,25,0,0,0,0,0,0,0,0,0
PQ,1,1350,1995,2,0,0,0,19,22,0,0,0,0,0,0,0,0,0
PQ,1,1350,1996,4,0,0,0,27,22,0,0,0,0,0,0,1,0,0
PQ,1,1350,1997,5,3,0,0,33,37,0,0,0,0,0,0,0,0,1
PQ,1,1350,1998,2,1,0,0,33,23,0,0,0,0,0,0,0,0,1
PQ,1,1350,1999,6,5,0,0,18,22,0,1,0,0,0,0,0,0,0
PQ,1,1350,2000,1,2,0,0,31,12,0,0,0,0,0,0,0,0,0
PQ,1,1350,2001,5,1,0,0,15,18,0,0,0,0,0,0,0,0,0
PQ,1,1350,2002,1,4,0,0,9,6,0,0,0,0,0,0,0,0,0
PQ,1,1350,2003,1,2,0,0,22,20,0,0,0,0,0,0,0,0,1
PQ,1,1350,2004,2,4,0,0,7,7,0,0,0,0,0,0,0,0,0
PQ,1,1350,2005,3,2,0,0,16,16,0,0,0,0,0,0,0,0,0
PQ,1,1350,2006,2,5,0,0,21,19,0,0,0,0,0,0,0,0,0
PQ,1,1350,2007,2,8,0,0,6,6,0,0,0,0,0,0,0,0,1
PQ,1,1350,2008,2,1,0,0,14,11,0,0,0,0,0,0,0,0,0
PQ,1,1350,2009,1,1,0,0,18,6,0,0,0,0,0,0,0,0,1
PQ,1,1350,2010,3,1,0,0,7,5,0,0,0,0,0,0,0,0,0
PQ,1,1350,2011,0,1,0,0,4,4,0,0,0,0,0,0,0,0,0
PQ,1,1350,2012,6,2,0,0,5,3,0,0,0,0,0,0,0,0,2
PQ,1,1350,2013,3,3,0,0,6,6,0,0,0,0,0,0,0,0,2
PQ,1,1350,2014,1,1,0,0,8,9,0,0,0,0,0,0,0,0,0
PQ,1,1350,2015,0,1,0,0,3,1,0,0,0,0,0,0,0,0,0
PQ,1,1350,2016,0,0,0,0,2,5,0,0,0,0,0,0,0,0,0
PQ,1,1350,2017,2,2,0,0,7,4,0,0,0,0,0,0,0,0,0
PQ,1,1350,2018,2,2,0,0,17,13,0,1,0,0,0,0,0,0,0
PQ,1,1350,2019,2,0,0,0,7,7,0,0,0,0,0,0,0,0,0
PQ,1,1350,2020,2,3,0,0,16,7,0,0,0,0,0,0,1,0,0
PQ,1,1350,2021,0,0,0,0,3,4,0,0,0,0,0,0,0,0,0
PQ,1,1350,2022,1,0,0,0,5,6,0,0,0,0,0,1,0,0,0
PQ,1,1350,2023,0,0,0,0,4,5,0,0,0,1,0,0,0,0,0
PQ,1,1350,2024,1,2,0,0,3,2,0,0,0,0,0,0,0,0,0
PQ,1,1360,1986,0,0,0,0,0,1,0,0,0,0,0,0,0,0,0
PQ,1,1360,1992,0,0,0,0,1,0,0,0,0,0,0,0,0,0,0
PQ,1,1360,1997,0,0,0,0,1,0,0,0,0,0,0,0,0,0,0
PQ,1,1360,2003,0,0,0,0,0,1,0,0,0,0,0,0,0,0,0
PQ,1,1360,2018,0,1,0,0,0,0,0,0,0,0,0,0,0,0,0
PQ,1,1370,1976,4,4,0,0,19,24,0,1,0,0,0,0,0,0,8
PQ,1,1370,1977,3,5,0,0,17,11,0,0,0,0,0,0,0,0,18
PQ,1,1370,1978,2,3,0,0,12,7,0,0,0,0,0,1,0,0,9
PQ,1,1370,1979,0,2,0,0,34,22,0,0,0,0,0,0,0,0,18
PQ,1,1370,1980,4,2,0,0,30,32,0,0,0,0,0,0,0,0,10
PQ,1,1370,1981,4,3,0,0,20,11,0,0,0,0,0,0,0,0,10
PQ,1,1370,1982,2,1,0,0,13,15,0,0,0,0,0,0,0,0,20
PQ,1,1370,1983,5,3,0,0,36,31,0,0,0,0,0,0,0,0,1
PQ,1,1370,1984,0,1,0,0,9,12,0,0,0,0,0,0,0,0,0
PQ,1,1370,1985,1,0,0,0,20,17,0,0,0,0,0,0,0,0,0
PQ,1,1370,1986,5,6,0,0,38,17,0,0,0,0,0,0,0,0,0
PQ,1,1370,1987,3,1,0,0,12,8,0,0,0,0,0,1,0,0,1
PQ,1,1370,1988,1,0,0,0,8,5,0,0,0,0,0,0,0,0,0
PQ,1,1370,1989,5,6,0,0,14,12,0,0,0,0,0,0,1,0,0
PQ,1,1370,1990,4,11,0,0,10,9,0,0,0,0,0,0,0,0,0
PQ,1,1370,1991,1,2,0,0,9,5,0,0,0,0,0,0,0,0,0
PQ,1,1370,1992,12,11,0,0,19,14,0,0,0,0,0,0,0,0,0
PQ,1,1370,1993,3,4,0,0,23,22,0,0,0,0,0,0,0,0,0
PQ,1,1370,1994,2,5,0,0,18,14,0,0,0,0,0,0,0,0,0
PQ,1,1370,1995,3,4,0,0,14,6,0,0,0,0,0,0,0,0,0
PQ,1,1370,1996,4,7,0,0,12,19,0,0,0,0,0,0,0,0,0
PQ,1,1370,1997,5,8,0,0,27,19,0,0,0,0,0,0,0,0,0
PQ,1,1370,1998,1,2,0,0,25,8,0,0,0,0,0,0,0,0,0
PQ,1,1370,1999,4,9,0,0,15,6,0,0,0,0,0,0,0,0,0
PQ,1,1370,2000,0,8,0,0,10,8,0,0,0,0,0,0,0,0,0
PQ,1,1370,2001,8,11,0,0,12,16,0,0,0,0,0,0,0,0,0
PQ,1,1370,2002,1,3,0,0,7,10,0,0,0,0,0,0,0,0,0
PQ,1,1370,2003,7,6,0,0,16,19,0,0,0,0,0,0,0,0,0
PQ,1,1370,2004,2,4,0,0,7,2,0,0,0,0,0,0,0,0,0
PQ,1,1370,2005,1,5,0,0,10,6,0,0,0,0,0,0,0,0,0
PQ,1,1370,2006,2,9,0,0,7,14,0,0,0,0,0,0,0,0,0
PQ,1,1370,2007,2,2,0,0,6,6,0,0,0,0,0,0,0,0,1
PQ,1,1370,2008,1,4,0,0,8,8,0,0,0,0,0,0,0,0,0
PQ,1,1370,2009,2,1,0,0,2,4,0,0,0,0,0,0,0,0,0
PQ,1,1370,2010,5,4,0,0,7,5,0,0,0,0,0,0,0,0,0
PQ,1,1370,2011,1,1,0,0,1,5,0,0,0,0,0,0,0,0,0
PQ,1,1370,2012,1,2,0,0,1,2,0,0,0,0,0,0,0,0,0
PQ,1,1370,2013,3,6,0,0,8,7,0,0,0,0,0,0,0,0,0
PQ,1,1370,2014,3,1,0,0,3,10,0,0,0,0,0,0,0,0,0
PQ,1,1370,2015,1,3,0,0,4,1,0,0,0,0,0,0,0,0,0
PQ,1,1370,2016,0,1,0,0,1,4,0,0,0,0,0,0,0,0,0
PQ,1,1370,2017,1,1,0,0,1,5,0,0,0,0,0,0,0,0,0
PQ,1,1370,2018,1,10,0,0,4,1,0,0,0,0,0,0,0,0,1
PQ,1,1370,2019,0,1,0,0,3,6,0,0,0,0,0,0,0,0,0
PQ,1,1370,2020,2,5,0,0,4,4,0,0,0,0,0,0,0,0,0
PQ,1,1370,2021,0,1,0,0,6,6,0,0,0,0,0,0,0,0,0
PQ,1,1370,2022,2,3,0,0,8,7,0,0,0,0,0,0,0,0,0
PQ,1,1370,2023,2,3,0,0,5,1,0,0,0,0,0,0,0,0,0
PQ,1,1370,2024,0,1,0,0,4,3,0,0,0,0,0,0,0,0,0
PQ,1,1390,1976,22,13,0,0,111,107,0,2,0,0,0,1,2,0,60
PQ,1,1390,1977,18,17,0,0,136,128,0,14,0,0,0,0,0,0,183
PQ,1,1390,1978,13,8,0,0,85,84,0,2,0,0,0,0,1,0,67
PQ,1,1390,1979,9,2,0,1,99,56,0,15,0,0,0,0,0,0,59
PQ,1,1390,1980,19,8,0,0,121,113,0,8,0,0,0,2,3,0,52
PQ,1,1390,1981,12,8,0,0,93,86,0,2,0,0,0,0,4,0,92
PQ,1,1390,1982,18,12,0,0,110,133,0,5,0,0,0,1,4,0,160
PQ,1,1390,1983,18,8,0,1,87,108,0,4,0,0,0,1,2,0,1
PQ,1,1390,1984,22,5,0,1,114,78,0,4,0,0,0,0,1,0,3
PQ,1,1390,1985,19,6,0,0,143,164,0,4,0,0,0,1,3,0,1
PQ,1,1390,1986,39,20,0,1,153,147,0,12,0,0,0,1,1,0,6
PQ,1,1390,1987,21,16,0,0,87,59,0,2,0,0,0,2,2,0,0
PQ,1,1390,1988,24,11,0,0,118,93,0,0,0,0,0,1,0,0,1
PQ,1,1390,1989,40,21,0,0,203,169,0,3,0,0,0,1,0,0,3
PQ,1,1390,1990,62,29,0,0,237,234,0,4,0,0,0,10,9,0,5
PQ,1,1390,1991,32,19,0,0,120,90,0,0,0,0,0,1,3,0,0
PQ,1,1390,1992,45,26,0,2,100,82,0,0,0,0,0,1,2,0,3
PQ,1,1390,1993,21,23,0,1,133,118,0,3,0,0,0,3,5,0,5
PQ,1,1390,1994,37,18,0,0,144,135,0,2,0,0,0,3,0,0,3
PQ,1,1390,1995,42,21,0,0,174,179,0,4,0,0,0,0,0,0,11
PQ,1,1390,1996,47,32,0,2,78,71,0,2,0,0,0,2,1,0,1
PQ,1,1390,1997,39,13,0,0,192,149,0,2,0,0,0,1,0,0,11
PQ,1,1390,1998,48,23,0,0,186,175,0,7,0,0,0,0,1,0,6
PQ,1,1390,1999,36,37,0,0,321,291,0,4,0,0,0,3,2,0,10
PQ,1,1390,2000,71,81,0,0,220,215,0,6,0,0,0,2,0,0,6
PQ,1,1390,2001,45,37,0,0,137,130,0,8,0,0,0,3,2,0,10
PQ,1,1390,2002,33,27,0,0,135,143,0,3,0,0,0,0,1,0,5
PQ,1,1390,2003,24,16,0,0,132,124,0,14,0,0,0,2,0,0,15
PQ,1,1390,2004,24,38,0,0,95,113,0,1,0,0,0,0,2,0,6
PQ,1,1390,2005,28,23,0,0,110,116,0,2,0,0,0,0,0,0,4
PQ,1,1390,2006,32,24,0,0,129,135,0,3,0,0,0,2,0,0,13
PQ,1,1390,2007,34,33,0,0,135,193,0,12,0,0,0,1,6,0,8
PQ,1,1390,2008,52,39,0,0,126,129,0,8,0,0,0,1,4,0,6
PQ,1,1390,2009,29,29,0,0,105,114,0,2,0,0,0,0,1,0,2
PQ,1,1390,2010,14,6,0,0,111,119,0,2,0,0,0,0,1,0,4
PQ,1,1390,2011,11,15,0,0,61,55,0,2,0,0,0,0,1,0,2
PQ,1,1390,2012,20,17,0,0,100,89,0,2,0,0,0,1,0,0,1
PQ,1,1390,2013,26,13,0,0,130,136,0,0,0,0,0,0,0,0,3
PQ,1,1390,2014,20,22,0,0,61,59,0,5,0,0,0,0,0,0,0
PQ,1,1390,2015,4,11,0,0,60,70,0,2,0,0,0,0,0,0,3
PQ,1,1390,2016,10,6,0,0,53,77,0,0,0,0,0,2,0,0,1
PQ,1,1390,2017,6,12,0,0,39,41,0,0,0,0,0,0,0,0,2
PQ,1,1390,2018,7,8,0,0,43,40,0,2,0,0,0,0,0,0,1
PQ,1,1390,2019,8,3,0,0,36,38,0,2,0,0,0,0,0,0,0
PQ,1,1390,2020,15,8,0,0,41,65,0,2,0,0,0,0,0,0,1
PQ,1,1390,2021,15,9,0,0,55,73,0,3,0,0,0,1,0,0,0
PQ,1,1390,2022,17,18,0,0,52,59,0,0,0,1,0,0,0,0,1
PQ,1,1390,2023,10,11,0,0,68,61,0,3,0,1,0,0,1,0,2
PQ,1,1390,2024,18,9,0,0,61,71,0,1,0,0,0,0,3,0,1
PQ,1,1400,1976,28,52,0,0,126,165,0,0,0,0,0,11,7,0,61
PQ,1,1400,1977,15,33,0,0,149,150,0,1,0,0,0,2,7,0,102
PQ,1,1400,1978,8,7,0,0,85,95,0,0,0,0,0,0,0,0,79
PQ,1,1400,1979,17,18,0,0,44,57,0,0,0,0,0,4,6,0,16
PQ,1,1400,1980,16,10,0,0,26,29,0,0,0,0,0,2,4,0,20
PQ,1,1400,1981,9,6,0,0,18,9,0,0,0,0,0,1,1,0,18
PQ,1,1400,1982,9,12,0,0,23,38,0,0,0,0,0,1,3,0,37
PQ,1,1400,1983,15,10,0,0,64,62,0,0,0,0,0,1,3,0,0
PQ,1,1400,1984,5,2,0,0,21,21,0,0,0,0,0,0,0,0,0
PQ,1,1400,1985,12,4,0,0,20,31,0,0,0,0,0,0,0,0,0
PQ,1,1400,1986,6,15,0,0,35,42,0,0,0,0,0,0,0,0,0
PQ,1,1400,1987,5,1,0,1,13,15,0,0,0,0,0,0,0,0,0
PQ,1,1400,1988,6,5,0,0,4,4,0,0,0,0,0,0,0,0,0
PQ,1,1400,1989,6,10,0,0,11,14,0,0,0,0,0,0,1,0,0
PQ,1,1400,1990,1,3,0,0,11,13,0,0,0,0,0,0,0,0,0
PQ,1,1400,1991,1,3,0,0,12,15,0,0,0,0,0,0,1,0,0
PQ,1,1400,1992,7,2,0,0,11,9,0,0,0,0,0,0,0,0,0
PQ,1,1400,1993,3,6,0,0,24,23,0,0,0,0,0,2,1,0,0
PQ,1,1400,1994,6,3,0,0,26,13,0,0,0,0,0,0,0,0,0
PQ,1,1400,1995,3,3,0,0,24,23,0,0,0,0,0,0,1,0,1
PQ,1,1400,1996,1,4,0,0,31,21,0,1,0,0,0,0,0,0,0
PQ,1,1400,1997,9,9,0,0,39,28,0,1,0,0,0,1,1,0,1
PQ,1,1400,1998,5,3,0,0,20,15,0,0,0,0,0,0,0,0,0
PQ,1,1400,1999,6,5,0,0,28,46,0,0,0,0,0,0,0,0,0
PQ,1,1400,2000,4,5,0,0,17,15,0,0,0,0,0,1,0,0,0
PQ,1,1400,2001,2,9,0,0,35,35,0,0,0,0,0,0,0,0,0
PQ,1,1400,2002,4,3,0,0,7,9,0,0,0,0,0,0,0,0,0
PQ,1,1400,2003,1,2,0,0,18,10,0,0,0,0,0,0,0,0,0
PQ,1,1400,2004,1,5,0,0,6,8,0,0,0,0,0,0,0,0,0
PQ,1,1400,2005,3,3,0,0,21,19,0,0,0,0,0,1,0,0,0
PQ,1,1400,2006,3,1,0,0,8,4,0,0,0,0,0,0,0,0,0
PQ,1,1400,2007,0,5,0,0,10,14,0,0,0,0,0,0,0,0,0
PQ,1,1400,2008,3,0,0,0,5,5,0,0,0,0,0,0,0,0,0
PQ,1,1400,2009,2,3,0,0,9,13,0,0,0,0,0,0,2,0,0
PQ,1,1400,2010,1,2,0,0,23,16,0,0,0,0,0,1,0,0,0
PQ,1,1400,2011,1,1,0,0,7,9,0,0,0,0,0,0,0,0,0
PQ,1,1400,2012,0,3,0,0,22,26,0,0,0,0,0,0,3,0,0
PQ,1,1400,2013,0,2,0,0,10,9,0,0,0,0,0,0,1,0,0
PQ,1,1400,2014,1,13,0,0,7,3,0,0,0,0,0,0,0,0,0
PQ,1,1400,2015,0,2,0,0,3,3,0,0,0,0,0,1,0,0,0
PQ,1,1400,2016,1,0,0,0,3,2,0,0,0,0,0,0,0,0,0
PQ,1,1400,2017,0,0,0,0,1,1,0,0,0,0,0,0,0,0,0
PQ,1,1400,2018,2,1,0,0,2,6,0,0,0,0,0,0,0,0,0
PQ,1,1400,2019,1,3,0,0,5,5,0,0,0,0,0,0,0,0,0
PQ,1,1400,2020,5,5,0,0,15,21,0,0,0,0,0,0,0,0,0
PQ,1,1400,2021,3,2,0,0,3,2,0,0,0,0,0,0,0,0,0
PQ,1,1400,2022,2,2,0,0,13,13,0,0,0,0,0,0,0,0,0
PQ,1,1400,2023,1,1,0,0,8,5,0,0,0,0,0,0,0,0,0
PQ,1,1400,2024,0,4,0,0,5,7,0,0,0,0,0,0,0,0,0
PQ,1,1420,1976,1,1,0,0,10,6,0,0,0,0,0,0,0,0,4
PQ,1,1420,1977,2,1,0,0,19,23,0,0,0,0,0,3,0,0,8
PQ,1,1420,1978,0,0,0,0,9,10,0,0,0,0,0,0,0,0,3
PQ,1,1420,1979,1,0,0,0,16,11,0,0,0,0,0,0,0,0,1
PQ,1,1420,1980,0,1,0,0,27,26,0,0,0,0,0,0,0,0,7
PQ,1,1420,1981,2,0,0,0,15,13,0,0,0,0,0,0,0,0,9
PQ,1,1420,1982,2,0,0,0,8,9,0,0,0,0,0,0,1,0,7
PQ,1,1420,1983,0,4,0,0,13,18,0,0,0,0,0,0,0,0,0
PQ,1,1420,1984,2,2,0,0,5,15,0,0,0,0,0,0,0,0,0
PQ,1,1420,1985,0,0,0,0,10,15,0,0,0,0,0,0,0,0,0
PQ,1,1420,1986,1,1,0,0,10,11,0,0,0,0,0,0,0,0,0
PQ,1,1420,1987,0,2,0,0,5,3,0,0,0,0,0,0,0,0,0
PQ,1,1420,1988,1,0,0,0,5,5,0,0,0,0,0,0,0,0,0
PQ,1,1420,1989,1,0,0,0,8,11,0,0,0,0,0,0,0,0,0
PQ,1,1420,1990,1,0,0,0,4,9,0,0,0,0,0,0,0,0,0
PQ,1,1420,1991,1,5,0,0,12,7,0,0,0,0,0,0,0,0,0
PQ,1,1420,1992,6,3,0,0,12,13,0,0,0,0,0,1,0,0,0
PQ,1,1420,1993,0,2,0,0,8,11,0,0,0,0,0,0,0,0,0
PQ,1,1420,1994,2,2,0,0,9,16,0,0,0,0,0,0,0,0,0
PQ,1,1420,1995,0,4,0,0,9,4,0,0,0,0,0,0,0,0,0
PQ,1,1420,1996,5,2,0,0,5,15,0,0,0,0,0,0,0,0,0
PQ,1,1420,1997,0,1,0,0,9,12,0,0,0,0,0,0,0,0,0
PQ,1,1420,1998,4,6,0,0,6,6,0,0,0,0,0,0,0,0,0
PQ,1,1420,1999,1,2,0,0,5,9,0,0,0,0,0,0,0,0,0
PQ,1,1420,2000,3,3,0,0,8,7,0,0,0,0,0,0,0,0,0
PQ,1,1420,2001,1,1,0,0,2,5,0,0,0,0,0,0,0,0,0
PQ,1,1420,2002,0,1,0,0,3,3,0,0,0,0,0,0,0,0,0
PQ,1,1420,2003,2,3,0,0,13,4,0,0,0,0,0,0,0,0,0
PQ,1,1420,2004,1,2,0,0,3,7,0,0,0,0,0,0,0,0,0
PQ,1,1420,2005,2,1,0,0,6,4,0,0,0,0,0,0,0,0,0
PQ,1,1420,2006,0,1,0,0,5,6,0,0,0,0,0,0,0,0,0
PQ,1,1420,2007,0,1,0,0,4,3,0,0,0,0,0,0,0,0,0
PQ,1,1420,2008,1,2,0,0,3,4,0,0,0,0,0,0,0,0,0
PQ,1,1420,2009,1,2,0,0,1,6,0,0,0,0,0,0,0,0,0
PQ,1,1420,2010,1,3,0,0,6,7,0,0,0,0,0,0,0,0,0
PQ,1,1420,2011,1,0,0,0,4,3,0,0,0,0,0,0,0,0,0
PQ,1,1420,2012,0,0,0,0,2,1,0,0,0,0,0,0,0,0,0
PQ,1,1420,2013,1,0,0,0,2,3,0,0,0,0,0,0,0,0,0
PQ,1,1420,2014,0,1,0,0,0,4,0,0,0,0,0,0,0,0,0
PQ,1,1420,2015,0,2,0,0,3,1,0,0,0,0,0,0,0,0,0
PQ,1,1420,2016,1,0,0,0,3,4,0,0,0,0,0,0,0,0,0
PQ,1,1420,2017,0,3,0,0,2,2,0,0,0,0,0,0,0,0,0
PQ,1,1420,2018,0,0,0,0,2,2,0,0,0,0,0,0,0,0,0
PQ,1,1420,2019,0,2,0,0,2,1,0,0,0,0,0,0,0,0,0
PQ,1,1420,2020,0,3,0,0,0,4,0,0,0,0,0,0,0,0,0
PQ,1,1420,2021,0,0,0,0,0,1,0,0,0,0,0,0,0,0,0
PQ,1,1420,2022,0,0,0,0,1,0,0,0,0,0,0,0,0,0,0
PQ,1,1420,2023,0,0,0,0,0,1,0,0,0,0,0,0,0,0,0
PQ,1,1420,2024,0,1,0,0,4,3,0,0,0,0,0,0,0,0,0
PQ,1,1430,1976,12,7,0,0,38,35,0,0,0,0,0,1,1,0,26
PQ,1,1430,1977,11,6,0,0,90,81,0,1,0,0,0,0,0,0,98
PQ,1,1430,1978,8,5,0,0,29,34,0,0,0,0,0,0,0,0,22
PQ,1,1430,1979,13,4,0,0,46,34,0,1,0,0,0,2,1,0,23
PQ,1,1430,1980,9,1,0,0,60,44,0,0,0,0,0,1,0,0,25
PQ,1,1430,1981,10,1,0,0,24,52,0,0,0,0,0,1,0,0,34
PQ,1,1430,1982,14,1,0,0,36,42,0,0,0,0,0,0,0,0,49
PQ,1,1430,1983,18,5,0,0,40,39,0,0,0,0,0,0,1,0,0
PQ,1,1430,1984,5,3,0,0,27,18,0,0,0,0,0,0,0,0,2
PQ,1,1430,1985,5,5,0,0,46,43,0,1,0,0,0,0,0,0,2
PQ,1,1430,1986,10,4,0,0,44,39,0,0,0,0,0,0,0,0,0
PQ,1,1430,1987,5,1,0,0,24,30,0,1,0,0,0,0,0,0,0
PQ,1,1430,1988,13,3,0,0,20,28,0,0,0,0,0,0,0,0,0
PQ,1,1430,1989,6,4,0,0,43,40,0,3,0,0,0,1,0,0,0
PQ,1,1430,1990,15,11,0,0,48,51,0,1,0,0,0,0,0,0,0
PQ,1,1430,1991,13,4,0,0,34,18,0,0,0,0,0,0,0,0,0
PQ,1,1430,1992,17,7,0,0,24,14,0,0,0,0,0,0,0,0,0
PQ,1,1430,1993,15,3,0,0,40,41,0,0,0,0,0,2,0,0,2
PQ,1,1430,1994,6,2,0,0,41,39,0,0,0,0,0,0,0,0,0
PQ,1,1430,1995,7,7,0,0,28,18,0,0,0,0,0,0,0,0,1
PQ,1,1430,1996,16,7,0,0,15,24,0,0,0,0,0,0,1,0,0
PQ,1,1430,1997,15,6,0,0,50,29,0,0,0,0,0,0,0,0,2
PQ,1,1430,1998,9,3,0,0,59,42,0,0,0,0,0,0,0,0,1
PQ,1,1430,1999,12,5,0,0,40,48,0,1,0,0,0,0,0,0,0
PQ,1,1430,2000,8,9,0,0,26,26,0,0,0,0,0,1,1,0,0
PQ,1,1430,2001,4,7,0,0,33,23,0,0,0,0,0,0,0,0,0
PQ,1,1430,2002,3,1,0,0,25,28,0,0,0,0,0,0,0,0,0
PQ,1,1430,2003,10,6,0,0,41,50,0,0,0,0,0,0,1,0,0
PQ,1,1430,2004,11,5,0,0,36,39,0,0,0,0,0,0,1,0,1
PQ,1,1430,2005,3,4,0,0,26,26,0,0,0,0,0,0,0,0,0
PQ,1,1430,2006,4,6,0,0,34,27,0,0,0,0,0,0,0,0,1
PQ,1,1430,2007,6,8,0,0,21,31,0,0,0,0,0,1,0,0,1
PQ,1,1430,2008,7,1,0,0,16,19,0,0,0,0,0,1,0,0,0
PQ,1,1430,2009,3,4,0,0,17,11,0,0,0,0,0,1,0,0,0
PQ,1,1430,2010,7,2,0,0,21,32,0,0,0,0,0,0,0,0,1
PQ,1,1430,2011,0,3,0,0,10,12,0,0,0,0,0,0,0,0,0
PQ,1,1430,2012,3,3,0,0,6,5,0,0,0,0,0,0,0,0,0
PQ,1,1430,2013,6,7,0,0,33,32,0,0,0,0,0,0,0,0,0
PQ,1,1430,2014,3,2,0,0,13,7,0,0,0,0,0,0,0,0,0
PQ,1,1430,2015,5,0,0,0,12,11,0,0,0,0,0,0,0,0,0
PQ,1,1430,2016,2,4,0,0,6,13,0,0,0,0,0,0,0,0,0
PQ,1,1430,2017,1,1,0,0,4,3,0,0,0,0,0,0,0,0,2
PQ,1,1430,2018,5,3,0,0,11,7,0,0,0,0,0,0,0,0,0
PQ,1,1430,2019,0,3,0,0,3,5,0,0,0,0,0,0,0,0,0
PQ,1,1430,2020,3,1,0,0,16,16,0,0,0,0,0,0,0,0,0
PQ,1,1430,2021,5,1,0,0,8,12,0,0,0,0,0,0,0,0,0
PQ,1,1430,2022,2,1,0,0,7,13,0,0,0,0,0,0,0,0,0
PQ,1,1430,2023,0,5,0,0,24,17,0,0,0,0,0,0,1,0,0
PQ,1,1430,2024,7,2,0,0,10,14,0,0,0,0,0,0,0,0,0
PQ,1,1440,1976,11,19,0,0,26,35,0,0,0,0,0,1,3,0,22
PQ,1,1440,1977,21,36,0,0,25,40,0,0,0,0,0,1,4,0,40
PQ,1,1440,1978,6,22,0,0,32,27,0,0,0,0,0,1,3,0,31
PQ,1,1440,1979,10,23,0,0,43,74,0,0,0,0,0,2,2,0,25
PQ,1,1440,1980,14,35,0,0,47,73,0,0,0,0,0,3,4,0,34
PQ,1,1440,1981,27,53,0,0,26,51,0,0,0,0,0,3,5,0,50
PQ,1,1440,1982,12,18,0,0,38,44,0,0,0,0,0,1,1,0,74
PQ,1,1440,1983,30,53,0,0,69,92,0,0,0,0,0,1,1,0,0
PQ,1,1440,1984,14,22,0,4,32,48,0,2,0,0,0,0,1,0,1
PQ,1,1440,1985,20,47,0,0,34,56,0,0,0,0,0,2,8,0,7
PQ,1,1440,1986,6,44,0,1,42,48,0,0,0,0,0,1,1,0,0
PQ,1,1440,1987,15,28,0,0,28,47,0,1,0,0,0,0,1,0,1
PQ,1,1440,1988,18,33,0,0,17,48,0,0,0,0,0,1,1,0,0
PQ,1,1440,1989,26,56,0,0,54,70,0,0,0,0,0,2,2,0,1
PQ,1,1440,1990,28,75,0,0,50,63,0,0,0,0,0,1,1,0,3
PQ,1,1440,1991,22,67,0,0,30,63,0,0,0,0,0,0,1,0,1
PQ,1,1440,1992,37,96,0,0,64,56,0,0,0,0,0,2,2,0,2
PQ,1,1440,1993,22,87,0,0,53,111,0,0,0,0,0,0,3,0,0
PQ,1,1440,1994,45,128,0,0,50,73,0,0,0,0,0,0,5,0,1
PQ,1,1440,1995,22,59,0,0,44,57,0,0,0,0,0,0,0,0,2
PQ,1,1440,1996,43,125,0,1,50,70,0,1,0,0,0,5,9,0,0
PQ,1,1440,1997,36,92,0,1,107,132,0,2,0,0,0,6,7,0,1
PQ,1,1440,1998,34,75,0,0,80,123,0,0,0,0,0,1,1,0,1
PQ,1,1440,1999,33,103,0,0,72,133,0,0,0,0,0,1,6,0,2
PQ,1,1440,2000,25,79,0,0,57,102,0,0,0,0,0,1,0,0,0
PQ,1,1440,2001,22,111,0,0,56,102,0,1,0,0,0,4,8,0,0
PQ,1,1440,2002,32,67,0,0,44,66,0,0,0,0,0,5,8,0,1
PQ,1,1440,2003,28,57,0,0,46,90,0,0,0,0,0,7,1,0,1
PQ,1,1440,2004,11,47,0,0,74,102,0,0,0,0,0,0,0,0,1
PQ,1,1440,2005,17,54,0,0,51,64,0,0,0,0,0,2,4,0,2
PQ,1,1440,2006,20,48,0,0,62,61,0,0,0,0,0,3,2,0,1
PQ,1,1440,2007,44,98,0,0,48,86,0,0,0,0,0,0,1,0,1
PQ,1,1440,2008,18,51,0,0,50,77,0,0,0,0,0,0,0,0,0
PQ,1,1440,2009,20,70,0,1,68,95,0,1,0,0,0,2,1,0,0
PQ,1,1440,2010,17,47,0,0,37,51,0,0,0,0,0,2,1,0,2
PQ,1,1440,2011,23,51,0,0,32,53,0,0,0,0,0,1,1,0,0
PQ,1,1440,2012,24,49,0,0,35,61,0,0,0,0,0,1,0,0,0
PQ,1,1440,2013,25,56,0,0,48,69,0,0,0,0,0,0,0,0,1
PQ,1,1440,2014,17,62,0,0,54,110,0,0,0,0,0,0,0,0,0
PQ,1,1440,2015,42,64,0,0,68,130,0,0,0,0,0,1,4,0,2
PQ,1,1440,2016,60,91,0,0,51,69,0,0,0,0,0,0,1,0,0
PQ,1,1440,2017,21,47,0,2,72,100,0,0,0,0,0,1,1,0,1
PQ,1,1440,2018,17,39,0,0,68,70,0,0,0,0,0,1,0,0,2
PQ,1,1440,2019,23,47,0,0,59,99,0,0,0,0,0,0,2,0,3
PQ,1,1440,2020,24,59,0,0,57,64,0,0,0,0,0,0,0,0,2
PQ,1,1440,2021,7,13,0,0,43,74,0,0,0,0,0,0,1,0,1
PQ,1,1440,2022,11,49,0,0,35,41,0,0,0,0,0,0,1,0,0
PQ,1,1440,2023,7,32,0,0,24,48,0,0,0,0,0,0,0,0,2
PQ,1,1440,2024,9,27,0,0,25,39,0,0,0,1,0,0,0,0,0
PQ,1,1460,1976,0,3,0,0,5,10,0,0,0,0,0,0,0,0,3
PQ,1,1460,1977,2,1,0,0,4,5,0,0,0,0,0,0,0,0,7
PQ,1,1460,1978,1,1,0,0,3,7,0,0,0,0,0,0,0,0,4
PQ,1,1460,1979,1,2,0,0,9,6,0,0,0,0,0,0,0,0,1
PQ,1,1460,1980,4,3,0,0,9,10,0,0,0,0,0,0,0,0,1
PQ,1,1460,1981,1,1,0,0,0,1,0,0,0,0,0,0,0,0,3
PQ,1,1460,1982,0,0,0,0,2,6,0,0,0,0,0,0,0,0,3
PQ,1,1460,1983,3,0,0,0,4,4,0,0,0,0,0,0,0,0,0
PQ,1,1460,1984,0,0,0,0,0,1,0,0,0,0,0,0,0,0,4
PQ,1,1460,1985,0,0,0,0,9,3,0,0,0,0,0,0,0,0,2
PQ,1,1460,1986,0,2,0,0,6,5,0,0,0,0,0,0,0,0,0
PQ,1,1460,1987,2,0,0,0,4,4,0,0,0,0,0,0,0,0,0
PQ,1,1460,1988,1,1,0,0,4,0,0,0,0,0,0,0,0,0,0
PQ,1,1460,1989,1,0,0,0,2,6,0,0,0,0,0,0,0,0,0
PQ,1,1460,1990,0,0,0,0,3,0,0,0,0,0,0,0,0,0,0
PQ,1,1460,1991,0,1,0,0,1,1,0,0,0,0,0,0,0,0,0
PQ,1,1460,1992,1,2,0,0,6,4,0,0,0,0,0,0,0,0,0
PQ,1,1460,1993,0,0,0,0,3,3,0,0,0,0,0,0,0,0,0
PQ,1,1460,1994,0,1,0,0,2,5,0,0,0,0,0,0,0,0,0
PQ,1,1460,1995,1,0,0,0,3,3,0,0,0,0,0,0,0,0,0
PQ,1,1460,1996,0,2,0,0,0,3,0,0,0,0,0,0,0,0,0
PQ,1,1460,1997,0,1,0,0,4,6,0,0,0,0,0,0,0,0,1
PQ,1,1460,1998,1,2,0,0,3,3,0,0,0,0,0,0,0,0,0
PQ,1,1460,1999,0,0,0,0,0,1,0,0,0,0,0,0,0,0,0
PQ,1,1460,2001,0,0,0,0,1,0,0,0,0,0,0,0,0,0,0
PQ,1,1460,2002,0,0,0,0,2,0,0,0,0,0,0,0,0,0,0
PQ,1,1460,2004,1,0,0,0,1,1,0,0,0,0,0,0,0,0,1
PQ,1,1460,2005,2,0,0,0,9,16,0,1,0,0,0,0,0,0,0
PQ,1,1460,2006,0,1,0,0,6,1,0,0,0,0,0,0,0,0,0
PQ,1,1460,2007,0,0,0,0,1,0,0,0,0,0,0,0,0,0,0
PQ,1,1460,2008,0,0,0,0,0,2,0,0,0,0,0,0,0,0,0
PQ,1,1460,2009,0,0,0,0,2,2,0,0,0,0,0,0,0,0,0
PQ,1,1460,2010,0,0,0,0,2,0,0,0,0,0,0,0,0,0,0
PQ,1,1460,2011,0,1,0,0,1,0,0,0,0,0,0,0,0,0,0
PQ,1,1460,2012,0,1,0,0,1,2,0,0,0,0,0,0,0,0,0
PQ,1,1460,2013,0,0,0,0,1,0,0,0,0,0,0,0,0,0,0
PQ,1,1460,2014,0,0,0,0,1,3,0,0,0,0,0,0,0,0,0
PQ,1,1460,2015,0,0,0,0,1,0,0,0,0,0,0,0,0,0,0
PQ,1,1460,2016,0,0,0,0,2,1,0,0,0,0,0,0,0,0,0
PQ,1,1460,2017,0,1,0,0,0,0,0,0,0,0,0,0,0,0,0
PQ,1,1460,2018,1,0,0,0,1,0,0,0,0,0,0,0,0,0,0
PQ,1,1460,2021,1,0,0,0,0,0,0,0,0,0,0,0,0,0,0
PQ,1,1460,2022,1,0,0,0,0,5,0,0,0,0,0,0,0,0,0
PQ,1,1460,2023,0,0,0,0,1,0,0,0,0,0,0,0,0,0,0
PQ,1,1460,2024,0,0,0,0,1,1,0,0,0,0,0,0,0,0,0
PQ,1,1470,1976,0,1,0,0,1,2,0,1,0,0,0,0,0,0,2
PQ,1,1470,1977,0,0,0,0,1,0,0,0,0,0,0,0,0,0,2
PQ,1,1470,1978,0,1,0,0,4,2,0,0,0,0,0,0,0,0,0
PQ,1,1470,1979,0,1,0,0,4,5,0,0,0,0,0,0,0,0,5
PQ,1,1470,1980,2,8,0,0,2,3,0,0,0,0,0,0,0,0,3
PQ,1,1470,1981,1,1,0,0,1,0,0,0,0,0,0,0,0,0,0
PQ,1,1470,1982,0,0,0,0,1,3,0,0,0,0,0,0,0,0,4
PQ,1,1470,1983,0,0,0,0,0,1,0,0,0,0,0,0,0,0,0
PQ,1,1470,1984,0,0,0,0,1,0,0,0,0,0,0,0,0,0,0
PQ,1,1470,1985,2,0,0,0,0,4,0,0,0,0,0,0,0,0,0
PQ,1,1470,1986,1,1,0,0,2,2,0,0,0,0,0,0,0,0,0
PQ,1,1470,1987,1,0,0,0,1,1,0,0,0,0,0,0,0,0,0
PQ,1,1470,1988,0,2,0,0,0,1,0,0,0,0,0,0,0,0,0
PQ,1,1470,1991,0,1,0,0,0,0,0,0,0,0,0,0,0,0,0
PQ,1,1470,1992,0,1,0,0,0,0,0,0,0,0,0,0,0,0,0
PQ,1,1470,1996,1,0,0,0,0,0,0,0,0,0,0,0,0,0,0
PQ,1,1470,2000,0,1,0,0,0,0,0,0,0,0,0,0,0,0,0
PQ,1,1470,2004,0,0,0,0,1,0,0,0,0,0,0,0,0,0,0
PQ,1,1470,2010,1,0,0,0,0,1,0,0,0,0,0,0,0,0,0
PQ,1,1470,2011,0,0,0,0,0,1,0,0,0,0,0,0,0,0,0
PQ,1,1470,2022,0,0,0,0,0,1,0,0,0,0,0,0,0,0,0
PQ,1,1480,1976,7,9,0,0,26,31,0,0,0,0,0,0,0,0,12
PQ,1,1480,1977,15,9,0,0,23,24,0,0,0,0,0,0,0,0,4
PQ,1,1480,1978,4,13,0,0,8,2,0,0,0,0,0,0,0,0,19
PQ,1,1480,1979,9,15,0,0,17,28,0,0,0,0,0,0,2,0,16
PQ,1,1480,1980,15,19,0,0,40,35,0,0,0,0,0,1,0,0,11
PQ,1,1480,1981,12,15,0,0,36,29,0,0,0,0,0,0,0,0,21
PQ,1,1480,1982,10,15,0,0,17,14,0,0,0,0,0,0,0,0,32
PQ,1,1480,1983,14,11,0,0,8,28,0,0,0,0,0,0,0,0,0
PQ,1,1480,1984,23,31,0,0,34,34,0,0,0,0,0,0,0,0,0
PQ,1,1480,1985,10,6,0,0,33,33,0,1,0,0,0,0,0,0,0
PQ,1,1480,1986,24,12,0,0,11,24,0,1,0,0,0,0,1,0,0
PQ,1,1480,1987,6,13,0,0,8,9,0,0,0,0,0,0,0,0,0
PQ,1,1480,1988,11,19,0,1,26,21,0,0,0,0,0,0,0,0,0
PQ,1,1480,1989,10,11,0,0,14,20,0,0,0,0,0,1,0,0,0
PQ,1,1480,1990,6,19,0,0,15,19,0,0,0,0,0,0,0,0,0
PQ,1,1480,1991,4,8,0,0,10,13,0,0,0,0,0,0,0,0,0
PQ,1,1480,1992,2,14,0,0,11,13,0,0,0,0,0,0,0,0,0
PQ,1,1480,1993,6,14,0,0,19,17,0,0,0,0,0,0,0,0,0
PQ,1,1480,1994,9,6,0,0,8,18,0,1,0,0,0,0,0,0,0
PQ,1,1480,1995,5,1,0,0,19,18,0,0,0,0,0,0,0,0,0
PQ,1,1480,1996,14,15,0,0,20,22,0,0,0,0,0,0,0,0,0
PQ,1,1480,1997,7,22,0,0,11,12,0,0,0,0,0,1,0,0,1
PQ,1,1480,1998,9,10,0,0,24,19,0,0,0,0,0,0,0,0,0
PQ,1,1480,1999,5,12,0,0,11,18,0,0,0,0,0,0,0,0,2
PQ,1,1480,2000,9,4,0,0,4,10,0,0,0,0,0,2,0,0,0
PQ,1,1480,2001,3,3,0,0,3,10,0,0,0,0,0,0,0,0,1
PQ,1,1480,2002,3,4,0,0,9,16,0,0,0,0,0,0,0,0,0
PQ,1,1480,2003,4,2,0,0,10,8,0,0,0,0,0,0,0,0,0
PQ,1,1480,2004,1,13,0,0,6,16,0,0,0,0,0,0,0,0,0
PQ,1,1480,2005,3,4,0,0,6,3,0,0,0,0,0,0,0,0,0
PQ,1,1480,2006,4,4,0,0,18,31,0,0,0,0,0,0,1,0,0
PQ,1,1480,2007,3,1,0,0,6,2,0,0,0,0,0,0,0,0,0
PQ,1,1480,2008,3,2,0,0,3,5,0,0,0,0,0,0,0,0,0
PQ,1,1480,2009,3,0,0,0,6,1,0,0,0,0,0,0,0,0,0
PQ,1,1480,2010,1,0,0,0,3,7,0,0,0,0,0,0,0,0,0
PQ,1,1480,2011,5,4,0,0,7,6,0,0,0,0,0,0,0,0,0
PQ,1,1480,2012,3,1,0,0,4,9,0,0,0,0,0,0,0,0,0
PQ,1,1480,2013,5,5,0,0,6,6,0,0,0,0,0,0,0,0,0
PQ,1,1480,2014,1,2,0,0,0,1,0,0,0,0,0,0,0,0,0
PQ,1,1480,2015,3,2,0,0,6,12,0,0,0,0,0,0,0,0,1
PQ,1,1480,2016,0,6,0,0,4,8,0,0,0,0,0,0,0,0,0
PQ,1,1480,2017,1,4,0,0,2,0,0,0,0,0,0,0,0,0,0
PQ,1,1480,2018,4,2,0,0,0,0,0,0,0,0,0,0,0,0,0
PQ,1,1480,2019,0,2,0,0,6,5,0,0,0,0,0,0,0,0,0
PQ,1,1480,2020,3,1,0,0,6,5,0,0,0,0,0,0,0,0,0
PQ,1,1480,2021,1,0,0,0,10,6,0,0,0,0,0,0,0,0,0
PQ,1,1480,2022,3,1,0,0,9,4,0,0,0,0,0,0,0,0,0
PQ,1,1480,2023,1,2,0,0,4,3,0,0,0,0,0,0,0,0,0
PQ,1,1480,2024,2,5,0,0,4,2,0,0,0,0,0,0,0,0,0
PQ,1,1490,1976,18,9,0,0,33,19,0,0,0,0,0,0,1,0,13
PQ,1,1490,1977,10,12,0,0,36,26,0,0,0,0,0,2,1,0,19
PQ,1,1490,1978,9,6,0,0,8,6,0,0,0,0,0,1,0,0,16
PQ,1,1490,1979,7,25,0,0,32,31,0,1,0,0,0,1,2,0,20
PQ,1,1490,1980,12,14,0,0,57,51,0,1,0,0,0,1,3,0,26
PQ,1,1490,1981,19,19,0,0,34,37,0,0,0,0,0,0,0,0,56
PQ,1,1490,1982,9,11,0,0,17,17,0,0,0,0,0,0,0,0,44
PQ,1,1490,1983,12,10,0,0,29,19,0,0,0,0,0,0,0,0,0
PQ,1,1490,1984,6,11,0,1,35,45,0,0,0,0,0,0,0,0,0
PQ,1,1490,1985,8,29,0,0,32,32,0,0,0,0,0,1,2,0,1
PQ,1,1490,1986,24,23,0,0,26,43,0,0,0,0,0,0,0,0,1
PQ,1,1490,1987,6,6,0,0,23,17,0,0,0,0,0,0,0,0,0
PQ,1,1490,1988,10,15,0,0,48,52,0,0,0,0,0,0,1,0,0
PQ,1,1490,1989,20,27,0,0,51,42,0,0,0,0,0,0,0,0,0
PQ,1,1490,1990,22,21,0,0,28,48,0,0,0,0,0,0,2,0,0
PQ,1,1490,1991,17,19,0,0,36,33,0,0,0,0,0,0,0,0,1
PQ,1,1490,1992,18,35,0,0,26,27,0,0,0,0,0,0,0,0,0
PQ,1,1490,1993,10,13,0,0,34,42,0,0,0,0,0,1,0,0,0
PQ,1,1490,1994,13,12,0,0,15,28,0,0,0,0,0,0,0,0,0
PQ,1,1490,1995,4,19,0,0,30,16,0,0,0,0,0,0,0,0,0
PQ,1,1490,1996,13,21,0,0,20,28,0,0,0,0,0,0,0,0,0
PQ,1,1490,1997,5,8,0,0,33,29,0,0,0,0,0,1,0,0,0
PQ,1,1490,1998,14,10,0,0,30,44,0,0,0,0,0,0,0,0,1
PQ,1,1490,1999,8,10,0,0,25,44,0,0,0,0,0,0,0,0,0
PQ,1,1490,2000,14,15,0,0,12,14,0,0,0,0,0,0,0,0,0
PQ,1,1490,2001,4,6,0,0,19,30,0,0,0,0,0,1,0,0,0
PQ,1,1490,2002,7,7,0,0,17,22,0,0,0,0,0,0,0,0,0
PQ,1,1490,2003,10,15,0,0,39,45,0,0,0,0,0,0,0,0,0
PQ,1,1490,2004,16,5,0,0,11,26,0,0,0,0,0,0,0,0,1
PQ,1,1490,2005,6,4,0,0,12,14,0,0,0,0,0,0,0,0,0
PQ,1,1490,2006,1,2,0,0,45,45,0,0,0,0,0,0,0,0,1
PQ,1,1490,2007,5,4,0,0,9,6,0,0,0,0,0,0,0,0,1
PQ,1,1490,2008,5,11,0,0,9,8,0,0,0,0,0,0,0,0,1
PQ,1,1490,2009,6,3,0,0,12,9,0,0,0,0,0,0,0,0,0
PQ,1,1490,2010,6,4,0,0,9,14,0,0,0,1,0,0,0,0,1
PQ,1,1490,2011,7,4,0,0,13,12,0,0,0,0,0,0,0,0,0
PQ,1,1490,2012,0,3,0,0,8,12,0,0,0,0,0,0,0,0,0
PQ,1,1490,2013,5,1,0,0,7,10,0,0,0,0,0,0,0,0,0
PQ,1,1490,2014,1,0,0,0,5,3,0,0,0,0,0,0,0,0,0
PQ,1,1490,2015,1,2,0,0,7,7,0,1,0,0,0,0,0,0,0
PQ,1,1490,2016,3,1,0,0,3,4,0,0,0,0,0,0,0,0,0
PQ,1,1490,2017,3,1,0,0,3,1,0,0,0,0,0,0,0,0,0
PQ,1,1490,2018,1,1,0,0,0,2,0,0,0,0,0,0,0,0,0
PQ,1,1490,2019,0,2,0,0,0,2,0,0,0,0,0,0,0,0,0
PQ,1,1490,2020,5,3,0,0,11,13,0,0,0,0,0,0,0,0,0
PQ,1,1490,2021,1,1,0,0,4,3,0,0,0,0,0,0,0,0,0
PQ,1,1490,2022,2,3,0,0,1,1,0,0,0,0,0,0,0,0,0
PQ,1,1490,2023,0,0,0,0,11,4,0,0,0,0,0,0,0,0,0
PQ,1,1490,2024,0,1,0,0,2,2,0,0,0,0,0,0,0,0,0
PQ,1,1500,1976,6,1,0,0,27,21,0,0,0,0,0,0,1,0,6
PQ,1,1500,1977,4,8,0,0,29,28,0,0,0,0,0,0,0,0,21
PQ,1,1500,1978,1,4,0,0,26,23,0,0,0,0,0,0,0,0,9
PQ,1,1500,1979,10,5,0,0,39,42,0,0,0,0,0,5,1,0,20
PQ,1,1500,1980,7,11,0,0,63,55,0,1,0,0,0,3,1,0,15
PQ,1,1500,1981,15,3,0,0,0,2,0,71,0,0,0,0,0,0,35
PQ,1,1500,1982,6,12,0,0,38,26,0,0,0,0,0,1,0,0,46
PQ,1,1500,1983,7,11,0,1,0,7,0,60,0,0,0,0,0,0,4
PQ,1,1500,1984,3,20,0,0,56,64,0,0,0,0,0,1,1,0,2
PQ,1,1500,1985,5,14,0,0,31,47,0,1,0,0,0,1,1,0,1
PQ,1,1500,1986,17,18,0,0,92,81,0,4,0,0,0,0,1,0,3
PQ,1,1500,1987,8,13,0,0,49,50,0,0,0,0,0,0,0,0,0
PQ,1,1500,1988,10,16,0,0,66,55,0,2,0,0,0,0,0,0,1
PQ,1,1500,1989,20,19,0,0,64,58,0,2,0,0,0,0,0,0,0
PQ,1,1500,1990,15,17,0,0,46,35,0,1,0,0,0,1,0,0,0
PQ,1,1500,1991,9,24,0,0,65,66,0,0,0,0,0,0,1,0,0
PQ,1,1500,1992,15,28,0,0,51,28,0,0,0,0,0,0,1,0,2
PQ,1,1500,1993,12,15,0,0,70,43,0,1,0,0,0,0,0,0,0
PQ,1,1500,1994,8,14,0,0,36,34,0,0,0,0,0,0,0,0,1
PQ,1,1500,1995,13,7,0,0,32,41,0,0,0,0,0,0,0,0,2
PQ,1,1500,1996,7,19,0,0,35,53,0,0,0,0,0,2,0,0,1
PQ,1,1500,1997,11,10,0,0,74,76,0,2,0,0,0,3,0,0,1
PQ,1,1500,1998,9,10,0,0,73,90,0,1,0,0,0,0,1,0,4
PQ,1,1500,1999,18,17,0,0,58,66,0,1,0,0,0,0,0,0,1
PQ,1,1500,2000,15,25,0,0,38,40,0,1,0,0,0,0,0,0,1
PQ,1,1500,2001,10,18,0,0,42,27,0,1,0,0,0,0,0,0,0
PQ,1,1500,2002,5,8,0,0,24,41,0,2,0,0,0,0,0,0,1
PQ,1,1500,2003,3,8,0,0,28,26,0,1,0,0,0,1,1,0,1
PQ,1,1500,2004,8,12,0,0,24,46,0,0,0,0,0,0,0,0,6
PQ,1,1500,2005,6,12,0,0,42,30,0,1,0,0,0,1,0,0,0
PQ,1,1500,2006,8,8,0,0,33,58,0,2,0,0,0,0,0,0,1
PQ,1,1500,2007,7,11,0,0,13,16,0,0,0,0,0,0,0,0,0
PQ,1,1500,2008,2,10,0,0,13,11,0,0,0,0,0,0,0,0,1
PQ,1,1500,2009,3,4,0,0,11,17,0,1,0,0,0,0,0,0,1
PQ,1,1500,2010,2,9,0,0,20,16,0,1,0,0,0,0,0,0,1
PQ,1,1500,2011,6,12,0,0,24,13,0,0,0,0,0,0,0,0,2
PQ,1,1500,2012,15,9,0,0,22,30,0,0,0,0,0,0,0,0,1
PQ,1,1500,2013,8,4,0,0,29,23,0,0,0,0,0,0,0,0,0
PQ,1,1500,2014,12,19,0,0,17,33,0,0,0,0,0,0,0,0,0
PQ,1,1500,2015,2,7,0,0,8,8,0,0,0,0,0,0,0,0,0
PQ,1,1500,2016,4,7,0,0,8,9,0,0,0,0,0,0,0,0,0
PQ,1,1500,2017,6,4,0,0,11,9,0,0,0,0,0,0,0,0,0
PQ,1,1500,2018,5,5,0,0,17,13,0,1,0,0,0,0,0,0,0
PQ,1,1500,2019,2,5,0,0,12,14,0,2,0,0,0,0,0,0,1
PQ,1,1500,2020,7,4,0,0,17,15,0,1,0,0,0,0,0,0,0
PQ,1,1500,2021,6,3,0,0,12,10,0,1,0,0,0,0,0,0,0
PQ,1,1500,2022,3,3,0,0,3,13,0,0,0,0,0,1,1,0,0
PQ,1,1500,2023,3,4,0,0,8,10,0,0,0,0,0,0,0,0,0
PQ,1,1500,2024,1,3,0,0,13,3,0,0,0,0,0,0,0,0,0
PQ,1,1510,1976,1,2,0,0,10,15,0,1,0,0,0,0,0,0,12
PQ,1,1510,1977,1,4,0,0,21,15,0,2,0,0,0,0,0,0,12
PQ,1,1510,1978,2,10,0,0,15,10,0,1,0,0,0,0,0,0,19
PQ,1,1510,1979,8,30,0,0,24,18,0,1,0,0,0,0,0,0,17
PQ,1,1510,1980,10,15,0,0,6,11,0,70,0,0,0,0,0,0,18
PQ,1,1510,1981,8,23,0,0,24,31,0,1,0,0,0,0,0,0,17
PQ,1,1510,1982,9,7,0,0,17,23,0,2,0,0,0,0,0,0,26
PQ,1,1510,1983,7,9,0,0,19,20,0,0,0,0,0,0,0,0,0
PQ,1,1510,1984,4,18,0,0,21,26,0,0,0,0,0,0,0,0,1
PQ,1,1510,1985,5,17,0,0,30,28,0,0,0,0,0,0,1,0,1
PQ,1,1510,1986,11,27,0,0,21,21,0,1,0,0,0,0,0,0,0
PQ,1,1510,1987,8,18,0,0,26,28,0,0,0,0,0,0,0,0,0
PQ,1,1510,1988,3,14,0,0,22,31,0,0,0,0,0,0,0,0,0
PQ,1,1510,1989,3,5,0,0,15,11,0,0,0,0,0,0,0,0,0
PQ,1,1510,1990,9,27,0,0,26,11,0,1,0,0,0,0,0,0,0
PQ,1,1510,1991,6,9,0,0,15,19,0,0,0,0,0,0,0,0,0
PQ,1,1510,1992,12,20,0,0,16,31,0,0,0,0,0,0,0,0,0
PQ,1,1510,1993,3,11,0,0,14,39,0,1,0,0,0,0,0,0,0
PQ,1,1510,1994,6,17,0,0,5,16,0,1,0,0,0,0,0,0,0
PQ,1,1510,1995,2,4,0,0,18,13,0,0,0,0,0,0,0,0,0
PQ,1,1510,1996,13,33,0,1,18,19,0,0,0,0,0,0,0,0,0
PQ,1,1510,1997,5,11,0,0,17,18,0,0,0,0,0,0,0,0,0
PQ,1,1510,1998,5,8,0,0,19,19,0,0,0,0,0,0,0,0,0
PQ,1,1510,1999,11,18,0,0,16,15,0,0,0,0,0,0,0,0,0
PQ,1,1510,2000,10,11,0,0,6,13,0,0,0,0,0,0,0,0,0
PQ,1,1510,2001,4,19,0,0,19,21,0,1,0,0,0,0,0,0,0
PQ,1,1510,2002,4,8,0,0,4,5,0,0,0,0,0,0,0,0,0
PQ,1,1510,2003,10,18,0,0,11,8,0,0,0,0,0,0,0,0,1
PQ,1,1510,2004,24,25,0,0,18,14,0,0,0,0,0,0,0,0,0
PQ,1,1510,2005,5,24,0,0,12,8,0,0,0,0,0,0,0,0,0
PQ,1,1510,2006,3,9,0,0,7,5,0,2,0,0,0,0,0,0,0
PQ,1,1510,2007,5,3,0,0,1,1,0,0,0,0,0,0,0,0,0
PQ,1,1510,2008,1,8,0,0,5,9,0,0,0,0,0,0,0,0,0
PQ,1,1510,2009,3,7,0,0,16,8,0,0,0,0,0,0,0,0,0
PQ,1,1510,2010,1,6,0,0,9,10,0,0,0,0,0,0,0,0,0
PQ,1,1510,2011,8,25,0,0,16,18,0,0,0,0,0,0,0,0,0
PQ,1,1510,2012,8,17,0,0,4,2,0,0,0,0,0,0,0,0,0
PQ,1,1510,2013,3,5,0,0,1,3,0,0,0,0,0,0,0,0,0
PQ,1,1510,2014,3,8,0,0,9,4,0,0,0,0,0,0,0,0,0
PQ,1,1510,2015,2,5,0,0,5,4,0,0,0,0,0,0,0,0,0
PQ,1,1510,2016,0,5,0,0,3,4,0,0,0,0,0,0,0,0,0
PQ,1,1510,2017,0,2,0,0,1,6,0,0,0,0,0,0,0,0,0
PQ,1,1510,2018,1,2,0,0,1,5,0,0,0,0,0,0,0,0,0
PQ,1,1510,2019,2,1,0,0,4,2,0,0,0,0,0,0,0,0,0
PQ,1,1510,2020,0,9,0,0,12,10,0,0,0,0,0,0,0,0,0
PQ,1,1510,2021,1,5,0,0,0,4,0,0,0,0,0,0,0,0,0
PQ,1,1510,2022,2,3,0,0,1,0,0,0,0,0,0,0,0,0,0
PQ,1,1510,2023,3,9,0,0,6,3,0,0,0,0,0,0,0,0,0
PQ,1,1510,2024,0,1,0,0,0,1,0,0,0,0,0,0,0,0,0
PQ,1,1520,1976,1,0,0,0,0,1,0,0,0,0,0,0,0,0,1
PQ,1,1520,1977,0,0,0,0,0,1,0,1,0,0,0,0,0,0,1
PQ,1,1520,1978,0,2,0,0,0,1,0,1,0,0,0,0,1,0,1
PQ,1,1520,1979,0,2,0,0,0,0,0,0,0,0,0,0,0,0,3
PQ,1,1520,1980,0,0,0,0,0,1,0,0,0,0,0,0,0,0,1
PQ,1,1520,1981,0,0,0,0,1,0,0,0,0,0,0,0,0,0,0
PQ,1,1520,1982,0,0,0,0,2,0,0,0,0,0,0,0,0,0,0
PQ,1,1520,1983,0,1,0,0,1,0,0,0,0,0,0,0,0,0,0
PQ,1,1520,1984,1,0,0,0,1,0,0,0,0,0,0,0,0,0,0
PQ,1,1520,1986,2,0,0,0,1,0,0,0,0,0,0,0,0,0,0
PQ,1,1520,1989,0,1,0,0,3,1,0,0,0,0,0,0,0,0,0
PQ,1,1520,1990,0,0,0,0,0,1,0,0,0,0,0,0,0,0,0
PQ,1,1520,1992,1,0,0,0,0,1,0,0,0,0,0,0,0,0,0
PQ,1,1520,1993,0,0,0,0,1,2,0,0,0,0,0,0,0,0,0
PQ,1,1520,1994,0,0,0,0,3,0,0,0,0,0,0,0,0,0,0
PQ,1,1520,1997,0,0,0,0,0,1,0,0,0,0,0,0,0,0,0
PQ,1,1520,1999,0,0,0,0,0,2,0,0,0,0,0,0,0,0,0
PQ,1,1520,2001,3,1,0,0,1,0,0,0,0,0,0,0,0,0,0
PQ,1,1520,2003,0,0,0,0,1,3,0,0,0,0,0,0,0,0,0
PQ,1,1520,2004,1,1,0,0,0,0,0,0,0,0,0,0,0,0,0
PQ,1,1520,2008,0,1,0,0,0,0,0,0,0,0,0,0,0,0,0
PQ,1,1520,2009,0,0,0,0,0,2,0,0,0,0,0,0,0,0,0
PQ,1,1520,2011,1,0,0,0,0,1,0,0,0,0,0,0,0,0,0
PQ,1,1520,2013,0,0,0,0,0,1,0,0,0,0,0,0,0,0,0
PQ,1,1520,2014,0,1,0,0,0,0,0,0,0,0,0,0,0,0,0
PQ,1,1520,2020,0,2,0,0,0,0,0,0,0,0,0,0,0,0,0
PQ,1,1530,1976,2,3,0,0,5,1,0,2,0,0,0,0,0,0,3
PQ,1,1530,1977,0,1,0,0,1,1,0,1,0,0,0,0,0,0,6
PQ,1,1530,1978,4,1,0,0,7,1,0,0,0,0,0,0,0,0,4
PQ,1,1530,1979,3,5,0,0,7,6,0,0,0,0,0,0,0,0,6
PQ,1,1530,1980,2,3,0,0,4,9,0,8,0,0,0,0,0,0,3
PQ,1,1530,1981,3,5,0,0,11,11,0,0,0,0,0,0,0,0,6
PQ,1,1530,1982,0,3,0,0,4,4,0,1,0,0,0,0,0,0,6
PQ,1,1530,1983,2,5,0,0,3,8,0,0,0,0,0,0,0,0,0
PQ,1,1530,1984,4,5,0,0,7,10,0,0,0,0,0,0,0,0,0
PQ,1,1530,1985,3,5,0,0,0,0,0,8,0,0,0,0,0,0,0
PQ,1,1530,1986,2,3,0,0,7,1,0,0,0,0,0,0,0,0,0
PQ,1,1530,1987,2,9,0,0,7,4,0,0,0,0,0,0,0,0,0
PQ,1,1530,1988,4,6,0,0,11,14,0,0,0,0,0,0,0,0,0
PQ,1,1530,1989,6,3,0,0,7,4,0,0,0,0,0,0,0,0,0
PQ,1,1530,1990,1,6,0,0,9,4,0,0,0,0,0,0,0,0,0
PQ,1,1530,1991,3,2,0,0,3,0,0,0,0,0,0,0,0,0,0
PQ,1,1530,1992,8,13,0,0,14,8,0,0,0,0,0,0,0,0,1
PQ,1,1530,1993,1,3,0,0,3,2,0,0,0,0,0,0,0,0,0
PQ,1,1530,1994,0,4,0,0,6,4,0,0,0,0,0,0,0,0,0
PQ,1,1530,1995,4,3,0,0,7,2,0,0,0,0,0,0,0,0,0
PQ,1,1530,1996,7,5,0,0,0,0,0,17,0,0,0,0,0,0,0
PQ,1,1530,1997,3,6,0,0,7,7,0,0,0,0,0,0,0,0,0
PQ,1,1530,1998,4,3,0,0,8,4,0,1,0,0,0,0,0,0,0
PQ,1,1530,1999,5,12,0,0,6,4,0,0,0,0,0,0,0,0,0
PQ,1,1530,2000,1,1,0,0,3,0,0,0,0,0,0,0,0,0,0
PQ,1,1530,2001,3,2,0,0,5,3,0,1,0,0,0,0,0,0,0
PQ,1,1530,2002,1,2,0,0,4,2,0,0,0,0,0,0,0,0,0
PQ,1,1530,2003,1,2,0,0,1,4,0,0,0,0,0,0,0,0,0
PQ,1,1530,2004,0,3,0,0,0,0,0,0,0,0,0,0,0,0,0
PQ,1,1530,2005,1,1,0,0,2,5,0,0,0,0,0,0,0,0,0
PQ,1,1530,2006,1,1,0,0,3,2,0,0,0,0,0,0,0,0,0
PQ,1,1530,2007,2,3,0,0,2,0,0,1,0,0,0,0,0,0,0
PQ,1,1530,2008,0,3,0,0,0,2,0,0,0,0,0,0,0,0,0
PQ,1,1530,2009,1,3,0,0,2,2,0,0,0,0,0,0,0,0,0
PQ,1,1530,2010,5,9,0,0,9,2,0,0,0,0,0,0,0,0,0
PQ,1,1530,2011,2,2,0,0,3,6,0,0,0,0,0,0,0,0,0
PQ,1,1530,2012,1,7,0,0,6,2,0,0,0,0,0,0,0,0,0
PQ,1,1530,2013,1,2,0,0,6,3,0,0,0,0,0,0,0,0,0
PQ,1,1530,2014,1,3,0,0,0,1,0,0,0,0,0,0,0,0,0
PQ,1,1530,2015,4,6,0,0,8,3,0,0,0,0,0,0,0,0,0
PQ,1,1530,2016,1,0,0,0,1,2,0,0,0,0,0,0,0,0,0
PQ,1,1530,2018,0,2,0,0,1,3,0,0,0,0,0,0,0,0,0
PQ,1,1530,2019,1,0,0,0,0,0,0,0,0,0,0,0,0,0,0
PQ,1,1530,2020,1,1,0,0,4,2,0,0,0,0,0,0,0,0,0
PQ,1,1530,2021,0,4,0,0,4,3,0,0,0,0,0,0,0,0,0
PQ,1,1530,2022,1,3,0,0,1,0,0,0,0,0,0,0,0,0,0
PQ,1,1530,2023,0,5,0,0,2,0,0,0,0,0,0,0,0,0,0
PQ,1,1530,2024,1,3,0,0,1,2,0,0,0,0,0,0,0,0,0
PQ,1,1540,1976,2,2,0,0,0,2,0,7,0,0,0,0,0,0,2
PQ,1,1540,1977,2,1,0,0,0,0,0,2,0,0,0,0,0,0,2
PQ,1,1540,1978,2,1,0,0,0,1,0,0,0,0,0,0,0,0,2
PQ,1,1540,1979,9,12,0,0,0,0,0,7,0,0,0,0,0,0,4
PQ,1,1540,1980,3,11,0,0,1,1,0,7,0,0,0,0,0,0,8
PQ,1,1540,1981,2,3,0,0,2,1,0,2,0,0,0,0,0,0,2
PQ,1,1540,1982,2,7,0,0,0,0,0,21,0,0,0,0,0,0,8
PQ,1,1540,1983,3,5,0,0,0,0,0,9,0,0,0,0,0,0,0
PQ,1,1540,1984,10,30,0,0,0,1,0,19,0,0,0,0,0,0,5
PQ,1,1540,1985,4,3,0,0,0,0,0,14,0,0,0,0,0,0,0
PQ,1,1540,1986,6,10,0,0,6,3,0,0,0,0,0,0,0,0,0
PQ,1,1540,1987,2,4,0,0,0,0,0,4,0,0,0,0,0,0,0
PQ,1,1540,1988,1,2,0,0,0,0,0,2,0,0,0,0,0,0,0
PQ,1,1540,1989,5,2,0,0,5,8,0,1,0,0,0,0,1,0,0
PQ,1,1540,1990,1,1,0,0,3,2,0,1,0,0,0,0,0,0,0
PQ,1,1540,1991,1,5,0,0,0,0,0,1,0,0,0,0,0,0,0
PQ,1,1540,1992,2,4,0,0,1,1,0,8,0,0,0,0,0,0,0
PQ,1,1540,1993,0,3,0,0,4,1,0,0,0,0,0,0,0,0,0
PQ,1,1540,1994,3,11,0,0,0,1,0,9,0,0,0,0,0,0,0
PQ,1,1540,1995,4,2,0,0,0,0,0,5,0,0,0,0,0,0,0
PQ,1,1540,1996,2,4,0,0,0,1,0,7,0,0,0,1,2,0,0
PQ,1,1540,1997,8,12,0,0,6,12,0,1,0,0,0,0,1,0,0
PQ,1,1540,1998,4,6,0,0,3,4,0,0,0,0,0,0,0,0,0
PQ,1,1540,1999,2,6,0,0,4,3,0,0,0,0,0,0,0,0,0
PQ,1,1540,2000,2,5,0,0,1,1,0,0,0,0,0,0,0,0,0
PQ,1,1540,2001,2,2,0,0,0,2,0,3,0,0,0,0,0,0,0
PQ,1,1540,2002,0,2,0,0,0,1,0,0,0,0,0,0,0,0,0
PQ,1,1540,2003,2,8,0,0,0,0,0,6,0,0,0,0,0,0,0
PQ,1,1540,2004,1,11,0,0,0,0,0,9,0,0,0,0,0,0,0
PQ,1,1540,2005,1,0,0,0,0,1,0,2,0,0,0,0,0,0,1
PQ,1,1540,2006,0,1,0,0,0,0,0,2,0,0,0,0,0,0,2
PQ,1,1540,2007,0,1,0,0,0,0,0,1,0,0,0,0,0,0,0
PQ,1,1540,2008,1,1,0,0,0,0,0,1,0,0,0,0,0,0,0
PQ,1,1540,2009,0,0,0,0,0,0,0,1,0,0,0,0,0,0,0
PQ,1,1540,2010,3,1,0,0,0,0,0,4,0,0,0,0,0,0,0
PQ,1,1540,2011,2,0,0,0,0,0,0,3,0,0,0,0,0,0,0
PQ,1,1540,2013,4,1,0,0,1,0,0,1,0,0,0,0,0,0,0
PQ,1,1540,2014,1,1,0,0,0,0,0,3,0,0,0,0,0,0,0
PQ,1,1540,2015,0,0,0,0,0,0,0,1,0,0,0,0,0,0,0
PQ,1,1540,2016,0,0,0,0,0,0,0,2,0,0,0,0,0,0,0
PQ,1,1540,2017,0,1,0,0,0,0,0,2,0,0,0,0,0,0,0
PQ,1,1540,2019,0,0,0,0,0,0,0,1,0,0,0,0,0,0,0
PQ,1,1540,2020,0,4,0,0,0,0,0,4,0,0,0,0,0,0,0
PQ,1,1540,2021,1,0,0,0,0,0,0,5,0,0,0,0,0,0,0
PQ,1,1540,2022,0,4,0,0,0,0,0,2,0,0,0,0,0,0,0
PQ,1,1540,2023,1,1,0,0,0,0,0,2,0,0,0,0,0,0,0
PQ,1,1540,2024,0,0,0,0,0,0,0,2,0,0,0,0,0,0,0
PQ,1,1550,1987,0,1,0,0,1,0,0,0,0,0,0,0,0,0,0
PQ,1,1590,1976,0,0,0,0,0,0,0,1,0,0,0,0,0,0,10
PQ,1,1590,1977,2,0,0,0,3,0,0,0,0,0,0,0,0,0,0
PQ,1,1590,1978,1,1,0,0,0,1,0,0,0,0,0,0,0,0,7
PQ,1,1590,1979,2,0,0,0,0,0,0,0,0,0,0,0,0,0,1
PQ,1,1590,1980,2,1,0,0,0,0,0,0,0,0,0,0,0,0,3
PQ,1,1590,1981,3,1,0,0,1,1,0,0,0,0,0,0,1,0,15
PQ,1,1590,1982,1,0,0,0,0,0,0,0,0,0,0,0,0,0,3
PQ,1,1590,1983,1,0,0,0,4,3,0,0,0,0,0,3,2,0,0
PQ,1,1590,1984,10,3,0,0,2,2,0,0,0,0,0,0,0,0,0
PQ,1,1590,1985,0,3,0,0,1,1,0,1,0,0,0,0,0,0,0
PQ,1,1590,1986,1,0,0,0,1,0,0,0,0,0,0,0,0,0,0
PQ,1,1590,1987,0,0,0,0,0,1,0,0,0,0,0,3,0,0,0
PQ,1,1590,1989,0,1,0,0,1,3,0,0,0,0,0,0,0,0,0
PQ,1,1590,1990,3,0,0,0,0,0,0,0,0,0,0,0,0,0,0
PQ,1,1590,1991,2,0,0,0,0,0,0,0,0,0,0,0,0,0,0
PQ,1,1590,1992,4,0,0,0,0,0,0,0,0,0,0,0,0,0,0
PQ,1,1590,1993,1,0,0,0,1,1,0,0,0,0,0,0,0,0,0
PQ,1,1590,1994,0,1,0,0,0,1,0,0,0,0,0,0,0,0,0
PQ,1,1590,1996,11,3,0,0,1,2,0,0,0,0,0,0,0,0,0
PQ,1,1590,1997,0,1,0,0,2,3,0,0,0,0,0,0,0,0,0
PQ,1,1590,1998,6,3,0,0,4,3,0,0,0,0,0,0,0,0,0
PQ,1,1590,1999,0,0,0,0,0,1,0,0,0,0,0,0,0,0,0
PQ,1,1590,2000,0,3,0,0,1,0,0,0,0,0,0,0,0,0,0
PQ,1,1590,2001,0,1,0,0,0,0,0,0,0,0,0,0,0,0,0
PQ,1,1590,2002,1,1,0,0,0,0,0,0,0,0,0,0,0,0,0
PQ,1,1590,2003,0,0,0,0,1,0,0,0,0,0,0,0,0,0,0
PQ,1,1590,2004,3,2,0,0,0,0,0,0,0,0,0,0,0,0,0
PQ,1,1590,2005,1,1,0,0,0,0,0,0,0,0,0,0,0,0,0
PQ,1,1590,2006,0,5,0,0,2,0,0,0,0,0,0,0,0,0,0
PQ,1,1590,2007,2,2,0,0,1,0,0,0,0,0,0,0,0,0,0
PQ,1,1590,2008,0,0,0,0,1,0,0,0,0,0,0,0,0,0,0
PQ,1,1590,2011,0,3,0,0,0,0,0,0,0,0,0,0,0,0,0
PQ,1,1590,2012,8,4,0,0,1,0,0,0,0,0,0,0,0,0,0
PQ,1,1590,2013,0,2,0,0,0,1,0,0,0,0,0,0,0,0,0
PQ,1,1590,2014,2,8,0,0,0,0,0,0,0,0,0,0,0,0,0
PQ,1,1590,2016,0,1,0,0,1,0,0,0,0,0,0,0,0,0,0
PQ,1,1590,2018,2,0,0,0,0,0,0,0,0,0,0,0,0,0,0
PQ,1,1590,2020,1,4,0,0,0,0,0,0,0,0,0,0,0,0,0
PQ,1,1590,2022,0,1,0,0,0,0,0,0,0,0,0,0,0,0,0
PQ,1,1590,2023,0,1,0,0,0,0,0,0,0,0,0,0,0,0,0
PQ,1,1620,1979,1,0,0,0,0,0,0,0,0,0,0,0,0,0,0
PQ,1,1620,1981,0,0,0,0,0,0,0,0,0,0,0,0,0,0,1
PQ,1,1620,1985,0,0,0,0,1,0,0,0,0,0,0,0,0,0,0
PQ,1,1620,1986,1,0,0,0,0,0,0,0,0,0,0,0,0,0,0
PQ,1,1620,1987,1,0,0,0,0,0,0,0,0,0,0,0,0,0,0
PQ,1,1620,2004,0,0,0,0,1,2,0,0,0,0,0,0,0,0,0
PQ,1,1630,1976,1,14,0,0,0,0,0,18,0,0,0,0,0,0,9
PQ,1,1630,1977,9,18,0,0,0,0,0,33,0,0,0,0,0,0,27
PQ,1,1630,1978,3,3,0,0,0,0,0,1,0,0,0,0,0,0,6
PQ,1,1630,1979,16,7,0,0,0,0,0,15,0,0,0,0,0,0,4
PQ,1,1630,1980,0,35,0,0,0,0,0,22,0,0,0,0,0,0,4
PQ,1,1630,1981,5,16,0,0,0,1,0,25,0,0,0,0,0,0,14
PQ,1,1630,1982,4,4,0,0,0,0,0,4,0,0,0,0,0,0,11
PQ,1,1630,1983,2,13,0,0,0,0,0,8,0,0,0,1,0,0,0
PQ,1,1630,1984,9,17,0,0,0,0,0,19,0,0,0,0,0,0,0
PQ,1,1630,1985,7,7,0,0,0,0,0,21,0,0,0,0,0,0,0
PQ,1,1630,1986,1,5,0,0,1,4,0,0,0,0,0,0,0,0,0
PQ,1,1630,1987,7,13,0,0,7,6,0,1,0,0,0,0,0,0,0
PQ,1,1630,1988,1,7,0,0,7,7,0,1,0,0,0,0,0,0,0
PQ,1,1630,1989,1,3,0,0,6,11,0,1,0,0,0,0,1,0,0
PQ,1,1630,1990,2,9,0,0,6,1,0,3,0,0,0,0,0,0,0
PQ,1,1630,1991,1,3,0,3,0,0,0,10,0,0,0,0,0,0,0
PQ,1,1630,1992,0,7,0,1,1,0,0,0,0,0,0,0,0,0,0
PQ,1,1630,1993,1,13,0,0,4,2,0,1,0,0,0,0,0,0,0
PQ,1,1630,1994,1,1,0,0,0,0,0,10,0,0,0,0,0,0,0
PQ,1,1630,1995,1,0,0,0,0,0,0,1,0,0,0,0,0,0,0
PQ,1,1630,1996,0,8,0,0,0,1,0,0,0,0,0,0,0,0,4
PQ,1,1630,1997,3,3,0,0,1,5,0,0,0,0,0,0,0,0,1
PQ,1,1630,1998,4,6,0,0,7,13,0,2,0,0,0,0,0,0,1
PQ,1,1630,1999,3,3,0,0,1,6,0,0,0,0,0,0,0,0,0
PQ,1,1630,2000,0,0,0,0,2,0,0,0,0,0,0,0,0,0,0
PQ,1,1630,2001,1,2,0,0,5,4,0,1,0,0,0,0,0,0,0
PQ,1,1630,2002,0,1,0,0,3,0,0,0,0,0,0,0,0,0,0
PQ,1,1630,2003,1,0,0,0,0,0,0,5,0,0,0,0,0,0,0
PQ,1,1630,2004,2,4,0,0,2,0,0,3,0,0,0,0,0,0,0
PQ,1,1630,2006,2,1,0,0,0,2,0,3,0,0,0,0,0,0,0
PQ,1,1630,2007,4,1,0,0,0,0,0,0,0,0,0,0,0,0,0
PQ,1,1630,2008,4,0,0,0,1,2,0,1,0,0,0,0,0,0,0
PQ,1,1630,2010,2,6,0,0,4,2,0,3,0,0,0,0,0,0,0
PQ,1,1630,2011,3,5,0,0,3,1,0,5,0,0,0,0,0,0,0
PQ,1,1630,2012,1,2,0,0,3,7,0,13,0,0,0,0,0,0,0
PQ,1,1630,2013,0,6,0,0,1,1,0,0,0,0,0,0,0,0,0
PQ,1,1630,2014,2,1,0,0,3,1,0,0,0,0,0,0,0,0,0
PQ,1,1630,2015,3,2,0,0,1,1,0,2,0,0,0,0,0,0,0
PQ,1,1630,2016,2,1,0,0,2,3,0,9,0,0,0,0,0,0,0
PQ,1,1630,2017,0,0,0,0,1,1,0,2,0,0,0,0,0,0,0
PQ,1,1630,2018,0,0,0,0,2,0,0,0,0,0,0,0,0,0,0
PQ,1,1630,2019,0,1,0,0,0,0,0,0,0,0,0,0,0,0,0
PQ,1,1630,2020,0,0,0,0,2,4,0,4,0,0,0,0,0,0,0
PQ,1,1630,2021,0,0,0,0,2,1,0,1,0,0,0,0,0,0,0
PQ,1,1630,2022,0,0,0,0,0,0,0,1,0,0,0,0,0,0,0
PQ,1,1630,2023,0,0,0,0,1,0,0,0,0,0,0,0,0,0,0
PQ,1,1630,2024,0,0,0,0,1,0,0,0,0,0,0,0,0,0,0
PQ,1,1650,1976,3,4,0,0,0,0,0,16,0,0,0,0,0,0,3
PQ,1,1650,1977,2,4,0,0,0,0,0,12,0,0,0,0,0,0,11
PQ,1,1650,1978,2,1,0,0,0,0,0,3,0,0,0,0,0,0,1
PQ,1,1650,1979,2,4,0,0,0,0,0,21,0,0,0,0,0,0,3
PQ,1,1650,1980,3,4,0,0,0,0,0,47,0,0,0,0,0,0,12
PQ,1,1650,1981,3,4,0,0,0,0,0,22,0,0,0,1,0,0,19
PQ,1,1650,1982,8,2,0,0,0,1,0,13,0,0,0,0,0,0,13
PQ,1,1650,1983,4,0,0,0,0,0,0,31,0,0,0,0,0,0,0
PQ,1,1650,1984,16,0,0,0,0,0,0,57,0,0,0,0,0,0,0
PQ,1,1650,1985,3,3,0,0,0,0,0,34,0,0,0,0,0,0,0
PQ,1,1650,1986,3,4,0,0,6,2,0,0,0,0,0,0,0,0,0
PQ,1,1650,1987,6,4,0,0,14,13,0,0,0,0,0,0,0,0,0
PQ,1,1650,1988,2,2,0,0,24,23,0,0,0,0,0,0,0,0,0
PQ,1,1650,1989,8,1,0,0,14,21,0,0,0,0,0,2,2,0,0
PQ,1,1650,1990,4,6,0,0,9,9,0,3,0,0,0,0,0,0,0
PQ,1,1650,1991,0,3,0,0,0,0,0,6,0,0,0,0,0,0,1
PQ,1,1650,1992,1,6,0,0,11,10,0,0,0,0,0,0,0,0,0
PQ,1,1650,1993,3,2,0,0,11,9,0,0,0,0,0,0,0,0,0
PQ,1,1650,1994,6,3,0,0,2,1,0,25,0,0,0,0,0,0,0
PQ,1,1650,1995,1,2,0,0,1,0,0,5,0,0,0,0,0,0,0
PQ,1,1650,1996,3,4,0,0,0,0,0,12,0,0,0,0,0,0,4
PQ,1,1650,1997,3,3,0,0,8,11,0,1,0,0,0,0,0,0,0
PQ,1,1650,1998,4,3,0,0,8,14,0,1,0,0,0,0,0,0,0
PQ,1,1650,1999,5,1,0,0,5,4,0,0,0,0,0,0,0,0,0
PQ,1,1650,2000,1,1,0,0,0,3,0,0,0,0,0,0,0,0,0
PQ,1,1650,2001,3,2,0,0,4,3,0,0,0,0,0,0,0,0,0
PQ,1,1650,2002,1,0,0,0,6,2,0,0,0,0,0,0,0,0,0
PQ,1,1650,2003,1,1,0,0,0,1,0,7,0,0,0,0,0,0,1
PQ,1,1650,2004,1,3,0,0,8,3,0,4,0,0,0,0,0,0,0
PQ,1,1650,2005,2,1,0,0,3,1,0,4,0,0,0,0,0,0,0
PQ,1,1650,2006,0,4,0,0,3,0,0,4,0,0,0,0,0,0,0
PQ,1,1650,2007,2,1,0,0,0,0,0,0,0,0,0,0,0,0,0
PQ,1,1650,2008,0,0,0,0,3,1,0,4,0,0,0,0,0,0,0
PQ,1,1650,2009,6,0,0,0,1,0,0,1,0,0,0,0,0,0,0
PQ,1,1650,2010,2,1,0,0,2,3,0,5,0,0,0,0,0,0,0
PQ,1,1650,2011,3,2,0,0,3,2,0,3,0,0,0,0,0,0,0
PQ,1,1650,2012,0,1,0,0,0,1,0,4,0,0,0,0,0,0,0
PQ,1,1650,2013,1,4,0,0,2,0,0,3,0,0,0,0,0,0,0
PQ,1,1650,2014,0,1,0,0,0,0,0,0,0,0,0,0,0,0,0
PQ,1,1650,2015,2,0,0,0,1,1,0,1,0,0,0,0,0,0,0
PQ,1,1650,2016,2,0,0,0,1,0,0,3,0,0,0,0,0,0,0
PQ,1,1650,2017,2,0,0,0,1,0,0,0,0,0,0,0,0,0,0
PQ,1,1650,2018,0,0,0,0,1,1,0,4,0,0,0,0,0,0,0
PQ,1,1650,2020,0,0,0,0,1,2,0,1,0,0,0,0,0,0,0
PQ,1,1650,2021,0,1,0,0,2,1,0,0,0,0,0,0,0,0,0
PQ,1,1650,2022,0,0,0,0,1,0,0,1,0,0,0,0,0,0,0
PQ,1,1650,2023,2,1,0,0,4,0,0,1,0,0,0,0,0,0,0
PQ,1,1650,2024,0,1,0,0,1,0,0,0,0,0,0,0,0,0,0
PQ,1,1660,1976,1,0,0,0,0,0,0,27,0,0,0,0,0,0,14
PQ,1,1660,1977,4,0,0,0,0,0,0,27,0,0,0,0,0,0,11
PQ,1,1660,1978,2,0,0,0,0,0,0,7,0,0,0,0,0,0,3
PQ,1,1660,1979,1,4,0,0,0,0,0,31,0,0,0,0,0,0,14
PQ,1,1660,1980,3,0,0,0,0,0,0,36,0,0,0,0,0,0,8
PQ,1,1660,1981,3,1,0,0,0,0,0,41,0,0,0,0,0,0,31
PQ,1,1660,1982,3,0,0,0,0,0,0,27,0,0,0,0,0,0,16
PQ,1,1660,1983,3,1,0,0,0,1,0,5,0,0,0,0,0,0,0
PQ,1,1660,1984,5,1,0,1,0,0,0,38,0,0,0,1,0,0,1
PQ,1,1660,1985,0,0,0,0,0,0,0,21,0,0,0,0,0,0,0
PQ,1,1660,1986,1,0,0,0,5,1,0,0,0,0,0,0,0,0,0
PQ,1,1660,1987,2,1,0,0,3,14,0,1,0,0,0,0,0,0,0
PQ,1,1660,1988,6,0,0,0,15,15,0,0,0,0,0,0,0,0,0
PQ,1,1660,1989,4,0,0,0,11,9,0,1,0,0,0,3,0,0,0
PQ,1,1660,1990,0,1,0,0,0,0,0,18,0,0,0,0,0,0,0
PQ,1,1660,1991,0,0,0,0,0,0,0,7,0,0,0,0,0,0,0
PQ,1,1660,1992,2,2,0,0,7,2,0,0,0,0,0,0,0,0,1
PQ,1,1660,1993,2,1,0,0,6,7,0,0,0,0,0,0,0,0,0
PQ,1,1660,1994,4,0,0,0,0,0,0,20,0,0,0,0,0,0,0
PQ,1,1660,1995,1,0,0,0,0,0,0,5,0,0,0,0,0,0,0
PQ,1,1660,1996,5,0,0,0,0,0,0,10,0,0,0,0,0,0,3
PQ,1,1660,1997,2,3,0,0,12,10,0,0,0,0,0,0,0,0,0
PQ,1,1660,1998,0,0,0,0,2,15,0,0,0,0,0,0,0,0,0
PQ,1,1660,1999,3,1,0,0,10,10,0,0,0,0,0,1,0,0,2
PQ,1,1660,2000,1,0,0,0,0,0,0,2,0,0,0,0,0,0,0
PQ,1,1660,2001,0,0,0,0,2,5,0,1,0,0,0,0,0,0,0
PQ,1,1660,2002,1,1,0,0,4,1,0,0,0,0,0,0,0,0,0
PQ,1,1660,2003,0,0,0,0,0,0,0,2,0,0,0,0,0,0,0
PQ,1,1660,2004,0,0,0,0,0,0,0,4,0,0,0,0,0,0,0
PQ,1,1660,2005,0,0,0,0,0,0,0,1,0,0,0,0,0,0,0
PQ,1,1660,2006,0,0,0,0,0,0,0,5,0,0,0,0,0,0,0
PQ,1,1660,2007,2,1,0,1,0,1,0,2,0,0,0,0,0,0,0
PQ,1,1660,2008,0,0,0,0,1,0,0,5,0,0,0,0,0,0,0
PQ,1,1660,2009,0,0,0,0,0,0,0,1,0,0,0,0,0,0,0
PQ,1,1660,2010,1,1,0,0,0,0,0,7,0,0,0,0,0,0,0
PQ,1,1660,2011,0,0,0,0,0,0,0,6,0,0,0,0,0,0,0
PQ,1,1660,2012,3,0,0,0,6,0,0,0,0,0,0,0,0,0,0
PQ,1,1660,2013,3,0,0,0,2,1,0,0,0,0,0,0,0,0,0
PQ,1,1660,2015,0,0,0,0,0,0,0,3,0,0,0,0,0,0,0
PQ,1,1660,2016,0,0,0,0,0,0,0,4,0,0,0,0,0,0,0
PQ,1,1660,2017,0,0,0,0,0,0,0,1,0,0,0,0,0,0,0
PQ,1,1660,2018,0,0,0,0,0,0,0,1,0,0,0,0,0,0,0
PQ,1,1660,2020,0,0,0,0,0,0,0,3,0,0,0,0,0,0,0
PQ,1,1660,2021,0,0,0,0,0,1,0,3,0,0,0,0,0,0,0
PQ,1,1660,2022,0,0,0,0,0,0,0,1,0,0,0,0,0,0,0
PQ,1,1660,2023,1,0,0,0,0,0,0,1,0,0,0,0,0,0,0
PQ,1,1660,2024,0,0,0,0,0,1,0,0,0,0,0,0,0,0,0
PQ,1,1670,1976,0,0,0,0,0,0,0,3,0,0,0,0,0,0,0
PQ,1,1670,1979,0,0,0,0,0,0,0,5,0,0,0,0,0,0,0
PQ,1,1670,1981,0,0,0,0,0,0,0,0,0,0,0,0,0,0,1
PQ,1,1670,1984,0,0,0,0,0,0,0,1,0,0,0,0,0,0,0
PQ,1,1670,1985,1,0,0,0,0,0,0,2,0,0,0,0,0,0,0
PQ,1,1670,1986,0,0,0,0,0,0,0,4,0,0,0,0,0,0,0
PQ,1,1670,1989,0,0,0,1,0,0,0,1,0,0,0,0,0,0,0
PQ,1,1670,1992,0,0,0,0,0,1,0,0,0,0,0,0,0,0,0
PQ,1,1670,1994,0,0,0,0,0,1,0,0,0,0,0,0,0,0,0
PQ,1,1670,1995,0,1,0,0,0,1,0,0,0,0,0,0,0,0,0
PQ,1,1670,1996,1,0,0,0,2,3,0,0,0,0,0,0,0,0,0
PQ,1,1670,1997,1,0,0,0,0,0,0,0,0,0,0,0,0,0,0
PQ,1,1670,1999,0,0,0,0,0,1,0,0,0,0,0,0,0,0,0
PQ,1,1670,2002,0,0,0,0,0,1,0,0,0,0,0,0,0,0,0
PQ,1,1670,2006,0,0,0,0,0,0,0,1,0,0,0,0,0,0,0
PQ,1,1670,2007,0,0,0,0,0,0,0,3,0,0,0,0,0,0,0
PQ,1,1692,1976,0,0,0,27,0,0,0,43,0,0,0,0,0,0,16
PQ,1,1692,1977,0,0,0,1,0,0,0,43,0,0,0,0,0,0,12
PQ,1,1692,1978,0,0,0,16,0,0,0,62,0,0,0,0,0,0,25
PQ,1,1692,1979,0,0,0,24,0,0,0,58,0,0,0,0,0,0,21
PQ,1,1692,1980,0,0,0,41,0,0,0,233,0,0,0,0,0,0,57
PQ,1,1692,1981,0,0,0,25,0,0,0,40,0,0,0,0,0,0,24
PQ,1,1692,1982,0,0,0,29,0,0,0,86,0,0,0,0,0,0,95
PQ,1,1692,1983,0,0,0,27,0,0,0,190,0,0,0,0,0,0,6
PQ,1,1692,1984,0,0,0,84,0,0,0,248,0,0,0,0,0,0,22
PQ,1,1692,1985,0,0,0,26,0,0,0,62,0,0,0,0,0,0,0
PQ,1,1692,1986,0,0,0,31,0,0,0,12,0,0,0,0,0,0,10
PQ,1,1692,1987,0,1,0,29,0,0,0,193,0,0,0,0,0,0,0
PQ,1,1692,1988,0,0,0,86,0,0,0,269,0,0,0,0,0,0,1
PQ,1,1692,1989,0,0,0,108,0,0,0,189,0,0,0,0,0,0,27
PQ,1,1692,1990,0,0,0,94,0,0,0,184,0,0,0,0,0,0,23
PQ,1,1692,1991,0,0,0,47,0,0,0,184,0,0,0,0,0,0,0
PQ,1,1692,1992,0,1,0,145,0,0,0,40,0,0,0,0,0,0,0
PQ,1,1692,1993,1,0,0,68,0,1,0,458,0,0,0,0,0,0,2
PQ,1,1692,1994,0,0,0,156,0,0,0,72,0,0,0,0,0,0,0
PQ,1,1692,1995,0,0,0,82,0,0,0,168,0,0,0,0,0,0,1
PQ,1,1692,1996,2,0,0,143,2,0,0,357,0,0,0,1,0,0,5
PQ,1,1692,1997,0,0,0,150,0,1,0,504,0,0,0,0,0,0,4
PQ,1,1692,1998,0,0,0,225,0,0,0,505,0,0,0,0,0,0,2
PQ,1,1692,1999,0,0,0,317,0,1,0,28,0,0,0,0,0,0,11
PQ,1,1692,2000,0,0,0,189,0,2,0,375,0,0,0,0,0,0,4
PQ,1,1692,2001,0,0,0,178,0,2,0,410,0,0,0,0,0,0,1
PQ,1,1692,2002,0,0,0,266,0,0,0,115,0,0,0,0,0,0,2
PQ,1,1692,2003,0,0,0,144,0,2,0,335,0,0,0,0,0,0,5
PQ,1,1692,2004,0,0,0,215,0,0,0,188,0,0,0,0,0,0,1
PQ,1,1692,2005,0,0,0,204,0,0,0,202,0,0,0,0,0,0,0
PQ,1,1692,2006,0,0,0,237,0,0,0,293,0,0,0,0,0,0,3
PQ,1,1692,2007,0,0,0,139,0,0,0,160,0,0,0,0,0,0,1
PQ,1,1692,2008,0,0,0,96,0,0,0,274,0,0,0,0,0,0,6
PQ,1,1692,2009,0,0,0,74,0,0,0,55,0,0,0,0,0,0,0
PQ,1,1692,2010,0,0,0,112,0,0,0,87,0,1,0,0,0,0,3
PQ,1,1692,2011,0,0,0,123,0,1,0,189,0,0,0,0,0,0,6
PQ,1,1692,2012,0,0,0,88,0,0,0,129,0,0,0,0,0,0,0
PQ,1,1692,2013,0,0,0,183,0,0,0,80,0,0,0,0,0,0,2
PQ,1,1692,2014,0,1,0,166,0,0,0,263,0,0,0,0,0,0,0
PQ,1,1692,2015,0,0,0,131,0,0,0,97,0,0,0,0,0,0,3
PQ,1,1692,2016,0,0,0,48,0,0,0,119,0,0,0,0,0,0,1
PQ,1,1692,2017,0,0,0,58,0,0,0,114,0,1,0,0,0,0,0
PQ,1,1692,2018,0,0,0,64,0,0,0,28,0,0,0,0,0,0,1
PQ,1,1692,2019,1,0,0,76,0,0,0,221,0,0,0,0,0,0,10
PQ,1,1692,2020,0,0,0,50,0,0,0,43,0,0,0,0,0,0,0
PQ,1,1692,2021,0,0,0,67,0,1,0,127,0,0,0,0,0,0,0
PQ,1,1692,2022,0,0,0,99,0,0,0,26,0,2,0,0,0,0,1
PQ,1,1692,2023,0,0,0,34,0,0,0,64,0,2,0,0,0,0,2
PQ,1,1692,2024,0,0,0,32,0,0,0,61,0,0,0,0,0,0,0
PQ,1,1693,1978,0,0,0,1,0,0,0,0,0,0,0,0,0,0,0
PQ,1,1693,1981,0,0,0,0,0,0,0,2,0,0,0,0,0,0,0
PQ,1,1693,1982,0,0,0,0,0,0,0,2,0,0,0,0,0,0,1
PQ,1,1693,1984,0,0,0,0,0,0,0,5,0,0,0,0,0,0,0
PQ,1,1693,1987,0,0,0,1,0,0,0,1,0,0,0,0,0,0,0
PQ,1,1693,1988,0,0,0,1,0,0,0,0,0,0,0,0,0,0,0
PQ,1,1693,1989,0,0,0,0,0,0,0,2,0,0,0,0,0,0,0
PQ,1,1693,1991,0,0,0,0,0,0,0,7,0,0,0,0,0,0,0
PQ,1,1693,1992,0,0,0,2,0,0,0,1,0,0,0,0,0,0,0
PQ,1,1693,1993,0,0,0,0,0,0,0,4,0,0,0,0,0,0,0
PQ,1,1693,1994,0,0,0,1,0,0,0,0,0,0,0,0,0,0,0
PQ,1,1693,1995,0,0,0,1,0,0,0,0,0,0,0,0,0,0,0
PQ,1,1693,1997,0,0,0,0,0,0,0,5,0,0,0,0,0,0,0
PQ,1,1693,1998,0,0,0,2,0,0,0,6,0,0,0,0,0,0,0
PQ,1,1693,1999,0,0,0,4,0,0,0,1,0,0,0,0,0,0,0
PQ,1,1693,2000,0,0,0,0,0,0,0,4,0,0,0,0,0,0,0
PQ,1,1693,2001,0,0,0,0,0,0,0,3,0,0,0,0,0,0,0
PQ,1,1693,2002,0,0,0,1,0,0,0,1,0,0,0,0,0,0,0
PQ,1,1693,2003,0,0,0,0,0,0,0,4,0,0,0,0,0,0,0
PQ,1,1693,2005,0,0,0,1,0,0,0,2,0,0,0,0,0,0,0
PQ,1,1693,2006,0,0,0,1,0,0,0,7,0,0,0,0,0,0,2
PQ,1,1693,2007,0,0,0,1,0,0,0,1,0,0,0,0,0,0,0
PQ,1,1693,2008,0,0,0,2,0,0,0,6,0,0,0,0,0,0,0
PQ,1,1693,2009,0,0,0,0,0,0,0,3,0,0,0,0,0,0,0
PQ,1,1693,2010,0,0,0,2,0,0,0,2,0,0,0,0,0,0,0
PQ,1,1693,2011,0,0,0,2,0,0,0,2,0,0,0,0,0,0,0
PQ,1,1693,2012,0,0,0,0,0,0,0,2,0,0,0,0,0,0,0
PQ,1,1693,2013,0,0,0,3,0,0,0,5,0,0,0,0,0,0,0
PQ,1,1693,2014,0,0,0,0,0,0,0,3,0,0,0,0,0,0,0
PQ,1,1693,2015,0,0,0,1,0,0,0,1,0,0,0,0,0,0,0
PQ,1,1693,2016,0,0,0,0,0,0,0,1,0,0,0,0,0,0,0
PQ,1,1693,2017,0,0,0,1,0,0,0,0,0,0,0,0,0,0,0
PQ,1,1700,1994,0,0,0,0,0,0,0,1,0,0,0,0,0,0,0
PQ,1,1700,1995,0,0,0,0,0,0,0,1,0,0,0,0,0,0,0
PQ,1,1700,1997,0,0,0,0,0,0,0,4,0,0,0,0,0,0,0
PQ,1,1700,1998,0,0,0,0,0,0,0,2,0,0,0,0,0,0,0
PQ,1,1700,1999,0,0,0,1,0,0,0,0,0,0,0,0,0,0,0
PQ,1,1700,2000,0,0,0,0,0,0,0,2,0,0,0,0,0,0,0
PQ,1,1710,1997,0,0,0,1,0,0,0,0,0,0,0,0,0,0,0
PQ,1,1710,2006,0,0,0,0,0,0,0,1,0,0,0,0,0,0,0
PQ,1,1710,2010,0,0,0,0,0,0,0,1,0,0,0,0,0,0,0
PQ,1,1710,2016,0,0,0,0,0,0,0,1,0,0,0,0,0,0,0
PQ,1,1721,1984,0,0,0,0,0,0,0,8,0,0,0,0,0,0,0
PQ,1,1721,1990,0,0,0,0,0,0,0,4,0,0,0,0,0,0,0
PQ,1,1721,1991,0,0,0,0,0,0,0,2,0,0,0,0,0,0,0
PQ,1,1721,1992,0,0,0,0,0,0,0,3,0,0,0,0,0,0,0
PQ,1,1721,1994,0,0,0,5,0,0,0,0,0,0,0,0,0,0,0
PQ,1,1721,2000,0,0,0,1,0,0,0,0,0,0,0,0,0,0,0
PQ,1,1721,2001,0,0,0,0,0,0,0,2,0,0,0,0,0,0,0
PQ,1,1721,2002,0,0,0,0,0,0,0,1,0,0,0,0,0,0,0
PQ,1,1721,2004,0,0,0,0,0,0,0,2,0,0,0,0,0,0,0
PQ,1,1721,2011,0,0,0,2,0,0,0,0,0,0,0,0,0,0,0
PQ,1,1721,2019,0,0,0,0,0,0,0,1,0,0,0,0,0,0,0
PQ,1,1722,1976,0,0,0,12,0,0,0,16,0,0,0,0,0,0,11
PQ,1,1722,1977,0,0,0,27,0,0,0,47,0,0,0,0,0,0,33
PQ,1,1722,1978,0,0,0,64,0,0,0,57,0,0,0,0,0,0,44
PQ,1,1722,1979,0,0,0,80,0,0,0,63,0,0,0,0,0,0,56
PQ,1,1722,1980,0,0,0,52,0,0,0,74,0,0,0,0,0,0,41
PQ,1,1722,1981,0,0,0,30,0,0,0,11,0,0,0,0,0,0,5
PQ,1,1722,1982,0,0,0,18,0,0,0,21,0,0,0,0,0,0,36
PQ,1,1722,1983,0,0,0,60,0,0,0,62,0,0,0,0,0,0,2
PQ,1,1722,1984,0,0,0,59,0,0,0,69,0,0,0,0,0,0,2
PQ,1,1722,1985,0,0,0,38,0,0,0,45,0,0,0,0,0,0,0
PQ,1,1722,1986,0,0,0,72,0,0,0,84,0,0,0,0,0,0,1
PQ,1,1722,1987,0,0,0,111,0,3,0,99,0,0,0,0,0,0,1
PQ,1,1722,1988,0,0,0,35,0,0,0,29,0,0,0,0,0,0,0
PQ,1,1722,1989,0,0,0,158,0,1,0,161,0,0,0,0,0,0,8
PQ,1,1722,1990,0,0,0,117,0,1,0,86,0,0,0,0,0,0,3
PQ,1,1722,1991,0,0,0,122,0,0,0,48,0,0,0,0,0,0,1
PQ,1,1722,1992,1,0,0,130,0,0,0,26,0,0,0,0,0,0,0
PQ,1,1722,1993,0,0,0,82,0,0,0,82,0,0,0,0,0,0,7
PQ,1,1722,1994,0,0,0,26,0,0,0,25,0,0,0,0,0,0,0
PQ,1,1722,1995,0,0,0,4,0,0,0,4,0,0,0,0,0,0,1
PQ,1,1722,1996,0,0,0,9,0,0,0,1,0,0,0,0,0,0,0
PQ,1,1722,1997,0,0,0,34,0,0,0,11,0,0,0,0,0,0,1
PQ,1,1722,1998,0,0,0,69,0,0,0,22,0,0,0,0,0,0,2
PQ,1,1722,1999,0,0,0,23,0,0,0,7,0,0,0,0,0,0,269
PQ,1,1722,2000,0,0,0,184,0,0,0,45,0,0,0,0,0,0,1
PQ,1,1722,2001,0,0,0,295,0,0,0,94,0,0,0,0,0,0,30
PQ,1,1722,2002,0,0,0,449,0,0,0,184,0,0,0,0,0,0,9
PQ,1,1722,2003,0,0,0,360,0,0,0,376,0,0,0,0,0,0,20
PQ,1,1722,2004,0,0,0,377,0,0,0,107,0,0,0,0,0,0,24
PQ,1,1722,2005,0,0,0,443,0,0,0,398,0,0,0,0,0,0,9
PQ,1,1722,2006,0,0,0,422,0,0,0,316,0,0,0,0,0,0,14
PQ,1,1722,2007,0,0,0,529,0,0,0,175,0,0,0,0,0,0,2
PQ,1,1722,2008,0,0,0,290,0,0,0,238,0,0,1,0,0,0,0
PQ,1,1722,2009,0,0,14,401,0,0,9,147,0,5,0,0,0,0,0
PQ,1,1722,2010,0,0,15,397,0,0,11,330,0,1,0,0,0,0,0
PQ,1,1722,2011,0,0,10,467,0,0,1,117,0,1,0,0,0,1,0
PQ,1,1722,2012,0,0,20,359,0,0,18,201,0,3,0,0,0,1,0
PQ,1,1722,2013,0,0,24,412,0,0,14,186,0,4,0,0,0,0,0
PQ,1,1722,2014,0,0,80,481,0,0,27,210,0,0,0,0,0,2,1
PQ,1,1722,2015,0,1,12,588,0,0,5,193,0,0,0,0,0,0,1
PQ,1,1722,2016,0,0,13,325,0,0,4,126,0,2,0,0,0,0,0
PQ,1,1722,2017,0,0,3,323,0,0,5,195,0,6,0,0,0,0,0
PQ,1,1722,2018,0,0,4,514,0,0,3,73,0,16,0,0,0,0,0
PQ,1,1722,2019,0,0,0,427,0,0,0,170,0,13,0,0,0,0,0
PQ,1,1722,2020,0,0,0,155,0,0,0,76,0,8,0,0,0,0,0
PQ,1,1722,2021,0,0,0,306,0,0,0,90,0,20,0,0,0,0,0
PQ,1,1722,2022,0,0,0,370,0,0,0,82,0,18,0,0,0,0,0
PQ,1,1722,2023,0,0,0,292,0,0,0,114,0,59,0,0,0,0,3
PQ,1,1722,2024,0,0,0,370,0,0,2,99,0,30,0,0,0,0,2
PQ,1,1730,1979,0,0,0,0,0,1,0,1,0,0,0,0,0,0,0
PQ,1,1730,1980,0,0,0,11,0,0,0,2,0,0,0,0,0,0,1
PQ,1,1730,1982,0,0,0,0,0,0,0,2,0,0,0,0,0,0,0
PQ,1,1730,1984,0,0,0,0,0,0,0,2,0,0,0,0,0,0,0
PQ,1,1730,1985,0,0,0,1,0,0,0,0,0,0,0,0,0,0,0
PQ,1,1730,1986,0,0,0,2,0,0,0,0,0,0,0,0,0,0,1
PQ,1,1730,1987,0,0,0,1,0,0,0,2,0,0,0,0,0,0,0
PQ,1,1730,1991,0,0,0,0,0,0,0,0,0,0,0,0,0,0,1
PQ,1,1730,1992,0,0,0,10,0,0,0,0,0,0,0,0,0,0,0
PQ,1,1730,1993,0,0,0,3,0,0,0,0,0,0,0,0,0,0,0
PQ,1,1730,1996,0,0,0,1,0,0,0,0,0,0,0,0,0,0,0
PQ,1,1730,1997,0,0,0,1,0,0,0,2,0,0,0,0,0,0,0
PQ,1,1730,1998,0,0,0,0,0,0,0,1,0,0,0,0,0,0,0
PQ,1,1730,1999,0,0,0,1,0,0,0,2,0,0,0,0,0,0,0
PQ,1,1730,2001,0,0,0,1,0,0,0,1,0,0,0,0,0,0,0
PQ,1,1730,2002,0,0,0,7,0,0,0,0,0,0,0,0,0,0,0
PQ,1,1730,2003,0,0,0,2,0,0,0,2,0,0,0,0,0,0,0
PQ,1,1730,2005,0,0,0,0,0,0,0,0,0,0,0,0,0,0,1
PQ,1,1730,2006,0,0,0,2,0,0,0,0,0,0,0,0,0,0,0
PQ,1,1730,2007,0,0,0,0,0,0,0,1,0,0,0,0,0,0,0
PQ,1,1730,2008,0,0,0,3,0,0,0,1,0,0,0,0,0,0,0
PQ,1,2190,1985,0,0,0,0,0,0,0,0,0,0,0,0,0,0,2
PQ,1,2200,2008,0,0,0,0,0,0,0,1,0,0,0,0,0,0,0
PQ,1,2210,2013,0,0,0,0,0,0,0,0,0,0,0,0,0,0,1
PQ,1,2210,2016,0,0,0,0,0,0,0,0,0,0,0,0,0,0,1
PQ,1,2210,2020,0,0,0,0,0,0,0,2,0,0,0,0,0,0,1
PQ,1,2210,2021,0,0,0,0,0,0,0,0,0,1,0,0,0,0,3
PQ,1,2210,2023,0,0,0,0,0,0,0,0,0,0,0,0,0,0,1
PQ,1,2280,1985,7,10,0,0,19,13,0,0,0,0,0,1,0,0,1
PQ,1,2280,1988,93,75,0,0,205,151,0,0,0,0,0,0,1,0,0
PQ,1,2280,1989,270,140,0,4,449,460,0,1,0,0,0,1,1,0,1
PQ,1,2280,1990,135,90,0,0,264,255,0,1,0,0,0,4,10,0,3
PQ,1,2280,1991,85,54,0,0,188,151,0,2,0,0,0,0,2,0,0
PQ,1,2280,1993,65,47,0,0,258,171,0,1,0,0,0,4,3,0,0
PQ,1,2280,1994,259,150,0,4,212,219,0,0,0,0,0,1,3,0,0
PQ,1,2280,1995,129,59,0,1,173,174,0,1,0,0,0,0,3,0,2
PQ,1,2280,1996,77,38,0,1,87,103,0,1,0,0,0,0,2,0,6
PQ,1,2280,1997,50,32,0,0,48,54,0,0,0,0,0,2,0,0,2
PQ,1,2280,1998,73,36,0,0,77,84,0,0,0,0,0,5,0,0,1
PQ,1,2280,1999,72,49,0,0,73,97,0,0,0,0,0,1,0,0,0
PQ,1,2280,2000,47,30,0,0,46,53,0,0,0,0,0,0,1,0,0
PQ,1,2280,2001,68,51,0,2,97,134,0,1,0,0,0,1,0,0,1
PQ,1,2280,2002,37,29,0,1,70,64,0,0,0,0,0,2,0,0,0
PQ,1,2280,2003,41,40,0,0,31,42,0,1,0,0,0,0,1,0,0
PQ,1,2280,2004,61,55,0,0,40,55,0,0,0,0,0,1,1,0,0
PQ,1,2280,2005,58,52,0,0,58,86,0,1,0,0,0,5,8,0,0
PQ,1,2280,2006,119,83,0,0,95,98,0,1,0,0,0,0,0,0,0
PQ,1,2280,2007,78,63,0,2,52,81,0,1,0,0,0,2,1,0,4
PQ,1,2280,2008,42,23,0,0,19,31,0,0,0,0,0,0,0,0,0
PQ,1,2280,2009,30,18,0,0,25,27,0,0,0,0,0,2,0,0,0
PQ,1,2280,2010,47,40,0,0,37,46,0,0,0,0,0,0,0,0,0
PQ,1,2280,2011,47,29,0,0,29,23,0,0,0,0,0,0,0,0,0
PQ,1,2280,2012,20,16,0,0,13,20,0,0,0,0,0,0,0,0,0
PQ,1,2280,2013,37,29,0,0,21,18,0,0,0,0,0,0,0,0,0
PQ,1,2280,2014,39,4,0,0,25,28,0,0,0,0,0,1,0,0,0
PQ,1,2280,2015,41,32,0,0,25,37,0,1,0,0,0,0,0,0,1
PQ,1,2280,2016,41,18,0,0,36,27,0,0,0,0,0,0,0,0,0
PQ,1,2280,2017,63,32,0,0,41,40,0,0,0,0,0,1,1,0,1
PQ,1,2280,2018,36,17,0,2,28,24,0,0,0,0,0,0,0,0,0
PQ,1,2280,2019,33,22,0,0,42,51,0,0,0,0,0,0,0,0,0
PQ,1,2280,2020,50,42,0,0,49,65,0,0,0,0,0,0,1,0,1
PQ,1,2280,2021,28,22,0,0,23,24,0,1,0,0,0,0,0,0,0
PQ,1,2280,2022,51,27,0,0,30,35,0,0,0,0,0,0,0,0,0
PQ,1,2280,2023,50,32,0,0,41,39,0,0,0,0,0,4,3,0,0
PQ,1,2280,2024,53,28,0,0,43,42,0,0,0,0,0,0,0,0,0
PQ,1,2300,1985,0,0,0,0,0,0,0,0,0,0,0,0,0,0,15
PQ,1,2300,1989,0,0,0,24,0,0,0,37,0,0,0,0,0,0,0
PQ,1,2300,2006,0,0,0,0,0,0,0,0,0,0,0,0,0,0,7
PQ,1,2300,2007,0,0,0,12,0,0,0,31,0,0,0,0,0,0,2
PQ,1,2300,2008,0,0,0,3,0,0,0,7,0,0,0,0,0,0,0
PQ,1,2300,2009,0,0,0,0,0,0,0,0,0,20,0,0,0,0,0
PQ,1,2300,2010,0,0,0,1,0,0,0,1,0,0,0,0,0,0,1
PQ,1,2300,2011,0,0,0,0,0,0,0,0,0,0,0,0,0,0,3
PQ,1,2300,2012,0,0,0,0,0,0,0,0,0,0,0,0,0,0,18
PQ,1,2300,2013,0,0,0,2,0,0,0,14,0,1,0,0,0,0,2
PQ,1,2300,2014,0,0,0,12,0,0,0,8,0,0,0,0,0,0,1
PQ,1,2300,2015,0,0,0,0,0,0,0,2,0,0,0,0,0,0,13
PQ,1,2300,2016,0,0,0,1,0,0,0,0,0,0,0,0,0,0,7
PQ,1,2300,2017,0,0,0,0,0,0,0,1,0,0,0,0,0,0,2
PQ,1,2300,2018,0,0,0,0,0,0,0,1,0,0,0,0,0,0,0
PQ,1,2300,2019,0,0,0,0,0,0,0,2,0,0,0,0,0,0,1
PQ,1,2300,2020,0,0,0,1,0,0,0,0,0,0,0,0,0,0,0
PQ,1,2300,2022,0,0,0,3,0,0,0,4,0,0,0,0,0,0,10
PQ,1,2300,2023,0,0,0,1,0,0,0,1,0,0,0,0,0,0,2
PQ,1,2300,2024,0,0,0,6,0,0,0,4,0,0,0,0,0,0,0
PQ,1,2390,1985,0,0,0,0,0,0,0,0,0,0,0,0,0,0,1
PQ,1,2550,1985,0,0,0,0,0,0,0,0,0,0,0,0,0,0,1
PQ,1,2700,1985,0,0,0,0,0,0,0,0,0,0,0,0,0,0,2
PQ,1,3160,2016,0,0,0,1,0,0,0,1,0,0,0,0,0,0,0
PQ,1,3160,2018,0,0,0,0,0,0,0,1,0,0,0,0,0,0,0
PQ,1,3160,2020,0,0,0,0,0,0,0,1,0,0,0,0,0,0,0
PQ,1,3160,2021,0,0,0,0,0,0,0,2,0,0,0,0,0,0,0
PQ,1,3160,2022,0,0,0,1,0,0,0,0,0,0,0,0,0,0,0
PQ,1,3160,2023,0,0,0,1,0,0,0,1,0,0,0,0,0,0,0
PQ,2,1290,1976,7,4,0,0,0,0,0,19,0,0,0,0,0,0,4
PQ,2,1290,1977,5,0,0,0,0,0,0,9,0,0,0,0,0,0,12
PQ,2,1290,1978,5,0,0,1,3,4,0,0,0,0,0,0,0,0,1
PQ,2,1290,1979,3,0,0,0,0,0,0,8,0,0,0,0,0,0,6
PQ,2,1290,1980,0,3,0,0,8,8,0,1,0,0,0,2,0,0,11
PQ,2,1290,1981,1,0,0,0,11,10,0,0,0,0,0,0,0,0,12
PQ,2,1290,1982,2,1,0,0,0,0,0,26,0,0,0,0,0,0,14
PQ,2,1290,1983,5,6,0,0,10,13,0,2,0,0,0,0,0,0,0
PQ,2,1290,1984,9,5,0,0,22,21,0,2,0,0,0,1,0,0,3
PQ,2,1290,1985,9,5,0,0,0,0,0,50,0,0,0,0,0,0,1
PQ,2,1290,1986,10,5,0,0,2,1,0,37,0,0,0,0,0,0,0
PQ,2,1290,1987,5,2,0,0,10,11,0,3,0,0,0,0,0,0,0
PQ,2,1290,1988,1,0,0,0,7,14,0,2,0,0,0,0,0,0,0
PQ,2,1290,1989,5,2,0,0,15,12,0,1,0,0,0,0,0,0,1
PQ,2,1290,1990,4,9,0,0,22,18,0,4,0,0,0,0,0,0,0
PQ,2,1290,1991,6,1,0,0,10,6,0,0,0,0,0,0,0,0,0
PQ,2,1290,1992,7,0,0,0,12,7,0,0,0,0,0,0,0,0,1
PQ,2,1290,1993,5,0,0,0,15,10,0,3,0,0,0,0,0,0,0
PQ,2,1290,1994,3,0,0,0,7,14,0,0,0,0,0,0,0,0,1
PQ,2,1290,1995,4,1,0,0,0,0,0,31,0,0,0,0,0,0,0
PQ,2,1290,1996,3,0,0,0,4,3,0,1,0,0,0,0,0,0,0
PQ,2,1290,1997,6,1,0,0,4,7,0,1,0,0,0,0,0,0,0
PQ,2,1290,1998,2,0,0,0,4,10,0,0,0,0,0,0,0,0,0
PQ,2,1290,1999,7,3,0,0,8,9,0,1,0,0,0,0,0,0,0
PQ,2,1290,2000,0,2,0,0,2,3,0,3,0,0,0,0,0,0,0
PQ,2,1290,2001,5,1,0,0,3,3,0,1,0,0,0,0,0,0,0
PQ,2,1290,2002,0,0,0,0,2,0,0,0,0,0,0,0,0,0,1
PQ,2,1290,2003,2,1,0,0,5,4,0,3,0,0,0,0,0,0,0
PQ,2,1290,2004,1,0,0,0,0,0,0,4,0,0,0,0,0,0,0
PQ,2,1290,2005,0,1,0,0,4,4,0,1,0,0,0,0,0,0,0
PQ,2,1290,2006,2,0,0,0,1,0,0,0,0,0,0,0,0,0,0
PQ,2,1290,2007,7,0,0,0,4,1,0,1,0,0,0,0,0,0,0
PQ,2,1290,2008,4,1,0,0,0,1,0,1,0,0,0,0,0,0,0
PQ,2,1290,2009,0,1,0,0,0,3,0,0,0,0,0,0,0,0,0
PQ,2,1290,2010,0,0,0,0,1,0,0,3,0,0,0,0,0,0,0
PQ,2,1290,2011,7,0,0,0,4,2,0,0,0,0,0,0,0,0,0
PQ,2,1290,2012,1,2,0,0,2,2,0,5,0,0,0,0,0,0,0
PQ,2,1290,2013,0,1,0,0,1,0,0,0,0,0,0,0,0,0,0
PQ,2,1290,2014,1,0,0,0,1,1,0,3,0,0,0,0,0,0,0
PQ,2,1290,2015,0,1,0,0,0,1,0,0,0,0,0,0,0,0,0
PQ,2,1290,2016,0,1,0,0,0,0,0,0,0,0,0,0,0,0,0
PQ,2,1290,2017,0,0,0,0,0,0,0,5,0,0,0,0,0,0,0
PQ,2,1290,2018,0,0,0,0,0,0,0,1,0,0,0,0,0,0,0
PQ,2,1290,2019,2,0,0,0,0,0,0,0,0,0,0,0,0,0,0
PQ,2,1290,2021,0,0,0,0,2,0,0,0,0,0,0,0,0,0,0
PQ,2,1290,2023,2,0,0,0,3,1,0,0,0,0,0,0,0,0,0
PQ,2,1290,2024,2,0,0,0,5,0,0,2,0,0,0,0,0,0,0
PQ,2,1300,1976,1,0,0,0,0,0,0,6,0,0,0,0,0,0,4
PQ,2,1300,1977,0,0,0,0,0,0,0,10,0,0,0,0,0,0,0
PQ,2,1300,1978,0,1,0,0,0,0,0,1,0,0,0,0,0,0,0
PQ,2,1300,1979,1,0,0,0,0,0,0,5,0,0,0,0,0,0,2
PQ,2,1300,1980,0,1,0,0,3,0,0,0,0,0,0,0,0,0,0
PQ,2,1300,1981,0,1,0,0,2,3,0,1,0,0,0,0,0,0,3
PQ,2,1300,1982,0,3,0,0,0,0,0,11,0,0,0,0,0,0,7
PQ,2,1300,1983,1,3,0,0,1,0,0,11,0,0,0,0,0,0,0
PQ,2,1300,1984,1,0,0,0,12,5,0,0,0,0,0,0,0,0,1
PQ,2,1300,1985,1,0,0,0,0,0,0,9,0,0,0,0,0,0,0
PQ,2,1300,1986,3,1,0,0,3,10,0,5,0,0,0,0,0,0,7
PQ,2,1300,1987,1,2,0,0,2,1,0,0,0,0,0,0,0,0,0
PQ,2,1300,1988,1,1,0,0,4,4,0,0,0,0,0,0,0,0,0
PQ,2,1300,1989,3,2,0,0,6,4,0,0,0,0,0,0,0,0,0
PQ,2,1300,1990,0,1,0,0,4,2,0,1,0,0,0,0,0,0,0
PQ,2,1300,1991,0,3,0,0,3,7,0,0,0,0,0,0,0,0,0
PQ,2,1300,1992,0,2,0,0,2,3,0,0,0,0,0,0,0,0,0
PQ,2,1300,1993,2,1,0,0,8,9,0,0,0,0,0,0,0,0,0
PQ,2,1300,1994,0,3,0,0,2,0,0,3,0,0,0,0,0,0,0
PQ,2,1300,1995,0,1,0,0,0,0,0,5,0,0,0,0,0,0,0
PQ,2,1300,1996,0,3,0,0,4,0,0,7,0,0,0,0,0,0,1
PQ,2,1300,1997,0,0,0,0,2,5,0,1,0,0,0,0,0,0,0
PQ,2,1300,1998,1,1,0,0,6,5,0,0,0,0,0,1,0,0,0
PQ,2,1300,1999,0,2,0,0,10,8,0,1,0,0,0,0,0,0,0
PQ,2,1300,2000,1,4,0,0,1,0,0,0,0,0,0,0,0,0,0
PQ,2,1300,2001,0,0,0,0,4,0,0,0,0,0,0,0,0,0,0
PQ,2,1300,2002,3,2,0,0,2,3,0,0,0,0,0,0,0,0,0
PQ,2,1300,2003,0,0,0,0,0,0,0,9,0,0,0,0,0,0,0
PQ,2,1300,2004,1,1,0,0,0,0,0,4,0,0,0,0,0,0,0
PQ,2,1300,2005,2,0,0,0,0,0,0,4,0,0,0,0,0,0,0
PQ,2,1300,2006,0,2,0,0,0,0,0,11,0,0,0,0,0,0,0
PQ,2,1300,2007,1,0,0,0,0,0,0,3,0,0,0,0,0,0,0
PQ,2,1300,2008,0,0,0,0,0,0,0,3,0,0,0,0,0,0,0
PQ,2,1300,2009,0,0,0,0,0,0,0,1,0,0,0,0,0,0,0
PQ,2,1300,2010,0,0,0,0,0,0,0,6,0,0,0,0,0,0,0
PQ,2,1300,2011,0,0,0,0,0,0,0,1,0,0,0,0,0,0,0
PQ,2,1300,2012,1,0,0,1,0,0,0,0,0,0,0,0,0,0,0
PQ,2,1300,2013,0,0,0,0,0,0,0,1,0,0,0,0,0,0,0
PQ,2,1300,2014,0,2,0,0,0,0,0,3,0,0,0,0,0,0,0
PQ,2,1300,2016,0,0,0,0,0,0,0,1,0,0,0,0,0,0,0
PQ,2,1300,2022,0,0,0,0,0,0,0,1,0,0,0,0,0,0,0
PQ,2,1300,2023,0,0,0,0,0,0,0,2,0,0,0,0,0,0,0
PQ,2,1310,1976,0,0,0,0,0,0,0,8,0,0,0,0,0,0,1
PQ,2,1310,1977,0,0,0,0,0,0,0,2,0,0,0,0,0,0,7
PQ,2,1310,1978,1,1,0,0,3,5,0,1,0,0,0,0,0,0,0
PQ,2,1310,1979,2,6,0,0,0,0,0,17,0,0,0,0,0,0,4
PQ,2,1310,1980,1,1,0,0,0,0,0,9,0,0,0,0,0,0,4
PQ,2,1310,1981,1,0,0,0,0,0,0,4,0,0,0,0,0,0,7
PQ,2,1310,1982,0,1,0,0,0,0,0,9,0,0,0,0,0,0,7
PQ,2,1310,1983,0,5,0,0,1,1,0,5,0,0,0,0,0,0,0
PQ,2,1310,1984,0,4,0,0,5,6,0,0,0,0,0,0,0,0,0
PQ,2,1310,1985,6,2,0,0,0,0,0,21,0,0,0,0,0,0,0
PQ,2,1310,1986,4,4,0,0,6,5,0,0,0,0,0,0,0,0,0
PQ,2,1310,1987,3,2,0,0,5,12,0,0,0,0,0,0,0,0,0
PQ,2,1310,1988,2,2,0,0,1,4,0,0,0,0,0,0,0,0,0
PQ,2,1310,1989,3,0,0,0,0,0,0,13,0,0,0,0,0,0,0
PQ,2,1310,1990,1,2,0,0,9,4,0,1,0,0,0,0,0,0,0
PQ,2,1310,1991,2,2,0,0,2,20,0,0,0,0,0,0,0,0,0
PQ,2,1310,1992,2,13,0,0,10,17,0,1,0,0,0,0,0,0,1
PQ,2,1310,1993,5,6,0,0,8,5,0,0,0,0,0,0,0,0,0
PQ,2,1310,1994,2,7,0,0,0,1,0,24,0,0,0,0,0,0,0
PQ,2,1310,1995,4,1,0,0,1,0,0,25,0,0,0,0,0,0,0
PQ,2,1310,1996,1,2,0,0,0,0,0,13,0,0,0,0,0,0,0
PQ,2,1310,1997,1,2,0,0,3,5,0,8,0,0,0,0,0,0,0
PQ,2,1310,1998,2,1,0,0,4,5,0,0,0,0,0,0,0,0,0
PQ,2,1310,1999,2,3,0,0,3,5,0,0,0,0,0,0,0,0,0
PQ,2,1310,2000,3,2,0,0,5,2,0,0,0,0,0,0,0,0,0
PQ,2,1310,2001,1,1,0,0,2,7,0,0,0,0,0,0,0,0,0
PQ,2,1310,2002,2,5,0,0,5,4,0,0,0,0,0,0,0,0,0
PQ,2,1310,2003,2,4,0,0,0,0,0,9,0,0,0,0,0,0,0
PQ,2,1310,2004,1,1,0,0,0,0,0,8,0,0,0,0,0,0,0
PQ,2,1310,2005,0,1,0,0,0,0,0,16,0,0,0,0,0,0,0
PQ,2,1310,2006,1,0,0,0,0,0,0,12,0,0,0,0,0,0,1
PQ,2,1310,2007,2,4,0,0,0,0,0,25,0,0,0,0,0,0,0
PQ,2,1310,2008,0,1,0,0,0,0,0,3,0,0,0,0,0,0,1
PQ,2,1310,2009,0,1,0,0,0,0,0,2,0,0,0,0,0,0,0
PQ,2,1310,2010,0,1,0,0,3,1,0,8,0,0,0,0,0,0,1
PQ,2,1310,2011,0,0,0,0,2,1,0,4,0,0,0,0,0,0,0
PQ,2,1310,2012,0,3,0,0,1,1,0,6,0,0,0,0,0,0,0
PQ,2,1310,2013,1,2,0,0,1,0,0,5,0,0,0,0,0,0,0
PQ,2,1310,2014,1,0,0,0,1,0,0,3,0,0,0,0,0,0,0
PQ,2,1310,2015,0,0,0,0,1,2,0,6,0,0,0,0,0,0,0
PQ,2,1310,2016,1,1,0,0,1,1,0,5,0,0,0,0,0,0,0
PQ,2,1310,2017,1,2,0,0,4,1,0,6,0,0,0,0,0,0,0
PQ,2,1310,2018,0,4,0,0,3,0,0,5,0,0,0,0,0,0,0
PQ,2,1310,2019,0,0,0,0,1,1,0,3,0,0,0,0,0,0,0
PQ,2,1310,2020,1,0,0,0,1,1,0,3,0,0,0,0,0,0,0
PQ,2,1310,2021,0,0,0,0,0,0,0,1,0,0,0,0,0,0,0
PQ,2,1310,2022,0,0,0,0,0,0,0,2,0,0,0,0,0,0,0
PQ,2,1310,2023,0,0,0,0,0,0,0,2,0,0,0,0,0,0,0
PQ,2,1310,2024,0,0,0,0,0,1,0,3,0,0,0,0,0,0,0
PQ,2,1320,1976,2,3,0,0,8,8,0,2,0,0,0,0,0,0,20
PQ,2,1320,1977,2,1,0,0,16,20,0,5,0,0,0,0,0,0,28
PQ,2,1320,1978,0,1,0,0,22,30,0,0,0,0,0,0,0,0,22
PQ,2,1320,1979,12,7,0,0,25,38,0,2,0,0,0,0,1,0,27
PQ,2,1320,1980,6,6,0,0,34,46,0,2,0,0,0,0,0,0,18
PQ,2,1320,1981,8,3,0,0,34,33,0,3,0,0,0,0,0,0,43
PQ,2,1320,1982,6,3,0,0,18,25,0,1,0,0,0,0,0,0,36
PQ,2,1320,1983,9,4,0,0,59,62,0,1,0,0,0,1,1,0,4
PQ,2,1320,1984,12,3,0,0,61,59,0,1,0,0,0,0,0,0,1
PQ,2,1320,1985,13,11,0,0,75,99,0,2,0,0,0,0,0,0,3
PQ,2,1320,1986,19,9,0,0,56,69,0,1,0,0,0,1,0,0,0
PQ,2,1320,1987,18,13,0,2,66,71,0,3,0,0,0,0,0,0,0
PQ,2,1320,1988,7,2,0,0,21,45,0,3,0,0,0,0,0,0,0
PQ,2,1320,1989,31,7,0,0,105,106,0,4,0,0,0,0,0,0,3
PQ,2,1320,1990,24,11,0,0,57,69,0,1,0,0,0,0,0,0,0
PQ,2,1320,1991,24,20,0,0,72,79,0,1,0,0,0,0,0,0,0
PQ,2,1320,1992,30,24,0,0,88,79,0,0,0,0,0,0,1,0,2
PQ,2,1320,1993,27,14,0,0,88,91,0,1,0,0,0,1,1,0,1
PQ,2,1320,1994,17,10,0,0,82,97,0,2,0,0,0,0,0,0,0
PQ,2,1320,1995,9,9,0,0,56,66,0,1,0,0,0,0,0,0,0
PQ,2,1320,1996,22,13,0,0,44,54,0,0,0,0,0,1,0,0,0
PQ,2,1320,1997,6,6,0,0,60,70,0,4,0,0,0,0,0,0,0
PQ,2,1320,1998,20,12,0,0,81,81,0,0,0,0,0,2,0,0,0
PQ,2,1320,1999,14,15,0,1,62,75,0,1,0,0,0,1,0,0,2
PQ,2,1320,2000,37,19,0,0,70,66,0,5,0,0,0,0,0,0,0
PQ,2,1320,2001,21,12,0,0,107,113,0,6,0,0,0,0,0,0,1
PQ,2,1320,2002,26,12,0,0,89,102,0,1,0,0,0,1,0,0,1
PQ,2,1320,2003,15,22,0,0,97,77,0,2,0,0,0,0,0,0,0
PQ,2,1320,2004,26,36,0,0,84,87,0,1,0,0,0,0,0,0,3
PQ,2,1320,2005,17,23,0,0,72,66,0,2,0,0,0,0,0,0,2
PQ,2,1320,2006,17,13,0,0,103,96,0,8,0,0,0,0,0,0,0
PQ,2,1320,2007,32,31,0,0,73,93,0,2,0,0,0,0,0,0,1
PQ,2,1320,2008,24,21,0,0,106,95,0,4,0,1,0,0,0,0,1
PQ,2,1320,2009,23,18,0,0,97,72,0,1,0,0,0,0,0,0,0
PQ,2,1320,2010,14,9,0,0,54,58,0,0,0,0,0,1,0,0,1
PQ,2,1320,2011,13,14,0,0,81,58,0,8,0,0,0,0,0,0,3
PQ,2,1320,2012,22,28,0,0,58,67,0,2,0,1,0,5,4,0,0
PQ,2,1320,2013,14,21,0,0,50,52,0,1,0,0,0,0,0,0,0
PQ,2,1320,2014,9,10,0,0,58,37,0,1,0,0,0,0,0,0,0
PQ,2,1320,2015,15,14,0,1,49,46,0,3,0,0,0,0,0,0,3
PQ,2,1320,2016,7,12,0,0,49,52,0,1,0,0,0,0,0,0,0
PQ,2,1320,2017,10,11,0,0,41,39,0,0,0,0,0,1,0,0,0
PQ,2,1320,2018,13,21,0,0,62,57,0,2,0,0,0,0,1,0,6
PQ,2,1320,2019,8,12,0,1,32,50,0,3,0,0,0,0,0,0,1
PQ,2,1320,2020,6,7,0,0,38,64,0,0,0,0,0,0,0,0,0
PQ,2,1320,2021,2,8,0,1,38,37,0,0,0,0,0,0,0,0,0
PQ,2,1320,2022,10,22,0,0,53,41,0,1,0,0,0,0,0,0,0
PQ,2,1320,2023,6,18,0,0,28,42,0,0,0,0,0,0,0,0,1
PQ,2,1320,2024,6,19,0,0,37,37,0,2,0,0,0,0,0,0,0
PQ,2,1321,1976,0,2,0,0,6,8,0,0,0,0,0,0,0,0,5
PQ,2,1321,1977,1,1,0,0,7,7,0,0,0,0,0,0,0,0,2
PQ,2,1321,1978,0,2,0,0,6,1,0,0,0,0,0,0,0,0,2
PQ,2,1321,1979,0,0,0,3,1,0,0,14,0,0,0,0,0,0,4
PQ,2,1321,1980,1,3,0,0,2,5,0,0,0,0,0,0,0,0,3
PQ,2,1321,1981,0,0,0,0,1,0,0,0,0,0,0,0,0,0,3
PQ,2,1321,1982,0,2,0,0,1,5,0,0,0,0,0,0,0,0,6
PQ,2,1321,1983,1,5,0,0,1,3,0,0,0,0,0,0,0,0,0
PQ,2,1321,1984,0,2,0,0,8,3,0,0,0,0,0,0,0,0,0
PQ,2,1321,1985,0,2,0,0,11,11,0,0,0,0,0,0,0,0,0
PQ,2,1321,1986,6,4,0,0,11,18,0,0,0,0,0,0,0,0,0
PQ,2,1321,1987,1,7,0,0,8,12,0,0,0,0,0,0,0,0,0
PQ,2,1321,1988,2,6,0,0,6,11,0,2,0,0,0,0,0,0,0
PQ,2,1321,1989,0,3,0,0,3,2,0,0,0,0,0,0,0,0,1
PQ,2,1321,1990,6,9,0,0,10,10,0,0,0,0,0,0,0,0,0
PQ,2,1321,1991,7,4,0,0,5,4,0,0,0,0,0,0,0,0,0
PQ,2,1321,1992,4,10,0,0,13,8,0,0,0,0,0,0,0,0,0
PQ,2,1321,1993,1,4,0,0,17,18,0,0,0,0,0,0,0,0,0
PQ,2,1321,1994,3,2,0,1,20,9,0,0,0,0,0,0,0,0,0
PQ,2,1321,1995,2,2,0,0,8,2,0,0,0,0,0,0,0,0,0
PQ,2,1321,1996,3,7,0,0,6,7,0,0,0,0,0,0,0,0,1
PQ,2,1321,1997,4,4,0,0,14,5,0,0,0,0,0,0,0,0,0
PQ,2,1321,1998,0,2,0,0,7,10,0,2,0,0,0,0,0,0,0
PQ,2,1321,1999,5,4,0,0,9,5,0,0,0,0,0,0,0,0,0
PQ,2,1321,2000,3,5,0,0,5,7,0,0,0,0,0,0,0,0,0
PQ,2,1321,2001,1,4,0,0,2,4,0,0,0,0,0,0,0,0,0
PQ,2,1321,2002,1,2,0,0,6,8,0,0,0,0,0,0,0,0,0
PQ,2,1321,2003,2,1,0,0,8,6,0,0,0,0,0,0,0,0,0
PQ,2,1321,2004,2,2,0,0,1,1,0,0,0,0,0,0,1,0,0
PQ,2,1321,2005,3,2,0,0,5,4,0,1,0,0,0,0,0,0,0
PQ,2,1321,2006,1,2,0,0,7,3,0,0,0,0,0,0,0,0,0
PQ,2,1321,2007,1,4,0,0,3,8,0,2,0,0,0,0,0,0,0
PQ,2,1321,2008,2,2,0,0,4,3,0,0,0,0,0,0,0,0,0
PQ,2,1321,2009,1,1,0,0,3,2,0,0,0,0,0,0,0,0,0
PQ,2,1321,2010,1,1,0,0,1,3,0,0,0,0,0,0,0,0,0
PQ,2,1321,2011,0,4,0,1,1,2,0,0,0,0,0,0,0,0,0
PQ,2,1321,2012,1,6,0,0,2,2,0,0,0,0,0,0,0,0,0
PQ,2,1321,2013,0,1,0,0,4,4,0,0,0,0,0,0,0,0,0
PQ,2,1321,2014,1,1,0,0,2,0,0,0,0,0,0,0,0,0,0
PQ,2,1321,2015,0,0,0,0,1,1,0,0,0,0,0,0,0,0,0
PQ,2,1321,2016,2,1,0,0,0,3,0,0,0,0,0,0,0,0,0
PQ,2,1321,2017,2,2,0,0,1,2,0,1,0,0,0,0,0,0,0
PQ,2,1321,2018,3,1,0,0,2,0,0,0,0,0,0,0,0,0,0
PQ,2,1321,2019,1,2,0,0,7,3,0,1,0,0,0,0,0,0,0
PQ,2,1321,2020,1,0,0,0,2,1,0,0,0,0,0,0,0,0,0
PQ,2,1321,2021,1,1,0,0,7,2,0,0,0,0,0,0,0,0,0
PQ,2,1321,2022,1,2,0,0,3,1,0,0,0,0,0,0,0,0,0
PQ,2,1321,2023,0,1,0,1,1,0,0,0,0,0,0,0,0,0,0
PQ,2,1321,2024,0,0,0,0,4,2,0,0,0,0,0,0,0,0,0
PQ,2,1330,1976,8,7,0,0,96,106,0,0,0,0,0,0,0,0,40
PQ,2,1330,1977,7,6,0,0,81,83,0,0,0,0,0,0,0,0,72
PQ,2,1330,1978,11,16,0,0,109,94,0,3,0,0,0,0,0,0,113
PQ,2,1330,1979,18,24,0,1,148,105,0,3,0,0,0,2,0,0,80
PQ,2,1330,1980,22,17,0,0,147,137,0,3,0,0,0,0,0,0,89
PQ,2,1330,1981,21,24,0,0,84,81,0,1,0,0,0,0,1,0,133
PQ,2,1330,1982,22,15,0,1,100,58,0,2,0,0,0,0,1,0,90
PQ,2,1330,1983,22,30,0,3,186,161,0,13,0,0,0,1,2,0,4
PQ,2,1330,1984,40,17,0,0,167,131,0,5,0,0,0,1,1,0,2
PQ,2,1330,1985,44,24,0,0,282,219,0,9,0,0,0,0,0,0,4
PQ,2,1330,1986,60,49,0,2,240,230,0,6,0,0,0,0,0,0,3
PQ,2,1330,1987,27,25,0,1,180,151,0,1,0,0,0,0,0,0,0
PQ,2,1330,1988,37,13,0,1,120,141,0,3,0,0,0,0,0,0,0
PQ,2,1330,1989,50,34,0,1,245,197,0,5,0,0,0,0,0,0,9
PQ,2,1330,1990,62,57,0,0,187,196,0,3,0,0,0,2,1,0,1
PQ,2,1330,1991,42,41,0,0,164,131,0,2,0,0,0,0,0,0,0
PQ,2,1330,1992,38,54,0,0,186,178,0,4,0,0,0,0,1,0,3
PQ,2,1330,1993,28,42,0,0,273,203,0,7,0,0,0,0,0,0,2
PQ,2,1330,1994,29,17,0,0,170,154,0,1,0,0,0,0,0,0,0
PQ,2,1330,1995,23,15,0,0,111,106,0,2,0,0,0,0,0,0,0
PQ,2,1330,1996,28,25,0,1,108,108,0,6,0,0,0,0,0,0,1
PQ,2,1330,1997,15,13,0,0,151,113,0,3,0,0,0,1,0,0,0
PQ,2,1330,1998,36,18,0,0,148,105,0,1,0,0,0,0,0,0,0
PQ,2,1330,1999,33,30,0,0,118,117,0,3,0,0,0,0,0,0,1
PQ,2,1330,2000,27,28,0,2,83,70,0,0,0,0,0,0,0,0,0
PQ,2,1330,2001,30,18,0,2,128,97,0,12,0,0,0,1,0,0,1
PQ,2,1330,2002,27,24,0,4,106,86,0,4,0,0,0,0,0,0,2
PQ,2,1330,2003,28,21,0,3,123,113,0,6,0,0,0,0,0,0,0
PQ,2,1330,2004,14,24,0,4,62,56,0,15,0,0,0,0,1,0,3
PQ,2,1330,2005,14,18,0,1,57,38,0,5,0,0,0,0,0,0,2
PQ,2,1330,2006,17,23,0,2,86,78,0,11,0,0,0,1,1,0,1
PQ,2,1330,2007,23,20,0,10,99,65,0,29,0,0,0,0,0,0,1
PQ,2,1330,2008,12,17,0,1,77,63,0,13,0,0,0,0,0,0,0
PQ,2,1330,2009,4,10,0,3,82,56,0,14,0,0,0,0,0,0,0
PQ,2,1330,2010,8,14,0,3,67,84,0,10,0,0,0,0,0,0,0
PQ,2,1330,2011,16,23,0,1,65,80,0,8,0,0,0,0,0,0,1
PQ,2,1330,2012,10,33,0,1,82,98,0,9,0,0,0,0,0,0,0
PQ,2,1330,2013,10,22,0,2,40,37,0,4,0,0,0,0,0,0,0
PQ,2,1330,2014,17,15,0,0,43,40,0,2,0,0,0,0,0,0,1
PQ,2,1330,2015,10,12,0,1,32,27,0,5,0,0,0,0,0,0,4
PQ,2,1330,2016,8,12,0,1,32,38,0,4,0,0,0,0,0,0,0
PQ,2,1330,2017,15,14,0,0,35,25,0,1,0,0,0,0,0,0,0
PQ,2,1330,2018,10,12,0,0,20,25,0,0,0,0,0,0,0,0,1
PQ,2,1330,2019,7,9,0,0,56,48,0,3,0,0,0,0,0,0,1
PQ,2,1330,2020,7,5,0,1,22,28,0,1,0,0,0,0,0,0,0
PQ,2,1330,2021,1,4,0,0,29,30,0,3,0,0,0,0,0,0,0
PQ,2,1330,2022,9,13,0,0,47,39,0,4,0,0,0,0,0,0,1
PQ,2,1330,2023,2,3,0,0,41,45,0,0,0,0,0,0,0,0,0
PQ,2,1330,2024,3,2,0,0,39,32,0,1,0,0,0,0,0,0,0
PQ,2,1350,1976,0,0,0,0,1,0,0,0,0,0,0,0,0,0,0
PQ,2,1350,1979,0,0,0,0,0,1,0,0,0,0,0,0,0,0,2
PQ,2,1350,1980,0,2,0,0,2,0,0,0,0,0,0,0,0,0,1
PQ,2,1350,1981,0,0,0,0,0,0,0,0,0,0,0,0,0,0,1
PQ,2,1350,1983,3,0,0,0,1,2,0,0,0,0,0,0,0,0,0
PQ,2,1350,1985,1,0,0,0,4,0,0,0,0,0,0,0,0,0,1
PQ,2,1350,1986,1,0,0,0,0,0,0,0,0,0,0,0,0,0,0
PQ,2,1350,1987,0,0,0,0,1,0,0,0,0,0,0,0,0,0,0
PQ,2,1350,1988,0,0,0,0,1,0,0,0,0,0,0,0,0,0,0
PQ,2,1350,1989,2,0,0,0,1,0,0,0,0,0,0,0,0,0,0
PQ,2,1350,1990,1,0,0,0,0,0,0,0,0,0,0,0,0,0,0
PQ,2,1350,1991,0,0,0,0,3,0,0,0,0,0,0,0,0,0,0
PQ,2,1350,1992,2,0,0,0,6,2,0,0,0,0,0,0,0,0,0
PQ,2,1350,1993,0,1,0,0,2,1,0,0,0,0,0,0,0,0,0
PQ,2,1350,1994,0,0,0,0,1,1,0,0,0,0,0,0,0,0,0
PQ,2,1350,1995,0,0,0,0,2,3,0,0,0,0,0,0,0,0,0
PQ,2,1350,1996,0,0,0,0,2,0,0,0,0,0,0,0,0,0,0
PQ,2,1350,1997,0,0,0,0,2,0,0,0,0,0,0,0,0,0,0
PQ,2,1350,1998,0,0,0,0,0,1,0,0,0,0,0,0,0,0,0
PQ,2,1350,1999,0,0,0,0,2,2,0,0,0,0,0,0,0,0,0
PQ,2,1350,2000,0,0,0,0,3,1,0,0,0,0,0,0,0,0,0
PQ,2,1350,2001,0,1,0,0,0,0,0,0,0,0,0,0,0,0,0
PQ,2,1350,2002,0,0,0,0,1,0,0,0,0,0,0,0,0,0,0
PQ,2,1350,2003,1,0,0,0,2,1,0,0,0,0,0,0,0,0,0
PQ,2,1350,2004,0,1,0,0,8,4,0,0,0,0,0,0,0,0,0
PQ,2,1350,2005,0,0,0,0,0,2,0,0,0,0,0,0,0,0,0
PQ,2,1350,2007,0,0,0,0,0,1,0,0,0,0,0,0,0,0,0
PQ,2,1350,2008,0,0,0,0,0,1,0,0,0,0,0,0,0,0,0
PQ,2,1350,2010,0,0,0,0,1,0,0,0,0,0,0,0,0,0,0
PQ,2,1350,2011,0,0,0,0,1,1,0,0,0,0,0,0,0,0,0
PQ,2,1350,2012,0,0,0,0,1,0,0,0,0,0,0,0,0,0,0
PQ,2,1350,2013,1,1,0,0,5,0,0,0,0,0,0,0,0,0,0
PQ,2,1350,2014,0,0,0,0,1,3,0,0,0,0,0,0,0,0,0
PQ,2,1350,2016,0,0,0,0,1,1,0,0,0,0,0,0,0,0,0
PQ,2,1350,2017,1,0,0,0,2,0,0,0,0,0,0,0,0,0,0
PQ,2,1350,2018,1,0,0,0,0,1,0,0,0,0,0,0,0,0,0
PQ,2,1350,2020,0,0,0,0,0,1,0,0,0,0,0,0,0,0,0
PQ,2,1350,2021,0,0,0,0,1,1,0,0,0,0,0,0,0,0,0
PQ,2,1350,2022,0,0,0,0,1,0,0,0,0,0,0,0,0,0,0
PQ,2,1350,2024,0,1,0,0,2,1,0,0,0,0,0,0,0,0,0
PQ,2,1360,1979,0,0,0,0,0,0,0,1,0,0,0,0,0,0,0
PQ,2,1360,1982,0,0,0,0,0,0,0,0,0,0,0,0,0,0,2
PQ,2,1360,1993,0,0,0,0,0,1,0,0,0,0,0,0,0,0,0
PQ,2,1360,1998,0,0,0,0,1,0,0,0,0,0,0,0,0,0,0
PQ,2,1360,2002,0,0,0,0,0,1,0,0,0,0,0,0,0,0,0
PQ,2,1360,2009,0,0,0,0,1,0,0,0,0,0,0,0,0,0,0
PQ,2,1360,2020,0,0,0,0,1,0,0,0,0,0,0,0,0,0,0
PQ,2,1370,1976,2,0,0,0,3,3,0,0,0,0,0,0,0,0,1
PQ,2,1370,1977,1,0,0,0,3,3,0,0,0,0,0,0,0,0,3
PQ,2,1370,1978,2,0,0,0,8,2,0,0,0,0,0,0,0,0,3
PQ,2,1370,1979,3,0,0,0,5,7,0,0,0,0,0,0,0,0,8
PQ,2,1370,1980,2,0,0,0,7,8,0,1,0,0,0,0,0,0,1
PQ,2,1370,1981,1,0,0,0,5,3,0,0,0,0,0,0,0,0,3
PQ,2,1370,1982,0,0,0,0,0,0,0,0,0,0,0,0,0,0,1
PQ,2,1370,1983,4,0,0,0,5,12,0,0,0,0,0,0,0,0,0
PQ,2,1370,1984,1,0,0,0,1,4,0,0,0,0,0,0,0,0,0
PQ,2,1370,1985,2,0,0,0,7,15,0,0,0,0,0,0,0,0,0
PQ,2,1370,1986,3,1,0,0,5,4,0,0,0,0,0,0,0,0,0
PQ,2,1370,1987,1,0,0,0,8,7,0,0,0,0,0,0,0,0,0
PQ,2,1370,1988,0,0,0,0,5,3,0,0,0,0,0,0,0,0,0
PQ,2,1370,1989,3,2,0,0,8,2,0,0,0,0,0,0,0,0,0
PQ,2,1370,1990,2,0,0,0,5,7,0,0,0,0,0,0,0,0,0
PQ,2,1370,1991,3,3,0,0,4,7,0,0,0,0,0,0,0,0,0
PQ,2,1370,1992,4,5,0,0,18,13,0,1,0,0,0,0,0,0,0
PQ,2,1370,1993,6,1,0,0,15,15,0,1,0,0,0,0,0,0,0
PQ,2,1370,1994,5,4,0,0,14,7,0,0,0,0,0,0,0,0,0
PQ,2,1370,1995,2,0,0,0,7,7,0,0,0,0,0,0,0,0,0
PQ,2,1370,1996,2,0,0,0,7,4,0,0,0,0,0,0,0,0,0
PQ,2,1370,1997,0,0,0,0,3,8,0,0,0,0,0,0,0,0,0
PQ,2,1370,1998,1,0,0,0,11,10,0,0,0,0,0,0,0,0,0
PQ,2,1370,1999,1,0,0,0,7,5,0,0,0,0,0,0,0,0,0
PQ,2,1370,2000,7,2,0,0,10,7,0,0,0,0,0,0,0,0,0
PQ,2,1370,2001,2,0,0,0,6,1,0,0,0,0,0,0,0,0,0
PQ,2,1370,2002,0,1,0,0,7,8,0,0,0,0,0,0,0,0,0
PQ,2,1370,2003,2,1,0,0,5,3,0,0,0,0,0,0,0,0,0
PQ,2,1370,2004,0,0,0,0,10,7,0,0,0,0,0,0,0,0,0
PQ,2,1370,2005,1,1,0,0,3,1,0,0,0,0,0,0,0,0,0
PQ,2,1370,2006,3,0,0,0,5,6,0,0,0,0,0,0,0,0,0
PQ,2,1370,2007,2,0,0,0,2,3,0,0,0,0,0,0,0,0,0
PQ,2,1370,2008,4,0,0,0,3,6,0,0,0,0,0,0,0,0,0
PQ,2,1370,2009,0,0,0,0,4,2,0,0,0,0,0,0,0,0,0
PQ,2,1370,2010,0,0,0,0,4,1,0,0,0,0,0,0,0,0,0
PQ,2,1370,2011,1,1,0,0,2,5,0,0,0,0,0,0,0,0,0
PQ,2,1370,2012,1,1,0,0,8,4,0,0,0,0,0,0,0,0,0
PQ,2,1370,2013,1,0,0,0,6,3,0,0,0,0,0,0,0,0,0
PQ,2,1370,2014,0,0,0,0,2,3,0,0,0,0,0,0,0,0,0
PQ,2,1370,2015,0,1,0,0,1,5,0,0,0,0,0,0,0,0,0
PQ,2,1370,2016,3,2,0,0,7,2,0,0,0,0,0,0,0,0,0
PQ,2,1370,2017,1,1,0,0,3,4,0,0,0,0,0,0,0,0,0
PQ,2,1370,2018,2,2,0,0,1,1,0,0,0,0,0,0,0,0,0
PQ,2,1370,2019,0,0,0,0,4,1,0,0,0,0,0,0,0,0,0
PQ,2,1370,2020,0,0,0,0,5,1,0,0,0,0,0,0,0,0,0
PQ,2,1370,2021,1,0,0,0,0,4,0,0,0,0,0,0,0,0,0
PQ,2,1370,2022,1,0,0,0,3,1,0,0,0,0,0,0,0,0,0
PQ,2,1370,2023,0,0,0,0,1,0,0,0,0,0,0,0,0,0,0
PQ,2,1370,2024,1,2,0,0,2,0,0,0,0,0,0,0,0,0,0
PQ,2,1390,1976,13,3,0,0,68,48,0,2,0,0,0,2,0,0,34
PQ,2,1390,1977,8,3,0,1,62,61,0,7,0,0,0,0,0,0,96
PQ,2,1390,1978,14,5,0,0,44,34,0,3,0,0,0,0,0,0,46
PQ,2,1390,1979,15,1,0,0,52,59,0,2,0,0,0,1,0,0,19
PQ,2,1390,1980,5,3,0,0,81,52,0,4,0,0,0,0,1,0,23
PQ,2,1390,1981,3,1,0,0,63,55,0,2,0,0,0,1,1,0,41
PQ,2,1390,1982,4,2,0,0,33,26,0,1,0,0,0,0,0,0,47
PQ,2,1390,1983,19,11,0,0,69,68,0,0,0,0,0,0,2,0,5
PQ,2,1390,1984,5,2,0,0,56,38,0,0,0,0,0,1,1,0,0
PQ,2,1390,1985,11,5,0,0,104,85,0,1,0,0,0,0,1,0,0
PQ,2,1390,1986,24,9,0,0,123,109,0,7,0,0,0,1,0,0,5
PQ,2,1390,1987,10,4,0,0,50,36,0,0,0,0,0,1,0,0,1
PQ,2,1390,1988,5,1,0,0,40,34,0,1,0,0,0,0,0,0,0
PQ,2,1390,1989,17,5,0,0,110,82,0,0,0,0,0,0,0,0,3
PQ,2,1390,1990,26,5,0,0,120,121,0,0,0,0,0,2,0,0,0
PQ,2,1390,1991,16,6,0,0,77,51,0,0,0,0,0,1,0,0,1
PQ,2,1390,1992,8,12,0,0,70,53,0,3,0,0,0,0,0,0,0
PQ,2,1390,1993,12,7,0,0,81,93,0,1,0,0,0,0,0,0,3
PQ,2,1390,1994,11,2,0,0,84,79,0,2,0,0,0,1,0,0,0
PQ,2,1390,1995,13,7,0,0,50,46,0,1,0,0,0,0,0,0,3
PQ,2,1390,1996,22,10,0,0,44,49,0,3,0,0,0,2,1,0,1
PQ,2,1390,1997,8,10,0,0,60,49,0,0,0,0,0,0,0,0,1
PQ,2,1390,1998,5,5,0,0,57,63,0,0,0,0,0,0,0,0,2
PQ,2,1390,1999,9,10,0,0,91,98,0,2,0,0,0,0,0,0,2
PQ,2,1390,2000,16,13,0,0,63,57,0,0,0,0,0,0,0,0,1
PQ,2,1390,2001,13,10,0,1,63,49,0,1,0,0,0,1,1,0,3
PQ,2,1390,2002,14,6,0,0,49,59,0,0,0,0,0,0,0,0,1
PQ,2,1390,2003,6,6,0,0,67,57,0,0,0,0,0,0,0,0,2
PQ,2,1390,2004,14,5,0,1,63,51,0,3,0,0,0,0,0,0,1
PQ,2,1390,2005,4,5,0,0,31,43,0,1,0,0,0,0,0,0,2
PQ,2,1390,2006,7,6,0,0,45,41,0,2,0,0,0,0,0,0,4
PQ,2,1390,2007,3,4,0,0,57,70,0,1,0,0,0,1,0,0,0
PQ,2,1390,2008,3,6,0,0,43,36,0,2,0,0,0,0,0,0,2
PQ,2,1390,2009,4,7,0,0,39,40,0,4,0,0,0,1,0,0,0
PQ,2,1390,2010,1,4,0,0,38,28,0,0,0,0,0,0,0,0,1
PQ,2,1390,2011,6,3,0,0,24,19,0,1,0,0,0,0,0,0,0
PQ,2,1390,2012,0,1,0,0,28,12,0,0,0,0,0,0,0,0,0
PQ,2,1390,2013,1,1,0,0,23,39,0,0,0,0,0,0,0,0,2
PQ,2,1390,2014,5,9,0,0,25,23,0,0,0,0,0,0,0,0,0
PQ,2,1390,2015,4,5,0,0,9,27,0,1,0,0,0,0,0,0,0
PQ,2,1390,2016,7,4,0,0,14,30,0,0,0,0,0,0,0,0,0
PQ,2,1390,2017,4,3,0,0,19,23,0,0,0,0,0,0,2,0,0
PQ,2,1390,2018,4,4,0,0,25,21,0,1,0,0,0,0,1,0,1
PQ,2,1390,2019,1,4,0,0,31,28,0,1,0,0,0,0,0,0,0
PQ,2,1390,2020,7,4,0,0,16,29,0,0,0,0,0,0,0,0,0
PQ,2,1390,2021,3,4,0,0,15,9,0,0,0,0,0,0,0,0,0
PQ,2,1390,2022,2,0,0,0,10,15,0,0,0,0,0,0,0,0,0
PQ,2,1390,2023,2,1,0,0,25,22,0,0,0,0,0,0,0,0,0
PQ,2,1390,2024,3,6,0,0,12,12,0,0,0,0,0,0,0,0,0
PQ,2,1400,1976,2,1,0,0,15,9,0,0,0,0,0,1,2,0,5
PQ,2,1400,1977,0,0,0,0,3,8,0,0,0,0,0,0,0,0,10
PQ,2,1400,1978,0,0,0,0,17,19,0,0,0,0,0,0,0,0,12
PQ,2,1400,1979,3,3,0,0,9,6,0,0,0,0,0,0,1,0,2
PQ,2,1400,1980,3,2,0,0,6,8,0,0,0,0,0,2,0,0,10
PQ,2,1400,1981,1,2,0,0,10,10,0,0,0,0,0,0,0,0,13
PQ,2,1400,1982,0,0,0,0,4,5,0,0,0,0,0,0,0,0,13
PQ,2,1400,1983,7,3,0,0,18,24,0,0,0,0,0,0,3,0,0
PQ,2,1400,1984,6,0,0,0,3,8,0,1,0,0,0,0,0,0,0
PQ,2,1400,1985,6,1,0,0,17,14,0,0,0,0,0,0,1,0,0
PQ,2,1400,1986,0,1,0,0,12,14,0,0,0,0,0,0,0,0,0
PQ,2,1400,1987,2,2,0,0,11,6,0,0,0,0,0,0,0,0,0
PQ,2,1400,1988,2,0,0,0,4,6,0,0,0,0,0,0,0,0,0
PQ,2,1400,1989,3,1,0,0,15,11,0,1,0,0,0,1,0,0,0
PQ,2,1400,1990,4,2,0,0,14,9,0,0,0,0,0,0,0,0,0
PQ,2,1400,1991,1,2,0,0,10,8,0,0,0,0,0,0,0,0,0
PQ,2,1400,1992,6,2,0,0,13,8,0,0,0,0,0,0,0,0,0
PQ,2,1400,1993,5,4,0,0,14,16,0,0,0,0,0,0,0,0,0
PQ,2,1400,1994,2,0,0,0,32,24,0,0,0,0,0,1,3,0,1
PQ,2,1400,1995,6,2,0,0,24,16,0,0,0,0,0,0,0,0,0
PQ,2,1400,1996,0,0,0,0,15,19,0,0,0,0,0,0,1,0,0
PQ,2,1400,1997,2,1,0,0,12,7,0,0,0,0,0,0,0,0,0
PQ,2,1400,1998,1,0,0,0,6,10,0,0,0,0,0,0,0,0,0
PQ,2,1400,1999,2,1,0,0,10,15,0,0,0,0,0,0,1,0,0
PQ,2,1400,2000,2,2,0,0,6,5,0,0,0,0,0,0,0,0,0
PQ,2,1400,2001,1,2,0,0,6,4,0,0,0,0,0,0,1,0,0
PQ,2,1400,2002,4,1,0,0,6,7,0,0,0,0,0,0,0,0,0
PQ,2,1400,2003,1,1,0,0,4,7,0,0,0,0,0,0,0,0,0
PQ,2,1400,2004,1,8,0,0,5,7,0,0,0,0,0,0,0,0,0
PQ,2,1400,2005,0,1,0,0,14,6,0,0,0,0,0,0,0,0,0
PQ,2,1400,2006,0,1,0,0,4,2,0,0,0,0,0,0,0,0,0
PQ,2,1400,2007,0,0,0,0,1,4,0,0,0,0,0,0,0,0,0
PQ,2,1400,2008,1,0,0,0,3,2,0,0,0,0,0,0,0,0,0
PQ,2,1400,2009,0,2,0,0,13,16,0,0,0,0,0,0,0,0,0
PQ,2,1400,2010,1,2,0,0,7,3,0,0,0,0,0,0,0,0,0
PQ,2,1400,2011,0,0,0,0,2,6,0,0,0,0,0,0,0,0,0
PQ,2,1400,2012,0,1,0,0,8,2,0,0,0,0,0,0,0,0,0
PQ,2,1400,2014,1,2,0,0,1,0,0,0,0,0,0,0,0,0,0
PQ,2,1400,2015,1,1,0,0,5,2,0,0,0,0,0,0,0,0,0
PQ,2,1400,2016,1,0,0,0,1,2,0,0,0,0,0,0,0,0,0
PQ,2,1400,2017,0,1,0,0,0,0,0,0,0,0,0,0,0,0,0
PQ,2,1400,2018,0,0,0,0,2,3,0,0,0,0,0,0,0,0,0
PQ,2,1400,2019,0,2,0,0,1,0,0,0,0,0,0,0,0,0,0
PQ,2,1400,2020,0,0,0,0,7,7,0,0,0,0,0,0,0,0,0
PQ,2,1400,2021,1,2,0,0,0,0,0,0,0,0,0,0,0,0,0
PQ,2,1400,2022,0,0,0,0,2,2,0,0,0,0,0,0,0,0,0
PQ,2,1400,2023,1,0,0,0,1,1,0,0,0,0,0,0,0,0,0
PQ,2,1400,2024,0,0,0,0,2,3,0,0,0,0,0,0,0,0,0
PQ,2,1420,1977,0,0,0,0,2,1,0,0,0,0,0,0,0,0,0
PQ,2,1420,1978,0,0,0,0,0,0,0,0,0,0,0,0,0,0,1
PQ,2,1420,1979,0,0,0,0,0,0,0,0,0,0,0,0,0,0,1
PQ,2,1420,1980,0,0,0,0,2,0,0,0,0,0,0,0,0,0,1
PQ,2,1420,1981,0,0,0,0,1,0,0,0,0,0,0,0,0,0,1
PQ,2,1420,1982,0,0,0,0,1,1,0,0,0,0,0,0,0,0,0
PQ,2,1420,1983,0,0,0,0,1,1,0,0,0,0,0,0,0,0,0
PQ,2,1420,1985,0,0,0,0,3,2,0,0,0,0,0,0,0,0,0
PQ,2,1420,1986,0,0,0,0,1,2,0,0,0,0,0,0,0,0,0
PQ,2,1420,1988,1,0,0,0,4,1,0,0,0,0,0,0,0,0,0
PQ,2,1420,1989,0,0,0,0,4,3,0,0,0,0,0,0,0,0,0
PQ,2,1420,1990,0,0,0,0,1,2,0,0,0,0,0,0,0,0,0
PQ,2,1420,1992,0,0,0,0,5,3,0,0,0,0,0,0,0,0,0
PQ,2,1420,1993,0,1,0,0,0,2,0,0,0,0,0,0,0,0,0
PQ,2,1420,1995,1,0,0,0,0,0,0,0,0,0,0,0,0,0,0
PQ,2,1420,1996,0,0,0,0,0,2,0,0,0,0,0,0,0,0,0
PQ,2,1420,1997,0,1,0,0,0,0,0,0,0,0,0,0,0,0,0
PQ,2,1420,1998,0,1,0,0,2,4,0,0,0,0,0,0,0,0,0
PQ,2,1420,1999,0,0,0,0,2,3,0,0,0,0,0,0,0,0,0
PQ,2,1420,2000,0,0,0,0,7,5,0,0,0,0,0,0,0,0,0
PQ,2,1420,2001,0,0,0,0,1,2,0,0,0,0,0,0,0,0,0
PQ,2,1420,2002,0,0,0,0,2,2,0,0,0,0,0,0,0,0,0
PQ,2,1420,2004,2,0,0,0,1,1,0,0,0,0,0,0,0,0,0
PQ,2,1420,2005,0,1,0,0,0,1,0,0,0,0,0,0,0,0,0
PQ,2,1420,2006,0,0,0,0,1,2,0,0,0,0,0,0,0,0,0
PQ,2,1420,2008,0,0,0,0,0,1,0,0,0,0,0,0,0,0,0
PQ,2,1420,2009,1,0,0,0,0,1,0,0,0,0,0,0,0,0,0
PQ,2,1420,2010,0,0,0,0,0,2,0,0,0,0,0,0,0,0,0
PQ,2,1420,2012,0,0,0,0,1,2,0,0,0,0,0,0,0,0,0
PQ,2,1420,2014,0,0,0,0,0,1,0,0,0,0,0,0,0,0,0
PQ,2,1420,2015,1,0,0,0,1,1,0,0,0,0,0,0,0,0,0
PQ,2,1420,2016,0,0,0,0,1,1,0,0,0,0,0,0,0,0,0
PQ,2,1420,2017,0,0,0,0,1,0,0,0,0,0,0,0,0,0,0
PQ,2,1420,2018,0,0,0,0,2,2,0,0,0,0,0,0,0,0,0
PQ,2,1420,2019,1,0,0,0,1,2,0,0,0,0,0,0,0,0,0
PQ,2,1420,2022,0,0,0,0,1,0,0,0,0,0,0,0,0,0,0
PQ,2,1420,2023,0,0,0,0,1,1,0,0,0,0,0,0,0,0,0
PQ,2,1430,1976,1,0,0,0,11,12,0,0,0,0,0,0,0,0,13
PQ,2,1430,1977,2,2,0,0,17,24,0,0,0,0,0,0,0,0,34
PQ,2,1430,1978,4,2,0,0,13,12,0,0,0,0,0,0,0,0,13
PQ,2,1430,1979,3,0,0,0,20,8,0,0,0,0,0,1,0,0,1
PQ,2,1430,1980,2,0,0,0,24,14,0,0,0,0,0,0,0,0,16
PQ,2,1430,1981,4,0,0,0,8,18,0,0,0,0,0,0,0,0,8
PQ,2,1430,1982,1,1,0,0,5,11,0,0,0,0,0,0,0,0,13
PQ,2,1430,1983,2,0,0,0,9,13,0,0,0,0,0,0,0,0,0
PQ,2,1430,1984,3,0,0,0,5,11,0,0,0,0,0,0,0,0,0
PQ,2,1430,1985,0,0,0,0,28,20,0,0,0,0,0,0,0,0,0
PQ,2,1430,1986,8,1,0,0,38,27,0,0,0,0,0,0,0,0,0
PQ,2,1430,1987,0,0,0,0,6,16,0,0,0,0,0,0,0,0,0
PQ,2,1430,1988,1,1,0,0,11,5,0,0,0,0,0,0,0,0,0
PQ,2,1430,1989,5,3,0,0,23,16,0,1,0,0,0,0,1,0,0
PQ,2,1430,1990,12,2,0,0,34,34,0,0,0,0,0,0,0,0,0
PQ,2,1430,1991,0,2,0,0,6,8,0,0,0,0,0,0,0,0,0
PQ,2,1430,1992,3,1,0,0,5,8,0,0,0,0,0,0,0,0,0
PQ,2,1430,1993,6,1,0,0,15,15,0,0,0,0,0,0,0,0,0
PQ,2,1430,1994,5,0,0,0,32,25,0,0,0,0,0,0,0,0,0
PQ,2,1430,1995,2,1,0,0,17,13,0,0,0,0,0,0,0,0,0
PQ,2,1430,1996,3,1,0,0,5,6,0,0,0,0,0,0,0,0,0
PQ,2,1430,1997,4,1,0,0,15,11,0,0,0,0,0,0,0,0,0
PQ,2,1430,1998,0,0,0,0,13,10,0,0,0,0,0,0,0,0,0
PQ,2,1430,1999,4,0,0,0,22,19,0,0,0,0,0,0,0,0,0
PQ,2,1430,2000,0,0,0,0,22,11,0,0,0,0,0,0,0,0,0
PQ,2,1430,2001,0,0,0,0,6,10,0,0,0,0,0,0,0,0,0
PQ,2,1430,2002,1,0,0,0,18,16,0,0,0,0,0,0,0,0,0
PQ,2,1430,2003,1,1,0,0,20,8,0,0,0,0,0,0,0,0,0
PQ,2,1430,2004,7,1,0,0,14,15,0,0,0,0,0,0,0,0,0
PQ,2,1430,2005,1,0,0,0,8,6,0,0,0,0,0,0,0,0,0
PQ,2,1430,2006,2,4,0,0,12,5,0,0,0,0,0,0,1,0,0
PQ,2,1430,2007,0,1,0,1,11,12,0,0,0,0,0,0,0,0,0
PQ,2,1430,2008,1,0,0,0,9,11,0,0,0,0,0,1,0,0,0
PQ,2,1430,2009,5,0,0,0,7,9,0,0,0,0,0,0,0,0,0
PQ,2,1430,2010,0,0,0,0,7,16,0,0,0,0,0,0,0,0,0
PQ,2,1430,2011,2,0,0,0,6,7,0,0,0,0,0,0,0,0,0
PQ,2,1430,2012,1,2,0,0,5,7,0,0,0,0,0,0,0,0,0
PQ,2,1430,2013,0,0,0,0,9,17,0,0,0,0,0,0,0,0,0
PQ,2,1430,2014,0,2,0,0,3,10,0,0,0,0,0,0,0,0,0
PQ,2,1430,2015,1,0,0,0,9,0,0,0,0,0,0,0,0,0,0
PQ,2,1430,2016,0,1,0,0,3,8,0,0,0,0,0,0,0,0,0
PQ,2,1430,2017,0,0,0,0,2,2,0,0,0,0,0,1,0,0,0
PQ,2,1430,2018,1,3,0,0,4,8,0,0,0,0,0,0,0,0,0
PQ,2,1430,2019,1,0,0,0,9,4,0,0,0,0,0,0,0,0,0
PQ,2,1430,2020,0,1,0,0,5,9,0,0,0,0,0,1,0,0,0
PQ,2,1430,2021,2,0,0,0,3,3,0,0,0,0,0,0,0,0,0
PQ,2,1430,2022,0,1,0,0,1,7,0,0,0,0,0,0,0,0,0
PQ,2,1430,2023,0,0,0,0,8,9,0,0,0,0,0,0,0,0,0
PQ,2,1430,2024,3,0,0,0,1,5,0,0,0,0,0,0,0,0,0
PQ,2,1440,1976,1,3,0,0,1,1,0,0,0,0,0,0,0,0,1
PQ,2,1440,1977,0,6,0,0,1,3,0,0,0,0,0,0,1,0,8
PQ,2,1440,1978,0,7,0,0,1,1,0,0,0,0,0,0,0,0,1
PQ,2,1440,1979,0,4,0,0,2,5,0,0,0,0,0,0,0,0,1
PQ,2,1440,1980,0,7,0,0,1,5,0,0,0,0,0,0,1,0,2
PQ,2,1440,1981,1,6,0,0,1,0,0,0,0,0,0,1,1,0,8
PQ,2,1440,1982,0,1,0,0,1,2,0,0,0,0,0,0,1,0,10
PQ,2,1440,1983,0,5,0,0,2,7,0,0,0,0,0,0,0,0,0
PQ,2,1440,1984,1,4,0,1,7,12,0,2,0,0,0,0,0,0,0
PQ,2,1440,1985,4,23,0,1,2,6,0,0,0,0,0,0,4,0,1
PQ,2,1440,1986,0,12,0,0,6,8,0,0,0,0,0,0,0,0,0
PQ,2,1440,1987,1,10,0,0,2,8,0,0,0,0,0,1,0,0,0
PQ,2,1440,1988,1,6,0,0,0,3,0,0,0,0,0,1,0,0,0
PQ,2,1440,1989,1,17,0,0,0,3,0,0,0,0,0,0,0,0,1
PQ,2,1440,1990,2,15,0,0,6,1,0,0,0,0,0,0,0,0,0
PQ,2,1440,1991,4,12,0,0,7,8,0,0,0,0,0,0,1,0,0
PQ,2,1440,1992,2,19,0,0,1,12,0,0,0,0,0,0,0,0,0
PQ,2,1440,1993,6,43,0,0,4,16,0,0,0,0,0,0,0,0,0
PQ,2,1440,1994,1,28,0,0,5,10,0,0,0,0,0,0,0,0,0
PQ,2,1440,1995,3,22,0,0,3,8,0,0,0,0,0,0,0,0,0
PQ,2,1440,1996,1,24,0,0,3,2,0,0,0,0,0,0,1,0,0
PQ,2,1440,1997,1,25,0,0,3,10,0,0,0,0,0,0,2,0,0
PQ,2,1440,1998,1,11,0,0,3,10,0,0,0,0,0,0,0,0,0
PQ,2,1440,1999,0,12,0,0,1,8,0,0,0,0,0,0,1,0,0
PQ,2,1440,2000,1,13,0,0,0,11,0,0,0,0,0,0,0,0,0
PQ,2,1440,2001,0,15,0,0,0,7,0,0,0,0,0,0,0,0,0
PQ,2,1440,2002,1,13,0,0,0,3,0,0,0,0,0,0,0,0,0
PQ,2,1440,2003,3,13,0,0,1,4,0,0,0,0,0,0,0,0,0
PQ,2,1440,2004,2,4,0,0,4,10,0,0,0,0,0,0,0,0,0
PQ,2,1440,2005,0,7,0,0,5,14,0,0,0,0,0,0,1,0,1
PQ,2,1440,2006,0,7,0,0,1,11,0,0,0,0,0,0,0,0,0
PQ,2,1440,2007,2,30,0,0,2,3,0,0,0,0,0,0,0,0,0
PQ,2,1440,2008,0,20,0,0,2,8,0,0,0,0,0,0,0,0,0
PQ,2,1440,2009,0,9,0,0,3,3,0,0,0,0,0,0,0,0,0
PQ,2,1440,2010,4,14,0,0,5,7,0,0,0,0,0,0,0,0,0
PQ,2,1440,2011,3,10,0,0,1,7,0,0,0,0,0,0,0,0,0
PQ,2,1440,2012,3,10,0,0,0,11,0,1,0,0,0,0,0,0,0
PQ,2,1440,2013,1,22,0,0,0,4,0,0,0,0,0,0,1,0,0
PQ,2,1440,2014,1,4,0,0,2,3,0,0,0,0,0,0,0,0,0
PQ,2,1440,2015,1,8,0,0,2,6,0,1,0,0,0,0,0,0,0
PQ,2,1440,2016,2,16,0,0,2,4,0,0,0,0,0,0,0,0,0
PQ,2,1440,2017,0,8,0,0,10,13,0,0,0,0,0,0,0,0,0
PQ,2,1440,2018,1,14,0,0,5,6,0,0,0,0,0,1,0,0,0
PQ,2,1440,2019,0,9,0,0,7,6,0,0,0,0,0,0,0,0,0
PQ,2,1440,2020,2,8,0,0,3,3,0,0,0,0,0,0,0,0,0
PQ,2,1440,2021,1,5,0,0,1,3,0,0,0,0,0,0,0,0,0
PQ,2,1440,2022,0,3,0,0,0,6,0,0,0,0,0,0,0,0,0
PQ,2,1440,2023,0,10,0,0,3,0,0,0,0,0,0,0,0,0,0
PQ,2,1440,2024,1,7,0,0,4,8,0,0,0,0,0,0,0,0,0
PQ,2,1460,1976,0,1,0,0,0,1,0,0,0,0,0,0,0,0,0
PQ,2,1460,1981,0,0,0,0,0,0,0,0,0,0,0,0,0,0,2
PQ,2,1460,1982,0,0,0,0,0,0,0,0,0,0,0,0,0,0,2
PQ,2,1460,1986,0,0,0,0,1,0,0,0,0,0,0,0,0,0,0
PQ,2,1460,1987,0,0,0,0,1,0,0,0,0,0,0,0,0,0,0
PQ,2,1460,1992,0,0,0,0,1,0,0,0,0,0,0,0,0,0,0
PQ,2,1460,1993,0,0,0,0,0,1,0,0,0,0,0,0,0,0,0
PQ,2,1460,1994,0,0,0,0,1,2,0,0,0,0,0,0,0,0,0
PQ,2,1460,1995,0,0,0,0,0,1,0,0,0,0,0,0,0,0,0
PQ,2,1460,1996,0,0,0,0,0,1,0,0,0,0,0,0,0,0,0
PQ,2,1460,1998,0,0,0,0,2,1,0,0,0,0,0,0,0,0,0
PQ,2,1460,2005,1,0,0,0,6,7,0,0,0,0,0,0,0,0,0
PQ,2,1460,2006,0,0,0,0,0,1,0,0,0,0,0,0,0,0,0
PQ,2,1460,2009,0,0,0,0,1,0,0,0,0,0,0,0,0,0,0
PQ,2,1460,2010,0,0,0,0,1,0,0,0,0,0,0,0,0,0,0
PQ,2,1460,2015,0,0,0,0,1,0,0,0,0,0,0,0,0,0,0
PQ,2,1460,2024,0,0,0,0,0,1,0,0,0,0,0,0,0,0,0
PQ,2,1470,1986,0,0,0,0,0,1,0,0,0,0,0,0,0,0,0
PQ,2,1470,1993,0,0,0,0,0,1,0,0,0,0,0,0,0,0,0
PQ,2,1480,1976,0,0,0,0,3,2,0,0,0,0,0,0,0,0,3
PQ,2,1480,1977,0,0,0,0,2,0,0,0,0,0,0,0,0,0,4
PQ,2,1480,1979,0,1,0,0,1,2,0,0,0,0,0,0,0,0,3
PQ,2,1480,1980,0,1,0,0,2,2,0,0,0,0,0,0,0,0,4
PQ,2,1480,1981,0,0,0,0,7,7,0,0,0,0,0,0,0,0,4
PQ,2,1480,1982,0,0,0,0,4,3,0,0,0,0,0,0,0,0,3
PQ,2,1480,1984,0,0,0,0,8,6,0,0,0,0,0,0,0,0,0
PQ,2,1480,1985,0,1,0,0,1,1,0,0,0,0,0,0,0,0,0
PQ,2,1480,1986,1,1,0,0,1,9,0,0,0,0,0,0,0,0,0
PQ,2,1480,1987,1,0,0,0,2,6,0,0,0,0,0,0,0,0,0
PQ,2,1480,1988,1,0,0,0,5,4,0,0,0,0,0,0,0,0,0
PQ,2,1480,1989,0,0,0,0,3,0,0,0,0,0,0,0,0,0,0
PQ,2,1480,1990,1,0,0,0,3,1,0,0,0,0,0,0,0,0,0
PQ,2,1480,1991,0,3,0,0,5,3,0,0,0,0,0,0,0,0,0
PQ,2,1480,1992,1,1,0,0,2,4,0,0,0,0,0,0,0,0,0
PQ,2,1480,1993,0,1,0,0,3,4,0,0,0,0,0,0,0,0,0
PQ,2,1480,1994,2,1,0,0,8,5,0,0,0,0,0,0,0,0,0
PQ,2,1480,1995,0,1,0,0,2,2,0,0,0,0,0,0,0,0,0
PQ,2,1480,1996,0,1,0,0,2,3,0,0,0,0,0,0,0,0,0
PQ,2,1480,1997,0,0,0,0,0,7,0,0,0,0,0,0,0,0,0
PQ,2,1480,1998,1,0,0,0,1,3,0,0,0,0,0,0,0,0,0
PQ,2,1480,1999,2,1,0,0,2,2,0,0,0,0,0,0,0,0,0
PQ,2,1480,2000,0,1,0,0,2,2,0,0,0,0,0,0,0,0,0
PQ,2,1480,2001,0,0,0,0,1,0,0,0,0,0,0,0,0,0,0
PQ,2,1480,2002,0,0,0,0,2,3,0,0,0,0,0,0,0,0,0
PQ,2,1480,2003,1,5,0,0,2,3,0,0,0,0,0,0,0,0,0
PQ,2,1480,2004,0,1,0,0,7,5,0,0,0,0,0,0,0,0,0
PQ,2,1480,2005,0,0,0,0,2,5,0,0,0,0,0,0,0,0,0
PQ,2,1480,2006,0,1,0,0,0,0,0,0,0,0,0,0,0,0,0
PQ,2,1480,2008,0,0,0,0,0,1,0,0,0,0,0,0,0,0,0
PQ,2,1480,2009,0,0,0,0,0,1,0,0,0,0,0,0,0,0,0
PQ,2,1480,2012,1,0,0,0,1,0,0,0,0,0,0,0,0,0,0
PQ,2,1480,2013,0,0,0,0,1,1,0,0,0,0,0,0,0,0,0
PQ,2,1480,2015,0,1,0,0,0,0,0,0,0,0,0,0,0,0,0
PQ,2,1480,2016,0,1,0,0,1,0,0,0,0,0,0,0,0,0,0
PQ,2,1480,2017,0,0,0,0,0,1,0,0,0,0,0,0,0,0,0
PQ,2,1480,2019,0,0,0,0,0,1,0,0,0,0,0,0,0,0,0
PQ,2,1480,2020,0,2,0,0,0,0,0,0,0,0,0,0,0,0,0
PQ,2,1480,2021,0,0,0,0,0,2,0,0,0,0,0,1,0,0,0
PQ,2,1480,2024,0,1,0,0,0,0,0,0,0,0,0,0,0,0,0
PQ,2,1490,1976,2,2,0,0,11,17,0,0,0,0,0,0,1,0,19
PQ,2,1490,1977,1,1,0,0,13,8,0,0,0,0,0,0,0,0,14
PQ,2,1490,1978,2,2,0,0,1,0,0,0,0,0,0,0,0,0,14
PQ,2,1490,1979,0,1,0,0,10,8,0,1,0,0,0,1,0,0,3
PQ,2,1490,1980,2,0,0,0,8,6,0,0,0,0,0,0,0,0,5
PQ,2,1490,1981,1,0,0,0,13,7,0,0,0,0,0,0,0,0,11
PQ,2,1490,1982,3,2,0,0,7,8,0,0,0,0,0,0,0,0,12
PQ,2,1490,1983,5,1,0,0,6,7,0,0,0,0,0,0,0,0,0
PQ,2,1490,1984,2,0,0,0,17,17,0,0,0,0,0,1,0,0,0
PQ,2,1490,1985,4,5,0,0,18,26,0,0,0,0,0,0,0,0,1
PQ,2,1490,1986,5,7,0,0,28,42,0,0,0,0,0,0,0,0,0
PQ,2,1490,1987,7,0,0,0,5,20,0,0,0,0,0,0,0,0,0
PQ,2,1490,1988,3,3,0,0,25,18,0,0,0,0,0,0,0,0,0
PQ,2,1490,1989,8,3,0,0,18,22,0,0,0,0,0,0,0,0,0
PQ,2,1490,1990,6,4,0,0,13,27,0,0,0,0,0,0,0,0,0
PQ,2,1490,1991,1,1,0,0,10,17,0,0,0,0,0,0,0,0,1
PQ,2,1490,1992,7,3,0,0,22,23,0,0,0,0,0,0,0,0,0
PQ,2,1490,1993,11,8,0,0,20,35,0,0,0,0,0,0,0,0,0
PQ,2,1490,1994,3,5,0,0,9,20,0,0,0,0,0,0,0,0,0
PQ,2,1490,1995,1,1,0,0,8,6,0,0,0,0,0,0,0,0,0
PQ,2,1490,1996,0,1,0,0,6,6,0,0,0,0,0,0,0,0,0
PQ,2,1490,1997,0,0,0,0,11,16,0,0,0,0,0,0,0,0,0
PQ,2,1490,1998,3,1,0,0,21,34,0,0,0,0,0,0,0,0,0
PQ,2,1490,1999,2,0,0,0,4,18,0,0,0,0,0,0,0,0,0
PQ,2,1490,2000,1,1,0,0,4,3,0,0,0,0,0,0,0,0,0
PQ,2,1490,2001,0,1,0,0,3,3,0,0,0,0,0,0,0,0,0
PQ,2,1490,2002,1,3,0,0,8,12,0,0,0,0,0,0,0,0,0
PQ,2,1490,2003,5,2,0,0,9,15,0,0,0,0,0,0,0,0,0
PQ,2,1490,2004,1,1,0,0,2,0,0,0,0,0,0,0,0,0,0
PQ,2,1490,2005,1,0,0,0,4,6,0,0,0,0,0,0,0,0,0
PQ,2,1490,2006,0,0,0,0,0,4,0,0,0,0,0,0,0,0,0
PQ,2,1490,2007,0,1,0,0,3,3,0,0,0,0,0,0,0,0,0
PQ,2,1490,2008,0,0,0,0,1,0,0,0,0,0,0,0,0,0,0
PQ,2,1490,2009,1,0,0,0,0,2,0,0,0,0,0,0,0,0,0
PQ,2,1490,2012,1,1,0,0,9,3,0,0,0,0,0,0,0,0,0
PQ,2,1490,2013,0,0,0,0,2,2,0,0,0,0,0,0,0,0,0
PQ,2,1490,2014,1,0,0,0,0,2,0,0,0,0,0,0,0,0,0
PQ,2,1490,2016,0,0,0,0,1,0,0,0,0,0,0,0,0,0,0
PQ,2,1490,2017,1,1,0,0,0,0,0,0,0,0,0,0,0,0,0
PQ,2,1490,2018,0,0,0,0,1,2,0,0,0,0,0,0,0,0,0
PQ,2,1490,2019,0,0,0,0,1,0,0,0,0,0,0,0,0,0,0
PQ,2,1490,2020,0,0,0,0,3,1,0,0,0,0,0,0,0,0,0
PQ,2,1490,2021,0,0,0,0,2,1,0,0,0,0,0,0,0,0,0
PQ,2,1490,2023,0,0,0,0,4,1,0,0,0,0,0,0,0,0,0
PQ,2,1500,1976,3,0,0,0,8,9,0,1,0,0,0,1,0,0,9
PQ,2,1500,1977,2,1,0,0,10,10,0,2,0,0,0,0,0,0,11
PQ,2,1500,1978,1,1,0,0,10,25,0,1,0,0,0,0,0,0,19
PQ,2,1500,1979,0,1,0,0,14,17,0,0,0,0,0,0,1,0,6
PQ,2,1500,1980,0,2,0,0,25,22,0,1,0,0,0,0,0,0,5
PQ,2,1500,1981,3,1,0,0,0,1,0,41,0,0,0,0,0,0,9
PQ,2,1500,1982,0,0,0,1,10,2,0,0,0,0,0,0,0,0,16
PQ,2,1500,1983,3,1,0,0,1,8,0,38,0,0,0,0,0,0,0
PQ,2,1500,1984,1,4,0,0,22,44,0,1,0,0,0,0,0,0,1
PQ,2,1500,1985,7,4,0,0,54,61,0,2,0,0,0,1,0,0,0
PQ,2,1500,1986,5,5,0,0,40,32,0,0,0,0,0,0,0,0,0
PQ,2,1500,1987,4,4,0,0,37,18,0,0,0,0,0,0,0,0,1
PQ,2,1500,1988,2,2,0,0,17,15,0,0,0,0,0,0,0,0,0
PQ,2,1500,1989,2,3,0,0,15,21,0,6,0,0,0,0,2,0,0
PQ,2,1500,1990,3,2,0,0,26,23,0,0,0,0,0,1,1,0,0
PQ,2,1500,1991,6,7,0,0,33,33,0,0,0,0,0,0,0,0,0
PQ,2,1500,1992,6,6,0,0,41,28,0,5,0,0,0,0,0,0,2
PQ,2,1500,1993,7,2,0,0,47,36,0,0,0,0,0,0,0,0,0
PQ,2,1500,1994,4,4,0,0,24,24,0,0,0,0,0,0,0,0,1
PQ,2,1500,1995,4,0,0,0,13,11,0,0,0,0,0,0,1,0,1
PQ,2,1500,1996,2,4,0,0,13,20,0,0,0,0,0,0,0,0,0
PQ,2,1500,1997,2,1,0,0,17,17,0,3,0,0,0,0,0,0,0
PQ,2,1500,1998,1,5,0,0,23,21,0,2,0,0,0,0,0,0,1
PQ,2,1500,1999,2,3,0,0,16,10,0,1,0,0,0,0,0,0,1
PQ,2,1500,2000,4,3,0,0,11,11,0,0,0,0,0,0,0,0,1
PQ,2,1500,2001,8,3,0,0,30,14,0,0,0,0,0,0,0,0,0
PQ,2,1500,2002,1,1,0,0,7,15,0,1,0,0,0,0,0,0,0
PQ,2,1500,2003,4,1,0,0,16,18,0,2,0,0,0,0,0,0,1
PQ,2,1500,2004,3,3,0,0,10,10,0,0,0,0,0,0,0,0,0
PQ,2,1500,2005,2,3,0,0,8,8,0,0,0,0,0,0,0,0,0
PQ,2,1500,2006,2,4,0,0,6,8,0,0,0,0,0,0,0,0,0
PQ,2,1500,2007,1,0,0,0,10,6,0,0,0,0,0,0,0,0,0
PQ,2,1500,2008,4,2,0,0,2,8,0,0,0,0,0,0,0,0,0
PQ,2,1500,2009,0,1,0,0,4,10,0,0,0,0,0,0,0,0,0
PQ,2,1500,2010,0,2,0,0,4,3,0,1,0,0,0,0,0,0,0
PQ,2,1500,2011,0,1,0,0,6,0,0,1,0,0,0,0,0,0,0
PQ,2,1500,2012,2,3,0,0,9,4,0,0,0,0,0,0,0,0,0
PQ,2,1500,2013,2,0,0,0,6,7,0,1,0,0,0,0,0,0,0
PQ,2,1500,2014,1,0,0,0,1,4,0,0,0,0,0,0,0,0,0
PQ,2,1500,2015,1,1,0,0,9,1,0,0,0,0,0,0,0,0,0
PQ,2,1500,2016,5,2,0,0,2,6,0,0,0,0,0,0,0,0,0
PQ,2,1500,2017,1,1,0,0,11,8,0,0,0,0,0,0,0,0,0
PQ,2,1500,2018,1,1,0,0,2,1,0,0,0,0,0,0,0,0,1
PQ,2,1500,2019,0,2,0,0,9,8,0,0,0,0,0,0,0,0,0
PQ,2,1500,2020,1,2,0,0,3,4,0,1,0,0,0,0,0,0,0
PQ,2,1500,2021,0,2,0,0,3,3,0,0,0,0,0,0,0,0,1
PQ,2,1500,2022,1,0,0,0,0,2,0,0,0,0,0,0,0,0,0
PQ,2,1500,2023,0,1,0,0,0,2,0,0,0,0,0,0,0,0,0
PQ,2,1500,2024,4,1,0,0,6,4,0,0,0,0,0,0,0,0,0
PQ,2,1510,1976,5,0,0,0,24,27,0,3,0,0,0,0,0,0,6
PQ,2,1510,1977,7,3,0,0,19,13,0,8,0,0,0,0,0,0,12
PQ,2,1510,1978,1,1,0,0,16,21,0,5,0,0,0,0,0,0,17
PQ,2,1510,1979,1,7,0,0,15,13,0,1,0,0,0,0,0,0,6
PQ,2,1510,1980,1,1,0,0,3,4,0,29,0,0,0,0,0,0,12
PQ,2,1510,1981,2,3,0,0,10,13,0,1,0,0,0,0,0,0,8
PQ,2,1510,1982,1,1,0,0,10,11,0,3,0,0,0,0,0,0,10
PQ,2,1510,1983,3,1,0,0,11,11,0,0,0,0,0,0,0,0,0
PQ,2,1510,1984,3,2,0,0,20,22,0,1,0,0,0,0,0,0,0
PQ,2,1510,1985,3,2,0,0,23,23,0,0,0,0,0,0,0,0,1
PQ,2,1510,1986,4,7,0,0,18,30,0,0,0,0,0,0,0,0,0
PQ,2,1510,1987,2,6,0,0,11,11,0,0,0,0,0,0,0,0,0
PQ,2,1510,1988,2,0,0,0,8,11,0,1,0,0,0,0,0,0,0
PQ,2,1510,1989,5,2,0,0,14,25,0,0,0,0,0,0,0,0,0
PQ,2,1510,1990,3,3,0,0,18,7,0,0,0,0,0,0,0,0,0
PQ,2,1510,1991,3,1,0,0,16,12,0,0,0,0,0,0,0,0,0
PQ,2,1510,1992,4,5,0,0,17,20,0,0,0,0,0,0,0,0,0
PQ,2,1510,1993,6,2,0,0,22,24,0,2,0,0,0,0,0,0,0
PQ,2,1510,1994,4,5,0,0,12,19,0,1,0,0,0,0,0,0,0
PQ,2,1510,1995,3,2,0,0,19,14,0,1,0,0,0,0,0,0,0
PQ,2,1510,1996,8,8,0,0,11,9,0,0,0,0,0,0,0,0,0
PQ,2,1510,1997,0,2,0,0,10,5,0,0,0,0,0,0,0,0,0
PQ,2,1510,1998,1,1,0,0,7,11,0,1,0,0,0,0,0,0,0
PQ,2,1510,1999,0,0,0,0,1,2,0,2,0,0,0,0,0,0,0
PQ,2,1510,2000,3,2,0,0,12,7,0,0,0,0,0,0,0,0,0
PQ,2,1510,2001,0,6,0,0,10,6,0,3,0,0,0,0,0,0,0
PQ,2,1510,2002,4,1,0,0,6,11,0,1,0,0,0,0,0,0,0
PQ,2,1510,2003,3,2,0,0,7,7,0,0,0,0,0,0,0,0,0
PQ,2,1510,2004,4,1,0,0,5,5,0,3,0,0,0,0,0,0,0
PQ,2,1510,2005,3,10,0,0,2,6,0,0,0,0,0,0,0,0,0
PQ,2,1510,2006,4,0,0,0,2,3,0,0,0,0,0,0,0,0,0
PQ,2,1510,2007,0,0,0,0,4,3,0,1,0,0,0,0,0,0,0
PQ,2,1510,2008,0,0,0,0,5,2,0,0,0,0,0,0,0,0,0
PQ,2,1510,2009,0,0,0,0,1,1,0,0,0,0,0,0,0,0,0
PQ,2,1510,2010,0,1,0,0,0,0,0,0,0,0,0,0,0,0,0
PQ,2,1510,2011,0,1,0,0,1,0,0,0,0,0,0,0,0,0,0
PQ,2,1510,2012,0,0,0,0,3,0,0,0,0,0,0,0,0,0,0
PQ,2,1510,2013,0,1,0,0,3,4,0,0,0,0,0,0,0,0,0
PQ,2,1510,2014,0,2,0,0,2,4,0,1,0,0,0,0,0,0,0
PQ,2,1510,2015,0,0,0,0,0,1,0,0,0,0,0,0,0,0,0
PQ,2,1510,2016,0,0,0,0,2,2,0,0,0,0,0,0,0,0,0
PQ,2,1510,2017,0,2,0,0,0,0,0,0,0,0,0,0,0,0,0
PQ,2,1510,2018,0,0,0,0,6,2,0,2,0,0,0,0,0,0,0
PQ,2,1510,2020,0,1,0,0,3,0,0,0,0,0,0,0,0,0,0
PQ,2,1510,2021,0,1,0,0,1,1,0,1,0,0,0,0,0,0,0
PQ,2,1510,2022,1,1,0,0,2,0,0,0,0,0,0,0,0,0,0
PQ,2,1510,2023,0,0,0,0,0,1,0,0,0,0,0,0,0,0,0
PQ,2,1510,2024,4,0,0,0,1,2,0,0,0,0,0,0,0,0,0
PQ,2,1520,1976,0,0,0,0,0,4,0,0,0,0,0,0,0,0,1
PQ,2,1520,1977,2,2,0,0,1,2,0,1,0,0,0,0,0,0,4
PQ,2,1520,1978,5,0,0,0,1,0,0,7,0,0,0,0,0,0,1
PQ,2,1520,1979,1,3,0,0,0,5,0,1,0,0,0,0,0,0,1
PQ,2,1520,1980,1,1,0,0,0,1,0,0,0,0,0,0,0,0,3
PQ,2,1520,1981,0,0,0,0,0,0,0,0,0,0,0,0,0,0,2
PQ,2,1520,1982,0,1,0,0,2,2,0,0,0,0,0,0,0,0,2
PQ,2,1520,1983,2,4,0,0,8,8,0,0,0,0,0,0,0,0,0
PQ,2,1520,1984,3,1,0,0,4,7,0,0,0,0,0,0,0,0,0
PQ,2,1520,1985,1,0,0,0,1,2,0,0,0,0,0,0,0,0,0
PQ,2,1520,1986,2,3,0,0,1,0,0,0,0,0,0,0,0,0,0
PQ,2,1520,1987,0,0,0,0,0,2,0,0,0,0,0,0,0,0,0
PQ,2,1520,1988,0,0,0,0,1,0,0,0,0,0,0,0,0,0,0
PQ,2,1520,1989,0,2,0,0,0,1,0,0,0,0,0,0,3,0,0
PQ,2,1520,1990,1,1,0,0,0,0,0,0,0,0,0,0,0,0,0
PQ,2,1520,1991,0,0,0,0,4,2,0,0,0,0,0,0,0,0,0
PQ,2,1520,1992,4,0,0,0,2,4,0,0,0,0,0,0,0,0,0
PQ,2,1520,1993,1,1,0,0,1,3,0,0,0,0,0,0,0,0,0
PQ,2,1520,1994,0,1,0,0,5,2,0,0,0,0,0,0,0,0,0
PQ,2,1520,1996,0,0,0,0,0,1,0,0,0,0,0,0,0,0,0
PQ,2,1520,1997,1,1,0,0,0,0,0,0,0,0,0,0,0,0,0
PQ,2,1520,1998,1,2,0,0,1,1,0,2,0,0,0,0,0,0,1
PQ,2,1520,2001,1,0,0,0,1,1,0,0,0,0,0,0,0,0,0
PQ,2,1520,2002,1,2,0,0,1,0,0,0,0,0,0,0,0,0,0
PQ,2,1520,2003,0,1,0,0,2,1,0,0,0,0,0,0,0,0,0
PQ,2,1520,2004,1,0,0,0,0,1,0,0,0,0,0,0,0,0,0
PQ,2,1520,2006,2,0,0,0,0,0,0,0,0,0,0,0,0,0,0
PQ,2,1520,2007,0,1,0,0,0,0,0,0,0,0,0,0,0,0,0
PQ,2,1520,2009,1,0,0,0,0,0,0,0,0,0,0,0,0,0,0
PQ,2,1520,2019,0,1,0,0,0,0,0,0,0,0,0,0,0,0,0
PQ,2,1520,2022,0,1,0,0,0,0,0,0,0,0,0,0,0,0,0
PQ,2,1530,1976,2,0,0,0,2,3,0,0,0,0,0,0,0,0,3
PQ,2,1530,1977,0,2,0,0,1,1,0,1,0,0,0,0,0,0,2
PQ,2,1530,1978,0,0,0,0,0,1,0,0,0,0,0,0,0,0,2
PQ,2,1530,1979,0,0,0,0,1,2,0,0,0,0,0,0,0,0,1
PQ,2,1530,1980,0,0,0,0,0,0,0,1,0,0,0,0,0,0,0
PQ,2,1530,1981,0,0,0,0,2,1,0,0,0,0,0,0,0,0,2
PQ,2,1530,1982,0,2,0,0,0,0,0,0,0,0,0,0,0,0,4
PQ,2,1530,1983,1,0,0,0,3,1,0,0,0,0,0,0,0,0,0
PQ,2,1530,1984,0,0,0,0,7,3,0,0,0,0,0,0,0,0,0
PQ,2,1530,1985,1,0,0,0,0,0,0,1,0,0,0,0,0,0,0
PQ,2,1530,1986,0,0,0,0,1,1,0,0,0,0,0,0,0,0,0
PQ,2,1530,1987,0,1,0,0,3,1,0,0,0,0,0,0,0,0,0
PQ,2,1530,1988,0,0,0,0,3,3,0,0,0,0,0,0,0,0,0
PQ,2,1530,1989,0,1,0,0,5,1,0,0,0,0,0,0,0,0,0
PQ,2,1530,1990,1,0,0,0,0,0,0,0,0,0,0,0,0,0,0
PQ,2,1530,1991,1,2,0,0,2,5,0,0,0,0,0,0,0,0,0
PQ,2,1530,1992,9,8,0,0,21,11,0,0,0,0,0,0,0,0,0
PQ,2,1530,1993,2,7,0,0,8,7,0,0,0,0,0,0,0,0,0
PQ,2,1530,1994,1,0,0,0,6,9,0,0,0,0,0,0,0,0,0
PQ,2,1530,1995,0,2,0,0,1,0,0,0,0,0,0,0,0,0,0
PQ,2,1530,1996,0,1,0,0,0,0,0,2,0,0,0,0,0,0,0
PQ,2,1530,1997,1,0,0,0,0,1,0,0,0,0,0,0,0,0,0
PQ,2,1530,1998,0,0,0,0,1,2,0,0,0,0,0,0,0,0,0
PQ,2,1530,1999,0,0,0,0,2,1,0,0,0,0,0,0,0,0,0
PQ,2,1530,2000,1,0,0,0,1,0,0,0,0,0,0,0,0,0,0
PQ,2,1530,2001,0,0,0,0,2,0,0,0,0,0,0,0,0,0,0
PQ,2,1530,2002,2,0,0,0,2,0,0,0,0,0,0,0,0,0,0
PQ,2,1530,2003,1,3,0,0,4,2,0,0,0,0,0,0,0,0,0
PQ,2,1530,2004,0,0,0,0,0,1,0,0,0,0,0,0,0,0,0
PQ,2,1530,2005,0,0,0,0,1,0,0,0,0,0,0,0,0,0,0
PQ,2,1530,2010,0,0,0,0,1,0,0,0,0,0,0,0,0,0,0
PQ,2,1530,2012,1,2,0,0,0,1,0,0,0,0,0,0,0,0,0
PQ,2,1530,2013,1,1,0,0,1,0,0,0,0,0,0,0,0,0,0
PQ,2,1530,2014,0,0,0,0,0,1,0,0,0,0,0,0,0,0,0
PQ,2,1530,2017,0,0,0,0,2,0,0,0,0,0,0,0,0,0,0
PQ,2,1530,2018,0,0,0,0,1,0,0,0,0,0,0,0,0,0,0
PQ,2,1530,2021,0,2,0,0,0,0,0,0,0,0,0,0,0,0,0
PQ,2,1530,2022,0,0,0,0,1,0,0,0,0,0,0,0,0,0,0
PQ,2,1530,2024,3,1,0,0,2,0,0,0,0,0,0,0,0,0,0
PQ,2,1540,1976,5,2,0,0,0,4,0,5,0,0,0,0,0,0,3
PQ,2,1540,1977,2,1,0,0,0,0,0,2,0,0,0,0,0,0,1
PQ,2,1540,1978,5,5,0,0,0,2,0,2,0,0,0,0,0,0,2
PQ,2,1540,1979,1,3,0,0,1,2,0,16,0,0,0,0,0,0,0
PQ,2,1540,1980,1,2,0,0,0,0,0,2,0,0,0,0,0,0,3
PQ,2,1540,1981,3,9,0,0,1,1,0,2,0,0,0,0,0,0,3
PQ,2,1540,1982,1,7,0,0,0,0,0,6,0,0,0,0,0,0,4
PQ,2,1540,1983,1,10,0,0,0,0,0,9,0,0,0,0,0,0,2
PQ,2,1540,1984,2,2,0,0,0,0,0,16,0,0,0,0,0,0,0
PQ,2,1540,1985,6,5,0,0,0,0,0,7,0,0,0,0,0,0,0
PQ,2,1540,1986,4,5,0,0,4,4,0,0,0,0,0,0,0,0,0
PQ,2,1540,1987,3,11,0,0,0,0,0,3,0,0,0,0,0,0,0
PQ,2,1540,1988,2,5,0,0,0,0,0,8,0,0,0,0,0,0,0
PQ,2,1540,1989,0,3,0,0,2,1,0,1,0,0,0,0,1,0,0
PQ,2,1540,1990,1,1,0,0,0,0,0,1,0,0,0,0,0,0,0
PQ,2,1540,1991,6,10,0,0,0,0,0,5,0,0,0,0,0,0,0
PQ,2,1540,1992,1,4,0,0,0,0,0,0,0,0,0,0,0,0,0
PQ,2,1540,1993,0,3,0,0,2,2,0,0,0,0,0,0,0,0,0
PQ,2,1540,1994,0,1,0,0,1,0,0,2,0,0,0,0,0,0,0
PQ,2,1540,1995,0,1,0,0,0,0,0,2,0,0,0,0,0,0,0
PQ,2,1540,1996,7,25,0,0,2,2,0,11,0,0,0,0,0,0,1
PQ,2,1540,1997,1,0,0,0,1,2,0,0,0,0,0,0,0,0,0
PQ,2,1540,1998,0,0,0,0,2,4,0,2,0,0,0,0,0,0,0
PQ,2,1540,1999,0,3,0,0,0,5,0,0,0,0,0,0,0,0,0
PQ,2,1540,2000,0,0,0,0,1,1,0,3,0,0,0,0,0,0,0
PQ,2,1540,2001,0,0,0,0,0,0,0,5,0,0,0,0,0,0,0
PQ,2,1540,2002,0,0,0,0,0,0,0,1,0,0,0,0,0,0,0
PQ,2,1540,2003,0,0,0,0,0,0,0,1,0,0,0,0,0,0,0
PQ,2,1540,2004,0,0,0,0,0,0,0,1,0,0,0,0,0,0,0
PQ,2,1540,2005,2,3,0,0,0,0,0,1,0,0,0,0,0,0,0
PQ,2,1540,2007,0,2,0,0,0,0,0,0,0,0,0,0,0,0,0
PQ,2,1540,2008,0,0,0,0,0,0,0,1,0,0,0,0,0,0,0
PQ,2,1540,2009,0,0,0,0,0,0,0,3,0,0,0,0,0,0,0
PQ,2,1540,2012,2,3,0,0,0,0,0,0,0,0,0,0,0,0,0
PQ,2,1540,2013,0,0,0,0,0,0,0,1,0,0,0,0,0,0,0
PQ,2,1540,2016,0,1,0,0,0,0,0,0,0,0,0,0,0,0,0
PQ,2,1540,2017,0,3,0,0,0,0,0,2,0,0,0,0,0,0,0
PQ,2,1540,2019,0,0,0,0,0,0,0,2,0,0,0,0,0,0,0
PQ,2,1540,2021,0,2,0,0,0,0,0,2,0,0,0,0,0,0,0
PQ,2,1540,2023,2,2,0,0,0,0,0,0,0,0,0,0,0,0,0
PQ,2,1550,1977,0,0,0,0,0,0,0,0,0,0,0,0,0,0,1
PQ,2,1550,1986,0,0,0,0,1,1,0,0,0,0,0,0,0,0,0
PQ,2,1550,1987,0,1,0,0,1,1,0,0,0,0,0,0,0,0,0
PQ,2,1590,1976,4,6,0,0,3,11,0,37,0,0,0,0,1,0,20
PQ,2,1590,1977,4,3,0,0,7,8,0,5,0,0,0,0,0,0,8
PQ,2,1590,1978,2,1,0,0,13,13,0,0,0,0,0,0,0,0,15
PQ,2,1590,1979,9,5,0,0,8,8,0,10,0,0,0,0,0,0,5
PQ,2,1590,1980,5,2,0,1,1,2,0,26,0,0,0,0,0,0,19
PQ,2,1590,1981,5,0,0,0,16,17,0,3,0,0,0,9,1,0,22
PQ,2,1590,1982,8,0,0,0,3,2,0,0,0,0,0,0,0,0,9
PQ,2,1590,1983,16,7,0,0,13,22,0,2,0,0,0,28,11,0,2
PQ,2,1590,1984,19,7,0,0,6,16,0,0,0,0,0,1,1,0,0
PQ,2,1590,1985,6,9,0,0,14,6,0,18,0,0,0,0,0,0,0
PQ,2,1590,1986,8,5,0,0,5,19,0,0,0,0,0,6,1,0,0
PQ,2,1590,1987,10,2,0,0,16,15,0,0,0,0,0,14,4,0,0
PQ,2,1590,1988,5,2,0,0,5,7,0,0,0,0,0,1,0,0,1
PQ,2,1590,1989,4,0,0,0,3,5,0,0,0,0,0,1,0,0,0
PQ,2,1590,1990,16,6,0,0,7,10,0,1,0,0,0,0,0,0,1
PQ,2,1590,1991,19,5,0,0,16,7,0,0,0,0,0,0,0,0,0
PQ,2,1590,1992,16,3,0,0,5,17,0,0,0,0,0,0,0,0,0
PQ,2,1590,1993,23,5,0,0,4,13,0,0,0,0,0,0,0,0,0
PQ,2,1590,1994,4,12,0,0,5,8,0,0,0,0,0,0,0,0,0
PQ,2,1590,1995,6,9,0,0,10,6,0,1,0,0,0,0,0,0,4
PQ,2,1590,1996,12,7,0,0,11,7,0,0,0,0,0,0,0,0,1
PQ,2,1590,1997,12,6,0,0,12,10,0,0,0,0,0,0,0,0,0
PQ,2,1590,1998,1,4,0,0,14,11,0,0,0,0,0,0,0,0,0
PQ,2,1590,1999,7,2,0,0,11,14,0,0,0,0,0,0,0,0,0
PQ,2,1590,2000,2,6,0,0,8,5,0,1,0,0,0,0,0,0,0
PQ,2,1590,2001,10,7,0,1,12,6,0,0,0,0,0,0,0,0,0
PQ,2,1590,2002,8,16,0,0,7,16,0,0,0,0,0,0,0,0,1
PQ,2,1590,2003,5,13,0,0,9,7,0,1,0,0,0,0,0,0,0
PQ,2,1590,2004,8,10,0,0,7,6,0,0,0,0,0,0,0,0,0
PQ,2,1590,2005,10,4,0,0,6,3,0,0,0,0,0,0,0,0,0
PQ,2,1590,2006,6,12,0,0,10,5,0,0,0,0,0,0,0,0,0
PQ,2,1590,2007,9,10,0,0,14,6,0,0,0,0,0,0,0,0,1
PQ,2,1590,2008,7,19,0,0,1,8,0,2,0,0,0,0,0,0,0
PQ,2,1590,2009,16,3,0,0,2,4,0,0,0,0,0,0,0,0,0
PQ,2,1590,2010,1,5,0,0,0,3,0,0,0,0,0,0,0,0,0
PQ,2,1590,2011,10,18,0,0,10,6,0,0,0,0,0,0,0,0,0
PQ,2,1590,2012,4,4,0,0,4,3,0,0,0,0,0,0,0,0,0
PQ,2,1590,2013,3,9,0,0,5,2,0,0,0,0,0,0,0,0,0
PQ,2,1590,2014,10,1,0,0,4,5,0,0,0,0,0,0,0,0,0
PQ,2,1590,2015,4,9,0,0,12,9,0,0,0,0,0,0,0,0,0
PQ,2,1590,2016,9,12,0,0,8,7,0,0,0,0,0,0,0,0,0
PQ,2,1590,2017,11,2,0,0,4,5,0,0,0,0,0,0,0,0,0
PQ,2,1590,2018,3,3,0,0,11,4,0,0,0,0,0,0,0,0,0
PQ,2,1590,2019,5,8,0,0,2,7,0,0,0,0,0,0,0,0,0
PQ,2,1590,2020,0,4,0,1,2,4,0,0,0,0,0,0,0,0,0
PQ,2,1590,2021,3,9,0,0,2,1,0,0,0,0,0,0,0,0,0
PQ,2,1590,2022,1,3,0,0,0,1,0,0,0,0,0,0,0,0,0
PQ,2,1590,2023,9,4,0,0,2,0,0,0,0,0,0,0,0,0,0
PQ,2,1590,2024,7,4,0,0,0,0,0,0,0,0,0,0,0,0,0
PQ,2,1620,1988,0,0,0,0,1,0,0,0,0,0,0,0,0,0,0
PQ,2,1620,1997,1,0,0,0,0,0,0,0,0,0,0,0,0,0,0
PQ,2,1620,2004,0,0,0,0,1,0,0,0,0,0,0,0,0,0,0
PQ,2,1620,2012,0,1,0,0,0,0,0,0,0,0,0,0,0,0,0
PQ,2,1620,2024,0,0,0,0,0,0,0,1,0,0,0,0,0,0,0
PQ,2,1630,1976,3,1,0,0,0,0,0,10,0,0,0,0,0,0,3
PQ,2,1630,1977,1,9,0,0,0,1,0,18,0,0,0,0,0,0,4
PQ,2,1630,1978,0,0,0,0,0,0,0,3,0,0,0,0,0,0,2
PQ,2,1630,1979,0,2,0,0,0,1,0,3,0,0,0,0,0,0,1
PQ,2,1630,1980,3,4,0,0,0,0,0,2,0,0,0,0,0,0,0
PQ,2,1630,1981,0,4,0,0,0,1,0,8,0,0,0,0,0,0,5
PQ,2,1630,1982,0,10,0,0,0,0,0,3,0,0,0,0,0,0,5
PQ,2,1630,1983,0,1,0,0,0,0,0,4,0,0,0,0,0,0,0
PQ,2,1630,1984,1,1,0,0,0,0,0,15,0,0,0,0,0,0,0
PQ,2,1630,1985,2,0,0,0,0,0,0,5,0,0,0,0,0,0,0
PQ,2,1630,1986,1,0,0,0,3,2,0,0,0,0,0,0,0,0,0
PQ,2,1630,1987,0,0,0,0,2,5,0,0,0,0,0,0,0,0,0
PQ,2,1630,1988,0,0,0,0,2,4,0,0,0,0,0,0,0,0,0
PQ,2,1630,1989,0,4,0,0,3,8,0,0,0,0,0,0,1,0,0
PQ,2,1630,1990,0,0,0,0,6,0,0,1,0,0,0,0,0,0,0
PQ,2,1630,1991,0,1,0,0,0,0,0,2,0,0,0,0,1,0,0
PQ,2,1630,1992,1,5,0,0,2,2,0,0,0,0,0,0,0,0,0
PQ,2,1630,1993,0,0,0,0,5,2,0,0,0,0,0,0,0,0,0
PQ,2,1630,1994,1,0,0,0,1,0,0,7,0,0,0,0,0,0,0
PQ,2,1630,1995,2,2,0,0,0,0,0,1,0,0,0,0,0,0,0
PQ,2,1630,1996,2,1,0,0,0,0,0,6,0,0,0,0,0,0,0
PQ,2,1630,1997,0,1,0,0,8,10,0,0,0,0,0,0,0,0,1
PQ,2,1630,1998,2,0,0,0,2,6,0,2,0,0,0,0,0,0,0
PQ,2,1630,1999,0,0,0,0,3,7,0,0,0,0,0,0,0,0,0
PQ,2,1630,2000,2,4,0,0,1,0,0,0,0,0,0,0,0,0,0
PQ,2,1630,2002,3,0,0,0,2,1,0,0,0,0,0,0,0,0,0
PQ,2,1630,2003,0,3,0,0,0,0,0,1,0,0,0,0,0,0,0
PQ,2,1630,2004,1,1,0,0,0,0,0,1,0,0,0,0,0,0,0
PQ,2,1630,2005,0,1,0,0,0,1,0,2,0,0,0,0,0,0,0
PQ,2,1630,2006,1,4,0,0,0,2,0,4,0,0,0,0,0,0,0
PQ,2,1630,2007,1,0,0,0,0,0,0,0,0,0,0,0,0,0,0
PQ,2,1630,2008,1,3,0,0,2,1,0,4,0,0,0,0,0,0,0
PQ,2,1630,2009,0,1,0,0,0,1,0,0,0,0,0,0,0,0,0
PQ,2,1630,2010,2,3,0,0,0,1,0,0,0,0,0,0,0,0,0
PQ,2,1630,2011,0,3,0,0,1,0,0,1,0,0,0,0,0,0,0
PQ,2,1630,2012,0,1,0,0,0,0,0,0,0,0,0,0,0,0,0
PQ,2,1630,2013,0,3,0,0,0,2,0,0,0,0,0,0,0,0,0
PQ,2,1630,2014,1,4,0,0,0,0,0,0,0,0,0,0,0,0,0
PQ,2,1630,2015,0,1,0,0,0,1,0,0,0,0,0,0,0,0,0
PQ,2,1630,2016,0,4,0,0,0,1,0,5,0,0,0,0,0,0,0
PQ,2,1630,2017,0,0,0,0,1,3,0,5,0,0,0,0,0,0,0
PQ,2,1630,2018,1,1,0,0,0,1,0,0,0,0,0,0,0,0,0
PQ,2,1630,2021,0,1,0,0,0,0,0,1,0,0,0,0,0,0,0
PQ,2,1630,2023,0,0,0,0,0,1,0,2,0,0,0,0,0,0,0
PQ,2,1630,2024,1,3,0,0,0,1,0,3,0,0,0,0,0,0,0
PQ,2,1650,1976,0,1,0,0,0,0,0,4,0,0,0,0,0,0,0
PQ,2,1650,1977,6,8,0,0,0,0,0,8,0,0,0,0,0,0,1
PQ,2,1650,1978,1,1,0,0,0,0,0,2,0,0,0,0,0,0,1
PQ,2,1650,1979,2,4,0,0,0,0,0,5,0,0,0,0,0,0,4
PQ,2,1650,1980,1,2,0,0,0,0,0,5,0,0,0,0,0,0,0
PQ,2,1650,1981,3,0,0,0,0,0,0,1,0,0,0,0,0,0,1
PQ,2,1650,1982,0,1,0,0,0,0,0,0,0,0,0,0,0,0,1
PQ,2,1650,1983,0,2,0,0,0,0,0,0,0,0,0,0,0,0,0
PQ,2,1650,1984,1,1,0,0,2,0,0,12,0,0,0,0,0,0,0
PQ,2,1650,1985,0,0,0,0,0,0,0,6,0,0,0,0,0,0,0
PQ,2,1650,1986,0,0,0,0,0,2,0,0,0,0,0,0,0,0,0
PQ,2,1650,1987,4,0,0,0,7,2,0,0,0,0,0,0,0,0,0
PQ,2,1650,1988,2,1,0,0,4,7,0,3,0,0,0,0,0,0,0
PQ,2,1650,1989,1,1,0,0,4,0,0,0,0,0,0,1,0,0,0
PQ,2,1650,1990,2,1,0,0,3,0,0,2,0,0,0,0,0,0,0
PQ,2,1650,1991,1,2,0,0,0,0,0,8,0,0,0,0,0,0,0
PQ,2,1650,1992,2,5,0,0,5,9,0,0,0,0,0,0,0,0,0
PQ,2,1650,1993,3,0,0,0,2,4,0,0,0,0,0,0,0,0,0
PQ,2,1650,1994,2,3,0,0,0,3,0,8,0,0,0,0,0,0,0
PQ,2,1650,1995,2,3,0,0,0,0,0,5,0,0,0,0,0,0,0
PQ,2,1650,1996,0,2,0,0,0,0,0,5,0,0,0,0,0,0,0
PQ,2,1650,1997,2,0,0,0,2,4,0,0,0,0,0,0,0,0,0
PQ,2,1650,1998,2,1,0,0,7,5,0,0,0,0,0,0,0,0,0
PQ,2,1650,1999,0,0,0,0,3,1,0,0,0,0,0,0,0,0,0
PQ,2,1650,2000,1,1,0,0,0,0,0,0,0,0,0,0,0,0,0
PQ,2,1650,2001,0,2,0,0,0,0,0,0,0,0,0,0,0,0,0
PQ,2,1650,2002,5,2,0,0,1,0,0,0,0,0,0,0,0,0,0
PQ,2,1650,2003,0,1,0,0,0,0,0,0,0,0,0,0,0,0,0
PQ,2,1650,2005,0,1,0,0,0,0,0,0,0,0,0,0,0,0,0
PQ,2,1650,2006,0,1,0,0,4,1,0,0,0,0,0,0,0,0,0
PQ,2,1650,2007,1,4,0,0,0,0,0,0,0,0,0,0,0,0,0
PQ,2,1650,2008,0,0,0,0,0,0,0,2,0,0,0,0,0,0,0
PQ,2,1650,2009,1,0,0,0,1,0,0,2,0,0,0,0,0,0,0
PQ,2,1650,2011,1,1,0,0,0,0,0,0,0,0,0,0,0,0,0
PQ,2,1650,2012,0,1,0,0,0,1,0,1,0,0,0,0,0,0,0
PQ,2,1650,2013,1,0,0,0,0,1,0,0,0,0,0,0,0,0,0
PQ,2,1650,2014,0,1,0,0,0,0,0,1,0,0,0,0,0,0,0
PQ,2,1650,2021,0,5,0,0,0,0,0,1,0,0,0,0,0,0,0
PQ,2,1650,2023,0,1,0,0,0,0,0,1,0,0,0,0,0,0,0
PQ,2,1650,2024,0,1,0,0,0,3,0,1,0,0,0,0,0,0,0
PQ,2,1660,1976,7,17,0,0,0,0,0,31,0,0,0,0,0,0,5
PQ,2,1660,1977,12,12,0,0,0,0,0,39,0,0,0,0,0,0,10
PQ,2,1660,1978,1,2,0,0,0,1,0,7,0,0,0,0,0,0,3
PQ,2,1660,1979,3,4,0,0,0,0,0,22,0,0,0,0,0,0,9
PQ,2,1660,1980,2,12,0,0,0,0,0,18,0,0,0,0,0,0,5
PQ,2,1660,1981,2,5,0,0,0,0,0,6,0,0,0,0,0,0,4
PQ,2,1660,1982,6,2,0,0,0,0,0,22,0,0,0,0,0,0,29
PQ,2,1660,1983,3,2,0,1,0,3,0,7,0,0,0,0,0,0,0
PQ,2,1660,1984,4,3,0,0,0,0,0,28,0,0,0,0,0,0,2
PQ,2,1660,1985,2,6,0,0,0,1,0,28,0,0,0,0,0,0,0
PQ,2,1660,1986,2,5,0,0,5,4,0,0,0,0,0,0,0,0,0
PQ,2,1660,1987,1,9,0,0,4,11,0,0,0,0,0,0,0,0,0
PQ,2,1660,1988,7,2,0,0,12,15,0,1,0,0,0,0,0,0,0
PQ,2,1660,1989,2,1,0,0,6,4,0,0,0,0,0,0,3,0,0
PQ,2,1660,1990,3,2,0,0,0,0,0,34,0,0,0,0,0,0,0
PQ,2,1660,1991,2,2,0,0,0,0,0,10,0,0,0,0,0,0,0
PQ,2,1660,1992,4,13,0,1,5,6,0,1,0,0,0,0,0,0,4
PQ,2,1660,1993,4,1,0,0,4,9,0,4,0,0,0,0,0,0,0
PQ,2,1660,1994,4,1,0,0,0,3,0,39,0,0,0,0,0,0,0
PQ,2,1660,1995,1,11,0,0,0,0,0,22,0,0,0,0,0,0,0
PQ,2,1660,1996,5,4,0,0,0,0,0,15,0,0,0,0,0,0,0
PQ,2,1660,1997,6,2,0,0,11,7,0,1,0,0,0,0,0,0,0
PQ,2,1660,1998,3,0,0,0,1,17,0,0,0,0,0,0,0,0,0
PQ,2,1660,1999,2,3,0,0,9,7,0,0,0,0,0,0,0,0,0
PQ,2,1660,2000,2,1,0,1,5,2,0,4,0,0,0,0,0,0,0
PQ,2,1660,2001,1,0,0,1,4,3,0,1,0,0,0,0,0,0,0
PQ,2,1660,2002,4,2,0,0,16,4,0,0,0,0,0,1,0,0,0
PQ,2,1660,2003,0,3,0,0,0,0,0,7,0,0,0,0,0,0,0
PQ,2,1660,2004,16,8,0,0,0,0,0,14,0,0,0,0,0,0,0
PQ,2,1660,2005,0,0,0,0,0,0,0,2,0,0,0,0,0,0,0
PQ,2,1660,2006,0,4,0,0,0,0,0,10,0,0,0,0,0,0,0
PQ,2,1660,2007,0,1,0,0,0,1,0,7,0,0,0,0,0,0,1
PQ,2,1660,2008,3,0,0,0,6,4,0,10,0,0,0,0,0,0,0
PQ,2,1660,2009,0,0,0,0,0,0,0,1,0,0,0,0,0,0,0
PQ,2,1660,2010,0,0,0,0,0,0,0,3,0,0,0,0,0,0,0
PQ,2,1660,2011,2,3,0,0,0,0,0,1,0,0,0,0,0,0,0
PQ,2,1660,2012,0,0,0,0,0,1,0,0,0,0,0,0,0,0,0
PQ,2,1660,2013,0,0,0,0,0,1,0,0,0,0,0,0,0,0,0
PQ,2,1660,2014,2,1,0,0,2,1,0,9,0,0,0,0,0,0,0
PQ,2,1660,2015,3,2,0,0,0,0,0,6,0,0,0,0,0,0,0
PQ,2,1660,2016,0,0,0,0,0,0,0,2,0,0,0,0,0,0,0
PQ,2,1660,2017,2,1,0,0,0,0,0,4,0,0,0,0,0,0,0
PQ,2,1660,2018,0,0,0,0,0,0,0,4,0,0,0,0,0,0,0
PQ,2,1660,2019,0,1,0,0,0,0,0,2,0,0,0,0,0,0,0
PQ,2,1660,2020,0,1,0,1,0,0,0,8,0,0,0,0,0,0,0
PQ,2,1660,2021,0,0,0,0,0,0,0,2,0,0,0,0,0,0,0
PQ,2,1660,2023,1,4,0,0,0,0,0,1,0,0,0,0,0,0,0
PQ,2,1660,2024,1,5,0,1,0,0,0,1,0,0,0,0,0,0,0
PQ,2,1670,1976,1,0,0,0,0,0,0,0,0,0,0,0,0,0,0
PQ,2,1670,1998,0,0,0,1,0,0,0,1,0,0,0,0,0,0,0
PQ,2,1670,2004,0,0,0,0,0,0,0,1,0,0,0,0,0,0,0
PQ,2,1692,1976,0,0,0,9,0,0,0,3,0,0,0,0,0,0,1
PQ,2,1692,1977,0,0,0,2,0,0,0,1,0,0,0,0,0,0,2
PQ,2,1692,1978,0,0,0,6,0,0,0,11,0,0,0,0,0,0,1
PQ,2,1692,1979,0,0,0,3,0,0,0,10,0,0,0,0,0,0,1
PQ,2,1692,1980,0,0,0,20,0,0,0,47,0,0,0,0,0,0,22
PQ,2,1692,1981,0,0,0,0,0,0,0,2,0,0,0,0,0,0,3
PQ,2,1692,1982,0,0,0,1,0,0,0,3,0,0,0,0,0,0,4
PQ,2,1692,1983,0,0,0,2,0,0,0,3,0,0,0,0,0,0,0
PQ,2,1692,1984,0,0,0,24,0,0,0,60,0,0,0,0,0,0,3
PQ,2,1692,1985,0,0,0,5,0,0,0,0,0,0,0,0,0,0,1
PQ,2,1692,1986,0,0,0,2,0,0,0,0,0,0,0,0,0,0,1
PQ,2,1692,1987,0,0,0,3,0,0,0,5,0,0,0,0,0,0,0
PQ,2,1692,1988,0,0,0,1,0,0,0,7,0,0,0,0,0,0,0
PQ,2,1692,1989,0,0,0,10,0,0,0,15,0,0,0,0,0,0,3
PQ,2,1692,1990,0,0,0,22,0,0,0,18,0,0,0,0,0,0,7
PQ,2,1692,1991,0,0,0,6,0,0,0,14,0,0,0,0,0,0,0
PQ,2,1692,1992,0,0,0,12,0,2,0,2,0,0,0,0,0,0,0
PQ,2,1692,1993,0,0,0,23,0,0,0,60,0,0,0,0,0,0,0
PQ,2,1692,1994,0,0,0,34,0,0,0,2,0,0,0,0,0,0,0
PQ,2,1692,1995,0,0,0,6,1,0,0,21,0,0,0,0,0,0,1
PQ,2,1692,1996,0,1,0,15,0,0,0,56,0,0,0,0,0,0,0
PQ,2,1692,1997,1,1,0,24,0,0,0,69,0,0,0,0,0,0,1
PQ,2,1692,1998,0,0,0,53,0,0,0,113,0,0,0,0,0,0,0
PQ,2,1692,1999,0,0,0,43,0,0,0,1,0,0,0,0,0,0,1
PQ,2,1692,2000,0,0,0,136,0,0,0,268,0,0,0,0,0,0,2
PQ,2,1692,2001,0,0,0,56,0,1,0,102,0,0,0,0,0,0,0
PQ,2,1692,2002,0,0,0,116,0,0,0,47,0,0,0,0,0,0,0
PQ,2,1692,2003,0,0,0,145,0,1,0,367,0,0,0,0,0,0,6
PQ,2,1692,2004,0,0,0,113,0,0,0,90,0,0,0,0,0,0,1
PQ,2,1692,2005,0,0,0,119,0,0,0,161,0,0,0,0,0,0,4
PQ,2,1692,2006,0,0,0,121,0,0,0,207,0,0,0,0,0,0,1
PQ,2,1692,2007,0,0,0,105,0,0,0,149,0,0,0,0,0,0,5
PQ,2,1692,2008,0,0,0,89,0,0,0,265,0,0,0,0,0,0,1
PQ,2,1692,2009,0,0,0,78,0,0,0,71,0,0,0,0,0,0,2
PQ,2,1692,2010,0,0,1,95,0,0,0,60,0,0,0,0,0,0,0
PQ,2,1692,2011,0,0,0,54,0,0,0,83,0,0,0,0,0,0,0
PQ,2,1692,2012,0,0,0,46,0,0,0,68,0,0,0,0,0,0,0
PQ,2,1692,2013,0,0,0,73,0,0,0,88,0,0,0,0,0,0,0
PQ,2,1692,2014,0,0,0,53,0,0,0,245,0,0,0,0,0,0,0
PQ,2,1692,2015,0,0,0,50,0,0,0,93,0,2,0,0,0,0,0
PQ,2,1692,2016,0,0,0,46,0,0,0,91,0,0,0,0,0,0,2
PQ,2,1692,2017,0,0,0,45,0,0,0,66,0,0,0,0,0,0,0
PQ,2,1692,2018,0,0,0,34,0,0,0,17,0,0,0,0,0,0,0
PQ,2,1692,2019,0,0,0,62,0,0,0,137,0,0,0,0,0,0,6
PQ,2,1692,2020,0,0,0,17,0,0,0,21,0,0,0,0,0,0,0
PQ,2,1692,2021,0,0,0,43,0,0,0,86,0,0,0,0,0,0,0
PQ,2,1692,2022,0,0,0,52,0,1,0,25,0,1,0,0,0,0,3
PQ,2,1692,2023,0,0,0,26,0,0,0,48,0,0,0,0,0,0,1
PQ,2,1692,2024,0,0,0,29,0,0,0,19,0,0,0,0,0,0,0
PQ,2,1693,1980,0,0,0,0,0,0,0,0,0,0,0,0,0,0,1
PQ,2,1693,1981,0,0,0,0,0,0,0,0,0,0,0,0,0,0,1
PQ,2,1693,1984,0,0,0,0,0,0,0,3,0,0,0,0,0,0,0
PQ,2,1693,1985,0,0,0,0,0,0,0,1,0,0,0,0,0,0,0
PQ,2,1693,1991,0,0,0,0,0,0,0,1,0,0,0,0,0,0,0
PQ,2,1693,1992,0,0,0,2,0,0,0,0,0,0,0,0,0,0,0
PQ,2,1693,1993,0,0,0,0,0,0,0,4,0,0,0,0,0,0,0
PQ,2,1693,1995,0,0,0,0,0,0,0,1,0,0,0,0,0,0,0
PQ,2,1693,1997,0,0,0,0,0,0,0,3,0,0,0,0,0,0,0
PQ,2,1693,1998,0,0,0,0,0,0,0,2,0,0,0,0,0,0,0
PQ,2,1693,2000,0,0,0,0,0,0,0,4,0,0,0,0,0,0,0
PQ,2,1693,2001,0,0,0,0,0,0,0,6,0,0,0,0,0,0,0
PQ,2,1693,2002,0,0,0,0,0,0,0,2,0,0,0,0,0,0,0
PQ,2,1693,2003,0,0,0,2,0,0,0,9,0,0,0,0,0,0,0
PQ,2,1693,2004,0,0,0,0,0,0,0,1,0,0,0,0,0,0,0
PQ,2,1693,2005,0,0,0,1,0,0,0,1,0,0,0,0,0,0,0
PQ,2,1693,2006,0,0,0,1,0,0,0,4,0,0,0,0,0,0,0
PQ,2,1693,2007,0,0,0,1,0,0,0,3,0,0,0,0,0,0,0
PQ,2,1693,2008,0,0,0,1,0,0,0,3,0,0,0,0,0,0,0
PQ,2,1693,2009,0,0,0,0,0,0,0,1,0,0,0,0,0,0,0
PQ,2,1693,2011,0,0,0,1,0,0,0,1,0,0,0,0,0,0,0
PQ,2,1693,2012,0,0,0,1,0,0,0,6,0,0,0,0,0,0,0
PQ,2,1693,2013,0,0,0,0,0,0,0,1,0,0,0,0,0,0,0
PQ,2,1693,2014,0,0,0,1,0,0,0,5,0,0,0,0,0,0,0
PQ,2,1693,2016,0,0,0,0,0,0,0,2,0,0,0,0,0,0,0
PQ,2,1693,2017,0,0,0,0,0,0,0,1,0,0,0,0,0,0,0
PQ,2,1693,2022,0,0,0,0,0,0,0,1,0,0,0,0,0,0,0
PQ,2,1693,2023,0,0,0,0,0,0,0,1,0,0,0,0,0,0,0
PQ,2,1700,2023,0,0,0,0,0,0,0,1,0,0,0,0,0,0,0
PQ,2,1710,1986,0,0,0,1,0,0,0,0,0,0,0,0,0,0,0
PQ,2,1710,1991,0,0,0,1,0,0,0,0,0,0,0,0,0,0,0
PQ,2,1710,1997,0,0,0,1,0,0,0,0,0,0,0,0,0,0,0
PQ,2,1721,1984,0,0,0,0,0,0,0,6,0,0,0,0,0,0,0
PQ,2,1721,1990,0,0,0,1,0,0,0,2,0,0,0,0,0,0,0
PQ,2,1721,1991,0,0,0,1,0,0,0,2,0,0,0,0,0,0,0
PQ,2,1721,1994,0,0,0,0,0,0,0,1,0,0,0,0,0,0,0
PQ,2,1721,1998,0,0,0,0,0,0,0,1,0,0,0,0,0,0,0
PQ,2,1721,2002,0,0,0,1,0,0,0,1,0,0,0,0,0,0,0
PQ,2,1721,2005,0,0,0,1,0,0,0,1,0,0,0,0,0,0,0
PQ,2,1721,2016,0,0,0,0,0,0,0,1,0,0,0,0,0,0,0
PQ,2,1722,1976,0,0,0,21,0,0,0,32,0,0,0,0,0,0,10
PQ,2,1722,1977,0,0,0,38,0,0,0,60,0,0,0,0,0,0,33
PQ,2,1722,1978,0,0,0,48,0,0,0,37,0,0,0,0,0,0,19
PQ,2,1722,1979,0,0,0,31,0,0,0,32,0,0,0,0,0,0,22
PQ,2,1722,1980,0,0,0,41,0,0,0,79,0,0,0,0,0,0,13
PQ,2,1722,1981,0,0,0,14,0,0,0,13,0,0,0,0,0,0,6
PQ,2,1722,1982,0,0,0,12,0,0,0,30,0,0,0,0,0,0,18
PQ,2,1722,1983,0,0,0,49,1,0,0,65,0,0,0,0,0,0,0
PQ,2,1722,1984,0,0,0,31,0,0,0,51,0,0,0,0,0,0,1
PQ,2,1722,1985,0,0,0,35,0,0,0,36,0,0,0,0,0,0,0
PQ,2,1722,1986,0,0,0,54,0,0,0,80,0,0,0,0,0,0,0
PQ,2,1722,1987,0,0,0,61,0,0,0,46,0,0,0,0,0,0,1
PQ,2,1722,1988,0,0,0,16,0,0,0,19,0,0,0,0,0,0,0
PQ,2,1722,1989,0,1,0,118,0,1,0,208,0,0,0,0,0,0,1
PQ,2,1722,1990,0,0,0,118,0,0,0,60,0,0,0,0,0,0,2
PQ,2,1722,1991,0,0,0,81,0,1,0,26,0,0,0,0,0,0,0
PQ,2,1722,1992,3,1,0,184,0,0,0,35,0,0,0,0,0,0,2
PQ,2,1722,1993,0,0,0,93,0,0,0,70,0,0,0,0,0,0,3
PQ,2,1722,1994,1,0,0,40,0,0,0,21,0,0,0,0,0,0,0
PQ,2,1722,1995,0,0,0,17,1,0,0,28,0,0,0,0,0,0,0
PQ,2,1722,1996,0,0,0,95,0,0,0,14,0,0,0,0,0,0,0
PQ,2,1722,1997,0,0,0,67,0,0,0,20,0,0,0,0,0,0,4
PQ,2,1722,1998,0,0,0,73,0,0,0,49,0,0,0,0,0,0,3
PQ,2,1722,1999,0,0,0,12,0,0,0,4,0,0,0,0,0,0,177
PQ,2,1722,2000,0,1,0,186,0,0,0,38,0,0,0,0,0,0,0
PQ,2,1722,2001,0,0,0,216,0,0,0,54,0,0,0,0,0,0,10
PQ,2,1722,2002,0,0,0,329,0,0,0,145,0,0,0,0,0,0,19
PQ,2,1722,2003,0,0,0,244,0,0,0,291,0,0,0,0,0,0,8
PQ,2,1722,2004,0,0,0,219,0,0,0,82,0,0,0,0,0,0,10
PQ,2,1722,2005,0,0,0,255,0,0,0,134,0,0,0,0,0,0,6
PQ,2,1722,2006,0,0,0,193,0,0,0,93,0,0,0,0,0,0,1
PQ,2,1722,2007,0,0,0,202,0,0,0,71,0,0,4,0,0,0,2
PQ,2,1722,2008,0,0,0,204,0,0,0,166,0,0,1,0,0,0,0
PQ,2,1722,2009,0,0,8,210,0,0,4,71,0,1,0,0,0,0,0
PQ,2,1722,2010,0,0,8,136,0,0,0,113,0,0,0,0,0,0,1
PQ,2,1722,2011,0,0,5,143,0,0,2,39,0,0,0,0,0,0,0
PQ,2,1722,2012,0,0,0,123,0,0,4,50,0,0,0,0,0,0,0
PQ,2,1722,2013,0,0,13,290,0,0,0,142,0,0,0,0,0,0,0
PQ,2,1722,2014,0,0,2,250,0,0,2,120,0,0,0,0,0,0,0
PQ,2,1722,2015,0,0,4,245,0,0,0,86,0,0,0,0,0,0,0
PQ,2,1722,2016,0,0,0,189,0,0,2,65,0,0,0,0,0,0,0
PQ,2,1722,2017,0,0,0,109,0,0,0,72,0,2,0,0,0,0,0
PQ,2,1722,2018,0,0,1,346,0,0,1,69,0,5,0,0,0,0,0
PQ,2,1722,2019,0,0,0,187,0,0,0,77,0,6,0,0,0,0,0
PQ,2,1722,2020,0,0,0,92,0,0,0,53,0,7,0,0,0,0,2
PQ,2,1722,2021,0,0,0,213,0,1,0,65,0,11,0,0,0,0,0
PQ,2,1722,2022,0,0,0,342,0,0,0,67,0,10,0,0,0,0,0
PQ,2,1722,2023,0,0,0,144,0,0,0,69,0,12,0,0,0,0,0
PQ,2,1722,2024,0,0,2,211,0,0,0,57,0,4,0,0,0,0,1
PQ,2,1730,1984,0,0,0,1,0,0,0,1,0,0,0,0,0,0,0
PQ,2,1730,1987,0,0,0,1,0,0,0,0,0,0,0,0,0,0,0
PQ,2,1730,1991,0,0,0,0,0,0,0,2,0,0,0,0,0,0,0
PQ,2,1730,1992,0,0,0,0,0,0,0,1,0,0,0,0,0,0,0
PQ,2,1730,1998,0,0,0,0,0,0,0,1,0,0,0,0,0,0,0
PQ,2,1730,2000,0,0,0,0,0,0,0,1,0,0,0,0,0,0,0
PQ,2,1730,2001,0,0,0,3,0,0,0,0,0,0,0,0,0,0,0
PQ,2,1730,2007,0,0,0,1,0,0,0,2,0,0,0,0,0,0,0
PQ,2,1730,2023,0,0,0,0,0,0,0,1,0,0,0,0,0,0,0
PQ,2,2280,1985,6,8,0,0,24,12,0,0,0,0,0,0,0,0,0
PQ,2,2280,1988,26,15,0,0,60,35,0,0,0,0,0,0,0,0,0
PQ,2,2280,1989,26,23,0,0,63,78,0,0,0,0,0,1,1,0,0
PQ,2,2280,1990,33,21,0,0,60,44,0,0,0,0,0,0,0,0,1
PQ,2,2280,1991,28,13,0,1,73,42,0,1,0,0,0,0,0,0,0
PQ,2,2280,1993,3,2,0,0,14,9,0,0,0,0,0,0,0,0,0
PQ,2,2280,1994,23,12,0,1,25,23,0,0,0,0,0,1,2,0,0
PQ,2,2280,1995,13,17,0,0,21,22,0,1,0,0,0,0,0,0,0
PQ,2,2280,1996,14,18,0,0,30,26,0,0,0,0,0,0,0,0,0
PQ,2,2280,1997,13,14,0,0,18,17,0,3,0,0,0,0,0,0,0
PQ,2,2280,1998,24,12,0,0,26,21,0,0,0,0,0,0,1,0,0
PQ,2,2280,1999,6,8,0,0,9,13,0,0,0,0,0,0,0,0,0
PQ,2,2280,2000,4,3,0,0,6,7,0,0,0,0,0,0,1,0,0
PQ,2,2280,2001,12,15,0,0,26,29,0,0,0,0,0,0,0,0,0
PQ,2,2280,2002,7,11,0,0,12,25,0,0,0,0,0,0,0,0,0
PQ,2,2280,2003,15,14,0,0,13,11,0,0,0,0,0,0,0,0,0
PQ,2,2280,2004,10,5,0,0,4,8,0,0,0,0,0,1,1,0,0
PQ,2,2280,2005,10,4,0,0,7,14,0,2,0,0,0,0,1,0,0
PQ,2,2280,2006,2,2,0,0,1,1,0,0,0,0,0,0,0,0,0
PQ,2,2280,2007,10,11,0,0,9,15,0,0,0,0,0,0,0,0,0
PQ,2,2280,2008,4,6,0,0,1,5,0,0,0,0,0,0,0,0,0
PQ,2,2280,2009,4,9,0,0,2,12,0,0,0,0,0,0,0,0,0
PQ,2,2280,2010,10,5,0,0,14,11,0,0,0,0,0,0,0,0,0
PQ,2,2280,2011,6,5,0,0,2,9,0,0,0,0,0,0,0,0,0
PQ,2,2280,2012,22,21,0,0,12,15,0,1,0,0,0,0,0,0,0
PQ,2,2280,2013,17,19,0,0,13,11,0,0,0,0,0,0,0,0,0
PQ,2,2280,2014,18,15,0,0,15,25,0,0,0,0,0,0,0,0,0
PQ,2,2280,2015,13,6,0,0,10,18,0,0,0,0,0,0,0,0,0
PQ,2,2280,2016,8,2,0,0,3,7,0,1,0,0,0,0,0,0,0
PQ,2,2280,2017,11,13,0,0,8,18,0,0,0,0,0,0,1,0,0
PQ,2,2280,2018,14,13,0,0,17,25,0,0,0,0,0,0,0,0,0
PQ,2,2280,2019,6,0,0,0,15,10,0,0,0,0,0,0,0,0,0
PQ,2,2280,2020,7,3,0,0,8,10,0,0,0,0,0,0,0,0,0
PQ,2,2280,2021,4,2,0,0,2,2,0,0,0,0,0,0,0,0,0
PQ,2,2280,2022,3,1,0,0,0,3,0,0,0,0,0,1,1,0,0
PQ,2,2280,2023,7,4,0,0,6,8,0,0,0,0,0,1,1,0,0
PQ,2,2280,2024,10,6,0,0,13,22,0,0,0,0,0,0,0,0,0
PQ,2,2300,1985,0,0,0,0,0,0,0,0,0,0,0,0,0,0,2
PQ,2,2300,1989,0,0,0,0,0,0,0,5,0,0,0,0,0,0,0
PQ,2,2300,2006,0,0,0,0,0,0,0,0,0,0,0,0,0,0,1
PQ,2,2300,2007,0,0,0,0,0,0,0,1,0,0,0,0,0,0,0
PQ,2,2300,2009,0,0,0,0,0,0,0,0,0,1,0,0,0,0,0
PQ,2,2300,2013,0,0,0,3,0,0,0,1,0,0,0,0,0,0,0
PQ,2,2300,2015,0,0,0,1,0,0,0,0,0,0,0,0,0,0,1
PQ,2,2300,2016,0,0,0,2,0,0,0,5,0,0,0,0,0,0,0
PQ,2,2300,2017,0,0,0,0,0,0,0,1,0,0,0,0,0,0,0
PQ,2,2300,2019,0,0,0,1,0,0,0,0,0,0,0,0,0,0,0
PQ,2,2390,1985,0,0,0,0,0,1,0,0,0,0,0,0,0,0,0
PQ,2,2550,1985,0,0,0,0,0,0,0,0,0,0,0,0,0,0,1
PQ,2,2700,1985,0,0,0,0,0,0,0,0,0,0,0,0,0,0,1
PQ,2,3020,1985,0,0,0,0,0,0,0,0,0,0,0,0,0,0,1
PQ,2,3080,1985,0,0,0,0,0,0,0,0,0,0,0,0,0,0,1
PQ,2,3160,2023,0,0,0,1,0,0,0,1,0,0,0,0,0,0,0
PQ,NA,1310,1991,0,0,0,0,0,1,0,0,0,0,0,0,0,0,0
PQ,NA,1320,1991,1,0,0,0,5,3,0,0,0,0,0,0,0,0,1
PQ,NA,1320,1994,0,0,0,0,1,0,0,0,0,0,0,0,0,0,0
PQ,NA,1320,1995,0,0,0,0,0,1,0,0,0,0,0,0,0,0,0
PQ,NA,1320,1999,0,1,0,0,0,0,0,0,0,0,0,0,0,0,0
PQ,NA,1321,1991,0,0,0,0,0,2,0,0,0,0,0,0,0,0,0
PQ,NA,1321,1999,0,1,0,0,0,0,0,0,0,0,0,0,0,0,0
PQ,NA,1330,1991,1,3,0,0,11,5,0,0,0,0,0,0,0,0,0
PQ,NA,1330,1994,0,0,0,0,0,1,0,0,0,0,0,0,0,0,0
PQ,NA,1330,1999,0,0,0,0,0,1,0,0,0,0,0,0,0,0,0
PQ,NA,1390,1991,0,0,0,0,1,1,0,0,0,0,0,0,0,0,0
PQ,NA,1390,1999,0,0,0,0,0,1,0,0,0,0,0,0,0,0,0
PQ,NA,1420,1991,0,0,0,0,0,1,0,0,0,0,0,0,0,0,0
PQ,NA,1430,1991,0,0,0,0,2,0,0,0,0,0,0,0,0,0,0
PQ,NA,1430,1994,0,0,0,0,0,1,0,0,0,0,0,0,0,0,0
PQ,NA,1440,1991,0,3,0,0,1,0,0,0,0,0,0,0,0,0,0
PQ,NA,1440,1994,0,1,0,0,0,0,0,0,0,0,0,0,0,0,0
PQ,NA,1490,2008,0,0,0,0,0,1,0,0,0,0,0,0,0,0,0
PQ,NA,1500,1991,0,0,0,0,0,1,0,0,0,0,0,0,0,0,0
PQ,NA,1510,1991,1,0,0,0,0,0,0,0,0,0,0,0,0,0,0
PQ,NA,1630,1991,0,1,0,0,0,0,0,1,0,0,0,0,0,0,0
PQ,NA,1692,1991,0,0,0,2,0,0,0,0,0,0,0,0,0,0,0
PQ,NA,1722,1991,0,0,0,1,0,0,0,0,0,0,0,0,0,0,0
PQ,NA,1722,1999,0,0,0,0,0,0,0,0,0,0,0,0,0,0,1
PQ,NA,2280,1991,26,16,0,0,92,57,0,0,0,0,0,0,0,0,0
PQ,NA,2280,1994,0,0,0,0,1,0,0,0,0,0,0,0,0,0,0
SK,1,1310,1976,0,1,0,0,0,0,0,0,0,0,0,0,0,0,0
SK,1,1310,2023,1,0,0,0,0,0,0,0,0,0,0,0,0,0,0
SK,1,1320,1976,54,152,0,1,136,203,0,6,0,0,0,0,2,0,69
SK,1,1320,1977,43,108,0,0,87,106,0,4,0,0,0,0,2,0,89
SK,1,1320,1978,16,70,0,0,60,71,0,1,0,0,0,1,0,0,48
SK,1,1320,1979,20,102,0,0,88,162,0,5,0,0,0,1,1,0,68
SK,1,1320,1980,34,136,0,0,64,82,0,2,0,0,0,3,2,0,111
SK,1,1320,1981,16,54,0,0,43,55,0,3,0,0,0,1,1,0,46
SK,1,1320,1982,9,41,0,1,26,43,0,0,0,0,0,0,1,0,50
SK,1,1320,1983,27,96,0,1,82,113,0,2,0,0,0,1,2,0,4
SK,1,1320,1984,18,68,0,0,63,94,0,5,0,0,0,1,2,0,3
SK,1,1320,1985,7,37,0,0,28,52,0,1,0,0,0,0,0,0,0
SK,1,1320,1986,19,43,0,0,37,56,0,3,0,0,0,1,0,0,1
SK,1,1320,1987,3,38,0,0,35,58,0,1,0,0,0,0,0,0,0
SK,1,1320,1988,15,58,0,0,20,26,0,0,0,0,0,0,0,0,0
SK,1,1320,1989,7,22,0,0,16,31,0,2,0,0,0,0,1,0,0
SK,1,1320,1990,5,32,0,2,17,31,0,1,0,0,0,0,0,0,0
SK,1,1320,1991,3,21,0,0,8,25,0,0,0,0,0,0,0,0,0
SK,1,1320,1992,6,32,0,0,14,19,0,0,0,0,0,0,0,0,0
SK,1,1320,1993,4,9,0,0,9,14,0,0,0,0,0,0,0,0,2
SK,1,1320,1994,5,37,0,0,38,77,0,5,0,0,0,0,0,0,10
SK,1,1320,1995,3,13,0,0,18,18,0,0,0,0,0,0,0,0,0
SK,1,1320,1996,9,32,0,0,35,47,0,1,0,0,0,0,0,0,1
SK,1,1320,1997,10,34,0,0,32,59,0,1,0,0,0,0,0,0,4
SK,1,1320,1998,12,54,0,0,23,62,0,4,0,0,0,0,0,0,3
SK,1,1320,1999,18,34,0,0,25,44,0,1,0,0,0,0,0,0,3
SK,1,1320,2000,13,44,0,0,26,42,0,0,0,0,0,0,0,0,1
SK,1,1320,2001,7,24,0,0,27,48,0,0,0,0,0,0,0,0,1
SK,1,1320,2002,8,32,0,1,23,36,0,1,0,0,0,0,0,0,0
SK,1,1320,2003,10,60,0,1,25,51,0,0,0,0,0,0,0,0,0
SK,1,1320,2004,11,48,0,1,33,45,0,3,0,0,0,0,1,0,0
SK,1,1320,2005,8,51,0,0,15,34,0,1,0,0,0,0,0,0,1
SK,1,1320,2006,11,53,0,0,30,49,0,0,0,0,0,0,0,0,0
SK,1,1320,2007,6,83,0,0,34,60,0,0,0,0,0,0,0,0,0
SK,1,1320,2008,6,34,0,0,21,20,0,0,0,0,0,0,0,0,0
SK,1,1320,2009,5,17,0,0,22,38,0,0,0,0,0,0,0,0,0
SK,1,1320,2010,4,23,0,0,29,55,0,2,0,0,0,0,0,0,0
SK,1,1320,2011,7,37,0,0,31,61,0,0,0,0,0,0,0,0,0
SK,1,1320,2012,6,58,0,0,29,56,0,1,0,0,0,0,0,0,1
SK,1,1320,2013,6,125,0,0,42,97,0,0,0,0,0,0,0,0,1
SK,1,1320,2014,9,57,0,0,27,61,0,0,0,0,0,0,0,0,1
SK,1,1320,2015,0,42,0,0,19,52,0,5,0,1,0,0,0,0,2
SK,1,1320,2016,8,41,0,1,15,34,0,3,0,0,0,0,4,0,2
SK,1,1320,2017,11,63,0,0,28,30,0,0,0,0,0,0,0,0,0
SK,1,1320,2018,15,38,0,0,33,25,0,1,0,0,0,3,1,0,0
SK,1,1320,2019,3,47,0,0,13,23,0,0,0,0,0,0,0,0,0
SK,1,1320,2020,9,36,0,0,34,44,0,0,0,0,0,0,0,0,3
SK,1,1320,2021,6,25,0,0,17,21,0,0,0,0,0,0,0,0,0
SK,1,1320,2022,4,8,0,0,3,16,0,0,0,0,0,0,0,0,0
SK,1,1320,2023,6,20,0,0,20,34,0,1,0,0,0,0,0,0,0
SK,1,1320,2024,6,51,0,0,23,39,0,0,0,0,0,0,0,0,0
SK,1,1321,1980,0,0,0,0,0,0,0,0,0,0,0,0,0,0,1
SK,1,1321,1984,0,0,0,0,1,0,0,0,0,0,0,0,0,0,0
SK,1,1321,1995,0,1,0,0,0,0,0,0,0,0,0,0,0,0,0
SK,1,1321,1996,1,0,0,0,0,0,0,0,0,0,0,0,0,0,0
SK,1,1330,1976,1,0,0,0,0,0,0,0,0,0,0,0,0,0,0
SK,1,1330,1982,0,0,0,0,0,0,0,0,0,0,0,0,0,0,1
SK,1,1330,1991,0,0,0,0,1,0,0,0,0,0,0,0,0,0,0
SK,1,1350,1976,6,9,0,0,11,21,0,0,0,0,0,0,0,0,4
SK,1,1350,1977,4,2,0,0,8,7,0,0,0,0,0,0,1,0,2
SK,1,1350,1978,3,5,0,0,9,8,0,0,0,0,0,0,0,0,3
SK,1,1350,1979,3,7,0,0,25,18,0,0,0,0,0,0,1,0,7
SK,1,1350,1980,8,4,0,0,10,11,0,0,0,0,0,1,0,0,10
SK,1,1350,1981,0,1,0,0,0,2,0,0,0,0,0,0,0,0,6
SK,1,1350,1982,0,1,0,0,5,4,0,0,0,0,0,0,0,0,1
SK,1,1350,1983,1,2,0,0,15,17,0,0,0,0,0,0,0,0,0
SK,1,1350,1984,1,2,0,0,9,12,0,0,0,0,0,0,0,0,0
SK,1,1350,1985,1,2,0,0,12,4,0,0,0,0,0,0,0,0,0
SK,1,1350,1986,5,2,0,0,17,7,0,0,0,0,0,0,0,0,0
SK,1,1350,1987,0,1,0,0,5,1,0,0,0,0,0,0,0,0,0
SK,1,1350,1988,3,0,0,0,2,2,0,0,0,0,0,0,0,0,0
SK,1,1350,1989,2,0,0,0,8,5,0,0,0,0,0,0,0,0,0
SK,1,1350,1990,0,0,0,0,4,2,0,0,0,0,0,0,0,0,0
SK,1,1350,1991,2,5,0,0,0,0,0,0,0,0,0,0,0,0,0
SK,1,1350,1992,3,5,0,0,8,5,0,0,0,0,0,0,0,0,0
SK,1,1350,1993,1,3,0,0,6,5,0,0,0,0,0,0,0,0,0
SK,1,1350,1994,0,0,0,0,8,2,0,0,0,0,0,0,0,0,0
SK,1,1350,1995,2,0,0,0,4,2,0,0,0,0,0,0,0,0,1
SK,1,1350,1996,0,3,0,0,14,18,0,0,0,0,0,0,0,0,0
SK,1,1350,1997,0,1,0,0,19,8,0,0,0,0,0,0,0,0,0
SK,1,1350,1998,0,8,0,0,2,6,0,0,0,0,0,0,0,0,0
SK,1,1350,1999,0,1,0,0,4,1,0,0,0,0,0,0,0,0,0
SK,1,1350,2000,1,0,0,0,1,1,0,0,0,0,0,0,0,0,0
SK,1,1350,2001,0,0,0,0,4,12,0,0,0,0,0,0,0,0,0
SK,1,1350,2002,1,3,0,0,11,11,0,0,0,0,0,0,0,0,0
SK,1,1350,2003,1,0,0,0,16,14,0,1,0,0,0,0,0,0,0
SK,1,1350,2004,4,2,0,0,10,15,0,1,0,0,0,0,0,0,1
SK,1,1350,2005,2,1,0,0,10,7,0,0,0,0,0,0,0,0,0
SK,1,1350,2006,1,4,0,0,6,9,0,0,0,0,0,0,0,0,0
SK,1,1350,2007,2,4,0,0,17,11,0,0,0,0,0,0,0,0,0
SK,1,1350,2008,2,9,0,0,6,7,0,0,0,0,0,0,0,0,0
SK,1,1350,2009,0,0,0,0,3,3,0,0,0,0,0,0,0,0,0
SK,1,1350,2010,0,3,0,0,2,2,0,0,0,0,0,0,0,0,0
SK,1,1350,2011,1,5,0,0,11,15,0,0,0,0,0,0,0,0,0
SK,1,1350,2012,1,1,0,0,8,8,0,0,0,0,0,0,0,0,0
SK,1,1350,2013,0,4,0,0,11,8,0,0,0,0,0,0,0,0,0
SK,1,1350,2014,2,8,0,0,13,15,0,1,0,0,0,0,0,0,0
SK,1,1350,2015,0,5,0,0,10,8,0,0,0,0,0,0,0,0,1
SK,1,1350,2016,0,4,0,0,8,7,0,0,0,0,0,0,0,0,0
SK,1,1350,2017,1,4,0,0,1,9,0,0,0,0,0,0,1,0,0
SK,1,1350,2018,0,5,0,0,1,5,0,0,0,0,0,0,0,0,0
SK,1,1350,2019,0,0,0,0,1,1,0,0,0,0,0,0,0,0,0
SK,1,1350,2020,0,0,0,0,2,2,0,0,0,0,0,0,0,0,0
SK,1,1350,2021,1,0,0,0,4,4,0,0,0,0,0,0,0,0,0
SK,1,1350,2022,0,1,0,0,4,8,0,0,0,0,0,0,0,0,0
SK,1,1350,2023,0,0,0,0,4,3,0,0,0,0,0,0,0,0,0
SK,1,1350,2024,0,2,0,0,2,6,0,0,0,0,0,0,0,0,0
SK,1,1370,1976,4,1,0,0,13,12,0,0,0,0,0,1,0,0,5
SK,1,1370,1977,4,7,0,0,8,9,0,0,0,0,0,0,0,0,6
SK,1,1370,1978,1,2,0,0,12,6,0,0,0,0,0,0,0,0,4
SK,1,1370,1979,1,0,0,0,10,10,0,0,0,0,0,1,0,0,0
SK,1,1370,1980,1,0,0,0,12,5,0,0,0,0,0,0,0,0,2
SK,1,1370,1981,0,2,0,0,5,6,0,0,0,0,0,0,0,0,2
SK,1,1370,1982,0,0,0,0,8,4,0,0,0,0,0,1,0,0,1
SK,1,1370,1983,0,0,0,0,4,9,0,0,0,0,0,0,0,0,0
SK,1,1370,1984,0,0,0,0,8,11,0,0,0,0,0,0,0,0,0
SK,1,1370,1985,0,0,0,0,5,7,0,0,0,0,0,0,0,0,0
SK,1,1370,1986,1,1,0,0,4,12,0,0,0,0,0,0,0,0,0
SK,1,1370,1987,0,1,0,0,1,2,0,0,0,0,0,0,0,0,0
SK,1,1370,1988,1,1,0,0,1,4,0,0,0,0,0,0,0,0,0
SK,1,1370,1989,1,1,0,0,4,5,0,0,0,0,0,0,0,0,0
SK,1,1370,1990,1,1,0,0,0,3,0,0,0,0,0,0,0,0,0
SK,1,1370,1991,0,0,0,0,0,1,0,0,0,0,0,0,0,0,0
SK,1,1370,1992,1,0,0,0,2,3,0,0,0,0,0,0,0,0,0
SK,1,1370,1993,0,4,0,0,1,2,0,0,0,0,0,0,0,0,0
SK,1,1370,1994,0,0,0,0,0,1,0,0,0,0,0,0,0,0,0
SK,1,1370,1995,0,0,0,0,1,2,0,0,0,0,0,0,0,0,0
SK,1,1370,1996,2,1,0,0,1,7,0,0,0,0,0,0,0,0,0
SK,1,1370,1997,0,1,0,0,4,4,0,0,0,0,0,0,0,0,0
SK,1,1370,1998,1,3,0,0,6,6,0,0,0,0,0,0,0,0,0
SK,1,1370,1999,0,0,0,0,1,3,0,0,0,0,0,0,0,0,0
SK,1,1370,2000,2,1,0,0,3,2,0,0,0,0,0,0,0,0,0
SK,1,1370,2001,0,0,0,0,1,1,0,0,0,0,0,0,0,0,0
SK,1,1370,2002,2,0,0,0,2,10,0,0,0,0,0,0,0,0,0
SK,1,1370,2003,0,0,0,0,4,2,0,0,0,0,0,0,0,0,0
SK,1,1370,2004,2,0,0,0,3,2,0,0,0,0,0,0,0,0,0
SK,1,1370,2005,0,1,0,0,5,3,0,0,0,0,0,0,0,0,0
SK,1,1370,2006,0,0,0,0,6,3,0,0,0,0,0,0,0,0,0
SK,1,1370,2007,2,4,0,0,2,1,0,0,0,0,0,0,0,0,0
SK,1,1370,2008,0,1,0,0,0,2,0,0,0,0,0,0,0,0,0
SK,1,1370,2009,1,1,0,0,1,1,0,0,0,0,0,0,0,0,0
SK,1,1370,2010,0,2,0,0,6,1,0,0,0,0,0,0,0,0,0
SK,1,1370,2011,2,0,0,0,2,10,0,0,0,0,0,0,0,0,0
SK,1,1370,2012,0,2,0,0,0,2,0,0,0,0,0,0,0,0,0
SK,1,1370,2013,0,0,0,0,4,1,0,0,0,0,0,0,0,0,0
SK,1,1370,2014,0,2,0,0,4,1,0,0,0,0,0,0,0,0,0
SK,1,1370,2015,2,1,0,0,3,3,0,0,0,0,0,0,0,0,0
SK,1,1370,2016,1,1,0,0,1,4,0,0,0,0,0,0,0,0,0
SK,1,1370,2017,2,1,0,0,1,3,0,0,0,0,0,0,0,0,0
SK,1,1370,2018,2,4,0,0,3,6,0,0,0,0,0,0,0,0,0
SK,1,1370,2019,1,0,0,0,1,1,0,0,0,0,0,0,0,0,0
SK,1,1370,2020,1,1,0,0,1,0,0,0,0,0,0,0,0,0,0
SK,1,1370,2021,0,1,0,0,3,4,0,0,0,0,0,0,0,0,0
SK,1,1370,2023,0,1,0,0,2,0,0,0,0,0,0,0,0,0,0
SK,1,1370,2024,1,5,0,0,9,4,0,0,0,0,0,0,0,0,0
SK,1,1390,1976,1,1,0,0,4,4,0,0,0,0,0,0,0,0,3
SK,1,1390,1977,1,0,0,0,3,4,0,0,0,0,0,0,0,0,1
SK,1,1390,1978,0,0,0,0,1,3,0,0,0,0,0,0,0,0,3
SK,1,1390,1979,2,0,0,0,3,5,0,0,0,0,0,0,0,0,1
SK,1,1390,1980,2,1,0,0,1,3,0,0,0,0,0,0,0,0,1
SK,1,1390,1981,0,0,0,0,2,0,0,0,0,0,0,0,0,0,0
SK,1,1390,1982,0,1,0,0,2,1,0,0,0,0,0,0,0,0,0
SK,1,1390,1983,0,1,0,0,2,3,0,0,0,0,0,0,0,0,0
SK,1,1390,1984,0,0,0,0,3,2,0,0,0,0,0,0,0,0,0
SK,1,1390,1985,0,1,0,0,2,1,0,0,0,0,0,0,0,0,0
SK,1,1390,1986,1,1,0,0,8,0,0,0,0,0,0,0,0,0,0
SK,1,1390,1987,1,0,0,0,1,5,0,0,0,0,0,0,0,0,0
SK,1,1390,1988,0,0,0,0,6,3,0,0,0,0,0,0,0,0,0
SK,1,1390,1989,1,0,0,0,1,3,0,0,0,0,0,0,0,0,0
SK,1,1390,1990,0,0,0,0,0,2,0,0,0,0,0,0,0,0,0
SK,1,1390,1991,0,1,0,0,4,0,0,0,0,0,0,0,0,0,0
SK,1,1390,1992,0,0,0,0,3,0,0,0,0,0,0,0,0,0,1
SK,1,1390,1993,0,0,0,0,3,3,0,0,0,0,0,0,0,0,0
SK,1,1390,1994,0,1,0,0,5,1,0,0,0,0,0,0,0,0,0
SK,1,1390,1995,0,0,0,0,2,0,0,0,0,0,0,0,0,0,0
SK,1,1390,1996,2,0,0,0,1,0,0,1,0,0,0,0,0,0,0
SK,1,1390,1997,0,2,0,0,2,1,0,0,0,0,0,0,0,0,0
SK,1,1390,1998,3,0,0,1,7,1,0,0,0,0,0,0,0,0,0
SK,1,1390,1999,0,0,0,0,0,1,0,0,0,0,0,0,0,0,0
SK,1,1390,2000,0,1,0,0,0,1,0,0,0,0,0,0,0,0,0
SK,1,1390,2001,0,4,0,0,12,4,0,0,0,0,0,0,0,0,0
SK,1,1390,2002,1,0,0,0,9,11,0,0,0,0,0,0,1,0,0
SK,1,1390,2003,4,1,0,0,1,2,0,2,0,0,0,0,0,0,0
SK,1,1390,2004,1,1,0,0,0,3,0,0,0,0,0,0,0,0,0
SK,1,1390,2005,1,0,0,0,1,0,0,0,0,0,0,0,0,0,0
SK,1,1390,2006,0,0,0,0,0,3,0,1,0,0,0,0,0,0,0
SK,1,1390,2007,1,4,0,0,1,8,0,0,0,0,0,0,0,0,1
SK,1,1390,2008,3,0,0,0,4,1,0,0,0,0,0,0,0,0,0
SK,1,1390,2009,1,0,0,0,0,1,0,0,0,0,0,0,0,0,0
SK,1,1390,2010,0,1,0,0,0,1,0,0,0,0,0,0,0,0,0
SK,1,1390,2011,0,0,0,0,0,1,0,0,0,0,0,0,0,0,0
SK,1,1390,2012,0,1,0,0,3,3,0,0,0,0,0,0,0,0,0
SK,1,1390,2013,0,0,0,0,1,2,0,0,0,0,0,0,0,0,0
SK,1,1390,2014,1,1,0,0,0,0,0,0,0,0,0,0,0,0,0
SK,1,1390,2015,3,2,0,0,6,4,0,0,0,0,0,0,0,0,1
SK,1,1390,2016,2,0,0,0,3,3,0,0,0,0,0,0,0,0,0
SK,1,1390,2017,0,0,0,0,1,1,0,0,0,0,0,0,0,0,0
SK,1,1390,2018,0,1,0,0,0,1,0,0,0,0,0,0,0,0,0
SK,1,1390,2019,0,1,0,0,1,1,0,0,0,0,0,0,0,0,0
SK,1,1390,2020,0,0,0,0,0,2,0,0,0,0,0,0,0,0,0
SK,1,1390,2021,0,0,0,0,0,4,0,0,0,0,0,0,0,0,0
SK,1,1390,2022,0,0,0,0,2,0,0,0,0,0,0,0,0,0,0
SK,1,1390,2023,0,1,0,0,3,0,0,0,0,0,0,0,0,0,0
SK,1,1390,2024,0,2,0,0,1,0,0,0,0,0,0,0,0,0,0
SK,1,1400,1976,5,1,0,0,7,9,0,0,0,0,0,0,0,0,5
SK,1,1400,1977,3,1,0,0,10,7,0,0,0,0,0,1,0,0,1
SK,1,1400,1978,1,0,0,0,3,3,0,0,0,0,0,0,0,0,1
SK,1,1400,1979,3,2,0,0,8,13,0,0,0,0,0,1,1,0,3
SK,1,1400,1980,2,0,0,0,7,6,0,0,0,0,0,0,0,0,3
SK,1,1400,1981,2,0,0,0,0,1,0,0,0,0,0,0,0,0,2
SK,1,1400,1982,0,0,0,0,2,0,0,0,0,0,0,0,0,0,0
SK,1,1400,1983,0,0,0,0,5,7,0,0,0,0,0,0,0,0,0
SK,1,1400,1984,0,0,0,0,2,2,0,0,0,0,0,0,0,0,0
SK,1,1400,1985,0,0,0,0,5,0,0,0,0,0,0,0,0,0,0
SK,1,1400,1986,0,1,0,0,3,5,0,0,0,0,0,0,0,0,0
SK,1,1400,1987,0,0,0,0,1,0,0,0,0,0,0,0,0,0,0
SK,1,1400,1988,1,0,0,0,0,2,0,0,0,0,0,0,0,0,0
SK,1,1400,1989,1,0,0,0,0,3,0,0,0,0,0,0,0,0,0
SK,1,1400,1991,0,1,0,0,1,2,0,0,0,0,0,0,0,0,0
SK,1,1400,1992,1,0,0,0,4,1,0,0,0,0,0,0,0,0,0
SK,1,1400,1993,1,0,0,0,1,0,0,0,0,0,0,0,0,0,0
SK,1,1400,1994,0,0,0,0,0,5,0,0,0,0,0,0,0,0,0
SK,1,1400,1995,0,0,0,0,4,5,0,0,0,0,0,0,0,0,0
SK,1,1400,1996,1,0,0,0,6,5,0,0,0,0,0,0,0,0,0
SK,1,1400,1997,1,1,0,0,3,4,0,0,0,0,0,0,0,0,0
SK,1,1400,1998,2,2,0,0,6,5,0,0,0,0,0,1,0,0,0
SK,1,1400,1999,0,0,0,0,1,0,0,0,0,0,0,0,0,0,2
SK,1,1400,2000,0,1,0,0,1,2,0,0,0,0,0,0,0,0,0
SK,1,1400,2001,0,0,0,0,4,1,0,0,0,0,0,0,0,0,0
SK,1,1400,2002,1,0,0,0,3,1,0,0,0,0,0,0,0,0,0
SK,1,1400,2003,0,0,0,0,2,3,0,0,0,0,0,0,0,0,0
SK,1,1400,2004,2,0,0,0,6,7,0,0,0,0,0,0,0,0,0
SK,1,1400,2005,1,0,0,0,6,3,0,0,0,0,0,0,0,0,0
SK,1,1400,2006,2,5,0,0,4,12,0,0,0,0,0,0,0,0,1
SK,1,1400,2007,1,0,0,0,6,16,0,0,0,0,0,0,0,0,0
SK,1,1400,2008,3,2,0,0,11,5,0,0,0,0,0,0,0,0,0
SK,1,1400,2009,2,0,0,0,3,2,0,0,0,0,0,1,0,0,0
SK,1,1400,2010,1,0,0,0,5,5,0,0,0,0,0,0,0,0,0
SK,1,1400,2011,2,0,0,0,3,3,0,0,0,0,0,0,0,0,0
SK,1,1400,2012,4,2,0,0,6,11,0,0,0,0,0,0,0,0,0
SK,1,1400,2013,1,4,0,0,17,19,0,0,0,1,0,0,1,0,0
SK,1,1400,2014,8,1,0,0,3,7,0,0,0,0,0,0,0,0,0
SK,1,1400,2015,2,1,0,0,7,16,0,0,0,0,0,0,0,0,0
SK,1,1400,2016,3,2,0,0,8,11,0,0,0,0,0,0,0,0,1
SK,1,1400,2017,5,3,0,0,1,13,0,0,0,0,0,0,0,0,0
SK,1,1400,2018,1,2,0,0,7,9,0,0,0,0,0,0,0,0,0
SK,1,1400,2019,1,0,0,0,0,1,0,0,0,0,0,0,0,0,0
SK,1,1400,2020,1,0,0,0,4,6,0,0,0,0,0,0,0,0,0
SK,1,1400,2021,0,0,0,0,3,4,0,0,0,0,0,0,0,0,0
SK,1,1400,2022,2,0,0,0,2,2,0,0,0,0,0,0,0,0,0
SK,1,1400,2023,1,0,0,0,7,5,0,0,0,0,0,0,0,0,0
SK,1,1400,2024,2,1,0,0,6,4,0,0,0,0,0,0,0,0,0
SK,1,1420,1976,0,1,0,0,10,12,0,0,0,0,0,0,1,0,8
SK,1,1420,1977,0,1,0,0,0,3,0,0,0,0,0,0,0,0,0
SK,1,1420,1978,1,0,0,0,2,3,0,0,0,0,0,0,0,0,2
SK,1,1420,1979,1,1,0,0,5,3,0,0,0,0,0,0,0,0,4
SK,1,1420,1980,0,0,0,0,2,7,0,0,0,0,0,0,1,0,3
SK,1,1420,1981,0,0,0,0,1,0,0,0,0,0,0,0,0,0,0
SK,1,1420,1982,0,0,0,0,3,5,0,0,0,0,0,0,0,0,1
SK,1,1420,1983,2,1,0,0,4,8,0,0,0,0,0,0,0,0,0
SK,1,1420,1984,0,0,0,0,2,2,0,0,0,0,0,0,0,0,0
SK,1,1420,1985,0,0,0,0,1,1,0,0,0,0,0,0,0,0,0
SK,1,1420,1986,0,0,0,0,2,3,0,0,0,0,0,0,0,0,0
SK,1,1420,1987,2,1,0,0,7,5,0,0,0,0,0,0,0,0,0
SK,1,1420,1988,1,0,0,0,2,0,0,0,0,0,0,0,0,0,0
SK,1,1420,1989,0,0,0,0,0,3,0,0,0,0,0,0,0,0,0
SK,1,1420,1990,1,0,0,0,0,2,0,0,0,0,0,0,0,0,0
SK,1,1420,1992,0,0,0,0,4,2,0,0,0,0,0,0,0,0,0
SK,1,1420,1994,0,0,0,0,4,4,0,0,0,0,0,1,0,0,0
SK,1,1420,1995,0,0,0,0,1,4,0,0,0,0,0,0,0,0,0
SK,1,1420,1996,0,0,0,0,6,7,0,0,0,0,0,0,0,0,0
SK,1,1420,1997,0,0,0,0,2,8,0,0,0,0,0,0,0,0,1
SK,1,1420,1998,0,2,0,0,2,1,0,0,0,0,0,1,0,0,0
SK,1,1420,1999,1,2,0,0,4,4,0,0,0,0,0,0,0,0,1
SK,1,1420,2000,0,2,0,0,0,0,0,0,0,0,0,0,0,0,0
SK,1,1420,2001,0,1,0,0,8,3,0,0,0,0,0,0,0,0,0
SK,1,1420,2002,0,1,0,0,1,5,0,0,0,0,0,0,0,0,0
SK,1,1420,2003,1,1,0,0,0,9,0,0,0,0,0,0,0,0,0
SK,1,1420,2004,0,0,0,0,5,5,0,0,0,0,0,0,0,0,0
SK,1,1420,2005,0,1,0,0,9,3,0,0,0,0,0,0,0,0,0
SK,1,1420,2006,1,3,0,0,10,14,0,0,0,0,0,0,0,0,0
SK,1,1420,2007,1,4,0,0,13,15,0,0,0,0,0,0,0,0,0
SK,1,1420,2008,2,1,0,0,2,5,0,0,0,0,0,0,0,0,0
SK,1,1420,2009,1,1,0,0,2,1,0,0,0,0,0,0,0,0,0
SK,1,1420,2010,1,1,0,0,4,5,0,0,0,0,0,0,0,0,0
SK,1,1420,2011,2,3,0,0,8,13,0,0,0,0,0,0,0,0,0
SK,1,1420,2012,0,0,0,0,5,6,0,0,0,0,0,0,0,0,0
SK,1,1420,2013,1,1,0,0,7,8,0,0,0,0,0,0,0,0,1
SK,1,1420,2014,4,3,0,0,6,4,0,0,0,0,0,0,0,0,0
SK,1,1420,2015,4,0,0,0,3,4,0,0,0,0,0,0,0,0,0
SK,1,1420,2016,2,3,0,0,1,1,0,0,0,0,0,0,0,0,0
SK,1,1420,2017,0,1,0,0,2,1,0,0,0,0,0,0,0,0,0
SK,1,1420,2018,0,0,0,0,3,2,0,0,0,0,0,0,0,0,0
SK,1,1420,2020,1,1,0,0,3,3,0,0,0,0,0,0,0,0,0
SK,1,1420,2021,0,2,0,0,0,0,0,0,0,0,0,0,0,0,0
SK,1,1420,2022,1,2,0,0,0,6,0,0,0,0,0,0,0,0,0
SK,1,1420,2023,0,0,0,0,2,3,0,0,0,0,0,0,0,0,0
SK,1,1420,2024,0,0,0,0,1,1,0,0,0,0,0,0,0,0,0
SK,1,1430,1976,7,7,0,0,8,18,0,0,0,0,0,1,0,0,3
SK,1,1430,1977,8,6,0,0,17,6,0,0,0,0,0,0,0,0,3
SK,1,1430,1978,1,2,0,0,4,11,0,0,0,0,0,0,0,0,2
SK,1,1430,1979,3,2,0,0,19,13,0,0,0,0,0,0,0,0,7
SK,1,1430,1980,2,5,0,0,7,4,0,0,0,0,0,1,0,0,0
SK,1,1430,1982,1,1,0,0,2,5,0,0,0,0,0,0,0,0,6
SK,1,1430,1983,3,2,0,0,8,9,0,0,0,0,0,1,1,0,1
SK,1,1430,1984,2,0,0,0,8,6,0,0,0,0,0,0,0,0,0
SK,1,1430,1985,1,2,0,0,3,7,0,0,0,0,0,0,0,0,0
SK,1,1430,1986,2,4,0,0,6,12,0,0,0,0,0,0,0,0,0
SK,1,1430,1987,1,0,0,0,2,6,0,0,0,0,0,0,0,0,0
SK,1,1430,1988,3,3,0,0,3,8,0,0,0,0,0,0,0,0,0
SK,1,1430,1989,1,1,0,0,2,2,0,0,0,0,0,0,0,0,0
SK,1,1430,1990,0,2,0,0,3,5,0,0,0,0,0,0,0,0,0
SK,1,1430,1991,0,3,0,0,0,1,0,0,0,0,0,0,0,0,0
SK,1,1430,1992,1,0,0,0,1,0,0,0,0,0,0,0,0,0,0
SK,1,1430,1993,1,0,0,0,2,1,0,0,0,0,0,0,0,0,0
SK,1,1430,1994,2,4,0,0,5,5,0,0,0,0,0,0,0,0,0
SK,1,1430,1995,0,1,0,0,1,0,0,0,0,0,0,0,0,0,0
SK,1,1430,1996,4,5,0,0,6,8,0,0,0,0,0,0,0,0,0
SK,1,1430,1997,4,2,0,0,9,13,0,0,0,0,0,0,0,0,0
SK,1,1430,1998,2,4,0,0,5,7,0,0,0,0,0,0,0,0,0
SK,1,1430,1999,2,1,0,0,7,1,0,0,0,0,0,0,0,0,3
SK,1,1430,2000,1,3,0,0,1,1,0,0,0,0,0,0,0,0,0
SK,1,1430,2001,4,2,0,0,3,3,0,0,0,0,0,0,0,0,0
SK,1,1430,2002,3,6,0,0,6,7,0,0,0,0,0,0,0,0,0
SK,1,1430,2003,2,1,0,0,8,4,0,0,0,0,0,0,0,0,0
SK,1,1430,2004,1,5,0,0,7,8,0,0,0,0,0,0,0,0,0
SK,1,1430,2005,0,2,0,0,7,3,0,0,0,0,0,0,0,0,0
SK,1,1430,2006,0,2,0,0,5,7,0,0,0,0,0,0,0,0,0
SK,1,1430,2007,1,4,0,0,5,11,0,0,0,0,0,0,0,0,0
SK,1,1430,2008,2,2,0,0,6,3,0,0,0,0,0,0,0,0,0
SK,1,1430,2009,1,2,0,0,7,5,0,0,0,0,0,0,0,0,0
SK,1,1430,2010,1,5,0,0,5,5,0,0,0,0,0,0,0,0,0
SK,1,1430,2011,2,4,0,0,8,11,0,0,0,0,0,0,0,0,0
SK,1,1430,2012,3,4,0,0,9,4,0,0,0,0,0,0,0,0,0
SK,1,1430,2013,2,3,0,0,20,18,0,0,0,0,0,0,0,0,1
SK,1,1430,2014,2,5,0,0,11,12,0,0,0,0,0,0,0,0,0
SK,1,1430,2015,1,2,0,0,3,6,0,0,0,0,0,0,0,0,0
SK,1,1430,2016,3,3,0,0,3,3,0,0,0,0,0,0,0,0,0
SK,1,1430,2017,2,1,0,0,11,7,0,0,0,0,0,0,0,0,1
SK,1,1430,2018,1,4,0,0,2,7,0,0,0,0,0,0,0,0,0
SK,1,1430,2019,2,0,0,0,1,2,0,0,0,0,0,0,0,0,0
SK,1,1430,2020,3,6,0,0,8,13,0,0,0,0,0,0,0,0,0
SK,1,1430,2021,0,8,0,0,4,10,0,0,0,0,0,0,0,0,0
SK,1,1430,2023,9,2,0,0,16,4,0,0,0,0,0,0,0,0,0
SK,1,1430,2024,9,16,0,0,17,11,0,0,0,0,0,0,0,0,0
SK,1,1440,1994,0,1,0,0,0,1,0,0,0,0,0,0,0,0,0
SK,1,1440,2003,0,0,0,0,0,1,0,0,0,0,0,0,0,0,0
SK,1,1440,2015,1,0,0,0,1,1,0,0,0,0,0,0,0,0,0
SK,1,1460,1976,1,5,0,0,5,0,0,0,0,0,0,0,0,0,1
SK,1,1460,1977,0,3,0,0,0,1,0,0,0,0,0,0,0,0,3
SK,1,1460,1978,0,2,0,0,0,1,0,0,0,0,0,0,0,0,0
SK,1,1460,1979,2,1,0,0,10,4,0,1,0,0,0,0,0,0,0
SK,1,1460,1980,0,1,0,0,1,0,0,0,0,0,0,0,0,0,1
SK,1,1460,1981,0,2,0,0,0,0,0,0,0,0,0,0,0,0,2
SK,1,1460,1983,1,2,0,0,0,4,0,0,0,0,0,0,0,0,0
SK,1,1460,1984,0,1,0,0,2,3,0,0,0,0,0,1,0,0,0
SK,1,1460,1985,1,0,0,0,2,0,0,0,0,0,0,0,0,0,0
SK,1,1460,1986,3,0,0,0,2,4,0,0,0,0,0,0,0,0,0
SK,1,1460,1987,0,1,0,0,1,0,0,0,0,0,0,0,0,0,0
SK,1,1460,1988,1,0,0,0,0,0,0,0,0,0,0,0,0,0,0
SK,1,1460,1989,1,1,0,0,0,0,0,0,0,0,0,0,0,0,0
SK,1,1460,1991,0,1,0,0,3,4,0,0,0,0,0,0,0,0,0
SK,1,1460,1992,1,0,0,0,4,0,0,0,0,0,0,0,0,0,0
SK,1,1460,1994,0,0,0,0,1,1,0,0,0,0,0,0,0,0,0
SK,1,1460,1995,0,1,0,0,1,0,0,0,0,0,0,0,0,0,0
SK,1,1460,1996,2,2,0,0,0,1,0,0,0,0,0,0,0,0,0
SK,1,1460,1998,1,1,0,0,2,2,0,0,0,0,0,0,0,0,0
SK,1,1460,1999,1,1,0,0,0,2,0,0,0,0,0,0,0,0,0
SK,1,1460,2000,1,0,0,0,1,0,0,0,0,0,0,0,0,0,0
SK,1,1460,2001,2,0,0,0,1,2,0,0,0,0,0,0,0,0,0
SK,1,1460,2002,2,3,0,0,0,0,0,0,0,0,0,0,0,0,0
SK,1,1460,2003,1,0,0,0,0,0,0,0,0,0,0,0,0,0,0
SK,1,1460,2005,0,0,0,0,3,3,0,0,0,0,0,0,0,0,0
SK,1,1460,2006,0,5,0,0,3,3,0,0,0,0,0,0,0,0,0
SK,1,1460,2007,0,1,0,0,2,0,0,0,0,0,0,0,0,0,0
SK,1,1460,2008,2,3,0,0,0,1,0,0,0,0,0,0,0,0,0
SK,1,1460,2009,0,0,0,0,0,1,0,0,0,0,0,0,0,0,0
SK,1,1460,2010,0,0,0,0,0,3,0,0,0,0,0,0,0,0,0
SK,1,1460,2011,0,1,0,0,1,0,0,0,0,0,0,0,0,0,0
SK,1,1460,2012,0,3,0,0,0,0,0,0,0,0,0,0,0,0,0
SK,1,1460,2013,1,1,0,0,0,3,0,0,0,0,0,0,0,0,0
SK,1,1460,2014,0,2,0,0,2,4,0,0,0,0,0,0,0,0,0
SK,1,1460,2015,3,2,0,0,2,1,0,0,0,0,0,0,0,0,0
SK,1,1460,2016,1,0,0,0,3,2,0,0,0,0,0,0,0,0,0
SK,1,1460,2017,0,1,0,0,0,0,0,0,0,0,0,0,0,0,0
SK,1,1460,2020,0,1,0,0,0,0,0,0,0,0,0,0,0,0,0
SK,1,1460,2021,2,0,0,0,0,0,0,0,0,0,0,0,0,0,0
SK,1,1460,2022,1,0,0,0,0,0,0,0,0,0,0,0,0,0,0
SK,1,1460,2023,0,1,0,0,0,3,0,0,0,0,0,0,0,0,0
SK,1,1460,2024,0,0,0,0,0,3,0,0,0,0,0,0,0,0,0
SK,1,1470,1976,4,4,0,0,3,1,0,0,0,0,0,0,0,0,1
SK,1,1470,1977,1,1,0,0,1,2,0,0,0,0,0,0,0,0,0
SK,1,1470,1978,0,1,0,0,0,0,0,0,0,0,0,0,0,0,1
SK,1,1470,1979,0,0,0,0,5,8,0,0,0,0,0,0,0,0,0
SK,1,1470,1980,0,2,0,0,0,3,0,0,0,0,0,0,0,0,1
SK,1,1470,1981,0,1,0,0,0,0,0,0,0,0,0,0,0,0,0
SK,1,1470,1983,0,0,0,0,1,5,0,0,0,0,0,0,0,0,0
SK,1,1470,1984,1,0,0,0,0,2,0,0,0,0,0,0,0,0,0
SK,1,1470,1985,0,0,0,0,3,2,0,0,0,0,0,0,0,0,0
SK,1,1470,1986,1,1,0,0,2,2,0,0,0,0,0,0,0,0,0
SK,1,1470,1988,0,0,0,0,3,0,0,0,0,0,0,0,0,0,0
SK,1,1470,1989,0,0,0,0,0,1,0,0,0,0,0,0,0,0,0
SK,1,1470,1990,0,0,0,0,0,1,0,0,0,0,0,0,0,0,0
SK,1,1470,1991,1,2,0,0,0,0,0,0,0,0,0,0,0,0,0
SK,1,1470,1992,0,0,0,0,0,1,0,0,0,0,0,0,0,0,0
SK,1,1470,1994,0,1,0,0,1,1,0,0,0,0,0,0,0,0,0
SK,1,1470,1995,0,0,0,0,1,0,0,0,0,0,0,0,0,0,0
SK,1,1470,1996,2,0,0,0,2,1,0,0,0,0,0,0,0,0,0
SK,1,1470,1997,0,1,0,0,0,2,0,0,0,0,0,0,0,0,0
SK,1,1470,1998,1,2,0,0,0,0,0,0,0,0,0,0,0,0,0
SK,1,1470,2000,0,0,0,0,0,1,0,0,0,0,0,0,0,0,0
SK,1,1470,2001,0,1,0,0,0,0,0,0,0,0,0,0,0,0,0
SK,1,1470,2002,0,1,0,0,0,0,0,0,0,0,0,0,0,0,0
SK,1,1470,2003,2,0,0,0,0,1,0,0,0,0,0,0,0,0,0
SK,1,1470,2004,0,0,0,0,0,1,0,0,0,0,0,0,0,0,0
SK,1,1470,2005,1,1,0,0,2,3,0,0,0,0,0,0,0,0,0
SK,1,1470,2006,2,1,0,0,2,1,0,0,0,0,0,0,0,0,0
SK,1,1470,2007,0,0,0,0,1,3,0,0,0,0,0,0,0,0,0
SK,1,1470,2008,0,0,0,0,0,1,0,0,0,0,0,0,0,0,0
SK,1,1470,2010,0,0,0,0,1,1,0,0,0,0,0,0,0,0,0
SK,1,1470,2011,0,0,0,0,3,5,0,0,0,0,0,0,0,0,0
SK,1,1470,2012,2,0,0,0,0,0,0,0,0,0,0,0,0,0,0
SK,1,1470,2013,1,0,0,0,1,0,0,0,0,0,0,0,0,0,0
SK,1,1470,2014,2,0,0,0,2,2,0,0,0,0,0,0,0,0,0
SK,1,1470,2015,0,3,0,0,1,0,0,0,0,0,0,0,0,0,0
SK,1,1470,2016,1,1,0,0,1,1,0,0,0,0,0,0,0,0,0
SK,1,1470,2017,0,0,0,0,1,1,0,0,0,0,0,0,0,0,0
SK,1,1470,2021,0,1,0,0,0,0,0,0,0,0,0,0,0,0,0
SK,1,1480,1991,0,1,0,0,1,0,0,0,0,0,0,0,0,0,0
SK,1,1490,1976,0,0,0,0,2,1,0,0,0,0,0,0,0,0,1
SK,1,1490,1977,0,0,0,0,1,0,0,0,0,0,0,1,0,0,5
SK,1,1490,1978,0,0,0,0,1,0,0,0,0,0,0,0,0,0,2
SK,1,1490,1979,1,0,0,0,0,1,0,0,0,0,0,0,0,0,0
SK,1,1490,1980,0,1,0,0,1,2,0,0,0,0,0,0,0,0,3
SK,1,1490,1981,0,0,0,0,0,1,0,0,0,0,0,0,0,0,0
SK,1,1490,1982,0,0,0,0,1,0,0,0,0,0,0,0,0,0,2
SK,1,1490,1983,0,0,0,0,2,4,0,0,0,0,0,0,0,0,0
SK,1,1490,1984,2,2,0,0,3,1,0,0,0,0,0,1,0,0,0
SK,1,1490,1985,0,0,0,0,1,1,0,0,0,0,0,0,0,0,0
SK,1,1490,1986,1,0,0,0,0,3,0,0,0,0,0,0,0,0,0
SK,1,1490,1987,0,0,0,0,2,0,0,0,0,0,0,0,0,0,0
SK,1,1490,1988,0,1,0,0,3,0,0,0,0,0,0,0,0,0,0
SK,1,1490,1989,0,0,0,0,1,0,0,0,0,0,0,0,0,0,0
SK,1,1490,1990,1,0,0,0,0,0,0,0,0,0,0,0,0,0,0
SK,1,1490,1991,0,0,0,0,5,7,0,0,0,0,0,1,0,0,0
SK,1,1490,1992,0,1,0,0,0,1,0,0,0,0,0,0,0,0,0
SK,1,1490,1993,0,2,0,0,0,0,0,0,0,0,0,0,0,0,0
SK,1,1490,1995,1,0,0,0,1,1,0,0,0,0,0,0,0,0,0
SK,1,1490,1996,0,0,0,0,1,0,0,0,0,0,0,0,1,0,0
SK,1,1490,1997,0,0,0,0,1,1,0,0,0,0,0,0,0,0,0
SK,1,1490,1998,1,0,0,0,1,2,0,0,0,0,0,0,0,0,0
SK,1,1490,1999,0,0,0,0,0,1,0,0,0,0,0,0,0,0,0
SK,1,1490,2000,1,0,0,0,0,1,0,0,0,0,0,0,0,0,0
SK,1,1490,2001,2,2,0,0,2,2,0,0,0,0,0,0,0,0,0
SK,1,1490,2002,0,2,0,0,0,0,0,0,0,0,0,0,0,0,0
SK,1,1490,2003,0,0,0,0,0,2,0,0,0,0,0,0,0,0,0
SK,1,1490,2004,0,0,0,0,2,1,0,0,0,0,0,0,0,0,0
SK,1,1490,2005,0,0,0,0,0,3,0,0,0,0,0,0,0,0,0
SK,1,1490,2006,1,0,0,0,1,3,0,0,0,0,0,0,0,0,0
SK,1,1490,2007,0,0,0,0,0,1,0,0,0,0,0,0,0,0,0
SK,1,1490,2010,0,0,0,0,2,0,0,0,0,0,0,0,0,0,0
SK,1,1490,2011,0,0,0,0,0,3,0,0,0,0,0,0,0,0,0
SK,1,1490,2013,0,0,0,0,1,0,0,0,0,0,0,0,0,0,0
SK,1,1490,2014,0,0,0,0,1,1,0,0,0,0,0,0,0,0,0
SK,1,1490,2015,0,0,0,0,1,0,0,0,0,0,0,0,0,0,0
SK,1,1490,2017,0,0,0,0,0,1,0,0,0,0,0,0,0,0,0
SK,1,1490,2018,1,1,0,0,0,0,0,0,0,0,0,0,0,0,0
SK,1,1490,2021,1,0,0,0,0,0,0,0,0,0,0,0,0,0,0
SK,1,1490,2023,0,0,0,0,5,0,0,0,0,0,0,0,0,0,0
SK,1,1490,2024,0,0,0,0,0,0,0,0,0,0,0,0,0,0,1
SK,1,1500,1982,0,0,0,0,1,1,0,0,0,0,0,0,0,0,0
SK,1,1500,1984,0,0,0,0,1,0,0,0,0,0,0,0,0,0,0
SK,1,1500,1992,0,0,0,0,0,1,0,0,0,0,0,0,0,0,0
SK,1,1500,1994,0,0,0,0,1,0,0,0,0,0,0,0,0,0,0
SK,1,1500,1995,0,0,0,0,0,1,0,0,0,0,0,0,0,0,0
SK,1,1500,1996,0,1,0,0,0,0,0,0,0,0,0,0,0,0,0
SK,1,1500,1997,0,0,0,0,1,0,0,0,0,0,0,0,0,0,0
SK,1,1500,1999,0,0,0,0,0,1,0,0,0,0,0,0,0,0,0
SK,1,1500,2000,0,1,0,0,0,0,0,0,0,0,0,0,0,0,0
SK,1,1500,2001,0,0,0,0,0,1,0,0,0,0,0,0,0,0,0
SK,1,1500,2005,0,0,0,0,1,1,0,0,0,0,0,0,0,0,0
SK,1,1500,2007,0,1,0,0,0,1,0,0,0,0,0,0,0,0,0
SK,1,1500,2010,0,0,0,0,0,1,0,0,0,0,0,0,0,0,0
SK,1,1500,2012,0,0,0,0,1,0,0,0,0,0,0,0,0,0,0
SK,1,1500,2014,0,1,0,0,0,0,0,0,0,0,0,0,0,0,0
SK,1,1500,2017,0,0,0,0,0,1,0,0,0,0,0,0,0,0,0
SK,1,1500,2018,0,0,0,0,0,1,0,0,0,0,0,0,0,0,0
SK,1,1500,2019,0,0,0,0,1,0,0,0,0,0,0,0,0,0,0
SK,1,1500,2023,0,1,0,0,0,0,0,0,0,0,0,0,0,0,0
SK,1,1510,1979,0,0,0,0,0,0,0,0,0,0,0,0,0,0,2
SK,1,1510,1998,0,0,0,0,1,0,0,0,0,0,0,0,0,0,0
SK,1,1510,2024,1,1,0,0,0,0,0,0,0,0,0,0,0,0,0
SK,1,1530,1978,0,0,0,0,1,0,0,0,0,0,0,0,0,0,0
SK,1,1530,1980,0,0,0,0,2,0,0,0,0,0,0,0,0,0,0
SK,1,1530,1988,1,0,0,0,0,0,0,0,0,0,0,0,0,0,0
SK,1,1530,1994,1,0,0,0,1,2,0,0,0,0,0,0,0,0,0
SK,1,1530,1996,0,0,0,0,1,0,0,0,0,0,0,0,0,0,0
SK,1,1530,1999,0,1,0,0,0,0,0,0,0,0,0,0,0,0,0
SK,1,1530,2004,0,0,0,0,1,0,0,0,0,0,0,0,0,0,0
SK,1,1530,2006,0,0,0,0,2,0,0,0,0,0,0,0,0,0,0
SK,1,1530,2007,1,0,0,0,1,0,0,0,0,0,0,0,0,0,0
SK,1,1530,2008,0,0,0,0,1,0,0,0,0,0,0,0,0,0,0
SK,1,1530,2010,0,2,0,0,0,0,0,0,0,0,0,0,0,0,0
SK,1,1530,2014,1,0,0,0,0,0,0,0,0,0,0,0,0,0,0
SK,1,1530,2015,0,0,0,0,1,1,0,0,0,0,0,0,0,0,0
SK,1,1530,2016,0,1,0,0,0,1,0,0,0,0,0,0,0,0,0
SK,1,1530,2017,1,0,0,0,0,1,0,0,0,0,0,0,0,0,0
SK,1,1650,2001,0,0,0,0,1,0,0,0,0,0,0,0,0,0,0
SK,1,1670,1979,0,0,0,0,0,0,0,1,0,0,0,0,0,0,0
SK,1,1670,1985,0,0,0,0,0,0,0,1,0,0,0,0,0,0,0
SK,1,1670,1986,0,0,0,0,0,0,0,1,0,0,0,0,0,0,0
SK,1,1670,1999,0,0,0,0,0,1,0,1,0,0,0,0,0,0,0
SK,1,1670,2003,0,0,0,0,0,0,0,1,0,0,0,0,0,0,0
SK,1,1670,2007,0,0,0,0,0,0,0,2,0,0,0,0,0,0,0
SK,1,1670,2016,0,0,0,0,0,0,0,1,0,0,0,0,0,0,0
SK,1,1670,2023,0,0,0,1,0,0,0,0,0,0,0,0,0,0,0
SK,1,1692,1976,0,0,0,30,0,0,0,30,0,0,0,0,0,0,4
SK,1,1692,1977,0,0,0,15,0,0,0,6,0,0,0,0,0,0,1
SK,1,1692,1978,0,0,0,13,0,0,0,9,0,0,0,0,0,0,1
SK,1,1692,1979,0,0,0,26,0,0,0,12,0,0,0,0,0,0,5
SK,1,1692,1980,0,0,0,13,0,0,0,13,0,0,0,0,0,0,6
SK,1,1692,1981,0,0,0,21,0,0,0,11,0,0,0,0,0,0,7
SK,1,1692,1982,0,0,0,23,0,0,0,10,0,0,0,0,0,0,12
SK,1,1692,1983,0,0,0,33,0,0,0,25,0,0,0,0,0,0,0
SK,1,1692,1984,0,0,0,39,0,0,0,24,0,0,0,0,0,0,0
SK,1,1692,1985,0,0,0,27,0,0,0,19,0,0,0,0,0,0,0
SK,1,1692,1986,0,0,0,29,0,0,0,17,0,0,0,0,0,0,1
SK,1,1692,1987,0,0,0,16,0,0,0,15,0,0,0,0,0,0,0
SK,1,1692,1988,0,0,0,48,0,0,0,48,0,0,0,0,0,0,0
SK,1,1692,1989,0,0,0,36,0,0,0,25,0,0,0,0,0,0,0
SK,1,1692,1990,0,0,0,35,0,0,0,26,0,0,0,0,0,0,0
SK,1,1692,1991,0,0,0,18,0,0,0,14,0,0,0,0,0,0,0
SK,1,1692,1992,0,0,0,31,0,0,0,36,0,0,0,0,0,0,0
SK,1,1692,1993,0,0,0,23,0,0,0,20,0,0,0,0,0,0,0
SK,1,1692,1994,0,0,0,31,0,0,0,4,0,0,0,0,0,0,0
SK,1,1692,1995,0,0,0,14,0,0,0,11,0,0,0,0,0,0,0
SK,1,1692,1996,0,0,0,17,0,0,0,9,0,0,0,0,0,0,0
SK,1,1692,1997,0,0,0,62,0,0,0,14,0,0,0,0,0,0,0
SK,1,1692,1998,0,0,0,57,0,0,0,26,0,0,0,0,0,0,3
SK,1,1692,1999,0,0,0,68,0,0,0,30,0,0,0,0,0,0,0
SK,1,1692,2000,0,0,0,38,0,0,0,7,0,0,0,0,0,0,0
SK,1,1692,2001,0,0,0,42,0,0,0,20,0,0,0,0,0,0,0
SK,1,1692,2002,0,0,0,45,0,0,0,11,0,0,0,0,0,0,1
SK,1,1692,2003,0,0,0,37,0,0,0,36,0,0,0,0,0,0,1
SK,1,1692,2004,0,0,0,39,0,0,0,8,0,0,0,0,0,0,0
SK,1,1692,2005,0,0,0,60,0,0,0,24,0,0,0,0,0,0,0
SK,1,1692,2006,0,0,0,52,0,0,0,38,0,0,0,0,0,0,0
SK,1,1692,2007,0,0,0,64,0,0,0,18,0,0,0,0,0,0,1
SK,1,1692,2008,0,0,0,20,0,0,0,8,0,0,0,0,0,0,1
SK,1,1692,2009,0,0,0,52,0,0,0,7,0,0,0,0,0,0,0
SK,1,1692,2010,0,0,0,50,0,0,0,22,0,0,0,0,0,0,0
SK,1,1692,2011,0,0,0,54,0,0,0,14,0,0,0,0,0,0,0
SK,1,1692,2012,0,0,0,29,0,0,0,11,0,0,0,0,0,0,0
SK,1,1692,2013,0,0,0,58,0,0,0,44,0,0,0,0,0,0,0
SK,1,1692,2014,0,0,0,43,0,0,0,17,0,0,0,0,0,0,0
SK,1,1692,2015,0,0,0,27,0,0,0,12,0,0,0,0,0,0,0
SK,1,1692,2016,0,0,0,22,0,0,0,5,0,0,0,0,0,0,0
SK,1,1692,2017,0,0,0,37,0,0,0,14,0,0,0,0,0,0,0
SK,1,1692,2018,0,0,0,32,0,0,0,4,0,0,0,0,0,0,0
SK,1,1692,2019,0,0,0,10,0,0,0,12,0,0,0,0,0,0,0
SK,1,1692,2020,0,0,0,15,0,0,0,20,0,0,0,0,0,0,0
SK,1,1692,2021,0,0,0,18,0,0,0,4,0,0,0,0,0,0,0
SK,1,1692,2022,0,0,0,9,0,0,0,9,0,0,0,0,0,0,0
SK,1,1692,2023,0,1,0,39,0,0,0,58,0,0,0,0,0,0,0
SK,1,1692,2024,0,0,0,21,0,0,0,18,0,1,0,0,0,0,0
SK,1,1693,1976,0,0,0,0,0,0,0,1,0,0,0,0,0,0,0
SK,1,1693,1977,0,0,0,1,0,0,0,0,0,0,0,0,0,0,0
SK,1,1693,1978,0,0,0,3,0,0,0,1,0,0,0,0,0,0,0
SK,1,1693,1979,0,0,0,3,0,0,0,1,0,0,0,0,0,0,0
SK,1,1693,1980,0,0,0,4,0,0,0,2,0,0,0,0,0,0,0
SK,1,1693,1981,0,0,0,1,0,0,0,1,0,0,0,0,0,0,0
SK,1,1693,1982,0,0,0,4,0,0,0,1,0,0,0,0,0,0,0
SK,1,1693,1983,0,0,0,5,0,0,0,0,0,0,0,0,0,0,0
SK,1,1693,1984,0,0,0,3,0,0,0,3,0,0,0,0,0,0,0
SK,1,1693,1985,0,0,0,4,0,0,0,1,0,0,0,0,0,0,1
SK,1,1693,1986,0,0,0,10,0,0,0,2,0,0,0,0,0,0,0
SK,1,1693,1987,0,0,0,6,0,0,0,0,0,0,0,0,0,0,0
SK,1,1693,1988,0,0,0,4,0,0,0,5,0,0,0,0,0,0,0
SK,1,1693,1989,0,0,0,2,0,0,0,1,0,0,0,0,0,0,0
SK,1,1693,1990,0,0,0,3,0,0,0,2,0,0,0,0,0,0,0
SK,1,1693,1991,0,0,0,1,0,0,0,0,0,0,0,0,0,0,0
SK,1,1693,1992,0,0,0,4,0,0,0,0,0,0,0,0,0,0,0
SK,1,1693,1993,0,0,0,2,0,0,0,2,0,0,0,0,0,0,0
SK,1,1693,1994,0,0,0,8,0,0,0,1,0,0,0,0,0,0,0
SK,1,1693,1995,0,0,0,2,0,0,0,2,0,0,0,0,0,0,0
SK,1,1693,1996,0,0,0,5,0,0,0,3,0,0,0,0,0,0,0
SK,1,1693,1997,0,0,0,17,0,0,0,3,0,0,0,0,0,0,0
SK,1,1693,1998,0,0,0,9,0,0,0,3,0,0,0,0,0,0,0
SK,1,1693,1999,0,0,0,11,0,0,0,0,0,0,0,0,0,0,0
SK,1,1693,2000,0,0,0,20,0,0,0,2,0,0,0,0,0,0,0
SK,1,1693,2001,0,0,0,10,0,0,0,9,0,0,0,0,0,0,0
SK,1,1693,2002,0,0,0,19,0,0,0,2,0,0,0,0,0,0,0
SK,1,1693,2003,0,0,0,27,0,0,0,15,0,0,0,0,0,0,0
SK,1,1693,2004,0,0,0,24,0,0,0,0,0,0,0,0,0,0,0
SK,1,1693,2005,0,0,0,22,0,0,0,6,0,0,0,0,0,0,0
SK,1,1693,2006,0,0,0,34,0,0,0,21,0,0,0,0,0,0,0
SK,1,1693,2007,0,0,0,24,0,0,0,2,0,0,0,0,0,0,0
SK,1,1693,2008,0,0,0,20,0,0,0,1,0,0,0,0,0,0,0
SK,1,1693,2009,0,0,0,28,0,0,0,3,0,0,0,0,0,0,0
SK,1,1693,2010,0,0,0,15,0,0,0,7,0,0,0,0,0,0,0
SK,1,1693,2011,0,0,0,19,0,0,0,3,0,0,0,0,0,0,0
SK,1,1693,2012,0,0,0,8,0,0,0,12,0,0,0,0,0,0,0
SK,1,1693,2013,0,0,0,32,0,0,0,30,0,0,0,0,0,0,0
SK,1,1693,2014,0,0,0,21,0,0,0,14,0,0,0,0,0,0,0
SK,1,1693,2015,0,0,0,10,0,0,0,5,0,0,0,0,0,0,0
SK,1,1693,2016,0,0,0,13,0,0,0,5,0,0,0,0,0,0,0
SK,1,1693,2017,0,0,0,13,0,0,0,7,0,0,0,0,0,0,0
SK,1,1693,2018,0,0,0,15,0,0,0,0,0,0,0,0,0,0,0
SK,1,1693,2019,0,0,0,8,0,0,0,2,0,0,0,0,0,0,0
SK,1,1693,2020,0,0,0,8,0,0,0,1,0,0,0,0,0,0,0
SK,1,1693,2021,0,1,0,8,0,0,0,1,0,0,0,0,0,0,0
SK,1,1693,2022,0,0,0,0,0,0,0,2,0,0,0,0,0,0,0
SK,1,1693,2023,0,0,0,8,0,0,0,9,0,0,0,0,0,0,0
SK,1,1693,2024,0,0,0,10,0,0,0,6,0,1,0,0,0,0,0
SK,1,1700,1976,0,0,0,4,0,0,0,2,0,0,0,0,0,0,2
SK,1,1700,1977,0,0,0,2,0,0,0,2,0,0,0,0,0,0,0
SK,1,1700,1978,0,0,0,13,0,0,0,0,0,0,0,0,0,0,0
SK,1,1700,1979,0,0,0,12,0,0,0,17,0,0,0,0,0,0,4
SK,1,1700,1980,0,0,0,3,0,0,0,5,0,0,0,0,0,0,1
SK,1,1700,1981,0,0,0,5,0,0,0,3,0,0,0,0,0,0,2
SK,1,1700,1982,0,0,0,3,0,0,0,7,0,0,0,0,0,0,2
SK,1,1700,1983,0,0,0,7,0,0,0,10,0,0,0,0,0,0,0
SK,1,1700,1984,0,0,0,7,0,0,0,7,0,0,0,0,0,0,1
SK,1,1700,1985,0,0,0,5,0,0,0,15,0,0,0,0,0,0,0
SK,1,1700,1986,0,0,0,1,0,0,0,2,0,0,0,0,0,0,0
SK,1,1700,1987,0,0,0,4,0,0,0,2,0,0,0,0,0,0,0
SK,1,1700,1988,0,0,0,6,0,0,0,2,0,0,0,0,0,0,0
SK,1,1700,1989,0,0,0,7,0,0,0,5,0,0,0,0,0,0,0
SK,1,1700,1990,0,0,0,15,0,0,0,12,0,0,0,0,0,0,0
SK,1,1700,1991,0,0,0,6,0,0,0,4,0,0,0,0,0,0,0
SK,1,1700,1992,0,0,0,9,0,0,0,1,0,0,0,0,0,0,0
SK,1,1700,1993,0,0,0,4,0,0,0,4,0,0,0,0,0,0,0
SK,1,1700,1994,0,0,0,16,0,0,0,16,0,0,0,0,0,0,0
SK,1,1700,1995,0,0,0,16,0,0,0,18,0,0,0,0,0,0,0
SK,1,1700,1996,0,0,0,24,0,0,0,36,0,0,0,0,0,0,0
SK,1,1700,1997,0,0,0,17,0,0,0,24,0,0,0,0,0,0,0
SK,1,1700,1998,0,0,0,34,0,0,0,33,0,0,0,0,0,0,0
SK,1,1700,1999,0,0,0,18,0,0,0,40,0,0,0,0,0,0,0
SK,1,1700,2000,0,0,0,9,0,0,0,7,0,0,0,0,0,0,0
SK,1,1700,2001,0,0,0,9,0,0,0,13,0,0,0,0,0,0,0
SK,1,1700,2002,0,0,0,34,0,0,0,41,0,0,0,0,0,0,0
SK,1,1700,2003,0,0,0,13,0,0,0,47,0,0,0,0,0,0,0
SK,1,1700,2004,0,0,0,14,0,0,0,8,0,0,0,0,0,0,0
SK,1,1700,2005,0,0,0,17,0,0,0,10,0,0,0,0,0,0,0
SK,1,1700,2006,0,0,0,14,0,0,0,23,0,0,0,0,0,0,0
SK,1,1700,2007,0,0,0,29,0,0,0,22,0,0,0,0,0,0,0
SK,1,1700,2008,0,0,0,10,0,0,0,13,0,0,0,0,0,0,0
SK,1,1700,2009,0,0,0,9,0,0,0,6,0,0,0,0,0,0,0
SK,1,1700,2010,0,0,0,11,0,0,0,22,0,0,0,0,0,0,0
SK,1,1700,2011,0,0,0,24,0,0,0,9,0,0,0,0,0,0,0
SK,1,1700,2012,0,0,0,5,0,0,0,17,0,0,0,0,0,0,0
SK,1,1700,2013,0,0,0,26,0,0,0,29,0,0,0,0,0,0,0
SK,1,1700,2014,0,0,0,15,0,0,0,7,0,2,0,0,0,0,0
SK,1,1700,2015,0,0,0,10,0,0,0,6,0,0,0,0,0,0,0
SK,1,1700,2016,0,0,0,11,0,0,0,4,0,0,0,0,0,0,0
SK,1,1700,2017,0,0,0,18,0,0,0,32,0,0,0,0,0,0,1
SK,1,1700,2018,0,0,0,10,0,0,0,1,0,0,0,0,0,0,0
SK,1,1700,2019,0,0,0,9,0,0,0,31,0,0,0,0,0,0,0
SK,1,1700,2020,0,0,0,11,0,0,0,23,0,0,0,0,0,0,0
SK,1,1700,2021,0,0,0,8,0,0,0,18,0,0,0,0,0,0,0
SK,1,1700,2022,0,0,0,6,0,0,0,15,0,0,0,0,0,0,0
SK,1,1700,2023,0,0,0,11,0,0,0,25,0,0,0,0,0,0,0
SK,1,1700,2024,0,0,0,16,0,0,0,22,0,0,0,0,0,0,0
SK,1,1710,1976,0,0,0,59,0,0,0,69,0,0,0,0,0,0,11
SK,1,1710,1977,0,0,0,86,0,0,0,70,0,0,0,0,0,0,22
SK,1,1710,1978,0,0,0,74,0,0,0,75,0,0,0,0,0,0,7
SK,1,1710,1979,0,0,0,100,0,0,0,93,0,0,0,0,0,0,11
SK,1,1710,1980,0,0,0,90,0,0,0,82,0,0,0,0,0,0,20
SK,1,1710,1981,0,0,0,74,0,0,0,81,0,0,0,0,0,0,14
SK,1,1710,1982,0,0,0,60,0,0,0,30,0,0,0,0,0,0,26
SK,1,1710,1983,0,0,0,78,0,0,0,98,0,0,0,0,0,0,1
SK,1,1710,1984,0,0,0,74,0,0,0,68,0,0,0,0,0,0,1
SK,1,1710,1985,0,0,0,59,0,0,0,73,0,0,0,0,0,0,0
SK,1,1710,1986,0,0,0,83,0,0,0,49,0,0,0,0,0,0,0
SK,1,1710,1987,0,0,0,71,0,0,0,58,0,0,0,0,0,0,0
SK,1,1710,1988,0,0,0,71,0,0,0,60,0,0,0,0,0,0,0
SK,1,1710,1989,0,0,0,67,0,0,0,53,0,0,0,0,0,0,0
SK,1,1710,1990,0,0,0,67,0,0,0,36,0,0,0,0,0,0,1
SK,1,1710,1991,0,0,0,103,0,0,0,49,0,0,0,0,0,0,0
SK,1,1710,1992,0,0,0,102,0,0,0,31,0,0,0,0,0,0,0
SK,1,1710,1993,0,0,0,59,0,0,0,57,0,0,0,0,0,0,1
SK,1,1710,1994,0,0,0,126,0,0,0,58,0,0,0,0,0,0,0
SK,1,1710,1995,0,0,0,85,0,0,0,79,0,0,0,0,0,0,0
SK,1,1710,1996,0,0,0,99,0,0,0,89,0,0,0,0,0,0,0
SK,1,1710,1997,0,0,0,116,0,0,0,48,0,0,0,0,0,0,0
SK,1,1710,1998,0,0,0,142,0,0,0,107,0,0,0,0,0,0,0
SK,1,1710,1999,0,0,0,88,0,0,0,65,0,0,0,0,0,0,2
SK,1,1710,2000,0,0,0,112,0,0,0,77,0,0,0,0,0,0,2
SK,1,1710,2001,0,0,0,104,0,0,0,61,0,0,0,0,0,0,0
SK,1,1710,2002,0,1,0,98,0,0,0,38,0,0,0,0,0,0,0
SK,1,1710,2003,0,0,0,60,0,0,0,93,0,0,0,0,0,0,0
SK,1,1710,2004,0,0,0,67,0,0,0,52,0,0,0,0,0,0,1
SK,1,1710,2005,0,0,0,109,0,0,0,56,0,0,0,0,0,0,0
SK,1,1710,2006,0,0,0,80,0,0,0,51,0,0,0,0,0,0,0
SK,1,1710,2007,0,0,0,109,0,0,0,40,0,0,0,0,0,0,0
SK,1,1710,2008,0,0,0,96,0,0,0,31,0,0,0,0,0,0,0
SK,1,1710,2009,0,0,0,65,0,0,0,28,0,0,0,0,0,0,0
SK,1,1710,2010,0,0,0,64,0,0,0,22,0,0,0,0,0,0,0
SK,1,1710,2011,0,0,0,42,0,0,0,26,0,0,0,0,0,0,0
SK,1,1710,2012,0,0,0,42,0,0,0,11,0,1,0,0,0,0,0
SK,1,1710,2013,0,0,0,90,0,0,0,13,0,0,0,0,0,0,0
SK,1,1710,2014,0,0,0,77,0,0,0,39,0,0,0,0,0,0,0
SK,1,1710,2015,0,0,0,48,0,1,0,22,0,1,0,0,0,0,1
SK,1,1710,2016,0,0,0,36,0,0,0,7,0,0,0,0,0,0,7
SK,1,1710,2017,0,0,0,54,0,0,0,35,0,0,0,0,0,0,0
SK,1,1710,2018,0,0,0,36,0,0,0,3,0,0,0,0,0,0,0
SK,1,1710,2019,0,0,0,27,0,0,0,17,0,0,0,0,0,0,0
SK,1,1710,2020,0,1,0,69,0,0,0,14,0,0,0,0,0,0,0
SK,1,1710,2021,0,0,0,19,0,0,0,9,0,0,0,0,0,0,1
SK,1,1710,2022,0,0,0,21,0,0,0,9,0,0,0,0,0,0,0
SK,1,1710,2023,0,0,0,46,0,0,0,33,0,0,0,0,0,0,1
SK,1,1710,2024,0,0,0,58,0,0,0,27,0,2,0,0,0,0,0
SK,1,1721,1976,0,0,0,52,0,0,0,47,0,0,0,0,0,0,4
SK,1,1721,1977,0,0,0,37,0,0,0,37,0,0,0,0,0,0,9
SK,1,1721,1978,0,0,0,50,0,0,0,10,0,0,0,0,0,0,2
SK,1,1721,1979,0,0,0,48,0,0,0,73,0,0,0,0,0,0,3
SK,1,1721,1980,0,0,0,51,0,0,0,77,0,0,0,0,0,0,18
SK,1,1721,1981,0,0,0,46,0,0,0,41,0,0,0,0,0,0,11
SK,1,1721,1982,0,0,0,53,0,0,0,33,0,0,0,0,0,0,22
SK,1,1721,1983,0,0,0,74,0,0,0,135,0,0,0,0,0,0,0
SK,1,1721,1984,0,0,0,56,0,0,0,81,0,0,0,0,0,0,4
SK,1,1721,1985,0,0,0,42,0,0,0,55,0,0,0,0,0,0,0
SK,1,1721,1986,0,0,0,46,0,0,0,16,0,0,0,0,0,0,0
SK,1,1721,1987,0,0,0,49,0,0,0,31,0,0,0,0,0,0,0
SK,1,1721,1988,0,0,0,55,0,0,0,51,0,0,0,0,0,0,0
SK,1,1721,1989,0,0,0,38,0,0,0,57,0,0,0,0,0,0,0
SK,1,1721,1990,0,0,0,47,0,0,0,29,0,0,0,0,0,0,0
SK,1,1721,1991,0,0,0,85,0,0,0,51,0,0,0,0,0,0,0
SK,1,1721,1992,0,0,0,117,0,0,0,45,0,0,0,0,0,0,0
SK,1,1721,1993,0,0,0,85,0,0,0,65,0,0,0,0,0,0,0
SK,1,1721,1994,0,0,0,84,0,0,0,61,0,0,0,0,0,0,0
SK,1,1721,1995,0,0,0,41,1,0,0,19,0,0,0,0,0,0,0
SK,1,1721,1996,0,0,0,47,0,0,0,43,0,0,0,0,0,0,0
SK,1,1721,1997,0,0,0,68,0,0,0,10,0,0,0,0,0,0,0
SK,1,1721,1998,0,0,0,56,0,0,0,32,0,0,0,0,0,0,1
SK,1,1721,1999,0,1,0,43,0,0,0,20,0,0,0,0,0,0,0
SK,1,1721,2000,0,0,0,28,0,0,0,17,0,0,0,0,0,0,0
SK,1,1721,2001,0,0,0,47,0,0,0,13,0,0,0,0,0,0,0
SK,1,1721,2002,0,0,0,39,0,0,0,14,0,0,0,0,0,0,0
SK,1,1721,2003,0,0,0,28,0,0,0,18,0,0,0,0,0,0,0
SK,1,1721,2004,0,0,0,25,0,0,0,14,0,0,0,0,0,0,0
SK,1,1721,2005,0,0,0,13,0,0,0,17,0,0,0,0,0,0,0
SK,1,1721,2006,0,0,0,22,0,0,0,13,0,0,0,0,0,0,2
SK,1,1721,2007,0,0,0,45,0,0,0,13,0,0,0,0,0,0,5
SK,1,1721,2008,0,0,0,17,0,0,0,10,0,0,0,0,0,0,0
SK,1,1721,2009,0,0,0,20,0,0,0,1,0,0,0,0,0,0,0
SK,1,1721,2010,0,0,0,19,0,0,0,15,0,2,0,0,0,0,0
SK,1,1721,2011,0,0,0,30,0,0,0,24,0,0,0,0,0,0,0
SK,1,1721,2012,0,0,0,35,0,0,0,16,0,0,0,0,0,0,0
SK,1,1721,2013,0,0,0,28,0,0,0,12,0,0,0,0,0,0,0
SK,1,1721,2014,0,0,0,18,0,0,0,1,0,0,0,0,0,0,0
SK,1,1721,2015,0,0,0,22,0,0,0,8,0,1,0,0,0,0,0
SK,1,1721,2016,0,0,0,12,0,0,0,13,0,0,0,0,0,0,0
SK,1,1721,2017,0,0,0,19,0,0,0,7,0,0,0,0,0,0,0
SK,1,1721,2018,0,0,0,13,0,0,0,1,0,0,0,0,0,0,0
SK,1,1721,2019,0,0,0,17,0,0,0,1,0,0,0,0,0,0,0
SK,1,1721,2020,0,0,0,62,0,0,0,15,0,0,0,0,0,0,0
SK,1,1721,2021,0,0,0,21,0,0,0,10,0,0,0,0,0,0,0
SK,1,1721,2022,0,0,0,28,0,0,0,4,0,0,0,0,0,0,0
SK,1,1721,2023,0,0,0,16,0,0,0,13,0,0,0,0,0,0,0
SK,1,1721,2024,0,0,0,17,0,0,0,3,0,3,0,0,0,0,0
SK,1,1722,1976,0,0,0,29,0,0,0,3,0,0,0,0,0,0,0
SK,1,1722,1977,0,0,0,40,0,0,0,15,0,0,0,0,0,0,11
SK,1,1722,1978,0,0,0,45,0,0,0,4,0,0,0,0,0,0,4
SK,1,1722,1979,0,0,0,47,0,0,0,6,0,0,0,0,0,0,5
SK,1,1722,1980,0,0,0,51,0,0,0,22,0,0,0,0,0,0,28
SK,1,1722,1981,0,0,0,91,0,0,0,8,0,0,0,0,0,0,23
SK,1,1722,1982,0,0,0,58,0,0,0,9,0,0,0,0,0,0,10
SK,1,1722,1983,0,0,0,74,0,0,0,11,0,0,0,0,0,0,0
SK,1,1722,1984,0,0,0,90,0,0,0,11,0,0,0,0,0,0,1
SK,1,1722,1985,0,0,0,40,0,0,0,12,0,0,0,0,0,0,0
SK,1,1722,1986,0,0,0,73,0,0,0,8,0,0,0,0,0,0,0
SK,1,1722,1987,0,0,0,121,0,0,0,13,0,0,0,0,0,0,0
SK,1,1722,1988,0,0,0,75,0,0,0,4,0,0,0,0,0,0,0
SK,1,1722,1989,0,0,0,77,0,0,0,16,0,0,0,0,0,0,0
SK,1,1722,1990,0,0,0,91,0,0,0,7,0,0,0,0,0,0,0
SK,1,1722,1991,0,0,0,53,0,0,0,4,0,0,0,0,0,0,0
SK,1,1722,1992,0,0,0,69,0,0,0,14,0,0,0,0,0,0,0
SK,1,1722,1993,0,0,0,78,0,0,0,13,0,0,0,0,0,0,0
SK,1,1722,1994,0,0,0,90,0,0,0,5,0,0,0,0,0,0,0
SK,1,1722,1995,0,0,0,49,0,0,0,5,0,0,0,0,0,0,0
SK,1,1722,1996,0,0,0,65,0,0,0,9,0,0,0,0,0,0,0
SK,1,1722,1997,0,0,0,95,0,0,0,13,0,0,0,0,0,0,0
SK,1,1722,1998,0,0,0,125,0,0,0,7,0,0,0,0,0,0,1
SK,1,1722,1999,0,1,0,96,0,0,0,3,0,0,0,0,0,0,0
SK,1,1722,2000,0,0,0,71,0,0,0,3,0,0,0,0,0,0,0
SK,1,1722,2001,0,0,0,79,0,0,0,1,0,0,0,0,0,0,0
SK,1,1722,2002,0,0,0,76,0,0,0,3,0,0,0,0,0,0,0
SK,1,1722,2003,0,0,0,63,0,0,0,4,0,0,0,0,0,0,3
SK,1,1722,2004,0,0,0,32,0,0,0,2,0,0,0,0,0,0,0
SK,1,1722,2005,0,0,0,79,0,0,0,8,0,0,0,0,0,0,0
SK,1,1722,2006,0,0,0,54,0,0,0,2,0,0,0,0,0,0,0
SK,1,1722,2007,0,0,0,81,0,0,0,6,0,0,1,0,0,0,4
SK,1,1722,2008,0,0,0,41,0,0,0,12,0,0,0,0,0,0,0
SK,1,1722,2009,0,0,0,67,0,0,0,2,0,0,0,0,0,0,0
SK,1,1722,2010,0,0,0,19,0,0,0,1,0,0,0,0,0,0,0
SK,1,1722,2011,0,0,0,41,0,0,0,2,0,0,0,0,0,0,0
SK,1,1722,2012,0,0,0,77,0,0,0,3,0,1,0,0,0,0,0
SK,1,1722,2013,0,0,0,56,0,0,0,4,0,0,0,0,0,0,0
SK,1,1722,2014,0,0,4,29,0,0,1,1,0,0,0,0,0,0,0
SK,1,1722,2015,0,0,0,47,0,0,0,4,0,0,0,0,0,0,1
SK,1,1722,2016,0,0,1,44,0,0,0,1,0,4,0,0,0,0,0
SK,1,1722,2017,0,0,0,32,0,0,0,3,0,4,0,0,0,0,0
SK,1,1722,2018,0,0,0,28,0,0,0,0,0,0,0,0,0,0,1
SK,1,1722,2019,0,0,0,30,0,0,0,5,0,0,0,0,0,0,0
SK,1,1722,2020,0,0,0,59,0,0,0,6,0,2,0,0,0,0,3
SK,1,1722,2021,0,0,0,40,0,0,0,1,0,0,0,0,0,0,0
SK,1,1722,2022,0,0,0,32,0,0,0,0,0,1,0,0,0,0,0
SK,1,1722,2023,0,0,0,47,0,0,0,3,0,0,0,0,0,0,0
SK,1,1722,2024,0,0,0,27,0,0,0,2,0,1,0,0,0,0,0
SK,1,1730,1984,0,0,0,2,0,0,0,2,0,0,0,0,0,0,0
SK,1,2210,2007,0,0,0,0,0,0,0,0,0,0,0,0,0,0,2
SK,1,2210,2011,0,0,0,0,1,0,0,0,0,0,0,0,0,0,0
SK,1,2210,2014,0,0,0,0,0,0,0,0,0,0,0,0,0,0,2
SK,1,2280,2012,0,0,0,0,0,1,0,0,0,0,0,0,0,0,0
SK,1,2300,2008,0,0,0,0,0,0,0,1,0,0,0,0,0,0,0
SK,1,2300,2017,0,0,0,0,0,0,0,0,0,0,0,0,0,0,1
SK,2,1290,1981,1,0,0,0,0,0,0,0,0,0,0,0,0,0,0
SK,2,1310,1978,0,0,0,0,0,0,0,1,0,0,0,0,0,0,0
SK,2,1310,1980,0,0,0,0,0,1,0,0,0,0,0,0,0,0,0
SK,2,1310,1989,0,0,0,0,0,0,0,1,0,0,0,0,0,0,0
SK,2,1310,1993,0,0,0,0,1,0,0,0,0,0,0,0,0,0,0
SK,2,1310,1994,0,0,0,0,1,0,0,0,0,0,0,0,0,0,0
SK,2,1310,2011,0,0,0,0,0,1,0,3,0,0,0,0,0,0,0
SK,2,1310,2012,0,0,0,0,0,0,0,1,0,0,0,0,0,0,0
SK,2,1320,1976,57,92,0,1,180,229,0,3,0,0,0,0,2,0,61
SK,2,1320,1977,54,95,0,0,143,166,0,6,0,0,0,3,1,0,114
SK,2,1320,1978,29,53,0,1,55,75,0,3,0,0,0,1,0,0,41
SK,2,1320,1979,48,90,0,0,135,164,0,3,0,0,0,0,0,0,74
SK,2,1320,1980,53,142,0,1,126,159,0,6,0,0,0,1,2,0,66
SK,2,1320,1981,31,44,0,1,48,59,0,1,0,0,0,1,0,0,22
SK,2,1320,1982,24,51,0,0,53,58,0,5,0,0,0,1,2,0,52
SK,2,1320,1983,16,66,0,1,91,118,0,1,0,0,0,1,2,0,7
SK,2,1320,1984,15,29,0,0,28,49,0,2,0,0,0,0,1,0,5
SK,2,1320,1985,11,23,0,1,56,66,0,0,0,0,0,0,0,0,0
SK,2,1320,1986,6,18,0,0,43,52,0,2,0,0,0,0,0,0,1
SK,2,1320,1987,18,63,0,0,47,97,0,3,0,0,0,0,1,0,0
SK,2,1320,1988,18,34,0,2,8,6,0,0,0,0,0,0,0,0,0
SK,2,1320,1989,15,22,0,0,17,48,0,2,0,0,0,0,0,0,0
SK,2,1320,1990,6,23,0,0,11,18,0,0,0,0,0,0,0,0,0
SK,2,1320,1991,2,24,0,0,7,12,0,0,0,0,0,0,0,0,0
SK,2,1320,1992,6,9,0,0,11,20,0,0,0,0,0,0,0,0,1
SK,2,1320,1993,1,16,0,0,7,14,0,0,0,0,0,0,0,0,0
SK,2,1320,1994,8,25,0,0,19,34,0,2,0,0,0,0,0,0,1
SK,2,1320,1995,3,7,0,0,23,24,0,0,0,0,0,0,0,0,0
SK,2,1320,1996,12,45,0,0,24,52,0,2,0,0,0,0,1,0,0
SK,2,1320,1997,11,16,0,1,43,34,0,2,0,0,0,0,0,0,1
SK,2,1320,1998,10,14,0,0,17,31,0,0,0,0,0,0,0,0,0
SK,2,1320,1999,5,14,0,0,13,21,0,1,0,0,0,0,0,0,0
SK,2,1320,2000,7,23,0,0,18,28,0,0,0,0,0,0,0,0,0
SK,2,1320,2001,6,14,0,0,20,30,0,0,0,0,0,0,0,0,0
SK,2,1320,2002,6,13,0,0,11,19,0,0,0,0,0,0,0,0,0
SK,2,1320,2003,0,5,0,0,4,6,0,1,0,0,0,0,0,0,0
SK,2,1320,2004,4,9,0,0,10,16,0,0,0,0,0,0,0,0,1
SK,2,1320,2005,2,11,0,0,15,30,0,0,0,0,0,0,0,0,0
SK,2,1320,2006,9,43,0,0,47,63,0,0,0,0,0,0,0,0,0
SK,2,1320,2007,7,21,0,1,21,24,0,0,0,0,0,0,0,0,0
SK,2,1320,2008,3,21,0,0,17,21,0,1,0,0,0,0,0,0,0
SK,2,1320,2009,3,13,0,0,10,25,0,0,0,0,0,0,0,0,0
SK,2,1320,2010,3,8,0,0,13,28,0,0,0,0,0,0,0,0,0
SK,2,1320,2011,7,15,0,0,11,23,0,0,0,0,0,0,0,0,0
SK,2,1320,2012,11,24,0,0,38,44,0,0,0,0,0,0,0,0,0
SK,2,1320,2013,2,5,0,0,7,23,0,1,0,0,0,0,0,0,1
SK,2,1320,2014,6,14,0,0,23,23,0,0,0,0,0,0,1,0,0
SK,2,1320,2015,1,5,0,0,4,13,0,0,0,0,0,0,0,0,0
SK,2,1320,2016,2,16,0,0,10,20,0,0,0,0,0,0,0,0,0
SK,2,1320,2017,4,8,0,0,2,10,0,0,0,0,0,0,0,0,0
SK,2,1320,2018,1,10,0,0,22,25,0,0,0,0,0,0,0,0,0
SK,2,1320,2019,2,9,0,0,5,6,0,0,0,0,0,0,0,0,0
SK,2,1320,2020,3,6,0,0,12,32,0,0,0,0,0,0,0,0,0
SK,2,1320,2021,4,7,0,0,14,26,0,0,0,0,0,0,0,0,0
SK,2,1320,2022,1,14,0,0,4,15,0,0,0,0,0,0,0,0,0
SK,2,1320,2023,16,23,0,0,32,49,0,0,0,0,0,1,0,0,0
SK,2,1320,2024,0,5,0,0,2,2,0,0,0,0,0,0,0,0,0
SK,2,1321,1979,0,0,0,1,0,0,0,0,0,0,0,0,0,0,0
SK,2,1330,1977,0,1,0,0,0,0,0,0,0,0,0,0,0,0,0
SK,2,1330,1979,0,1,0,0,0,0,0,0,0,0,0,0,0,0,0
SK,2,1330,1981,0,0,0,0,0,0,0,0,0,0,0,0,0,0,1
SK,2,1330,1985,0,0,0,0,0,0,0,0,0,0,0,0,0,0,1
SK,2,1330,2002,0,1,0,0,0,0,0,0,0,0,0,0,0,0,0
SK,2,1350,1976,7,17,0,0,19,10,0,0,0,0,0,0,0,0,4
SK,2,1350,1977,2,12,0,0,13,9,0,0,0,0,0,0,0,0,8
SK,2,1350,1978,2,3,0,0,7,6,0,0,0,0,0,0,0,0,2
SK,2,1350,1979,0,5,0,0,15,5,0,0,0,0,0,0,0,0,2
SK,2,1350,1980,7,4,0,0,5,3,0,0,0,0,0,0,0,0,7
SK,2,1350,1981,0,2,0,0,1,7,0,0,0,0,0,0,0,0,2
SK,2,1350,1982,4,4,0,0,19,5,0,0,0,0,0,0,1,0,8
SK,2,1350,1983,2,10,0,0,14,20,0,0,0,0,0,0,0,0,0
SK,2,1350,1984,1,3,0,0,5,1,0,0,0,0,0,0,0,0,0
SK,2,1350,1985,2,2,0,0,1,3,0,0,0,0,0,0,0,0,0
SK,2,1350,1986,1,2,0,0,6,8,0,0,0,0,0,0,0,0,0
SK,2,1350,1987,0,3,0,0,2,6,0,0,0,0,0,0,0,0,0
SK,2,1350,1988,0,1,0,0,1,0,0,0,0,0,0,0,0,0,0
SK,2,1350,1989,2,4,0,0,3,5,0,0,0,0,0,0,0,0,0
SK,2,1350,1990,1,0,0,0,3,2,0,0,0,0,0,0,0,0,0
SK,2,1350,1991,0,1,0,0,1,2,0,0,0,0,0,0,0,0,0
SK,2,1350,1992,0,1,0,0,1,0,0,0,0,0,0,0,0,0,0
SK,2,1350,1993,1,0,0,0,0,1,0,0,0,0,0,0,0,0,0
SK,2,1350,1994,0,1,0,0,4,4,0,1,0,0,0,0,0,0,0
SK,2,1350,1995,1,2,0,0,5,2,0,0,0,0,0,0,0,0,0
SK,2,1350,1996,0,7,0,0,1,5,0,0,0,0,0,0,0,0,0
SK,2,1350,1997,0,2,0,0,3,4,0,0,0,0,0,0,0,0,0
SK,2,1350,1998,1,4,0,0,4,2,0,0,0,0,0,0,0,0,0
SK,2,1350,1999,1,4,0,0,0,0,0,0,0,0,0,0,0,0,0
SK,2,1350,2000,0,5,0,0,1,2,0,0,0,0,0,0,0,0,0
SK,2,1350,2001,0,2,0,0,2,1,0,0,0,0,0,0,0,0,0
SK,2,1350,2003,0,0,0,0,1,1,0,0,0,0,0,0,0,0,0
SK,2,1350,2004,0,0,0,0,0,1,0,0,0,0,0,0,0,0,0
SK,2,1350,2005,0,0,0,0,1,2,0,0,0,0,0,0,0,0,0
SK,2,1350,2006,0,1,0,0,1,0,0,0,0,0,0,0,0,0,0
SK,2,1350,2007,1,0,0,0,0,0,0,0,0,0,0,0,0,0,0
SK,2,1350,2008,1,3,0,0,0,1,0,0,0,0,0,0,0,0,0
SK,2,1350,2009,0,1,0,0,0,0,0,0,0,0,0,0,0,0,0
SK,2,1350,2010,0,2,0,0,0,0,0,0,0,0,0,0,0,0,0
SK,2,1350,2011,0,2,0,0,6,4,0,0,0,0,0,0,0,0,0
SK,2,1350,2012,2,3,0,0,1,1,0,0,0,0,0,0,0,0,0
SK,2,1350,2013,0,1,0,0,2,1,0,0,0,0,0,0,0,0,0
SK,2,1350,2014,3,3,0,0,3,4,0,0,0,0,0,0,0,0,0
SK,2,1350,2015,0,1,0,0,0,1,0,0,0,0,0,0,0,0,0
SK,2,1350,2016,1,5,0,0,3,6,0,1,0,0,0,0,0,0,0
SK,2,1350,2017,1,1,0,0,4,6,0,0,0,0,0,0,0,0,0
SK,2,1350,2018,0,0,0,0,1,0,0,0,0,0,0,0,0,0,0
SK,2,1350,2019,0,1,0,0,3,0,0,0,0,0,0,0,0,0,0
SK,2,1350,2020,1,0,0,0,2,3,0,0,0,0,0,0,0,0,0
SK,2,1350,2021,1,3,0,0,0,0,0,0,0,0,0,0,0,0,0
SK,2,1350,2022,0,0,0,0,1,3,0,1,0,0,0,0,0,0,0
SK,2,1350,2023,1,3,0,0,1,3,0,0,0,0,0,0,0,0,0
SK,2,1350,2024,1,1,0,0,2,5,0,0,0,0,0,0,0,0,0
SK,2,1360,1997,0,0,0,0,0,1,0,0,0,0,0,0,0,0,0
SK,2,1370,1976,6,1,0,0,9,19,0,0,0,0,0,0,0,0,6
SK,2,1370,1977,6,9,0,0,13,11,0,0,0,0,0,0,0,0,5
SK,2,1370,1978,0,0,0,0,7,2,0,0,0,0,0,0,0,0,3
SK,2,1370,1979,1,1,0,0,7,5,0,0,0,0,0,0,0,0,1
SK,2,1370,1980,0,0,0,0,10,6,0,0,0,0,0,0,0,0,1
SK,2,1370,1981,1,0,0,0,3,1,0,0,0,0,0,0,0,0,2
SK,2,1370,1982,0,0,0,0,4,2,0,0,0,0,0,0,0,0,3
SK,2,1370,1983,0,1,0,0,5,5,0,0,0,0,0,0,0,0,0
SK,2,1370,1984,1,0,0,0,3,2,0,0,0,0,0,0,0,0,1
SK,2,1370,1985,0,1,0,0,3,1,0,0,0,0,0,0,0,0,0
SK,2,1370,1986,0,0,0,0,6,3,0,0,0,0,0,0,0,0,0
SK,2,1370,1987,0,1,0,0,8,4,0,0,0,0,0,0,0,0,0
SK,2,1370,1988,0,1,0,0,1,0,0,0,0,0,0,0,0,0,0
SK,2,1370,1989,1,1,0,0,4,5,0,0,0,0,0,0,0,0,0
SK,2,1370,1990,1,1,0,0,1,1,0,0,0,0,0,0,0,0,0
SK,2,1370,1991,0,0,0,0,1,1,0,0,0,0,0,0,0,0,0
SK,2,1370,1993,1,1,0,0,0,0,0,0,0,0,0,0,0,0,0
SK,2,1370,1994,0,0,0,0,8,2,0,0,0,0,0,0,0,0,1
SK,2,1370,1995,1,0,0,0,0,2,0,0,0,0,0,0,0,0,0
SK,2,1370,1996,0,0,0,0,6,2,0,0,0,0,0,0,0,0,0
SK,2,1370,1997,1,0,0,0,2,1,0,0,0,0,0,0,0,0,0
SK,2,1370,1998,1,1,0,0,3,3,0,0,0,0,0,0,0,0,0
SK,2,1370,1999,0,0,0,0,1,2,0,0,0,0,0,0,0,0,0
SK,2,1370,2000,1,2,0,0,0,0,0,0,0,0,0,0,0,0,0
SK,2,1370,2001,0,0,0,0,2,3,0,0,0,0,0,0,0,0,0
SK,2,1370,2002,0,0,0,0,1,0,0,0,0,0,0,0,0,0,0
SK,2,1370,2004,0,0,0,0,0,1,0,0,0,0,0,0,0,0,0
SK,2,1370,2005,2,1,0,0,1,3,0,0,0,0,0,0,0,0,0
SK,2,1370,2006,2,1,0,0,3,5,0,0,0,0,0,0,0,0,0
SK,2,1370,2007,0,1,0,0,0,1,0,0,0,0,0,0,0,0,0
SK,2,1370,2008,0,0,0,0,1,0,0,0,0,0,0,0,0,0,0
SK,2,1370,2009,0,0,0,0,0,1,0,0,0,0,0,0,0,0,0
SK,2,1370,2012,2,1,0,0,4,4,0,0,0,0,0,0,0,0,0
SK,2,1370,2013,1,0,0,0,0,0,0,0,0,0,0,0,0,0,0
SK,2,1370,2015,1,0,0,0,0,0,0,0,0,0,0,0,0,0,0
SK,2,1370,2016,0,0,0,0,0,4,0,0,0,0,0,0,0,0,0
SK,2,1370,2018,0,0,0,0,1,0,0,0,0,0,0,0,0,0,0
SK,2,1370,2019,0,0,0,0,1,3,0,0,0,0,0,0,0,0,0
SK,2,1370,2020,0,1,0,0,1,1,0,0,0,0,0,0,0,0,0
SK,2,1370,2021,0,0,0,0,1,2,0,0,0,0,0,0,0,0,0
SK,2,1370,2022,0,0,0,0,2,0,0,0,0,0,0,0,0,0,0
SK,2,1370,2023,0,1,0,0,4,3,0,0,0,0,0,0,0,0,0
SK,2,1370,2024,0,0,0,0,0,1,0,0,0,0,0,0,0,0,0
SK,2,1390,1976,3,0,0,0,5,3,0,1,0,0,0,0,0,0,1
SK,2,1390,1977,1,0,0,1,5,3,0,0,0,0,0,0,0,0,1
SK,2,1390,1978,0,0,0,0,2,3,0,0,0,0,0,0,0,0,0
SK,2,1390,1979,3,0,0,0,6,3,0,0,0,0,0,0,3,0,5
SK,2,1390,1980,1,0,0,0,6,5,0,0,0,0,0,0,0,0,1
SK,2,1390,1981,2,0,0,0,5,3,0,1,0,0,0,0,0,0,0
SK,2,1390,1982,0,0,0,0,1,0,0,0,0,0,0,0,0,0,0
SK,2,1390,1983,0,0,0,0,4,1,0,0,0,0,0,0,0,0,1
SK,2,1390,1984,1,0,0,0,4,0,0,0,0,0,0,0,0,0,1
SK,2,1390,1985,1,0,0,0,1,2,0,0,0,0,0,0,0,0,0
SK,2,1390,1986,2,0,0,0,6,2,0,0,0,0,0,0,0,0,0
SK,2,1390,1987,2,0,0,0,1,1,0,0,0,0,0,0,0,0,0
SK,2,1390,1988,0,0,0,0,2,0,0,0,0,0,0,0,0,0,0
SK,2,1390,1989,0,0,0,0,2,3,0,0,0,0,0,0,0,0,0
SK,2,1390,1990,0,0,0,0,2,0,0,0,0,0,0,0,0,0,0
SK,2,1390,1991,0,0,0,0,1,1,0,0,0,0,0,0,0,0,0
SK,2,1390,1992,0,0,0,0,1,0,0,0,0,0,0,0,0,0,0
SK,2,1390,1993,1,0,0,0,1,0,0,0,0,0,0,0,0,0,0
SK,2,1390,1994,0,0,0,0,0,2,0,0,0,0,0,0,0,0,0
SK,2,1390,1995,1,0,0,0,0,2,0,0,0,0,0,0,0,0,0
SK,2,1390,1996,2,0,0,0,10,1,0,0,0,0,0,0,0,0,0
SK,2,1390,1997,0,0,0,0,0,1,0,0,0,0,0,0,0,0,0
SK,2,1390,1998,0,2,0,0,5,2,0,0,0,0,0,0,0,0,0
SK,2,1390,2000,0,0,0,0,1,1,0,0,0,0,0,0,0,0,0
SK,2,1390,2001,2,0,0,0,2,2,0,0,0,0,0,0,0,0,0
SK,2,1390,2002,1,0,0,0,5,2,0,0,0,0,0,0,0,0,1
SK,2,1390,2003,0,1,0,0,0,1,0,0,0,0,0,0,0,0,0
SK,2,1390,2005,0,1,0,0,1,0,0,0,0,0,0,0,0,0,0
SK,2,1390,2006,0,1,0,0,3,2,0,0,0,0,0,0,0,0,0
SK,2,1390,2007,0,0,0,0,2,2,0,0,0,0,0,0,0,0,1
SK,2,1390,2008,0,0,0,0,1,2,0,0,0,0,0,0,0,0,0
SK,2,1390,2009,0,0,0,0,1,0,0,0,0,0,0,0,0,0,0
SK,2,1390,2010,0,0,0,0,1,0,0,0,0,0,0,0,0,0,0
SK,2,1390,2011,0,0,0,0,1,2,0,0,0,0,0,0,0,0,0
SK,2,1390,2012,1,0,0,0,2,3,0,1,0,0,0,0,0,0,0
SK,2,1390,2014,0,0,0,0,2,3,0,0,0,0,0,0,0,0,0
SK,2,1390,2015,0,0,0,0,1,1,0,0,0,0,0,0,0,0,0
SK,2,1390,2016,0,0,0,0,3,1,0,0,0,0,0,0,0,0,0
SK,2,1390,2017,0,1,0,0,1,2,0,0,0,0,0,0,0,0,0
SK,2,1390,2018,1,0,0,0,1,6,0,0,0,0,0,0,0,0,0
SK,2,1390,2019,0,0,0,0,1,2,0,0,0,0,0,0,0,0,0
SK,2,1390,2020,0,0,0,0,1,0,0,0,0,0,0,0,0,0,0
SK,2,1390,2021,0,1,0,0,1,0,0,0,0,0,0,0,0,0,0
SK,2,1390,2022,0,1,0,0,5,3,0,0,0,0,0,0,0,0,0
SK,2,1390,2023,1,1,0,0,0,1,0,0,0,0,0,0,0,0,0
SK,2,1390,2024,1,0,0,0,2,3,0,0,0,0,0,0,0,0,0
SK,2,1400,1976,3,1,0,0,10,12,0,0,0,0,0,0,0,0,3
SK,2,1400,1977,2,2,0,0,11,16,0,0,0,0,0,0,0,0,5
SK,2,1400,1978,0,0,0,0,5,1,0,0,0,0,0,0,1,0,0
SK,2,1400,1979,1,2,0,0,10,12,0,0,0,0,0,0,0,0,0
SK,2,1400,1980,1,0,0,0,9,5,0,0,0,0,0,0,0,0,2
SK,2,1400,1981,1,2,0,0,0,2,0,0,0,0,0,0,0,0,0
SK,2,1400,1982,0,0,0,0,1,0,0,0,0,0,0,0,0,0,0
SK,2,1400,1983,6,9,0,0,4,5,0,0,0,0,0,1,0,0,0
SK,2,1400,1984,2,3,0,0,0,3,0,0,0,0,0,0,0,0,0
SK,2,1400,1985,0,1,0,0,1,2,0,0,0,0,0,0,0,0,0
SK,2,1400,1986,2,1,0,0,3,4,0,0,0,0,0,0,0,0,0
SK,2,1400,1987,0,0,0,0,3,2,0,0,0,0,0,0,0,0,0
SK,2,1400,1988,1,0,0,0,0,1,0,0,0,0,0,0,0,0,0
SK,2,1400,1989,0,0,0,0,5,5,0,0,0,0,0,1,0,0,0
SK,2,1400,1990,0,2,0,0,2,1,0,0,0,0,0,0,0,0,0
SK,2,1400,1991,0,0,0,0,4,1,0,0,0,0,0,0,0,0,0
SK,2,1400,1992,0,0,0,0,0,1,0,0,0,0,0,0,0,0,0
SK,2,1400,1993,0,2,0,0,2,0,0,0,0,0,0,0,0,0,0
SK,2,1400,1994,0,0,0,0,2,3,0,0,0,0,0,0,0,0,0
SK,2,1400,1995,0,0,0,0,3,5,0,0,0,0,0,0,0,0,0
SK,2,1400,1996,2,0,0,0,3,5,0,0,0,0,0,0,0,0,0
SK,2,1400,1997,0,0,0,0,1,1,0,0,0,0,0,0,0,0,0
SK,2,1400,1998,4,3,0,0,6,8,0,0,0,0,0,0,0,0,0
SK,2,1400,1999,0,1,0,0,7,2,0,0,0,0,0,0,0,0,0
SK,2,1400,2000,0,0,0,0,2,4,0,0,0,0,0,0,1,0,0
SK,2,1400,2001,1,0,0,0,1,2,0,0,0,0,0,0,0,0,0
SK,2,1400,2002,0,0,0,0,3,0,0,0,0,0,0,0,0,0,0
SK,2,1400,2003,0,0,0,0,2,2,0,0,0,0,0,0,0,0,0
SK,2,1400,2004,1,0,0,0,4,3,0,0,0,0,0,0,0,0,0
SK,2,1400,2005,1,0,0,0,7,6,0,0,0,0,0,0,0,0,0
SK,2,1400,2006,0,0,0,0,2,3,0,0,0,0,0,0,0,0,0
SK,2,1400,2007,0,0,0,0,9,3,0,0,0,0,0,0,0,0,0
SK,2,1400,2008,1,0,0,0,2,6,0,0,0,0,0,0,0,0,0
SK,2,1400,2009,1,0,0,0,0,0,0,0,0,0,0,0,0,0,0
SK,2,1400,2010,1,0,0,0,3,1,0,0,0,0,0,0,0,0,0
SK,2,1400,2011,0,2,0,0,5,0,0,0,0,0,0,0,0,0,0
SK,2,1400,2012,1,0,0,0,11,8,0,0,0,0,0,0,0,0,0
SK,2,1400,2013,0,0,0,0,3,3,0,0,0,0,0,0,0,0,0
SK,2,1400,2014,7,2,0,0,6,15,0,0,0,0,0,0,1,0,0
SK,2,1400,2015,0,0,0,0,4,5,0,0,0,0,0,0,0,0,0
SK,2,1400,2016,0,1,0,0,6,7,0,0,0,0,0,0,0,0,0
SK,2,1400,2017,1,1,0,0,3,3,0,0,0,0,0,0,0,0,0
SK,2,1400,2018,0,1,0,0,3,8,0,0,0,0,0,0,0,0,0
SK,2,1400,2019,1,0,0,0,5,3,0,0,0,0,0,0,1,0,0
SK,2,1400,2020,0,2,0,0,5,0,0,0,0,0,0,0,0,0,0
SK,2,1400,2021,0,1,0,0,5,4,0,0,0,0,0,0,0,0,0
SK,2,1400,2022,0,0,0,0,3,4,0,0,0,1,0,0,0,0,0
SK,2,1400,2023,0,0,0,0,10,2,0,0,0,0,0,0,0,0,0
SK,2,1400,2024,2,0,0,0,0,0,0,0,0,0,0,0,0,0,0
SK,2,1420,1976,1,0,0,0,3,6,0,0,0,0,0,1,0,0,1
SK,2,1420,1977,1,0,0,0,8,3,0,0,0,0,0,0,0,0,1
SK,2,1420,1978,0,0,0,0,4,4,0,0,0,0,0,1,0,0,0
SK,2,1420,1979,2,1,0,0,3,10,0,0,0,0,0,0,0,0,1
SK,2,1420,1980,0,1,0,0,3,7,0,0,0,0,0,0,0,0,3
SK,2,1420,1981,1,0,0,0,0,0,0,0,0,0,0,0,0,0,1
SK,2,1420,1982,0,0,0,0,1,5,0,0,0,0,0,0,0,0,4
SK,2,1420,1983,1,5,0,0,9,4,0,0,0,0,0,0,1,0,0
SK,2,1420,1984,1,1,0,0,2,3,0,0,0,0,0,0,0,0,0
SK,2,1420,1985,0,0,0,0,1,8,0,0,0,0,0,0,0,0,0
SK,2,1420,1986,1,0,0,0,3,2,0,0,0,0,0,0,0,0,0
SK,2,1420,1987,0,0,0,0,2,2,0,0,0,0,0,0,0,0,0
SK,2,1420,1988,2,0,0,0,0,2,0,0,0,0,0,0,0,0,0
SK,2,1420,1989,0,1,0,0,1,1,0,0,0,0,0,0,0,0,0
SK,2,1420,1991,0,0,0,0,1,0,0,0,0,0,0,0,0,0,0
SK,2,1420,1992,0,2,0,0,1,1,0,0,0,0,0,0,0,0,0
SK,2,1420,1994,0,0,0,0,0,3,0,0,0,0,0,0,0,0,0
SK,2,1420,1995,0,0,0,0,0,4,0,0,0,0,0,0,0,0,0
SK,2,1420,1996,0,0,0,0,0,2,0,0,0,0,0,0,1,0,0
SK,2,1420,1997,0,0,0,0,1,2,0,0,0,0,0,0,0,0,0
SK,2,1420,1999,0,0,0,0,0,2,0,0,0,0,0,0,0,0,0
SK,2,1420,2000,0,0,0,0,3,2,0,0,0,0,0,0,0,0,0
SK,2,1420,2001,2,0,0,0,6,0,0,0,0,0,0,0,0,0,0
SK,2,1420,2003,0,1,0,0,2,3,0,1,0,0,0,0,0,0,0
SK,2,1420,2005,0,1,0,0,7,3,0,0,0,0,0,0,0,0,0
SK,2,1420,2006,0,0,0,0,4,4,0,0,0,0,0,0,0,0,0
SK,2,1420,2007,0,0,0,0,2,2,0,0,0,0,0,0,0,0,0
SK,2,1420,2010,0,2,0,0,0,1,0,0,0,0,0,0,0,0,0
SK,2,1420,2011,0,0,0,0,3,4,0,0,0,0,0,0,0,0,0
SK,2,1420,2012,0,0,0,0,2,6,0,0,0,0,0,0,0,0,0
SK,2,1420,2013,1,0,0,0,0,1,0,0,0,0,0,0,0,0,0
SK,2,1420,2014,0,0,0,0,1,2,0,0,0,0,0,0,0,0,0
SK,2,1420,2015,0,0,0,0,0,3,0,0,0,0,0,0,0,0,0
SK,2,1420,2016,0,0,0,0,0,3,0,0,0,0,0,0,0,0,0
SK,2,1420,2018,0,0,0,0,3,0,0,0,0,0,0,0,0,0,0
SK,2,1420,2019,0,0,0,0,0,1,0,0,0,0,0,0,0,0,0
SK,2,1420,2020,0,0,0,0,2,0,0,0,0,0,0,0,0,0,0
SK,2,1420,2021,1,0,0,0,0,0,0,0,0,0,0,0,0,0,0
SK,2,1420,2022,0,3,0,0,1,0,0,0,0,0,0,0,0,0,0
SK,2,1420,2023,0,0,0,0,2,0,0,0,0,0,0,0,0,0,0
SK,2,1420,2024,0,0,0,0,0,1,0,0,0,0,0,0,0,0,0
SK,2,1430,1976,0,1,0,0,12,13,0,0,0,0,0,0,0,0,1
SK,2,1430,1977,3,0,0,0,8,10,0,0,0,0,0,0,0,0,2
SK,2,1430,1978,1,0,0,0,1,3,0,0,0,0,0,0,0,0,0
SK,2,1430,1979,2,0,0,0,13,11,0,1,0,0,0,0,0,0,1
SK,2,1430,1980,0,3,0,0,9,6,0,0,0,0,0,0,0,0,4
SK,2,1430,1981,1,0,0,0,1,0,0,0,0,0,0,0,0,0,0
SK,2,1430,1982,2,0,0,0,1,2,0,0,0,0,0,0,0,0,0
SK,2,1430,1983,1,1,0,0,3,8,0,0,0,0,0,0,0,0,0
SK,2,1430,1984,0,1,0,0,5,5,0,0,0,0,0,0,0,0,0
SK,2,1430,1985,0,0,0,0,5,4,0,0,0,0,0,0,0,0,0
SK,2,1430,1986,0,0,0,0,3,4,0,0,0,0,0,1,0,0,0
SK,2,1430,1987,2,0,0,0,5,1,0,0,0,0,0,0,0,0,0
SK,2,1430,1988,1,1,0,0,3,2,0,0,0,0,0,0,0,0,0
SK,2,1430,1989,0,1,0,0,3,3,0,0,0,0,0,0,0,0,0
SK,2,1430,1990,0,0,0,0,1,4,0,0,0,0,0,0,0,0,0
SK,2,1430,1991,0,0,0,0,0,1,0,0,0,0,0,0,0,0,0
SK,2,1430,1992,1,0,0,0,0,0,0,0,0,0,0,0,0,0,0
SK,2,1430,1993,0,0,0,0,0,2,0,0,0,0,0,0,0,0,0
SK,2,1430,1994,0,2,0,0,0,1,0,0,0,0,0,0,0,0,0
SK,2,1430,1995,0,0,0,0,1,1,0,0,0,0,0,0,0,0,0
SK,2,1430,1996,1,2,0,0,3,3,0,0,0,0,0,0,0,0,0
SK,2,1430,1997,0,0,0,0,7,3,0,0,0,0,0,0,0,0,0
SK,2,1430,1998,0,3,0,0,1,2,0,0,0,0,0,0,0,0,0
SK,2,1430,1999,2,2,0,0,4,0,0,0,0,0,0,0,0,0,0
SK,2,1430,2000,2,3,0,0,1,3,0,0,0,0,0,0,0,0,0
SK,2,1430,2001,0,1,0,0,2,0,0,0,0,0,0,0,0,0,0
SK,2,1430,2002,0,0,0,0,1,5,0,0,0,0,0,0,0,0,0
SK,2,1430,2003,0,1,0,0,0,0,0,0,0,0,0,0,0,0,0
SK,2,1430,2004,1,1,0,0,3,7,0,0,0,0,0,0,0,0,0
SK,2,1430,2005,0,0,0,0,0,4,0,0,0,0,0,0,0,0,0
SK,2,1430,2006,2,1,0,0,6,4,0,0,0,0,0,0,0,0,0
SK,2,1430,2007,0,1,0,0,2,5,0,0,0,0,0,0,0,0,0
SK,2,1430,2008,2,1,0,0,1,1,0,0,0,0,0,0,0,0,0
SK,2,1430,2009,3,0,0,0,0,1,0,0,0,0,0,0,0,0,0
SK,2,1430,2010,0,0,0,0,1,1,0,0,0,0,0,0,0,0,0
SK,2,1430,2011,0,1,0,0,4,4,0,0,0,0,0,0,0,0,0
SK,2,1430,2012,2,0,0,0,5,8,0,0,0,0,0,0,0,0,0
SK,2,1430,2013,0,0,0,0,1,0,0,0,0,0,0,0,0,0,0
SK,2,1430,2014,0,1,0,0,4,3,0,0,0,0,0,0,0,0,0
SK,2,1430,2015,0,2,0,0,1,1,0,0,0,0,0,0,0,0,0
SK,2,1430,2016,0,0,0,0,5,1,0,0,0,0,0,0,0,0,0
SK,2,1430,2017,0,0,0,0,1,1,0,0,0,0,0,0,0,0,0
SK,2,1430,2018,0,3,0,0,3,1,0,0,0,0,0,0,0,0,0
SK,2,1430,2019,0,0,0,0,1,1,0,0,0,0,0,0,0,0,0
SK,2,1430,2020,2,0,0,0,3,3,0,0,0,0,0,0,0,0,0
SK,2,1430,2021,3,0,0,0,1,4,0,0,0,0,0,0,0,0,0
SK,2,1430,2022,0,2,0,0,3,2,0,0,0,0,0,0,0,0,0
SK,2,1430,2023,7,0,0,0,14,18,0,0,0,0,0,0,0,0,0
SK,2,1430,2024,0,0,0,0,0,1,0,0,0,0,0,0,0,0,0
SK,2,1440,2009,0,0,0,0,1,0,0,0,0,0,0,0,0,0,0
SK,2,1440,2016,0,2,0,0,0,0,0,0,0,0,0,0,0,0,0
SK,2,1440,2021,0,1,0,0,1,1,0,0,0,0,0,0,0,0,0
SK,2,1440,2023,0,0,0,0,1,0,0,0,0,0,0,0,0,0,0
SK,2,1460,1976,2,1,0,0,2,0,0,0,0,0,0,0,0,0,1
SK,2,1460,1977,0,0,0,0,0,0,0,0,0,0,0,0,0,0,1
SK,2,1460,1978,0,1,0,0,1,2,0,0,0,0,0,0,0,0,1
SK,2,1460,1979,0,0,0,0,6,5,0,0,0,0,0,0,0,0,1
SK,2,1460,1980,1,1,0,0,1,4,0,0,0,0,0,0,0,0,0
SK,2,1460,1981,0,1,0,0,0,0,0,0,0,0,0,0,0,0,0
SK,2,1460,1982,0,0,0,0,1,0,0,0,0,0,0,0,0,0,1
SK,2,1460,1983,0,1,0,0,3,6,0,0,0,0,0,0,0,0,0
SK,2,1460,1985,2,0,0,0,3,0,0,0,0,0,0,0,0,0,0
SK,2,1460,1986,0,0,0,0,2,0,0,0,0,0,0,0,0,0,0
SK,2,1460,1989,0,0,0,0,1,1,0,0,0,0,0,0,0,0,0
SK,2,1460,1990,0,0,0,0,0,1,0,0,0,0,0,0,0,0,0
SK,2,1460,1994,0,0,0,0,0,1,0,0,0,0,0,0,0,0,0
SK,2,1460,1995,0,0,0,0,1,0,0,0,0,0,0,0,0,0,0
SK,2,1460,1999,1,1,0,0,0,0,0,0,0,0,0,0,0,0,0
SK,2,1460,2000,0,0,0,0,0,1,0,1,0,0,0,0,0,0,0
SK,2,1460,2005,0,0,0,0,0,1,0,0,0,0,0,0,0,0,0
SK,2,1460,2006,0,1,0,0,1,1,0,0,0,0,0,0,0,0,0
SK,2,1460,2007,0,0,0,0,0,1,0,0,0,0,0,0,0,0,0
SK,2,1460,2008,0,0,0,0,1,0,0,0,0,0,0,0,0,0,0
SK,2,1460,2010,1,0,0,0,0,0,0,0,0,0,0,0,0,0,0
SK,2,1460,2011,0,0,0,0,2,0,0,0,0,0,0,0,0,0,0
SK,2,1460,2012,0,2,0,0,2,0,0,0,0,0,0,0,0,0,0
SK,2,1460,2014,0,0,0,0,0,2,0,0,0,0,0,0,0,0,0
SK,2,1460,2023,0,0,0,0,0,2,0,0,0,0,0,0,0,0,0
SK,2,1470,1976,0,1,0,0,1,0,0,0,0,0,0,0,0,0,0
SK,2,1470,1977,0,0,0,0,0,1,0,0,0,0,0,0,0,0,0
SK,2,1470,1978,0,0,0,0,0,2,0,0,0,0,0,0,0,0,0
SK,2,1470,1979,0,0,0,0,0,5,0,0,0,0,0,0,0,0,0
SK,2,1470,1980,0,0,0,0,0,1,0,0,0,0,0,0,0,0,0
SK,2,1470,1981,0,0,0,0,0,2,0,0,0,0,0,0,0,0,0
SK,2,1470,1982,0,0,0,0,0,0,0,0,0,0,0,0,0,0,1
SK,2,1470,1983,0,0,0,0,1,1,0,0,0,0,0,0,0,0,0
SK,2,1470,1984,1,2,0,0,0,1,0,0,0,0,0,0,0,0,0
SK,2,1470,1985,0,1,0,0,5,1,0,0,0,0,0,0,0,0,0
SK,2,1470,1986,0,0,0,0,2,1,0,0,0,0,0,0,0,0,0
SK,2,1470,1987,1,1,0,0,0,0,0,0,0,0,0,0,0,0,0
SK,2,1470,1988,0,1,0,0,0,0,0,0,0,0,0,0,0,0,0
SK,2,1470,1989,0,1,0,0,0,0,0,0,0,0,0,0,0,0,0
SK,2,1470,1990,0,0,0,0,0,1,0,0,0,0,0,0,0,0,0
SK,2,1470,1996,0,1,0,0,1,3,0,0,0,0,0,0,0,0,0
SK,2,1470,2005,0,0,0,0,2,1,0,0,0,0,0,0,0,0,0
SK,2,1470,2012,0,0,0,0,1,1,0,0,0,0,0,0,0,0,0
SK,2,1470,2014,0,1,0,0,0,0,0,0,0,0,0,0,0,0,0
SK,2,1470,2019,0,0,0,0,0,1,0,0,0,0,0,0,0,0,0
SK,2,1470,2022,0,1,0,0,0,0,0,0,0,0,0,0,0,0,0
SK,2,1470,2024,0,2,0,0,0,1,0,0,0,0,0,0,0,0,0
SK,2,1480,1976,0,1,0,0,0,0,0,0,0,0,0,0,0,0,0
SK,2,1480,1987,0,0,0,0,1,0,0,0,0,0,0,0,0,0,0
SK,2,1490,1976,2,5,0,0,9,11,0,0,0,0,0,0,0,0,7
SK,2,1490,1977,3,1,0,0,0,0,0,0,0,0,0,0,0,0,1
SK,2,1490,1978,2,1,0,0,4,3,0,0,0,0,0,0,0,0,1
SK,2,1490,1979,0,4,0,0,1,3,0,0,0,0,0,0,0,0,1
SK,2,1490,1980,2,0,0,0,1,1,0,0,0,0,0,0,0,0,0
SK,2,1490,1981,0,1,0,0,0,2,0,0,0,0,0,0,0,0,1
SK,2,1490,1982,1,0,0,0,5,3,0,0,0,0,0,0,0,0,0
SK,2,1490,1983,9,4,0,0,16,12,0,0,0,0,0,0,0,0,0
SK,2,1490,1984,2,4,0,0,4,6,0,0,0,0,0,0,0,0,0
SK,2,1490,1985,0,0,0,0,0,2,0,0,0,0,0,0,0,0,0
SK,2,1490,1986,0,0,0,0,1,3,0,0,0,0,0,0,0,0,0
SK,2,1490,1987,0,1,0,0,4,2,0,0,0,0,0,0,0,0,0
SK,2,1490,1988,3,17,0,0,0,0,0,0,0,0,0,0,0,0,0
SK,2,1490,1989,0,0,0,0,2,2,0,0,0,0,0,0,0,0,0
SK,2,1490,1990,0,0,0,0,0,3,0,0,0,0,0,0,0,0,0
SK,2,1490,1991,1,0,0,0,0,0,0,0,0,0,0,0,0,0,0
SK,2,1490,1992,0,1,0,0,0,0,0,0,0,0,0,0,0,0,0
SK,2,1490,1993,0,0,0,0,2,1,0,0,0,0,0,0,0,0,0
SK,2,1490,1994,0,0,0,0,5,7,0,0,0,0,0,0,0,0,0
SK,2,1490,1995,0,1,0,0,0,0,0,0,0,0,0,0,0,0,0
SK,2,1490,1996,0,0,0,0,0,0,0,0,0,0,0,1,0,0,0
SK,2,1490,1998,0,1,0,0,1,2,0,0,0,0,0,0,0,0,0
SK,2,1490,1999,1,1,0,0,0,5,0,0,0,0,0,0,0,0,0
SK,2,1490,2001,0,0,0,0,0,1,0,0,0,0,0,0,0,0,0
SK,2,1490,2002,1,0,0,0,0,2,0,0,0,0,0,0,0,0,0
SK,2,1490,2003,0,0,0,0,0,1,0,0,0,0,0,0,0,0,0
SK,2,1490,2005,0,0,0,0,0,1,0,0,0,0,0,0,0,0,0
SK,2,1490,2007,1,2,0,0,0,0,0,0,0,0,0,0,0,0,0
SK,2,1490,2010,0,0,0,0,0,2,0,0,0,0,0,0,0,0,0
SK,2,1490,2011,0,1,0,0,0,1,0,0,0,0,0,0,0,0,0
SK,2,1490,2012,0,1,0,0,0,0,0,0,0,0,0,0,0,0,0
SK,2,1490,2016,1,0,0,0,1,0,0,0,0,0,0,0,0,0,0
SK,2,1490,2019,0,0,0,0,0,0,0,0,0,0,0,0,1,0,0
SK,2,1490,2021,1,1,0,0,0,0,0,0,0,0,0,0,0,0,0
SK,2,1490,2023,1,0,0,0,0,1,0,0,0,0,0,0,0,0,0
SK,2,1500,1976,0,0,0,0,0,0,0,2,0,0,0,0,0,0,0
SK,2,1500,1979,0,0,0,0,1,0,0,1,0,0,0,0,0,0,1
SK,2,1500,1980,1,0,0,0,1,0,0,0,0,0,0,0,0,0,2
SK,2,1500,1982,1,0,0,0,1,1,0,0,0,0,0,0,0,0,0
SK,2,1500,1983,0,0,0,0,0,1,0,0,0,0,0,0,0,0,0
SK,2,1500,1987,1,0,0,0,0,0,0,0,0,0,0,0,0,0,0
SK,2,1500,1990,0,0,0,0,0,1,0,0,0,0,0,0,0,0,0
SK,2,1500,1993,0,0,0,0,1,0,0,0,0,0,0,0,0,0,0
SK,2,1500,1994,0,2,0,0,7,1,0,0,0,0,0,0,0,0,0
SK,2,1500,1995,0,0,0,0,1,0,0,0,0,0,0,0,0,0,0
SK,2,1500,1996,0,0,0,0,0,1,0,0,0,0,0,0,0,0,0
SK,2,1500,1999,0,0,0,0,1,1,0,0,0,0,0,0,0,0,0
SK,2,1500,2001,0,0,0,0,2,0,0,0,0,0,0,0,0,0,0
SK,2,1500,2004,0,0,0,0,0,0,0,0,0,0,0,0,1,0,0
SK,2,1500,2006,0,0,0,0,1,1,0,0,0,0,0,0,0,0,0
SK,2,1500,2008,1,0,0,0,0,1,0,0,0,0,0,0,0,0,0
SK,2,1500,2010,1,0,0,0,1,0,0,0,0,0,0,0,0,0,0
SK,2,1500,2012,1,0,0,0,2,1,0,0,0,0,0,0,0,0,0
SK,2,1500,2015,0,0,0,0,0,1,0,0,0,0,0,0,0,0,0
SK,2,1500,2016,0,1,0,0,1,0,0,0,0,0,0,0,0,0,0
SK,2,1500,2018,0,0,0,0,1,0,0,0,0,0,0,0,0,0,0
SK,2,1510,1976,0,0,0,0,1,1,0,0,0,0,0,0,0,0,0
SK,2,1510,1978,1,0,0,0,1,0,0,0,0,0,0,0,0,0,0
SK,2,1510,1979,1,0,0,0,1,0,0,0,0,0,0,0,0,0,0
SK,2,1510,1980,0,0,0,0,0,1,0,0,0,0,0,0,0,0,1
SK,2,1510,1981,0,0,0,0,0,1,0,0,0,0,0,0,0,0,0
SK,2,1510,1982,0,1,0,0,0,0,0,0,0,0,0,0,0,0,0
SK,2,1510,1983,0,0,0,0,2,1,0,0,0,0,0,0,0,0,0
SK,2,1510,1984,0,0,0,0,0,3,0,0,0,0,0,0,0,0,0
SK,2,1510,1989,0,1,0,0,1,0,0,0,0,0,0,0,0,0,0
SK,2,1510,1994,0,0,0,0,2,0,0,0,0,0,0,0,0,0,0
SK,2,1510,1996,0,0,0,0,0,1,0,0,0,0,0,0,0,0,0
SK,2,1510,1999,2,3,0,0,0,1,0,0,0,0,0,0,0,0,0
SK,2,1510,2006,0,0,0,0,0,1,0,0,0,0,0,0,0,0,0
SK,2,1510,2007,0,0,0,0,1,0,0,0,0,0,0,0,0,0,0
SK,2,1510,2013,0,2,0,0,1,0,0,0,0,0,0,0,0,0,0
SK,2,1510,2014,0,0,0,0,0,3,0,0,0,0,0,0,0,0,0
SK,2,1510,2016,0,1,0,0,0,0,0,0,0,0,0,0,0,0,0
SK,2,1510,2021,0,1,0,0,0,0,0,0,0,0,0,0,0,0,0
SK,2,1530,1976,0,0,0,0,0,0,0,2,0,0,0,0,0,0,0
SK,2,1530,1978,0,0,0,0,0,1,0,0,0,0,0,0,0,0,0
SK,2,1530,1979,0,3,0,0,1,3,0,0,0,0,0,0,0,0,0
SK,2,1530,1980,0,0,0,0,1,0,0,0,0,0,0,0,0,0,3
SK,2,1530,1981,0,1,0,0,0,0,0,0,0,0,0,0,0,0,1
SK,2,1530,1984,0,0,0,0,0,1,0,0,0,0,0,0,0,0,0
SK,2,1530,1987,0,0,0,0,2,0,0,0,0,0,0,0,0,0,0
SK,2,1530,1989,1,0,0,0,0,0,0,0,0,0,0,0,0,0,0
SK,2,1530,1990,0,2,0,0,0,0,0,0,0,0,0,0,0,0,0
SK,2,1530,1991,1,0,0,0,0,4,0,0,0,0,0,0,0,0,0
SK,2,1530,1994,0,2,0,0,6,7,0,0,0,0,0,0,0,0,0
SK,2,1530,1996,1,1,0,0,0,0,0,0,0,0,0,0,0,0,0
SK,2,1530,1998,0,0,0,0,0,1,0,0,0,0,0,0,0,0,0
SK,2,1530,1999,0,5,0,0,2,1,0,0,0,0,0,0,0,0,0
SK,2,1530,2002,1,0,0,0,1,0,0,0,0,0,0,0,0,0,0
SK,2,1530,2003,0,0,0,0,1,0,0,0,0,0,0,0,0,0,0
SK,2,1530,2006,0,0,0,0,1,1,0,0,0,0,0,0,0,0,0
SK,2,1530,2016,0,1,0,0,0,1,0,0,0,0,0,0,0,0,0
SK,2,1530,2017,0,1,0,0,0,0,0,0,0,0,0,0,0,0,0
SK,2,1530,2019,0,1,0,0,0,1,0,0,0,0,0,0,0,0,0
SK,2,1650,1978,0,0,0,0,0,0,0,1,0,0,0,0,0,0,0
SK,2,1650,1979,0,0,0,0,0,1,0,0,0,0,0,0,0,0,0
SK,2,1660,1987,0,0,0,0,0,1,0,0,0,0,0,0,0,0,0
SK,2,1670,1976,0,0,0,0,1,1,0,0,0,0,0,0,0,0,0
SK,2,1670,1979,0,0,0,0,0,0,0,2,0,0,0,0,0,0,0
SK,2,1670,1980,2,1,0,0,0,0,0,0,0,0,0,0,0,0,0
SK,2,1692,1976,0,0,0,0,0,0,0,1,0,0,0,0,0,0,1
SK,2,1692,1982,0,0,0,1,0,0,0,0,0,0,0,0,0,0,6
SK,2,1692,1983,0,0,0,5,0,0,0,8,0,0,0,0,0,0,0
SK,2,1692,1984,0,0,0,3,0,0,0,0,0,0,0,0,0,0,0
SK,2,1692,1985,0,0,0,0,0,0,0,2,0,0,0,0,0,0,0
SK,2,1692,1986,0,0,0,6,0,0,0,3,0,0,0,0,0,0,0
SK,2,1692,1987,0,0,0,2,0,0,0,2,0,0,0,0,0,0,0
SK,2,1692,1988,0,0,0,2,0,0,0,4,0,0,0,0,0,0,0
SK,2,1692,1989,0,0,0,4,0,0,0,5,0,0,0,0,0,0,0
SK,2,1692,1990,0,0,0,7,0,0,0,2,0,0,0,0,0,0,0
SK,2,1692,1991,0,0,0,8,0,0,0,4,0,0,0,0,0,0,0
SK,2,1692,1992,0,0,0,10,0,0,0,7,0,0,0,0,0,0,0
SK,2,1692,1993,0,0,0,2,0,0,0,2,0,0,0,0,0,0,0
SK,2,1692,1994,0,0,0,3,0,0,0,2,0,0,0,0,0,0,0
SK,2,1692,1995,0,0,0,6,0,0,0,7,0,0,0,0,0,0,0
SK,2,1692,1996,0,0,0,6,0,0,0,4,0,0,0,0,0,0,0
SK,2,1692,1997,0,0,0,24,0,0,0,9,0,0,0,0,0,0,0
SK,2,1692,1998,0,0,0,2,0,0,0,0,0,0,0,0,0,0,0
SK,2,1692,1999,0,0,0,7,0,0,0,3,0,0,0,0,0,0,0
SK,2,1692,2000,0,0,0,8,0,0,0,4,0,0,0,0,0,0,0
SK,2,1692,2001,0,0,0,0,0,0,0,7,0,0,0,0,0,0,0
SK,2,1692,2002,0,0,0,6,0,0,0,1,0,0,0,0,0,0,0
SK,2,1692,2003,0,0,0,8,0,0,0,11,0,0,0,0,0,0,0
SK,2,1692,2004,0,0,0,6,0,0,0,10,0,0,0,0,0,0,0
SK,2,1692,2005,0,0,0,3,0,0,0,6,0,0,0,0,0,0,0
SK,2,1692,2006,0,0,0,9,0,0,0,47,0,0,0,0,0,0,0
SK,2,1692,2007,0,0,0,4,0,0,0,3,0,0,0,0,0,0,0
SK,2,1692,2008,0,0,0,10,0,0,0,29,0,0,0,0,0,0,0
SK,2,1692,2009,0,0,0,9,0,0,0,5,0,0,0,0,0,0,0
SK,2,1692,2010,0,0,0,5,0,0,0,7,0,0,0,0,0,0,0
SK,2,1692,2011,0,0,0,1,0,0,0,4,0,0,0,0,0,0,0
SK,2,1692,2012,0,0,0,0,0,0,0,9,0,0,0,0,0,0,0
SK,2,1692,2013,0,0,0,8,0,0,0,12,0,0,0,0,0,0,0
SK,2,1692,2014,0,0,0,11,0,0,0,27,0,0,0,0,0,0,0
SK,2,1692,2015,0,0,0,9,0,0,0,5,0,0,0,0,0,0,0
SK,2,1692,2016,0,0,0,5,0,0,0,1,0,0,0,0,0,0,0
SK,2,1692,2017,0,0,0,12,0,0,0,13,0,0,0,0,0,0,0
SK,2,1692,2018,0,0,0,10,0,0,0,5,0,0,0,0,0,0,0
SK,2,1692,2019,1,0,0,4,0,0,0,2,0,0,0,0,0,0,0
SK,2,1692,2020,0,0,0,9,0,0,0,10,0,0,0,0,0,0,0
SK,2,1692,2021,0,0,0,8,0,0,0,19,0,0,0,0,0,0,0
SK,2,1692,2022,0,0,0,11,0,0,0,18,0,0,0,0,0,0,0
SK,2,1692,2023,0,1,0,14,0,0,0,14,0,0,0,0,0,0,0
SK,2,1692,2024,0,0,0,7,0,0,0,17,0,0,0,0,0,0,0
SK,2,1693,1981,0,0,0,0,0,0,0,0,0,0,0,0,0,0,1
SK,2,1693,1982,0,0,0,0,0,0,0,0,0,0,0,0,0,0,1
SK,2,1693,1984,0,0,0,4,0,0,0,0,0,0,0,0,0,0,0
SK,2,1693,1985,0,0,0,0,0,0,0,1,0,0,0,0,0,0,0
SK,2,1693,1986,0,0,0,2,0,0,0,0,0,0,0,0,0,0,0
SK,2,1693,1991,0,0,0,0,0,0,0,1,0,0,0,0,0,0,0
SK,2,1693,1992,0,0,0,2,0,0,0,0,0,0,0,0,0,0,0
SK,2,1693,1994,0,0,0,2,0,0,0,0,0,0,0,0,0,0,0
SK,2,1693,1995,0,0,0,1,0,0,0,2,0,0,0,0,0,0,0
SK,2,1693,1996,0,0,0,5,0,0,0,4,0,0,0,0,0,0,0
SK,2,1693,1997,0,0,0,6,0,0,0,2,0,0,0,0,0,0,0
SK,2,1693,1998,0,0,0,1,0,0,0,2,0,0,0,0,0,0,0
SK,2,1693,2000,0,0,0,2,0,0,0,1,0,0,0,0,0,0,0
SK,2,1693,2001,0,0,0,2,0,0,0,0,0,0,0,0,0,0,0
SK,2,1693,2002,0,0,0,4,0,0,0,0,0,0,0,0,0,0,0
SK,2,1693,2003,0,0,0,4,0,0,0,3,0,0,0,0,0,0,0
SK,2,1693,2004,0,0,0,3,0,0,0,3,0,0,0,0,0,0,0
SK,2,1693,2005,0,0,0,3,0,0,0,3,0,0,0,0,0,0,0
SK,2,1693,2006,0,0,0,8,0,0,0,19,0,0,0,0,0,0,0
SK,2,1693,2007,0,0,0,4,0,0,0,4,0,0,0,0,0,0,0
SK,2,1693,2008,0,0,0,3,0,0,0,10,0,0,0,0,0,0,0
SK,2,1693,2009,0,0,0,8,0,0,0,2,0,0,0,0,0,0,0
SK,2,1693,2010,0,0,0,3,0,0,0,2,0,0,0,0,0,0,0
SK,2,1693,2011,0,0,0,4,0,0,0,3,0,0,0,0,0,0,0
SK,2,1693,2012,0,0,0,0,0,0,0,3,0,0,0,0,0,0,0
SK,2,1693,2013,0,0,0,9,0,0,0,16,0,0,0,0,0,0,0
SK,2,1693,2014,0,0,0,12,0,0,0,21,0,0,0,0,0,0,0
SK,2,1693,2015,0,0,0,7,0,0,0,1,0,0,0,0,0,0,0
SK,2,1693,2016,0,0,0,0,0,0,0,1,0,0,0,0,0,0,0
SK,2,1693,2017,0,0,0,2,0,0,0,7,0,0,0,0,0,0,0
SK,2,1693,2018,0,0,0,2,0,0,0,0,0,0,0,0,0,0,0
SK,2,1693,2019,0,0,0,4,1,0,0,1,0,0,0,0,0,0,0
SK,2,1693,2020,0,0,0,6,0,0,0,3,0,0,0,0,0,0,0
SK,2,1693,2021,0,0,0,4,0,0,0,13,0,0,0,0,0,0,0
SK,2,1693,2022,0,0,0,3,0,0,0,1,0,0,0,0,0,0,0
SK,2,1693,2023,0,0,0,6,0,0,0,3,0,0,0,0,0,0,0
SK,2,1693,2024,0,0,0,8,0,0,0,3,0,0,0,0,0,0,0
SK,2,1700,1978,0,0,0,0,0,0,0,1,0,0,0,0,0,0,0
SK,2,1700,1979,0,0,0,1,0,0,0,2,0,0,0,0,0,0,0
SK,2,1700,1980,0,0,0,0,0,0,0,1,0,0,0,0,0,0,0
SK,2,1700,1982,0,0,0,0,0,0,0,2,0,0,0,0,0,0,0
SK,2,1700,1983,0,0,0,2,0,0,0,2,0,0,0,0,0,0,0
SK,2,1700,1984,0,0,0,2,0,0,0,0,0,0,0,0,0,0,0
SK,2,1700,1987,0,0,0,1,0,0,0,1,0,0,0,0,0,0,0
SK,2,1700,1990,0,0,0,1,0,0,0,1,0,0,0,0,0,0,0
SK,2,1700,1991,0,0,0,2,0,0,0,2,0,0,0,0,0,0,0
SK,2,1700,1992,0,0,0,1,0,0,0,0,0,0,0,0,0,0,0
SK,2,1700,1993,0,0,0,1,0,0,0,0,0,0,0,0,0,0,0
SK,2,1700,1994,0,0,0,3,0,0,0,4,0,0,0,0,0,0,0
SK,2,1700,1995,0,0,0,2,0,0,0,2,0,0,0,0,0,0,0
SK,2,1700,1996,0,0,0,5,0,0,0,7,0,0,0,0,0,0,0
SK,2,1700,1997,0,0,0,5,0,0,0,2,0,0,0,0,0,0,0
SK,2,1700,1998,0,0,0,1,0,0,0,9,0,0,0,0,0,0,0
SK,2,1700,1999,0,0,0,1,0,0,0,6,0,0,0,0,0,0,0
SK,2,1700,2000,0,0,0,5,0,0,0,3,0,0,0,0,0,0,0
SK,2,1700,2001,0,0,0,2,0,0,0,3,0,0,0,0,0,0,0
SK,2,1700,2002,0,0,0,3,0,0,0,19,0,0,0,0,0,0,0
SK,2,1700,2003,0,0,0,3,0,0,0,8,0,0,0,0,0,0,0
SK,2,1700,2004,0,0,0,5,0,0,0,10,0,0,0,0,0,0,0
SK,2,1700,2005,0,0,0,3,0,0,0,12,0,0,0,0,0,0,0
SK,2,1700,2006,0,0,0,3,0,0,0,14,0,0,0,0,0,0,0
SK,2,1700,2007,0,0,0,1,0,0,0,1,0,0,0,0,0,0,0
SK,2,1700,2008,0,0,0,10,0,0,0,52,0,0,0,0,0,0,0
SK,2,1700,2009,0,0,0,8,0,0,0,7,0,0,0,0,0,0,0
SK,2,1700,2010,0,0,0,2,0,0,0,6,0,0,0,0,0,0,0
SK,2,1700,2011,0,0,0,3,0,0,0,6,0,0,0,0,0,0,0
SK,2,1700,2012,0,0,0,4,0,0,0,4,0,0,0,0,0,0,0
SK,2,1700,2013,0,0,0,3,0,0,0,4,0,0,0,0,0,0,0
SK,2,1700,2014,0,0,0,2,0,0,0,15,0,0,0,0,0,0,0
SK,2,1700,2015,0,0,0,5,0,0,0,11,0,0,0,0,0,0,0
SK,2,1700,2016,0,0,0,7,0,0,0,3,0,0,0,0,0,0,0
SK,2,1700,2017,0,0,0,6,0,0,0,17,0,0,0,0,0,0,0
SK,2,1700,2019,0,0,0,2,0,0,0,13,0,0,0,0,0,0,0
SK,2,1700,2020,0,0,0,4,0,0,0,14,0,0,0,0,0,0,0
SK,2,1700,2021,0,0,0,5,0,0,0,16,0,0,0,0,0,0,0
SK,2,1700,2022,0,0,0,6,0,0,0,22,0,0,0,0,0,0,0
SK,2,1700,2023,0,0,0,1,0,0,0,19,0,0,0,0,0,0,0
SK,2,1700,2024,0,0,0,2,0,0,0,11,0,0,0,0,0,0,0
SK,2,1710,1976,0,0,0,4,0,0,0,6,0,0,0,0,0,0,1
SK,2,1710,1977,0,0,0,1,0,0,0,0,0,0,0,0,0,0,1
SK,2,1710,1978,0,0,0,2,0,0,0,3,0,0,0,0,0,0,1
SK,2,1710,1979,0,0,0,5,0,0,0,14,0,0,0,0,0,0,3
SK,2,1710,1980,0,0,0,6,0,0,0,9,0,0,0,0,0,0,1
SK,2,1710,1981,0,0,0,4,0,0,0,6,0,0,0,0,0,0,5
SK,2,1710,1982,0,0,0,9,0,0,0,2,0,0,0,0,0,0,2
SK,2,1710,1983,0,0,0,14,0,0,0,15,0,0,0,0,0,0,0
SK,2,1710,1984,0,0,0,7,0,0,0,9,0,0,0,0,0,0,1
SK,2,1710,1985,0,0,0,4,0,0,0,11,0,0,0,0,0,0,0
SK,2,1710,1986,0,0,0,1,0,0,0,4,0,0,0,0,0,0,0
SK,2,1710,1987,0,0,0,21,0,0,0,23,0,0,0,0,0,0,0
SK,2,1710,1988,0,0,0,4,0,0,0,3,0,0,0,0,0,0,0
SK,2,1710,1989,0,0,0,14,0,0,0,18,0,0,0,0,0,0,0
SK,2,1710,1990,0,0,0,8,0,0,0,24,0,0,0,0,0,0,0
SK,2,1710,1991,0,0,0,16,0,0,0,14,0,0,0,0,0,0,0
SK,2,1710,1992,0,0,0,31,0,0,0,10,0,0,0,0,0,0,0
SK,2,1710,1993,0,0,0,14,0,0,0,10,0,0,0,0,0,0,0
SK,2,1710,1994,0,0,0,6,0,0,0,4,0,0,0,0,0,0,0
SK,2,1710,1995,0,0,0,5,0,0,0,3,0,0,0,0,0,0,0
SK,2,1710,1996,0,0,0,29,0,0,0,16,0,0,0,0,0,0,0
SK,2,1710,1997,0,0,0,13,0,0,0,7,0,0,0,0,0,0,0
SK,2,1710,1998,0,0,0,9,0,0,0,7,0,0,0,0,0,0,1
SK,2,1710,1999,0,0,0,7,0,0,0,6,0,0,0,0,0,0,0
SK,2,1710,2000,0,0,0,5,0,0,0,12,0,0,0,0,0,0,0
SK,2,1710,2001,0,0,0,14,0,0,0,4,0,0,0,0,0,0,0
SK,2,1710,2002,0,0,0,1,0,0,0,7,0,0,0,0,0,0,0
SK,2,1710,2003,0,0,0,5,0,0,0,3,0,0,0,0,0,0,0
SK,2,1710,2004,0,0,0,3,0,0,0,1,0,0,0,0,0,0,0
SK,2,1710,2005,0,0,0,8,0,0,0,1,0,0,0,0,0,0,0
SK,2,1710,2006,0,0,0,4,0,0,0,5,0,0,0,0,0,0,0
SK,2,1710,2007,0,0,0,4,0,0,0,4,0,0,0,0,0,0,0
SK,2,1710,2008,0,0,0,8,0,0,0,6,0,0,0,0,0,0,0
SK,2,1710,2009,0,0,0,2,0,0,0,2,0,0,0,0,0,0,0
SK,2,1710,2010,0,0,0,4,0,0,0,3,0,0,0,0,0,0,0
SK,2,1710,2011,0,0,0,10,0,0,0,1,0,0,0,0,0,0,0
SK,2,1710,2012,0,0,0,3,0,0,0,0,0,0,0,0,0,0,0
SK,2,1710,2013,0,0,0,1,0,0,0,0,0,0,0,0,0,0,0
SK,2,1710,2014,0,0,0,2,0,0,0,6,0,0,0,0,0,0,0
SK,2,1710,2015,0,0,0,1,0,0,0,1,0,0,0,0,0,0,0
SK,2,1710,2016,0,0,0,3,0,0,0,0,0,0,0,0,0,0,1
SK,2,1710,2017,0,0,0,5,0,0,0,3,0,0,0,0,0,0,0
SK,2,1710,2018,0,0,0,10,0,0,0,4,0,0,0,0,0,0,0
SK,2,1710,2019,0,0,0,5,0,0,0,2,0,0,0,0,0,0,0
SK,2,1710,2020,0,0,0,3,0,0,0,2,0,0,0,0,0,0,0
SK,2,1710,2021,0,0,0,14,0,0,0,8,0,0,0,0,0,0,0
SK,2,1710,2022,0,0,0,10,0,0,0,6,0,0,0,0,0,0,0
SK,2,1710,2023,0,1,0,19,0,0,0,18,0,1,0,0,0,0,0
SK,2,1710,2024,0,0,0,6,0,0,0,5,0,0,0,0,0,0,0
SK,2,1721,1976,0,0,0,6,0,0,0,2,0,0,0,0,0,0,1
SK,2,1721,1977,0,0,0,4,0,0,0,4,0,0,0,0,0,0,1
SK,2,1721,1978,0,0,0,1,0,0,0,2,0,0,0,0,0,0,0
SK,2,1721,1979,0,0,0,4,0,0,0,10,0,0,0,0,0,0,0
SK,2,1721,1980,0,0,0,6,0,0,0,4,0,0,0,0,0,0,0
SK,2,1721,1981,0,0,0,4,0,0,0,9,0,0,0,0,0,0,1
SK,2,1721,1982,0,0,0,2,0,0,0,1,0,0,0,0,0,0,1
SK,2,1721,1983,0,0,0,25,0,0,0,58,0,0,0,0,0,0,0
SK,2,1721,1984,0,0,0,8,0,0,0,17,0,0,0,0,0,0,0
SK,2,1721,1985,0,0,0,2,0,0,0,4,0,0,0,0,0,0,0
SK,2,1721,1986,0,0,0,8,0,0,0,7,0,0,0,0,0,0,0
SK,2,1721,1987,0,0,0,11,0,0,0,17,0,0,0,0,0,0,0
SK,2,1721,1988,0,0,0,1,0,0,0,8,0,0,0,0,0,0,0
SK,2,1721,1989,0,0,0,5,0,0,0,8,0,0,0,0,0,0,0
SK,2,1721,1990,0,0,0,6,0,0,0,9,0,0,0,0,0,0,0
SK,2,1721,1991,0,0,0,12,0,0,0,20,0,0,0,0,0,0,0
SK,2,1721,1992,0,0,0,12,0,0,0,11,0,0,0,0,0,0,0
SK,2,1721,1993,0,0,0,15,0,0,0,28,0,0,0,0,0,0,0
SK,2,1721,1994,0,0,0,17,0,0,0,25,0,0,0,0,0,0,0
SK,2,1721,1995,0,0,0,8,0,0,0,2,0,0,0,0,0,0,0
SK,2,1721,1996,0,0,0,20,0,0,0,28,0,0,0,0,0,0,0
SK,2,1721,1997,0,0,0,22,0,0,0,7,0,0,0,0,0,0,0
SK,2,1721,1998,0,0,0,24,0,0,0,33,0,0,0,0,0,0,0
SK,2,1721,1999,0,0,0,24,0,0,0,17,0,0,0,0,0,0,0
SK,2,1721,2000,0,0,0,13,0,0,0,32,0,0,0,0,0,0,0
SK,2,1721,2001,0,0,0,15,0,0,0,6,0,0,0,0,0,0,0
SK,2,1721,2002,0,0,0,27,0,0,0,15,0,0,0,0,0,0,0
SK,2,1721,2003,0,0,0,11,0,0,0,27,0,0,0,0,0,0,1
SK,2,1721,2004,0,0,0,18,0,0,0,10,0,0,0,0,0,0,0
SK,2,1721,2005,0,0,0,10,0,0,0,17,0,0,0,0,0,0,0
SK,2,1721,2006,0,0,0,15,0,0,0,11,0,0,0,0,0,0,1
SK,2,1721,2007,0,0,0,2,0,0,0,3,0,0,1,0,0,0,2
SK,2,1721,2008,0,0,0,8,0,0,0,18,0,0,0,0,0,0,0
SK,2,1721,2009,0,0,0,15,0,0,0,6,0,0,0,0,0,0,0
SK,2,1721,2010,0,0,0,10,0,0,0,17,0,0,0,0,0,0,0
SK,2,1721,2011,0,0,0,21,0,0,0,33,0,0,0,0,0,0,0
SK,2,1721,2012,0,0,0,3,0,0,0,12,0,0,0,0,0,0,1
SK,2,1721,2013,0,0,0,9,0,0,0,12,0,0,0,0,0,0,0
SK,2,1721,2014,0,0,0,25,0,0,0,12,0,0,0,0,0,0,0
SK,2,1721,2015,0,0,0,5,0,0,0,10,0,0,0,0,0,0,0
SK,2,1721,2016,0,0,0,16,0,0,0,12,0,0,0,0,0,0,0
SK,2,1721,2017,0,0,0,31,0,0,0,34,0,0,0,0,0,0,0
SK,2,1721,2018,0,0,0,18,0,0,0,8,0,0,0,0,0,0,0
SK,2,1721,2019,0,0,0,16,0,0,0,9,0,0,0,0,0,0,0
SK,2,1721,2020,0,0,0,24,0,0,0,11,0,0,0,0,0,0,0
SK,2,1721,2021,0,0,0,42,0,0,0,18,0,0,0,0,0,0,0
SK,2,1721,2022,0,0,0,44,0,0,0,11,0,0,0,0,0,0,0
SK,2,1721,2023,0,0,0,24,0,0,0,43,0,0,0,0,0,0,0
SK,2,1721,2024,0,0,0,39,0,0,0,9,0,0,0,0,0,0,0
SK,2,1722,1976,0,0,0,23,0,0,0,18,0,0,0,0,0,0,1
SK,2,1722,1977,0,0,0,26,0,0,0,15,0,0,0,0,0,0,3
SK,2,1722,1978,0,0,0,30,0,0,0,12,0,0,0,0,0,0,4
SK,2,1722,1979,0,0,0,49,0,0,0,22,0,0,0,0,0,0,10
SK,2,1722,1980,0,0,0,36,0,0,0,19,0,0,0,0,0,0,3
SK,2,1722,1981,0,0,0,51,0,0,0,19,0,0,0,0,0,0,8
SK,2,1722,1982,0,0,0,44,0,0,0,11,0,0,0,0,0,0,5
SK,2,1722,1983,0,0,0,74,0,0,0,23,0,0,0,0,0,0,2
SK,2,1722,1984,0,0,0,48,0,0,0,12,0,0,0,0,0,0,0
SK,2,1722,1985,0,0,0,52,0,0,0,21,0,0,0,0,0,0,0
SK,2,1722,1986,0,0,0,106,0,0,0,24,0,0,0,0,0,0,0
SK,2,1722,1987,0,0,0,150,0,0,0,31,0,0,0,0,0,0,1
SK,2,1722,1988,0,0,0,132,0,0,0,26,0,0,0,0,0,0,0
SK,2,1722,1989,0,0,0,90,0,0,0,30,0,0,0,0,0,0,0
SK,2,1722,1990,0,0,0,127,0,0,0,17,0,0,0,0,0,0,1
SK,2,1722,1991,0,0,0,73,0,0,0,19,0,0,0,0,0,0,0
SK,2,1722,1992,0,0,0,172,0,0,0,25,0,0,0,0,0,0,1
SK,2,1722,1993,0,0,0,172,0,0,0,24,0,0,0,0,0,0,0
SK,2,1722,1994,0,0,0,136,0,0,0,30,0,0,0,0,0,0,0
SK,2,1722,1995,0,0,0,100,0,0,0,15,0,0,0,0,0,0,0
SK,2,1722,1996,0,0,0,88,0,0,0,24,0,0,0,0,0,0,0
SK,2,1722,1997,0,0,0,81,0,0,0,12,0,0,0,0,0,0,0
SK,2,1722,1998,0,0,0,145,0,0,0,13,0,0,0,0,0,0,0
SK,2,1722,1999,0,0,0,200,0,0,0,21,0,0,0,0,0,0,0
SK,2,1722,2000,0,0,0,124,0,0,0,17,0,0,0,0,0,0,0
SK,2,1722,2001,0,0,0,50,0,0,0,4,0,0,0,0,0,0,0
SK,2,1722,2002,0,0,0,114,0,0,0,7,0,0,0,0,0,0,0
SK,2,1722,2003,0,0,0,67,0,0,0,20,0,0,0,0,0,0,7
SK,2,1722,2004,0,0,0,70,0,0,0,9,0,0,0,0,0,0,0
SK,2,1722,2005,0,0,0,111,0,0,0,11,0,0,0,0,0,0,0
SK,2,1722,2006,0,0,0,89,0,0,0,8,0,0,0,0,0,0,0
SK,2,1722,2007,0,0,0,68,0,0,0,9,0,0,1,0,0,0,1
SK,2,1722,2008,0,0,0,91,0,0,0,12,0,0,0,0,0,0,0
SK,2,1722,2009,0,0,0,155,0,0,0,12,0,0,0,0,0,0,0
SK,2,1722,2010,0,0,0,54,0,0,0,9,0,0,0,0,0,0,0
SK,2,1722,2011,0,0,0,82,0,0,0,14,0,0,0,0,0,0,0
SK,2,1722,2012,0,0,1,48,0,0,0,5,0,0,0,0,0,0,0
SK,2,1722,2013,0,0,2,50,0,0,1,3,0,0,0,0,0,0,0
SK,2,1722,2014,0,0,0,88,0,0,0,15,0,0,0,0,0,0,0
SK,2,1722,2015,0,0,2,65,0,0,0,8,0,0,0,0,0,0,1
SK,2,1722,2016,0,0,0,53,0,0,0,4,0,4,0,0,0,0,0
SK,2,1722,2017,0,0,0,64,0,0,0,4,0,0,0,0,0,0,0
SK,2,1722,2018,0,0,0,39,0,0,0,5,0,0,0,0,0,0,0
SK,2,1722,2019,0,0,0,122,0,0,0,34,0,0,0,0,0,0,0
SK,2,1722,2020,0,0,1,160,0,0,0,13,0,2,0,0,0,0,0
SK,2,1722,2021,0,0,0,94,0,0,0,11,0,0,0,0,0,0,0
SK,2,1722,2022,0,0,0,61,0,0,0,3,0,0,0,0,0,0,0
SK,2,1722,2023,0,0,1,75,0,0,0,14,0,0,0,0,0,0,0
SK,2,1722,2024,0,0,0,112,0,0,0,5,0,6,0,0,0,0,0
SK,2,2210,2005,0,0,0,0,0,0,0,0,0,0,0,0,0,0,3
SK,2,2210,2011,0,0,0,0,0,0,0,0,0,0,0,0,0,0,1
SK,2,2210,2016,0,0,0,0,0,0,0,0,0,0,0,0,0,0,1
SK,2,2300,2011,0,0,0,0,0,0,0,0,0,0,0,0,0,0,1
SK,2,2300,2014,0,0,0,0,0,0,0,1,0,0,0,0,0,0,1
SK,3,1310,1978,0,0,0,0,0,1,0,0,0,0,0,0,0,0,0
SK,3,1310,1986,0,0,0,0,1,0,0,0,0,0,0,0,0,0,0
SK,3,1310,1990,0,0,0,0,0,1,0,0,0,0,0,0,0,0,0
SK,3,1310,2005,0,1,0,0,0,0,0,0,0,0,0,0,0,0,0
SK,3,1310,2009,0,0,0,0,0,0,0,1,0,0,0,0,0,0,0
SK,3,1310,2015,0,1,0,0,0,0,0,0,0,0,0,0,0,0,0
SK,3,1310,2018,1,1,0,0,0,0,0,2,0,0,0,0,0,0,0
SK,3,1310,2019,0,0,0,0,0,0,0,1,0,0,0,0,0,0,0
SK,3,1310,2020,0,2,0,0,0,0,0,0,0,0,0,0,0,0,0
SK,3,1310,2021,0,1,0,0,0,0,0,0,0,0,0,0,0,0,0
SK,3,1320,1976,65,152,0,4,197,304,0,3,0,0,0,2,1,0,103
SK,3,1320,1977,46,137,0,1,115,172,0,7,0,0,0,1,6,0,166
SK,3,1320,1978,37,117,0,0,97,137,0,0,0,0,0,3,2,0,82
SK,3,1320,1979,85,155,0,0,203,232,0,1,0,0,0,1,4,0,98
SK,3,1320,1980,56,118,0,0,106,135,0,5,0,0,0,3,8,0,104
SK,3,1320,1981,39,122,0,0,60,105,0,4,0,0,0,1,0,0,110
SK,3,1320,1982,30,122,0,2,81,88,0,2,0,0,0,2,2,0,105
SK,3,1320,1983,38,144,0,1,144,209,0,8,0,0,0,3,2,0,8
SK,3,1320,1984,38,75,0,0,77,101,0,7,0,0,0,0,1,0,5
SK,3,1320,1985,18,57,0,2,50,72,0,4,0,0,0,0,0,0,8
SK,3,1320,1986,17,53,0,1,56,82,0,1,0,0,0,0,0,0,3
SK,3,1320,1987,23,72,0,4,59,112,0,7,0,0,0,0,1,0,1
SK,3,1320,1988,14,27,0,1,18,15,0,2,0,0,0,0,0,0,1
SK,3,1320,1989,8,33,0,1,28,39,0,2,0,0,0,1,0,0,0
SK,3,1320,1990,14,36,0,0,25,38,0,0,0,0,0,0,0,0,0
SK,3,1320,1991,6,40,0,0,11,35,0,0,0,0,0,1,0,0,1
SK,3,1320,1992,16,50,0,3,33,38,0,1,0,0,0,0,0,0,0
SK,3,1320,1993,6,36,0,0,22,27,0,2,0,0,0,0,0,0,0
SK,3,1320,1994,5,46,0,0,34,65,0,4,0,0,0,0,0,0,0
SK,3,1320,1995,3,31,0,0,13,45,0,0,0,0,0,0,0,0,0
SK,3,1320,1996,12,60,0,0,38,71,0,1,0,0,0,0,0,0,0
SK,3,1320,1997,18,54,0,0,66,95,0,4,0,0,0,0,1,0,1
SK,3,1320,1998,18,109,0,0,53,98,0,12,0,0,0,0,0,0,5
SK,3,1320,1999,15,99,0,0,61,102,0,5,0,0,0,0,0,0,2
SK,3,1320,2000,22,89,0,0,42,76,0,0,0,0,0,0,0,0,3
SK,3,1320,2001,18,54,0,0,52,81,0,2,0,0,0,1,0,0,0
SK,3,1320,2002,27,85,0,0,58,67,0,2,0,0,0,0,0,0,0
SK,3,1320,2003,15,67,0,0,42,71,0,0,0,0,0,0,0,0,3
SK,3,1320,2004,13,72,0,0,34,51,0,0,0,0,0,0,1,0,1
SK,3,1320,2005,7,73,0,0,55,77,0,8,0,0,0,0,0,0,0
SK,3,1320,2006,4,77,0,1,56,114,0,6,0,0,0,1,0,0,0
SK,3,1320,2007,7,57,0,0,31,61,0,0,0,0,0,0,0,0,0
SK,3,1320,2008,18,59,0,0,15,26,0,0,0,0,0,0,0,0,0
SK,3,1320,2009,6,41,0,0,25,32,0,0,0,0,0,0,0,0,0
SK,3,1320,2010,3,44,0,0,39,94,0,0,0,0,0,0,0,0,0
SK,3,1320,2011,18,36,0,1,43,85,0,0,0,0,0,0,0,0,0
SK,3,1320,2012,17,71,0,0,40,62,0,0,0,0,0,0,0,0,4
SK,3,1320,2013,8,39,0,0,44,91,0,4,0,0,0,0,0,0,3
SK,3,1320,2014,12,51,0,0,28,58,0,2,0,0,0,0,0,0,1
SK,3,1320,2015,3,35,0,0,33,62,0,0,0,0,0,0,0,0,0
SK,3,1320,2016,10,32,0,0,28,44,0,0,0,0,0,0,0,0,0
SK,3,1320,2017,8,29,0,0,8,11,0,0,0,0,0,0,0,0,1
SK,3,1320,2018,7,60,0,0,30,33,0,3,0,0,0,0,0,0,2
SK,3,1320,2019,3,19,0,0,11,36,0,0,0,0,0,0,0,0,0
SK,3,1320,2020,5,26,0,1,26,58,0,0,0,0,0,0,0,0,0
SK,3,1320,2021,3,17,0,0,19,44,0,0,0,0,0,0,0,0,0
SK,3,1320,2022,3,16,0,0,29,38,0,0,0,0,0,0,0,0,1
SK,3,1320,2023,5,28,0,0,13,31,0,0,0,0,0,0,0,0,1
SK,3,1320,2024,5,31,0,0,19,36,0,0,0,0,0,0,0,0,0
SK,3,1321,1987,0,0,0,0,1,0,0,0,0,0,0,0,0,0,0
SK,3,1321,1992,0,1,0,0,0,0,0,0,0,0,0,0,0,0,0
SK,3,1321,1997,0,0,0,0,0,1,0,0,0,0,0,0,0,0,0
SK,3,1321,1998,0,0,0,0,1,0,0,0,0,0,0,0,0,0,0
SK,3,1321,2002,0,0,0,0,1,0,0,0,0,0,0,0,0,0,0
SK,3,1321,2005,0,0,0,0,1,0,0,0,0,0,0,0,0,0,0
SK,3,1321,2007,0,1,0,0,0,0,0,0,0,0,0,0,0,0,0
SK,3,1330,1977,0,0,0,0,1,0,0,0,0,0,0,0,0,0,0
SK,3,1330,1986,0,0,0,0,0,1,0,0,0,0,0,0,0,0,0
SK,3,1330,1988,0,1,0,0,0,0,0,0,0,0,0,0,0,0,0
SK,3,1330,1990,1,0,0,0,1,0,0,0,0,0,0,0,0,0,0
SK,3,1330,1992,0,0,0,0,1,0,0,0,0,0,0,0,0,0,0
SK,3,1330,1994,1,0,0,0,0,0,0,0,0,0,0,0,0,0,0
SK,3,1330,2000,0,0,0,0,1,0,0,0,0,0,0,0,0,0,0
SK,3,1330,2003,0,0,0,0,0,2,0,0,0,0,0,0,0,0,0
SK,3,1330,2006,0,0,0,0,0,1,0,0,0,0,0,0,0,0,0
SK,3,1330,2008,0,1,0,0,0,0,0,0,0,0,0,0,0,0,0
SK,3,1350,1976,3,1,0,0,23,12,0,0,0,0,0,0,1,0,2
SK,3,1350,1977,2,9,0,0,20,16,0,0,0,0,0,0,0,0,12
SK,3,1350,1978,4,8,0,0,23,21,0,0,0,0,0,0,0,0,6
SK,3,1350,1979,3,3,0,0,42,27,0,0,0,0,0,1,0,0,12
SK,3,1350,1980,10,12,0,0,17,5,0,0,0,0,0,0,0,0,8
SK,3,1350,1981,0,3,0,0,1,2,0,0,0,0,0,0,0,0,3
SK,3,1350,1982,2,4,0,0,10,11,0,0,0,0,0,0,0,0,5
SK,3,1350,1983,1,3,0,0,21,22,0,0,0,0,0,0,0,0,1
SK,3,1350,1984,0,3,0,0,11,10,0,0,0,0,0,0,0,0,1
SK,3,1350,1985,4,0,0,0,8,9,0,0,0,0,0,2,0,0,0
SK,3,1350,1986,1,4,0,0,5,4,0,0,0,0,0,0,0,0,0
SK,3,1350,1987,1,1,0,0,2,3,0,0,0,0,0,0,0,0,1
SK,3,1350,1988,0,0,0,0,1,0,0,0,0,0,0,0,0,0,0
SK,3,1350,1989,2,0,0,0,2,1,0,0,0,0,0,0,0,0,0
SK,3,1350,1990,2,2,0,0,11,6,0,0,0,0,0,0,0,0,0
SK,3,1350,1991,0,0,0,0,6,2,0,0,0,0,0,1,0,0,0
SK,3,1350,1992,0,2,0,0,12,5,0,0,0,0,0,0,0,0,0
SK,3,1350,1993,2,6,0,0,2,3,0,0,0,0,0,0,0,0,0
SK,3,1350,1994,3,1,0,0,6,4,0,0,0,0,0,0,0,0,0
SK,3,1350,1995,0,0,0,0,1,2,0,0,0,0,0,0,0,0,0
SK,3,1350,1996,3,0,0,0,8,12,0,0,0,0,0,0,0,0,0
SK,3,1350,1997,3,1,0,0,17,5,0,0,0,0,0,0,0,0,0
SK,3,1350,1998,2,6,0,0,13,12,0,0,0,0,0,0,0,0,0
SK,3,1350,1999,1,2,0,0,3,3,0,0,0,0,0,0,0,0,0
SK,3,1350,2000,1,4,0,0,2,5,0,0,0,0,0,0,0,0,0
SK,3,1350,2001,2,0,0,0,4,4,0,0,0,0,0,0,0,0,0
SK,3,1350,2002,2,6,0,0,6,3,0,0,0,0,0,0,0,0,0
SK,3,1350,2003,2,4,0,0,4,9,0,0,0,0,0,0,0,0,0
SK,3,1350,2004,2,6,0,0,7,13,0,0,0,0,0,0,0,0,0
SK,3,1350,2005,1,1,0,0,10,8,0,0,0,0,0,0,0,0,0
SK,3,1350,2006,0,2,0,0,3,1,0,0,0,0,0,0,0,0,0
SK,3,1350,2007,0,1,0,0,8,10,0,0,0,0,0,0,0,0,0
SK,3,1350,2008,1,2,0,0,2,6,0,0,0,0,0,0,0,0,0
SK,3,1350,2009,2,2,0,0,4,12,0,0,0,0,0,0,0,0,0
SK,3,1350,2010,0,4,0,0,3,6,0,1,0,0,0,0,0,0,0
SK,3,1350,2011,1,1,0,0,3,5,0,0,0,0,0,0,0,0,0
SK,3,1350,2012,1,2,0,0,8,1,0,0,0,0,0,0,0,0,0
SK,3,1350,2013,2,6,0,0,6,8,0,0,0,0,0,0,0,0,0
SK,3,1350,2014,0,1,0,0,2,2,0,0,0,0,0,0,0,0,0
SK,3,1350,2015,0,1,0,0,1,3,0,0,0,0,0,0,0,0,0
SK,3,1350,2016,0,5,0,0,2,4,0,0,0,0,0,0,0,0,1
SK,3,1350,2017,1,0,0,0,2,1,0,0,0,0,0,0,0,0,0
SK,3,1350,2018,1,2,0,0,4,4,0,0,0,0,0,0,0,0,1
SK,3,1350,2019,1,2,0,0,4,3,0,0,0,0,0,0,0,0,0
SK,3,1350,2020,1,1,0,0,1,1,0,0,0,0,0,0,0,0,0
SK,3,1350,2021,1,1,0,0,2,0,0,0,0,0,0,0,0,0,0
SK,3,1350,2022,1,1,0,0,10,10,0,0,0,0,0,0,0,0,0
SK,3,1350,2023,0,0,0,0,1,4,0,0,0,0,0,0,0,0,0
SK,3,1350,2024,1,3,0,0,1,6,0,1,0,0,0,0,0,0,0
SK,3,1360,1985,0,0,0,0,1,0,0,0,0,0,0,0,0,0,0
SK,3,1370,1976,5,5,0,0,13,14,0,0,0,0,0,0,0,0,3
SK,3,1370,1977,2,1,0,0,9,16,0,0,0,0,0,1,0,0,8
SK,3,1370,1978,4,3,0,0,17,10,0,0,0,0,0,0,0,0,2
SK,3,1370,1979,4,0,0,0,17,18,0,0,0,0,0,0,0,0,7
SK,3,1370,1980,3,0,0,0,13,10,0,0,0,0,0,0,0,0,2
SK,3,1370,1981,1,0,0,0,5,4,0,0,0,0,0,0,0,0,0
SK,3,1370,1982,1,1,0,0,7,4,0,0,0,0,0,0,0,0,3
SK,3,1370,1983,2,1,0,0,14,8,0,1,0,0,0,0,0,0,0
SK,3,1370,1984,0,1,0,0,2,2,0,0,0,0,0,0,0,0,1
SK,3,1370,1985,1,0,0,0,1,5,0,0,0,0,0,0,0,0,0
SK,3,1370,1986,1,1,0,0,11,4,0,0,0,0,0,0,0,0,0
SK,3,1370,1987,1,1,0,0,5,7,0,0,0,0,0,0,0,0,0
SK,3,1370,1988,1,1,0,0,4,2,0,0,0,0,0,0,0,0,0
SK,3,1370,1989,0,0,0,0,1,1,0,0,0,0,0,0,0,0,0
SK,3,1370,1990,0,1,0,0,1,3,0,0,0,0,0,0,0,0,0
SK,3,1370,1991,0,0,0,0,0,2,0,0,0,0,0,0,0,0,0
SK,3,1370,1992,0,0,0,0,3,2,0,0,0,0,0,0,0,0,0
SK,3,1370,1993,1,0,0,0,2,3,0,0,0,0,0,0,0,0,0
SK,3,1370,1994,0,0,0,0,4,3,0,0,0,0,0,0,0,0,0
SK,3,1370,1995,0,1,0,0,1,0,0,0,0,0,0,0,0,0,0
SK,3,1370,1996,3,0,0,0,3,9,0,0,0,0,0,0,0,0,0
SK,3,1370,1997,2,0,0,0,5,2,0,0,0,0,0,0,0,0,0
SK,3,1370,1998,0,2,0,0,5,4,0,0,0,0,0,0,0,0,0
SK,3,1370,1999,0,1,0,0,3,2,0,0,0,0,0,0,0,0,0
SK,3,1370,2000,2,4,0,0,0,0,0,0,0,0,0,0,0,0,0
SK,3,1370,2001,0,2,0,0,3,3,0,0,0,0,0,0,0,0,0
SK,3,1370,2002,1,2,0,0,5,5,0,0,0,0,0,0,0,0,0
SK,3,1370,2003,0,0,0,0,3,1,0,0,0,0,0,0,0,0,0
SK,3,1370,2004,2,0,0,0,3,2,0,0,0,0,0,0,0,0,0
SK,3,1370,2005,1,1,0,0,7,6,0,0,0,0,0,0,0,0,1
SK,3,1370,2006,1,3,0,0,3,4,0,0,0,0,0,0,0,0,0
SK,3,1370,2007,0,2,0,0,1,1,0,0,0,0,0,0,0,0,0
SK,3,1370,2008,1,2,0,0,2,0,0,0,0,0,0,0,0,0,0
SK,3,1370,2009,1,0,0,0,3,1,0,0,0,0,0,0,0,0,0
SK,3,1370,2010,0,0,0,0,1,1,0,0,0,0,0,0,0,0,0
SK,3,1370,2011,0,1,0,0,2,1,0,0,0,0,0,0,0,0,0
SK,3,1370,2012,2,0,0,0,3,2,0,0,0,0,0,0,0,0,0
SK,3,1370,2015,0,3,0,0,0,3,0,0,0,0,0,0,0,0,0
SK,3,1370,2016,1,1,0,0,8,3,0,0,0,0,0,0,0,0,0
SK,3,1370,2017,1,4,0,0,0,2,0,0,0,0,0,0,0,0,0
SK,3,1370,2018,0,3,0,0,1,0,0,0,0,0,0,0,0,0,0
SK,3,1370,2019,0,0,0,0,2,1,0,0,0,0,0,0,0,0,0
SK,3,1370,2020,0,0,0,0,2,0,0,0,0,0,0,0,0,0,0
SK,3,1370,2021,0,1,0,0,0,1,0,0,0,0,0,0,0,0,0
SK,3,1370,2022,2,0,0,0,0,4,0,0,0,0,0,0,0,0,0
SK,3,1370,2023,3,1,0,0,5,8,0,0,0,0,0,0,0,0,0
SK,3,1370,2024,1,1,0,0,0,2,0,0,0,0,0,0,0,0,0
SK,3,1390,1976,1,3,0,0,7,7,0,2,0,0,0,0,0,0,0
SK,3,1390,1977,1,1,0,2,12,4,0,0,0,0,0,2,0,0,6
SK,3,1390,1978,0,2,0,0,3,4,0,0,0,0,0,0,0,0,3
SK,3,1390,1979,0,2,0,0,5,3,0,0,0,0,0,0,1,0,1
SK,3,1390,1980,2,0,0,0,2,2,0,0,0,0,0,0,0,0,2
SK,3,1390,1981,1,0,0,0,3,1,0,0,0,0,0,0,0,0,3
SK,3,1390,1982,1,0,0,0,4,0,0,0,0,0,0,0,0,0,0
SK,3,1390,1983,3,0,0,0,6,2,0,0,0,0,0,0,0,0,2
SK,3,1390,1984,1,0,0,0,1,1,0,0,0,0,0,0,0,0,1
SK,3,1390,1985,1,0,0,0,3,3,0,0,0,0,0,0,0,0,0
SK,3,1390,1986,3,0,0,0,3,3,0,0,0,0,0,0,0,0,0
SK,3,1390,1987,2,0,0,0,3,1,0,0,0,0,0,0,0,0,0
SK,3,1390,1988,2,1,0,0,1,3,0,0,0,0,0,0,1,0,0
SK,3,1390,1989,0,1,0,0,2,2,0,0,0,0,0,0,0,0,0
SK,3,1390,1990,0,0,0,0,1,0,0,0,0,0,0,0,0,0,0
SK,3,1390,1991,1,0,0,0,0,0,0,0,0,0,0,0,0,0,0
SK,3,1390,1992,3,0,0,0,1,2,0,0,0,0,0,0,0,0,0
SK,3,1390,1993,0,1,0,0,2,2,0,0,0,0,0,0,0,0,0
SK,3,1390,1994,0,0,0,0,1,1,0,0,0,0,0,0,0,0,0
SK,3,1390,1995,0,0,0,0,2,0,0,0,0,0,0,0,0,0,0
SK,3,1390,1996,0,0,0,0,8,4,0,0,0,0,0,0,0,0,0
SK,3,1390,1997,1,0,0,0,5,1,0,0,0,0,0,0,0,0,0
SK,3,1390,1998,1,0,0,0,0,1,0,0,0,0,0,0,0,0,0
SK,3,1390,1999,0,0,0,0,0,2,0,0,0,0,0,0,0,0,0
SK,3,1390,2000,1,2,0,0,1,0,0,0,0,0,0,0,0,0,0
SK,3,1390,2001,1,0,0,0,2,0,0,0,0,0,0,0,0,0,0
SK,3,1390,2002,1,1,0,0,2,0,0,0,0,0,0,0,0,0,0
SK,3,1390,2003,0,0,0,0,3,0,0,0,0,0,0,0,0,0,0
SK,3,1390,2004,0,2,0,0,0,1,0,0,0,0,0,0,0,0,0
SK,3,1390,2005,0,2,0,0,1,0,0,0,0,0,0,0,0,0,0
SK,3,1390,2006,2,1,0,0,0,0,0,0,0,0,0,0,0,0,0
SK,3,1390,2007,0,0,0,0,0,1,0,0,0,0,0,0,0,0,0
SK,3,1390,2008,0,0,0,0,0,1,0,0,0,0,0,0,0,0,0
SK,3,1390,2010,0,2,0,0,1,2,0,0,0,0,0,0,0,0,0
SK,3,1390,2011,0,1,0,0,4,0,0,0,0,0,0,0,0,0,0
SK,3,1390,2012,0,0,0,0,3,2,0,0,0,0,0,0,0,0,0
SK,3,1390,2013,0,2,0,0,2,6,0,0,0,0,0,0,0,0,0
SK,3,1390,2014,1,0,0,0,0,1,0,0,0,0,0,0,0,0,0
SK,3,1390,2015,3,1,0,0,2,1,0,0,0,0,0,0,0,0,0
SK,3,1390,2016,1,2,0,0,5,6,0,0,0,0,0,0,0,0,0
SK,3,1390,2017,0,1,0,0,1,2,0,0,0,0,0,0,0,0,0
SK,3,1390,2018,0,6,0,0,1,1,0,0,0,0,0,0,0,0,0
SK,3,1390,2019,2,5,0,0,1,4,0,0,0,0,0,0,0,0,0
SK,3,1390,2020,0,0,0,0,2,0,0,0,0,0,0,0,0,0,0
SK,3,1390,2021,1,0,0,0,1,3,0,0,0,0,0,0,0,0,0
SK,3,1390,2022,0,0,0,0,3,1,0,0,0,0,0,0,0,0,0
SK,3,1390,2023,1,1,0,0,3,5,0,0,0,0,0,0,0,0,0
SK,3,1390,2024,0,2,0,0,1,0,0,0,0,0,0,0,0,0,0
SK,3,1400,1976,1,0,0,0,19,21,0,0,0,0,0,1,1,0,4
SK,3,1400,1977,2,1,0,0,9,7,0,0,0,0,0,0,1,0,6
SK,3,1400,1978,4,2,0,0,4,17,0,0,0,0,0,1,0,0,1
SK,3,1400,1979,3,3,0,0,11,19,0,0,0,0,0,1,3,0,3
SK,3,1400,1980,1,0,0,0,2,13,0,0,0,0,0,0,1,0,12
SK,3,1400,1981,1,0,0,0,1,0,0,0,0,0,0,0,0,0,2
SK,3,1400,1982,1,1,0,0,0,0,0,0,0,0,0,0,0,0,0
SK,3,1400,1983,4,2,0,0,2,17,0,0,0,0,0,1,0,0,0
SK,3,1400,1984,2,1,0,0,1,4,0,0,0,0,0,0,0,0,0
SK,3,1400,1985,1,0,0,0,6,3,0,0,0,0,0,1,0,0,0
SK,3,1400,1986,1,3,0,0,3,5,0,0,0,0,0,0,0,0,0
SK,3,1400,1987,0,0,0,0,3,1,0,0,0,0,0,0,0,0,0
SK,3,1400,1989,0,1,0,0,1,0,0,1,0,0,0,0,0,0,0
SK,3,1400,1990,2,0,0,0,0,1,0,0,0,0,0,0,0,0,0
SK,3,1400,1991,0,0,0,0,2,1,0,0,0,0,0,0,0,0,0
SK,3,1400,1992,0,0,0,0,2,1,0,0,0,0,0,0,0,0,0
SK,3,1400,1993,1,0,0,0,0,0,0,0,0,0,0,0,0,0,0
SK,3,1400,1994,0,0,0,0,3,1,0,0,0,0,0,0,0,0,0
SK,3,1400,1995,0,1,0,0,1,2,0,0,0,0,0,0,0,0,0
SK,3,1400,1996,0,0,0,0,20,15,0,0,0,0,0,1,0,0,0
SK,3,1400,1997,1,2,0,0,13,14,0,0,0,0,0,1,0,0,0
SK,3,1400,1998,2,1,0,0,5,5,0,0,0,0,0,0,0,0,0
SK,3,1400,1999,0,0,0,0,1,2,0,0,0,0,0,0,0,0,0
SK,3,1400,2000,1,2,0,0,1,3,0,0,0,0,0,0,0,0,0
SK,3,1400,2001,4,1,0,0,3,6,0,0,0,0,0,0,0,0,0
SK,3,1400,2002,1,1,0,0,3,3,0,0,0,0,0,0,0,0,0
SK,3,1400,2003,0,0,0,0,5,6,0,0,0,0,0,0,0,0,0
SK,3,1400,2004,3,3,0,0,7,7,0,0,0,0,0,0,0,0,0
SK,3,1400,2005,1,0,0,0,4,5,0,0,0,0,0,0,0,0,0
SK,3,1400,2006,3,2,0,0,4,2,0,0,0,0,0,0,0,0,0
SK,3,1400,2007,1,0,0,0,1,7,0,0,0,0,0,0,0,0,0
SK,3,1400,2008,0,0,0,0,4,1,0,0,0,0,0,0,0,0,0
SK,3,1400,2009,0,0,0,0,0,1,0,0,0,0,0,0,0,0,0
SK,3,1400,2010,1,1,0,0,6,5,0,0,0,0,0,0,0,0,0
SK,3,1400,2011,3,0,0,0,10,11,0,0,0,0,0,0,0,0,0
SK,3,1400,2012,0,0,0,0,2,9,0,0,0,0,0,0,1,0,0
SK,3,1400,2013,3,1,0,0,8,9,0,0,0,0,0,0,0,0,0
SK,3,1400,2014,0,0,0,0,1,4,0,0,0,0,0,0,0,0,1
SK,3,1400,2015,3,1,0,0,12,8,0,0,0,0,0,0,0,0,0
SK,3,1400,2016,2,0,0,0,2,5,0,0,0,0,0,0,0,0,0
SK,3,1400,2017,1,2,0,0,5,3,0,0,0,0,0,0,0,0,0
SK,3,1400,2018,0,2,0,0,7,6,0,0,0,0,0,1,0,0,0
SK,3,1400,2019,0,0,0,0,4,4,0,0,0,0,0,0,0,0,0
SK,3,1400,2020,0,0,0,0,4,7,0,0,0,0,0,0,0,0,0
SK,3,1400,2021,1,1,0,0,1,0,0,0,0,0,0,0,0,0,0
SK,3,1400,2022,2,1,0,0,9,18,0,1,0,0,0,1,0,0,0
SK,3,1400,2023,0,0,0,0,1,2,0,0,0,0,0,0,0,0,0
SK,3,1400,2024,0,0,0,0,0,4,0,0,0,0,0,0,0,0,0
SK,3,1420,1976,2,0,0,0,20,20,0,0,0,0,0,2,0,0,9
SK,3,1420,1977,0,1,0,0,4,3,0,0,0,0,0,0,0,0,0
SK,3,1420,1978,2,0,0,0,9,5,0,0,0,0,0,0,0,0,2
SK,3,1420,1979,1,7,0,0,21,18,0,0,0,0,0,0,0,0,3
SK,3,1420,1980,0,0,0,0,2,10,0,0,0,0,0,0,0,0,7
SK,3,1420,1981,0,0,0,0,1,1,0,0,0,0,0,0,0,0,2
SK,3,1420,1982,0,1,0,0,9,7,0,0,0,0,0,0,0,0,7
SK,3,1420,1983,4,4,0,0,18,9,0,0,0,0,0,0,1,0,0
SK,3,1420,1984,1,1,0,0,9,7,0,0,0,0,0,0,0,0,1
SK,3,1420,1985,0,0,0,0,3,5,0,0,0,0,0,2,0,0,0
SK,3,1420,1986,0,1,0,0,4,7,0,0,0,0,0,0,0,0,0
SK,3,1420,1987,0,0,0,0,6,2,0,0,0,0,0,0,0,0,0
SK,3,1420,1988,1,0,0,0,0,0,0,0,0,0,0,0,0,0,0
SK,3,1420,1990,0,0,0,0,3,2,0,0,0,0,0,0,0,0,0
SK,3,1420,1991,1,0,0,0,0,2,0,0,0,0,0,0,0,0,0
SK,3,1420,1992,1,2,0,0,2,1,0,0,0,0,0,0,0,0,0
SK,3,1420,1993,2,0,0,0,0,2,0,0,0,0,0,0,0,0,0
SK,3,1420,1994,0,0,0,0,4,0,0,0,0,0,0,0,0,0,0
SK,3,1420,1995,0,0,0,0,1,3,0,0,0,0,0,0,0,0,0
SK,3,1420,1996,1,0,0,0,6,10,0,0,0,0,0,0,0,0,0
SK,3,1420,1997,2,1,0,0,6,5,0,0,0,0,0,0,0,0,0
SK,3,1420,1998,4,5,0,0,4,9,0,0,0,0,0,0,0,0,0
SK,3,1420,1999,1,1,0,0,4,5,0,0,0,0,0,0,0,0,0
SK,3,1420,2000,0,2,0,0,1,1,0,0,0,0,0,0,0,0,0
SK,3,1420,2001,0,0,0,0,0,6,0,0,0,0,0,0,0,0,0
SK,3,1420,2002,2,1,0,0,1,2,0,0,0,0,0,0,0,0,0
SK,3,1420,2003,2,0,0,0,4,3,0,0,0,0,0,0,0,0,0
SK,3,1420,2004,1,0,0,0,3,3,0,0,0,0,0,0,0,0,0
SK,3,1420,2005,0,0,0,0,5,6,0,0,0,0,0,1,0,0,0
SK,3,1420,2006,1,0,0,0,0,0,0,0,0,0,0,0,0,0,0
SK,3,1420,2007,0,2,0,0,2,1,0,0,0,0,0,0,0,0,0
SK,3,1420,2008,0,1,0,0,0,4,0,0,0,0,0,0,0,0,0
SK,3,1420,2009,0,0,0,0,4,2,0,0,0,0,0,0,0,0,0
SK,3,1420,2010,1,0,0,0,2,6,0,0,0,0,0,0,0,0,0
SK,3,1420,2011,2,0,0,0,5,6,0,0,0,0,0,0,0,0,0
SK,3,1420,2012,2,2,0,0,4,7,0,0,0,0,0,0,0,0,0
SK,3,1420,2013,0,2,0,0,8,9,0,0,0,0,0,0,0,0,0
SK,3,1420,2015,0,0,0,0,3,0,0,0,0,0,0,0,0,0,0
SK,3,1420,2016,1,4,0,0,2,2,0,0,0,0,0,0,0,0,0
SK,3,1420,2017,3,1,0,0,3,3,0,0,0,0,0,0,0,0,0
SK,3,1420,2018,1,0,0,0,2,3,0,0,0,0,0,0,0,0,0
SK,3,1420,2019,0,0,0,0,0,4,0,0,0,0,0,0,0,0,0
SK,3,1420,2021,0,0,0,0,0,1,0,0,0,0,0,0,0,0,0
SK,3,1420,2022,2,0,0,0,1,2,0,0,0,0,0,0,0,0,0
SK,3,1420,2023,0,0,0,0,2,3,0,0,0,0,0,0,0,0,0
SK,3,1420,2024,0,2,0,0,2,2,0,0,0,0,0,0,0,0,0
SK,3,1430,1976,5,11,0,0,27,16,0,0,0,0,0,1,0,0,6
SK,3,1430,1977,2,8,0,0,8,4,0,0,0,0,0,0,0,0,7
SK,3,1430,1978,1,1,0,0,7,10,0,0,0,0,0,0,0,0,2
SK,3,1430,1979,2,2,0,0,25,26,0,0,0,0,0,0,0,0,6
SK,3,1430,1980,4,3,0,0,6,9,0,0,0,0,0,0,0,0,5
SK,3,1430,1981,0,0,0,0,4,3,0,0,0,0,0,0,0,0,1
SK,3,1430,1982,0,3,0,0,6,3,0,0,0,0,0,1,0,0,2
SK,3,1430,1983,1,2,0,0,10,18,0,0,0,0,0,3,0,0,0
SK,3,1430,1984,2,2,0,0,10,6,0,0,0,0,0,0,0,0,0
SK,3,1430,1985,0,0,0,0,0,2,0,0,0,0,0,0,0,0,0
SK,3,1430,1986,1,0,0,0,3,3,0,0,0,0,0,0,0,0,0
SK,3,1430,1987,3,0,0,0,6,8,0,0,0,0,0,2,0,0,0
SK,3,1430,1988,0,1,0,0,0,0,0,0,0,0,0,0,0,0,0
SK,3,1430,1989,0,3,0,0,1,1,0,0,0,0,0,0,0,0,0
SK,3,1430,1990,4,0,0,0,6,4,0,0,0,0,0,0,0,0,0
SK,3,1430,1991,0,0,0,0,3,3,0,0,0,0,0,0,0,0,0
SK,3,1430,1992,1,0,0,0,7,2,0,0,0,0,0,0,0,0,0
SK,3,1430,1993,1,0,0,0,1,0,0,0,0,0,0,0,0,0,0
SK,3,1430,1994,0,1,0,0,5,3,0,0,0,0,0,0,0,0,0
SK,3,1430,1995,0,2,0,0,2,4,0,0,0,0,0,0,0,0,0
SK,3,1430,1996,2,2,0,0,9,4,0,0,0,0,0,0,0,0,0
SK,3,1430,1997,1,2,0,0,0,4,0,0,0,0,0,0,0,0,1
SK,3,1430,1998,1,3,0,0,5,6,0,0,0,0,0,0,0,0,0
SK,3,1430,1999,0,1,0,0,5,3,0,0,0,0,0,0,0,0,0
SK,3,1430,2000,3,5,0,0,4,4,0,0,0,0,0,0,0,0,0
SK,3,1430,2001,2,5,0,0,6,3,0,0,0,0,0,0,0,0,0
SK,3,1430,2002,2,4,0,0,5,7,0,0,0,0,0,0,0,0,0
SK,3,1430,2003,1,2,0,0,5,5,0,0,0,0,0,0,0,0,0
SK,3,1430,2004,3,7,0,0,11,3,0,0,0,0,0,0,0,0,0
SK,3,1430,2005,1,2,0,0,10,8,0,0,0,0,0,0,0,0,0
SK,3,1430,2006,1,2,0,0,2,3,0,0,0,0,0,0,0,0,0
SK,3,1430,2007,1,2,0,0,12,7,0,0,0,0,0,0,0,0,0
SK,3,1430,2008,1,2,0,0,1,5,0,0,0,0,0,0,0,0,0
SK,3,1430,2009,1,2,0,0,4,2,0,0,0,0,0,0,0,0,0
SK,3,1430,2010,0,1,0,0,2,8,0,0,0,0,0,0,0,0,0
SK,3,1430,2011,1,0,0,0,9,8,0,0,0,0,0,0,0,0,0
SK,3,1430,2012,1,5,0,0,1,6,0,0,0,0,0,0,0,0,0
SK,3,1430,2013,2,0,0,0,12,3,0,0,0,0,0,0,0,0,0
SK,3,1430,2014,1,3,0,0,8,7,0,0,0,0,0,0,1,0,0
SK,3,1430,2015,0,0,0,0,1,6,0,0,0,0,0,0,0,0,0
SK,3,1430,2016,0,1,0,0,3,2,0,0,0,0,0,0,0,0,0
SK,3,1430,2017,1,2,0,0,6,5,0,0,0,0,0,0,0,0,0
SK,3,1430,2018,3,4,0,0,1,2,0,0,0,0,0,0,0,0,0
SK,3,1430,2019,0,0,0,0,2,1,0,0,0,0,0,0,0,0,0
SK,3,1430,2020,1,2,0,0,7,3,0,0,0,0,0,0,0,0,0
SK,3,1430,2021,1,0,0,0,2,2,0,0,0,0,0,0,0,0,0
SK,3,1430,2022,0,1,0,0,4,3,0,0,0,0,0,0,0,0,0
SK,3,1430,2023,1,5,0,0,2,15,0,0,0,0,0,0,0,0,0
SK,3,1430,2024,1,9,0,0,1,5,0,0,0,0,0,0,0,0,0
SK,3,1440,1979,0,0,0,0,0,0,0,0,0,0,0,0,0,0,1
SK,3,1440,1983,0,1,0,0,0,0,0,0,0,0,0,0,0,0,0
SK,3,1440,1992,0,2,0,0,1,2,0,0,0,0,0,0,0,0,0
SK,3,1440,1997,0,0,0,0,0,1,0,0,0,0,0,0,0,0,0
SK,3,1440,1999,0,1,0,0,0,0,0,0,0,0,0,0,0,0,0
SK,3,1440,2014,0,1,0,0,0,0,0,0,0,0,0,0,0,0,0
SK,3,1440,2015,0,1,0,0,0,0,0,0,0,0,0,0,0,0,0
SK,3,1440,2017,0,0,0,0,0,1,0,0,0,0,0,0,0,0,0
SK,3,1440,2020,0,1,0,0,0,0,0,0,0,0,0,0,0,0,0
SK,3,1440,2021,0,0,0,0,0,1,0,0,0,0,0,0,0,0,0
SK,3,1440,2022,0,1,0,0,0,0,0,0,0,0,0,0,0,0,0
SK,3,1440,2023,0,0,0,0,1,1,0,0,0,0,0,0,0,0,0
SK,3,1460,1976,3,1,0,0,8,4,0,0,0,0,0,0,0,0,3
SK,3,1460,1977,0,1,0,0,1,3,0,0,0,0,0,0,0,0,3
SK,3,1460,1978,1,2,0,0,0,3,0,0,0,0,0,0,0,0,2
SK,3,1460,1979,2,0,0,0,10,10,0,0,0,0,0,0,0,0,1
SK,3,1460,1980,1,1,0,0,1,6,0,0,0,0,0,0,0,0,1
SK,3,1460,1981,1,3,0,0,1,0,0,0,0,0,0,0,0,0,0
SK,3,1460,1982,2,2,0,0,2,2,0,0,0,0,0,0,0,0,2
SK,3,1460,1983,2,6,0,0,2,2,0,0,0,0,0,0,0,0,0
SK,3,1460,1984,1,0,0,0,1,3,0,0,0,0,0,0,0,0,0
SK,3,1460,1985,0,0,0,0,0,2,0,0,0,0,0,0,0,0,0
SK,3,1460,1986,1,3,0,0,2,5,0,0,0,0,0,0,0,0,0
SK,3,1460,1987,0,1,0,0,4,2,0,0,0,0,0,0,0,0,0
SK,3,1460,1988,0,1,0,0,0,0,0,0,0,0,0,0,0,0,0
SK,3,1460,1990,1,0,0,0,0,1,0,0,0,0,0,0,0,0,0
SK,3,1460,1991,1,0,0,0,4,1,0,0,0,0,0,0,0,0,0
SK,3,1460,1992,0,0,0,0,0,1,0,0,0,0,0,0,0,0,0
SK,3,1460,1993,0,1,0,0,0,0,0,0,0,0,0,0,0,0,0
SK,3,1460,1994,0,0,0,0,4,6,0,0,0,0,0,0,0,0,0
SK,3,1460,1995,0,1,0,0,2,1,0,0,0,0,0,0,0,0,0
SK,3,1460,1996,0,0,0,0,2,0,0,0,0,0,0,0,0,0,0
SK,3,1460,1997,0,1,0,0,0,3,0,0,0,0,0,0,0,0,0
SK,3,1460,1998,2,0,0,0,0,1,0,0,0,0,0,0,0,0,0
SK,3,1460,2000,0,0,0,0,2,0,0,0,0,0,0,0,0,0,0
SK,3,1460,2002,1,0,0,0,0,0,0,0,0,0,0,0,0,0,0
SK,3,1460,2005,0,3,0,0,3,3,0,1,0,0,0,0,0,0,0
SK,3,1460,2006,0,0,0,0,3,1,0,0,0,0,0,0,0,0,0
SK,3,1460,2007,0,0,0,0,3,3,0,0,0,0,0,0,0,0,0
SK,3,1460,2008,0,0,0,0,0,3,0,0,0,0,0,0,0,0,0
SK,3,1460,2009,1,0,0,0,0,1,0,0,0,0,0,0,0,0,0
SK,3,1460,2010,0,1,0,0,2,1,0,0,0,0,0,0,0,0,0
SK,3,1460,2011,1,0,0,0,1,2,0,0,0,0,0,0,0,0,0
SK,3,1460,2012,0,0,0,0,2,5,0,0,0,0,0,0,0,0,0
SK,3,1460,2013,0,1,0,0,1,5,0,0,0,0,0,0,0,0,0
SK,3,1460,2015,2,0,0,0,2,0,0,0,0,0,0,0,0,0,0
SK,3,1460,2018,0,2,0,0,1,1,0,0,0,0,0,0,0,0,0
SK,3,1460,2019,0,0,0,0,1,1,0,0,0,0,0,0,0,0,0
SK,3,1460,2022,1,0,0,0,0,2,0,0,0,0,0,0,0,0,0
SK,3,1460,2024,0,0,0,0,0,1,0,0,0,0,0,0,0,0,0
SK,3,1470,1976,4,1,0,0,5,4,0,0,0,0,0,0,0,0,1
SK,3,1470,1977,4,3,0,0,1,2,0,0,0,0,0,0,0,0,1
SK,3,1470,1978,2,1,0,0,3,1,0,0,0,0,0,0,0,0,4
SK,3,1470,1979,1,0,0,0,4,8,0,0,0,0,0,0,0,0,1
SK,3,1470,1980,1,1,0,0,0,0,0,0,0,0,0,0,0,0,0
SK,3,1470,1981,0,1,0,0,0,0,0,0,0,0,0,0,0,0,0
SK,3,1470,1982,2,1,0,0,2,3,0,0,0,0,0,0,0,0,3
SK,3,1470,1983,0,0,0,0,3,3,0,0,0,0,0,0,0,0,0
SK,3,1470,1984,0,1,0,0,2,8,0,0,0,0,0,0,0,0,0
SK,3,1470,1985,0,1,0,0,3,0,0,0,0,0,0,0,0,0,0
SK,3,1470,1986,0,0,0,0,4,1,0,0,0,0,0,0,0,0,0
SK,3,1470,1988,0,0,0,0,1,0,0,0,0,0,0,0,0,0,0
SK,3,1470,1990,0,0,0,0,0,1,0,0,0,0,0,0,0,0,0
SK,3,1470,1991,1,0,0,0,2,0,0,0,0,0,0,0,0,0,0
SK,3,1470,1992,0,0,0,0,0,1,0,0,0,0,0,0,0,0,0
SK,3,1470,1993,1,2,0,0,1,2,0,0,0,0,0,0,0,0,0
SK,3,1470,1994,0,0,0,0,0,2,0,0,0,0,0,0,0,0,0
SK,3,1470,1995,0,0,0,0,0,1,0,0,0,0,0,0,0,0,0
SK,3,1470,1996,1,0,0,0,5,1,0,0,0,0,0,0,0,0,0
SK,3,1470,1997,0,0,0,0,0,1,0,0,0,0,0,0,0,0,0
SK,3,1470,2000,1,0,0,0,0,0,0,0,0,0,0,0,0,0,0
SK,3,1470,2001,0,1,0,0,0,1,0,0,0,0,0,0,0,0,0
SK,3,1470,2002,0,0,0,0,1,0,0,0,0,0,0,0,0,0,0
SK,3,1470,2003,1,0,0,0,1,1,0,0,0,0,0,0,0,0,0
SK,3,1470,2004,0,0,0,0,1,0,0,0,0,0,0,0,0,0,0
SK,3,1470,2005,2,1,0,0,1,0,0,0,0,0,0,0,0,0,0
SK,3,1470,2006,1,2,0,0,0,1,0,0,0,0,0,0,0,0,0
SK,3,1470,2007,0,0,0,0,5,5,0,0,0,0,0,0,0,0,0
SK,3,1470,2008,0,0,0,0,0,3,0,0,0,0,0,0,0,0,0
SK,3,1470,2009,0,1,0,0,1,0,0,0,0,0,0,0,0,0,0
SK,3,1470,2011,0,0,0,0,1,0,0,0,0,0,0,0,0,0,0
SK,3,1470,2012,0,0,0,0,0,1,0,0,0,0,0,0,0,0,0
SK,3,1470,2013,1,0,0,0,0,0,0,0,0,0,0,0,0,0,0
SK,3,1470,2015,0,0,0,0,2,1,0,0,0,0,0,0,0,0,0
SK,3,1470,2016,0,0,0,0,1,0,0,0,0,0,0,0,0,0,0
SK,3,1470,2018,1,3,0,0,0,0,0,0,0,0,0,0,0,0,0
SK,3,1470,2019,0,0,0,0,0,2,0,0,0,0,0,0,0,0,0
SK,3,1470,2020,1,0,0,0,0,0,0,0,0,0,0,0,0,0,0
SK,3,1470,2023,0,1,0,0,0,0,0,0,0,0,0,0,0,0,0
SK,3,1470,2024,1,0,0,0,0,0,0,0,0,0,0,0,0,0,0
SK,3,1480,1984,0,0,0,0,1,1,0,0,0,0,0,0,0,0,0
SK,3,1480,1986,0,0,0,0,1,0,0,0,0,0,0,0,0,0,0
SK,3,1480,2018,0,0,0,0,0,1,0,0,0,0,0,0,0,0,0
SK,3,1490,1976,1,2,0,0,6,6,0,0,0,0,0,0,0,0,7
SK,3,1490,1977,4,3,0,0,1,5,0,0,0,0,0,1,0,0,2
SK,3,1490,1978,0,1,0,0,8,5,0,0,0,0,0,0,0,0,2
SK,3,1490,1979,2,7,0,0,4,6,0,0,0,0,0,0,1,0,0
SK,3,1490,1980,1,3,0,0,1,1,0,0,0,0,0,0,0,0,2
SK,3,1490,1981,0,2,0,0,0,3,0,0,0,0,0,0,0,0,1
SK,3,1490,1982,0,4,0,0,1,3,0,0,0,0,0,0,0,0,2
SK,3,1490,1983,0,1,0,0,1,2,0,0,0,0,0,0,0,0,0
SK,3,1490,1984,1,1,0,0,2,2,0,0,0,0,0,0,0,0,0
SK,3,1490,1985,0,1,0,0,1,0,0,0,0,0,0,0,0,0,0
SK,3,1490,1986,0,5,0,0,2,3,0,0,0,0,0,0,0,0,0
SK,3,1490,1987,0,1,0,0,5,6,0,0,0,0,0,0,0,0,0
SK,3,1490,1988,0,1,0,0,0,0,0,0,0,0,0,0,0,0,0
SK,3,1490,1989,0,0,0,0,0,1,0,0,0,0,0,0,0,0,0
SK,3,1490,1990,0,1,0,0,0,0,0,0,0,0,0,0,0,0,0
SK,3,1490,1992,1,0,0,0,1,0,0,0,0,0,0,0,0,0,0
SK,3,1490,1993,1,1,0,0,0,1,0,0,0,0,0,0,0,0,0
SK,3,1490,1994,2,0,0,0,0,3,0,0,0,0,0,0,0,0,0
SK,3,1490,1996,1,1,0,0,1,2,0,0,0,0,0,0,1,0,0
SK,3,1490,1997,0,1,0,0,6,2,0,0,0,0,0,0,0,0,0
SK,3,1490,1998,1,0,0,0,1,4,0,0,0,0,0,0,0,0,0
SK,3,1490,1999,0,0,0,0,1,0,0,0,0,0,0,0,0,0,0
SK,3,1490,2000,0,0,0,0,0,1,0,0,0,0,0,0,0,0,0
SK,3,1490,2002,0,1,0,0,0,0,0,0,0,0,0,0,0,0,0
SK,3,1490,2003,1,1,0,0,1,4,0,0,0,0,0,0,0,0,0
SK,3,1490,2005,1,0,0,0,1,3,0,0,0,0,0,0,0,0,0
SK,3,1490,2009,1,0,0,0,1,0,0,0,0,0,0,0,0,0,0
SK,3,1490,2010,0,0,0,0,0,1,0,0,0,0,0,0,0,0,0
SK,3,1490,2012,0,0,0,0,0,1,0,0,0,0,0,0,0,0,0
SK,3,1490,2013,0,0,0,0,2,1,0,0,0,0,0,0,0,0,0
SK,3,1490,2016,0,1,0,0,1,1,0,0,0,0,0,0,0,0,0
SK,3,1490,2018,1,0,0,0,1,0,0,0,0,0,0,0,0,0,0
SK,3,1490,2023,0,0,0,0,0,1,0,0,0,0,0,0,0,0,0
SK,3,1490,2024,0,2,0,0,0,0,0,0,0,0,0,0,0,0,0
SK,3,1500,1977,0,0,0,0,0,0,0,0,0,0,0,0,0,0,1
SK,3,1500,1978,0,0,0,0,0,0,0,0,0,0,0,0,0,0,4
SK,3,1500,1979,0,0,0,0,1,2,0,0,0,0,0,0,0,0,1
SK,3,1500,1980,1,0,0,0,0,0,0,0,0,0,0,0,0,0,0
SK,3,1500,1983,0,0,0,0,1,1,0,0,0,0,0,0,0,0,0
SK,3,1500,1984,0,0,0,0,0,2,0,0,0,0,0,0,0,0,0
SK,3,1500,1991,0,0,0,0,1,0,0,0,0,0,0,0,0,0,0
SK,3,1500,1992,1,0,0,0,1,0,0,0,0,0,0,0,0,0,0
SK,3,1500,1993,1,0,0,0,0,0,0,0,0,0,0,0,0,0,0
SK,3,1500,1994,0,0,0,0,1,1,0,0,0,0,0,0,0,0,0
SK,3,1500,1996,0,1,0,0,0,0,0,0,0,0,0,0,0,0,0
SK,3,1500,1997,0,0,0,0,2,1,0,0,0,0,0,0,0,0,0
SK,3,1500,1998,0,0,0,0,1,0,0,0,0,0,0,0,0,0,0
SK,3,1500,2002,0,0,0,0,1,1,0,0,0,0,0,0,0,0,0
SK,3,1500,2005,0,0,0,0,0,1,0,0,0,0,0,0,0,0,0
SK,3,1500,2008,0,0,0,0,1,0,0,0,0,0,0,0,0,0,0
SK,3,1500,2010,0,0,0,0,0,1,0,0,0,0,0,0,0,0,0
SK,3,1500,2011,0,0,0,0,2,1,0,0,0,0,0,0,0,0,0
SK,3,1500,2015,0,0,0,0,0,1,0,0,0,0,0,0,0,0,0
SK,3,1500,2016,0,0,0,0,1,0,0,0,0,0,0,0,0,0,0
SK,3,1500,2017,0,0,0,0,0,1,0,0,0,0,0,0,0,0,0
SK,3,1500,2018,1,1,0,0,0,0,0,0,0,0,0,0,0,0,0
SK,3,1500,2024,0,0,0,0,1,0,0,0,0,0,0,0,0,0,0
SK,3,1510,1976,0,1,0,0,2,0,0,0,0,0,0,0,0,0,0
SK,3,1510,1982,0,0,0,0,0,1,0,0,0,0,0,0,0,0,0
SK,3,1510,1983,0,0,0,0,1,0,0,0,0,0,0,0,0,0,0
SK,3,1510,1984,1,0,0,0,0,0,0,1,0,0,0,0,0,0,0
SK,3,1510,1986,1,0,0,0,0,0,0,0,0,0,0,0,0,0,0
SK,3,1510,1988,1,1,0,0,1,0,0,0,0,0,0,0,0,0,0
SK,3,1510,1990,1,0,0,0,0,0,0,0,0,0,0,0,0,0,0
SK,3,1510,2011,0,1,0,0,0,0,0,0,0,0,0,0,0,0,0
SK,3,1510,2018,1,1,0,0,0,0,0,0,0,0,0,0,0,0,0
SK,3,1530,1976,1,0,0,0,0,0,0,0,0,0,0,0,0,0,0
SK,3,1530,1977,1,0,0,0,0,0,0,0,0,0,0,0,0,0,0
SK,3,1530,1978,0,1,0,0,0,1,0,0,0,0,0,0,0,0,0
SK,3,1530,1979,0,1,0,0,0,0,0,0,0,0,0,0,0,0,0
SK,3,1530,1980,1,0,0,0,1,1,0,0,0,0,0,0,0,0,0
SK,3,1530,1982,0,0,0,0,0,0,0,0,0,0,0,0,0,0,1
SK,3,1530,1984,0,1,0,0,0,1,0,0,0,0,0,0,0,0,0
SK,3,1530,1986,0,0,0,0,1,0,0,0,0,0,0,0,0,0,0
SK,3,1530,1989,1,0,0,0,0,0,0,0,0,0,0,0,0,0,0
SK,3,1530,1993,0,1,0,0,0,0,0,0,0,0,0,0,0,0,0
SK,3,1530,1995,0,1,0,0,0,0,0,0,0,0,0,0,0,0,0
SK,3,1530,1997,0,0,0,0,2,0,0,0,0,0,0,0,0,0,0
SK,3,1530,2006,0,0,0,0,1,0,0,0,0,0,0,0,0,0,0
SK,3,1530,2009,0,0,0,0,0,1,0,0,0,0,0,0,0,0,0
SK,3,1530,2013,0,1,0,0,0,0,0,0,0,0,0,0,0,0,0
SK,3,1530,2015,0,1,0,0,0,1,0,0,0,0,0,0,0,0,0
SK,3,1530,2016,0,1,0,0,0,0,0,0,0,0,0,0,0,0,0
SK,3,1530,2018,0,3,0,0,2,0,0,0,0,0,0,0,0,0,0
SK,3,1530,2020,0,1,0,0,0,0,0,0,0,0,0,0,0,0,0
SK,3,1530,2022,0,1,0,0,0,0,0,0,0,0,0,0,0,0,0
SK,3,1530,2023,0,0,0,0,1,0,0,0,0,0,0,0,0,0,0
SK,3,1530,2024,1,0,0,0,0,1,0,0,0,0,0,0,0,0,0
SK,3,1650,1979,1,0,0,0,0,0,0,0,0,0,0,0,0,0,0
SK,3,1650,1983,0,0,0,0,0,0,0,2,0,0,0,0,0,0,0
SK,3,1650,1986,1,0,0,0,0,0,0,0,0,0,0,0,0,0,0
SK,3,1660,1991,1,0,0,0,0,0,0,0,0,0,0,0,0,0,0
SK,3,1670,1983,0,0,0,1,0,0,0,0,0,0,0,0,0,0,0
SK,3,1670,1984,0,0,0,0,0,0,0,1,0,0,0,0,0,0,0
SK,3,1670,1985,0,0,0,0,0,0,0,2,0,0,0,0,0,0,0
SK,3,1670,1994,0,0,0,0,0,0,0,1,0,0,0,0,0,0,0
SK,3,1670,2008,0,0,0,0,0,0,0,2,0,0,0,0,0,0,0
SK,3,1692,1976,0,0,0,1,0,0,0,1,0,0,0,0,0,0,0
SK,3,1692,1977,0,0,0,13,0,0,0,13,0,0,0,0,0,0,4
SK,3,1692,1978,0,0,0,6,0,0,0,0,0,0,0,0,0,0,0
SK,3,1692,1979,0,0,0,10,0,0,0,5,0,0,0,0,0,0,1
SK,3,1692,1980,0,0,0,20,0,0,0,8,0,0,0,0,0,0,5
SK,3,1692,1981,0,0,0,18,0,0,0,14,0,0,0,0,0,0,8
SK,3,1692,1982,1,0,0,32,0,0,0,18,0,0,0,0,0,0,13
SK,3,1692,1983,0,0,0,39,0,0,0,36,0,0,0,0,0,0,0
SK,3,1692,1984,0,0,0,58,0,0,0,51,0,0,0,0,0,0,0
SK,3,1692,1985,0,0,0,42,0,0,0,33,0,0,0,0,0,0,0
SK,3,1692,1986,0,0,0,39,0,0,0,6,0,0,0,0,0,0,0
SK,3,1692,1987,0,0,0,55,0,0,0,10,0,0,0,0,0,0,0
SK,3,1692,1988,0,0,0,30,0,0,0,18,0,0,0,0,0,0,0
SK,3,1692,1989,0,0,0,38,0,0,0,16,0,0,0,0,0,0,0
SK,3,1692,1990,0,0,0,42,0,0,0,30,0,0,0,0,0,0,0
SK,3,1692,1991,0,0,0,26,0,0,0,16,0,0,0,0,0,0,0
SK,3,1692,1992,0,0,0,75,0,0,0,19,0,0,0,0,0,0,0
SK,3,1692,1993,0,0,0,34,0,0,0,51,0,0,0,0,0,0,0
SK,3,1692,1994,0,0,0,52,0,0,0,34,0,0,0,0,0,0,0
SK,3,1692,1995,0,0,0,31,0,0,0,19,0,0,0,0,0,0,0
SK,3,1692,1996,0,0,0,55,0,0,0,24,0,0,0,0,0,0,0
SK,3,1692,1997,0,0,0,55,0,0,0,31,0,0,0,0,0,0,0
SK,3,1692,1998,0,0,0,98,0,0,0,61,0,0,0,0,0,0,0
SK,3,1692,1999,0,0,0,124,0,1,0,100,0,0,0,0,0,0,0
SK,3,1692,2000,0,0,0,52,0,0,0,22,0,0,0,0,0,0,0
SK,3,1692,2001,0,0,0,81,0,0,0,67,0,0,0,0,0,0,0
SK,3,1692,2002,0,0,0,68,0,0,0,39,0,0,0,0,0,0,0
SK,3,1692,2003,0,0,0,65,0,0,0,79,0,0,0,0,0,0,0
SK,3,1692,2004,0,0,0,64,0,0,0,21,0,0,0,0,0,0,0
SK,3,1692,2005,0,0,0,57,0,0,0,34,0,0,0,0,0,0,1
SK,3,1692,2006,0,0,0,40,0,0,0,41,0,0,0,0,0,0,0
SK,3,1692,2007,0,0,0,32,0,0,0,12,0,0,0,0,0,0,0
SK,3,1692,2008,0,0,0,26,0,0,0,24,0,0,0,0,0,0,0
SK,3,1692,2009,0,0,0,40,0,0,0,12,0,0,0,0,0,0,0
SK,3,1692,2010,0,0,0,21,0,0,0,27,0,1,0,0,0,0,0
SK,3,1692,2011,0,0,0,21,0,0,0,9,0,0,0,0,0,0,0
SK,3,1692,2012,0,0,0,32,0,0,0,12,0,0,0,0,0,0,0
SK,3,1692,2013,0,0,0,13,0,0,0,7,0,0,0,0,0,0,0
SK,3,1692,2014,0,0,0,3,0,0,0,8,0,0,0,0,0,0,0
SK,3,1692,2015,0,0,0,13,0,0,0,10,0,0,0,0,0,0,0
SK,3,1692,2016,0,0,0,5,0,0,0,8,0,0,0,0,0,0,0
SK,3,1692,2017,0,0,0,3,0,0,0,0,0,0,0,0,0,0,0
SK,3,1692,2018,0,0,0,7,0,0,0,1,0,0,0,0,0,0,0
SK,3,1692,2019,0,0,0,12,0,0,0,1,0,0,0,0,0,0,0
SK,3,1692,2020,0,0,0,4,0,0,0,8,0,0,0,0,0,0,0
SK,3,1692,2021,0,0,0,6,0,0,0,5,0,0,0,0,0,0,0
SK,3,1692,2022,0,0,0,11,0,0,0,6,0,0,0,0,0,0,0
SK,3,1692,2023,0,0,0,7,0,0,0,15,0,0,0,0,0,0,0
SK,3,1692,2024,0,0,0,6,0,0,0,9,0,0,0,0,0,0,0
SK,3,1693,1977,0,0,0,6,0,0,0,4,0,0,0,0,0,0,0
SK,3,1693,1978,0,0,0,10,0,0,0,1,0,0,0,0,0,0,0
SK,3,1693,1979,0,0,0,4,0,0,0,0,0,0,0,0,0,0,1
SK,3,1693,1980,0,0,0,1,0,0,0,0,0,0,0,0,0,0,0
SK,3,1693,1981,0,0,0,7,0,0,0,0,0,0,0,0,0,0,6
SK,3,1693,1982,0,0,0,13,0,0,0,7,0,0,0,0,0,0,6
SK,3,1693,1983,0,0,0,13,0,0,0,6,0,0,0,0,0,0,0
SK,3,1693,1984,0,0,0,29,0,0,0,16,0,0,0,0,0,0,0
SK,3,1693,1985,0,0,0,31,0,0,0,12,0,0,0,0,0,0,1
SK,3,1693,1986,0,0,0,26,0,0,0,8,0,0,0,0,0,0,0
SK,3,1693,1987,0,0,0,14,0,0,0,4,0,0,0,0,0,0,0
SK,3,1693,1988,0,0,0,11,0,0,0,6,0,0,0,0,0,0,0
SK,3,1693,1989,0,0,0,16,0,0,0,4,0,0,0,0,0,0,0
SK,3,1693,1990,0,0,0,17,0,0,0,6,0,0,0,0,0,0,0
SK,3,1693,1991,0,0,0,11,0,0,0,4,0,0,0,0,0,0,0
SK,3,1693,1992,0,0,0,42,0,0,0,3,0,0,0,0,0,0,0
SK,3,1693,1993,0,0,0,18,0,1,0,13,0,0,0,0,0,0,0
SK,3,1693,1994,0,0,0,32,0,0,0,7,0,0,0,0,0,0,0
SK,3,1693,1995,0,0,0,19,0,0,0,6,0,0,0,0,0,0,0
SK,3,1693,1996,0,0,0,21,0,0,0,18,0,0,0,0,0,0,0
SK,3,1693,1997,0,0,0,29,0,0,0,18,0,0,0,0,0,0,0
SK,3,1693,1998,0,0,0,56,0,0,0,22,0,0,0,0,0,0,0
SK,3,1693,1999,0,0,0,78,0,0,0,28,0,0,0,0,0,0,3
SK,3,1693,2000,0,0,0,44,0,0,0,8,0,0,0,0,0,0,0
SK,3,1693,2001,0,0,0,47,0,0,0,25,0,0,0,0,0,0,0
SK,3,1693,2002,0,0,0,53,0,0,0,20,0,0,0,0,0,0,0
SK,3,1693,2003,0,0,0,61,0,0,0,34,0,0,0,0,0,0,0
SK,3,1693,2004,0,0,0,43,0,0,0,6,0,0,0,0,0,0,0
SK,3,1693,2005,0,0,0,59,0,0,0,12,0,0,0,0,0,0,2
SK,3,1693,2006,0,0,0,52,0,0,0,22,0,0,0,0,0,0,0
SK,3,1693,2007,0,0,0,34,0,0,0,11,0,0,0,0,0,0,0
SK,3,1693,2008,0,0,0,31,0,0,0,16,0,0,0,0,0,0,0
SK,3,1693,2009,0,0,0,48,0,0,0,7,0,0,0,0,0,0,0
SK,3,1693,2010,0,0,0,9,0,0,0,8,0,0,0,0,0,0,0
SK,3,1693,2011,0,0,0,27,0,0,0,12,0,0,0,0,0,0,0
SK,3,1693,2012,0,0,0,21,0,0,0,13,0,0,0,0,0,0,0
SK,3,1693,2013,0,0,0,17,0,0,0,7,0,0,0,0,0,0,0
SK,3,1693,2014,0,0,0,5,0,0,0,3,0,0,0,0,0,0,0
SK,3,1693,2015,0,0,0,6,0,0,0,0,0,0,0,0,0,0,0
SK,3,1693,2016,0,0,0,6,0,0,0,2,0,0,0,0,0,0,0
SK,3,1693,2017,0,0,0,5,0,0,0,0,0,0,0,0,0,0,0
SK,3,1693,2018,0,0,0,4,0,0,0,0,0,0,0,0,0,0,0
SK,3,1693,2019,0,0,0,4,0,0,0,0,0,0,0,0,0,0,0
SK,3,1693,2020,0,0,0,4,0,0,0,1,0,0,0,0,0,0,0
SK,3,1693,2021,0,0,0,6,0,0,0,1,0,0,0,0,0,0,0
SK,3,1693,2022,0,0,0,4,0,0,0,1,0,0,0,0,0,0,0
SK,3,1693,2023,0,0,0,15,0,0,0,8,0,0,0,0,0,0,0
SK,3,1693,2024,0,0,0,4,0,0,0,4,0,0,0,0,0,0,0
SK,3,1700,1976,0,0,0,2,0,0,0,1,0,0,0,0,0,0,0
SK,3,1700,1978,0,0,0,2,0,0,0,0,0,0,0,0,0,0,0
SK,3,1700,1979,0,0,0,2,0,0,0,0,0,0,0,0,0,0,0
SK,3,1700,1980,0,0,0,2,0,0,0,0,0,0,0,0,0,0,0
SK,3,1700,1981,0,0,0,1,0,0,0,2,0,0,0,0,0,0,0
SK,3,1700,1982,0,0,0,4,0,0,0,3,0,0,0,0,0,0,0
SK,3,1700,1983,0,0,0,1,0,0,0,1,0,0,0,0,0,0,0
SK,3,1700,1984,0,0,0,2,0,0,0,3,0,0,0,0,0,0,0
SK,3,1700,1985,0,0,0,0,0,0,0,1,0,0,0,0,0,0,0
SK,3,1700,1987,0,0,0,0,0,0,0,1,0,0,0,0,0,0,0
SK,3,1700,1989,0,0,0,0,0,0,0,2,0,0,0,0,0,0,0
SK,3,1700,1990,0,0,0,5,0,0,0,5,0,0,0,0,0,0,0
SK,3,1700,1991,0,0,0,0,0,0,0,1,0,0,0,0,0,0,0
SK,3,1700,1992,0,0,0,6,0,0,0,1,0,0,0,0,0,0,0
SK,3,1700,1993,0,0,0,1,0,0,0,1,0,0,0,0,0,0,0
SK,3,1700,1994,0,0,0,4,0,0,0,3,0,0,0,0,0,0,0
SK,3,1700,1995,0,0,0,6,0,0,0,4,0,0,0,0,0,0,0
SK,3,1700,1996,1,0,0,10,0,0,0,10,0,0,0,0,0,0,0
SK,3,1700,1997,0,0,0,7,0,0,0,11,0,0,0,0,0,0,0
SK,3,1700,1998,0,0,0,19,0,0,0,20,0,0,0,0,0,0,2
SK,3,1700,1999,0,0,0,9,0,0,0,10,0,0,0,0,0,0,0
SK,3,1700,2000,0,0,0,6,0,0,0,8,0,0,0,0,0,0,0
SK,3,1700,2001,0,0,0,12,0,0,0,15,0,0,0,0,0,0,0
SK,3,1700,2002,0,0,0,5,0,0,0,14,0,0,0,0,0,0,0
SK,3,1700,2003,0,0,0,5,0,0,0,27,0,0,0,0,0,0,0
SK,3,1700,2004,0,0,0,5,0,0,0,9,0,0,0,0,0,0,0
SK,3,1700,2005,0,0,0,7,0,0,0,2,0,0,0,0,0,0,0
SK,3,1700,2006,0,0,0,3,0,0,0,14,0,0,0,0,0,0,0
SK,3,1700,2007,0,0,0,9,0,0,0,4,0,0,0,0,0,0,0
SK,3,1700,2008,0,0,0,6,0,0,0,6,0,0,0,0,0,0,0
SK,3,1700,2009,0,0,0,12,0,0,0,13,0,0,0,0,0,0,0
SK,3,1700,2010,0,0,0,8,0,0,0,9,0,0,0,0,0,0,0
SK,3,1700,2011,0,0,0,15,0,0,0,15,0,0,0,0,0,0,0
SK,3,1700,2012,0,0,0,11,0,0,0,8,0,0,0,0,0,0,0
SK,3,1700,2013,0,0,0,10,0,0,0,5,0,0,0,0,0,0,0
SK,3,1700,2014,0,0,0,4,0,0,0,5,0,0,0,0,0,0,0
SK,3,1700,2015,0,0,0,2,0,0,0,1,0,0,0,0,0,0,0
SK,3,1700,2017,0,0,0,1,0,0,0,3,0,0,0,0,0,0,1
SK,3,1700,2018,0,0,0,1,0,0,0,0,0,0,0,0,0,0,0
SK,3,1700,2019,0,0,0,0,0,0,0,4,0,0,0,0,0,0,0
SK,3,1700,2020,0,0,0,3,0,0,0,8,0,0,0,0,0,0,0
SK,3,1700,2021,0,0,0,1,0,0,0,8,0,0,0,0,0,0,0
SK,3,1700,2022,0,0,0,0,0,0,0,2,0,0,0,0,0,0,0
SK,3,1700,2023,0,0,0,3,0,0,0,15,0,0,0,0,0,0,0
SK,3,1700,2024,0,0,0,0,0,0,0,1,0,0,0,0,0,0,0
SK,3,1710,1976,0,0,0,30,0,0,0,35,0,0,0,0,0,0,1
SK,3,1710,1977,0,0,0,20,0,0,0,19,0,0,0,0,0,0,6
SK,3,1710,1978,0,0,0,35,0,0,0,18,0,0,0,0,0,0,4
SK,3,1710,1979,0,0,0,33,0,0,0,78,0,0,0,0,0,0,10
SK,3,1710,1980,0,0,0,47,0,0,0,56,0,0,0,0,0,0,11
SK,3,1710,1981,0,0,0,51,0,0,0,44,0,0,0,0,0,0,13
SK,3,1710,1982,0,0,0,30,0,0,0,18,0,0,0,0,0,0,13
SK,3,1710,1983,0,0,0,43,0,0,0,32,0,0,0,0,0,0,0
SK,3,1710,1984,0,0,0,53,0,0,0,47,0,0,0,0,0,0,0
SK,3,1710,1985,0,0,0,28,0,0,0,28,0,0,0,0,0,0,0
SK,3,1710,1986,0,0,0,32,0,0,0,8,0,0,0,0,0,0,0
SK,3,1710,1987,0,0,0,15,0,0,0,12,0,0,0,0,0,0,0
SK,3,1710,1988,0,0,0,3,0,0,0,2,0,0,0,0,0,0,0
SK,3,1710,1989,0,0,0,21,0,0,0,17,0,0,0,0,0,0,0
SK,3,1710,1990,0,0,0,17,0,0,0,15,0,0,0,0,0,0,1
SK,3,1710,1991,0,0,0,17,0,0,0,14,0,0,0,0,0,0,0
SK,3,1710,1992,0,0,0,33,0,0,0,15,0,0,0,0,0,0,0
SK,3,1710,1993,0,0,0,24,0,0,0,22,0,0,0,0,0,0,0
SK,3,1710,1994,0,0,0,11,0,0,0,10,0,0,0,0,0,0,0
SK,3,1710,1995,0,0,0,14,1,0,0,17,0,0,0,0,0,0,0
SK,3,1710,1996,0,0,0,15,0,0,0,24,0,0,0,0,0,0,0
SK,3,1710,1997,0,0,0,18,0,0,0,7,0,0,0,0,0,0,0
SK,3,1710,1998,0,0,0,23,0,0,0,8,0,0,0,0,0,0,0
SK,3,1710,1999,0,0,0,18,0,0,0,2,0,0,0,0,0,0,0
SK,3,1710,2000,0,0,0,23,0,0,0,16,0,0,0,0,0,0,0
SK,3,1710,2001,0,0,0,17,0,0,0,6,0,0,0,0,0,0,0
SK,3,1710,2002,0,0,0,16,0,0,0,6,0,0,0,0,0,0,0
SK,3,1710,2003,0,0,0,14,0,0,0,4,0,0,0,0,0,0,0
SK,3,1710,2004,0,0,0,18,0,0,0,11,0,0,0,0,0,0,0
SK,3,1710,2005,0,0,0,11,0,0,0,12,0,0,0,0,0,0,0
SK,3,1710,2006,0,0,0,0,0,0,0,1,0,0,0,0,0,0,0
SK,3,1710,2007,0,0,0,10,0,0,0,6,0,0,0,0,0,0,0
SK,3,1710,2009,0,0,0,14,0,0,0,0,0,0,0,0,0,0,0
SK,3,1710,2010,0,0,0,5,0,0,0,1,0,0,0,0,0,0,0
SK,3,1710,2011,0,0,0,5,0,0,0,3,0,0,0,0,0,0,0
SK,3,1710,2012,0,0,0,17,0,0,0,7,0,0,0,0,0,0,0
SK,3,1710,2013,0,0,0,4,0,0,0,1,0,0,0,0,0,0,0
SK,3,1710,2014,0,0,0,1,0,0,0,0,0,0,0,0,0,0,0
SK,3,1710,2015,0,0,0,1,0,0,0,0,0,0,0,0,0,0,0
SK,3,1710,2016,0,0,0,0,0,0,0,1,0,0,0,0,0,0,0
SK,3,1710,2017,0,0,0,1,0,0,0,0,0,0,0,0,0,0,0
SK,3,1710,2018,0,0,0,4,0,0,0,0,0,0,0,0,0,0,0
SK,3,1710,2020,0,0,0,4,0,0,0,0,0,0,0,0,0,0,0
SK,3,1710,2021,0,0,0,4,0,0,0,2,0,0,0,0,0,0,0
SK,3,1710,2022,0,0,0,3,0,0,0,2,0,0,0,0,0,0,0
SK,3,1710,2023,0,0,0,2,0,0,0,1,0,0,0,0,0,0,0
SK,3,1710,2024,0,0,0,1,0,0,0,3,0,0,0,0,0,0,0
SK,3,1721,1976,0,0,0,8,0,0,0,15,0,0,0,0,0,0,0
SK,3,1721,1977,0,0,0,12,0,0,0,7,0,0,0,0,0,0,1
SK,3,1721,1978,0,0,0,19,0,0,0,6,0,0,0,0,0,0,1
SK,3,1721,1979,0,0,0,9,0,0,0,14,0,0,0,0,0,0,2
SK,3,1721,1980,0,0,0,13,0,0,0,12,0,0,0,0,0,0,3
SK,3,1721,1981,0,0,0,14,0,0,0,17,0,0,0,0,0,0,5
SK,3,1721,1982,0,0,0,18,0,0,0,6,0,0,0,0,0,0,9
SK,3,1721,1983,0,0,0,30,0,0,0,37,0,0,0,0,0,0,0
SK,3,1721,1984,0,0,0,25,0,0,0,25,0,0,0,0,0,0,0
SK,3,1721,1985,0,0,0,23,0,0,0,25,0,0,0,0,0,0,0
SK,3,1721,1986,0,0,0,27,0,0,0,11,0,0,0,0,0,0,0
SK,3,1721,1987,0,0,0,46,0,0,0,18,0,0,0,0,0,0,0
SK,3,1721,1988,0,0,0,19,0,0,0,16,0,0,0,0,0,0,0
SK,3,1721,1989,0,0,0,23,0,0,0,24,0,0,0,0,0,0,0
SK,3,1721,1990,0,0,0,39,0,0,0,18,0,0,0,0,0,0,0
SK,3,1721,1991,0,0,0,20,0,0,0,17,0,0,0,0,0,0,0
SK,3,1721,1992,0,0,0,58,0,0,0,22,0,0,0,0,0,0,0
SK,3,1721,1993,0,0,0,50,0,0,0,63,0,0,0,0,0,0,0
SK,3,1721,1994,0,0,0,43,0,0,0,24,0,0,0,0,0,0,0
SK,3,1721,1995,0,0,0,13,0,0,0,6,0,0,0,0,0,0,0
SK,3,1721,1996,0,0,0,52,0,0,0,48,0,0,0,0,0,0,0
SK,3,1721,1997,0,0,0,38,0,0,0,13,0,0,0,0,0,0,0
SK,3,1721,1998,0,0,0,56,0,0,0,26,0,0,0,0,0,0,0
SK,3,1721,1999,0,2,0,43,0,0,0,18,0,0,0,0,0,0,1
SK,3,1721,2000,0,0,0,32,0,0,0,23,0,0,0,0,0,0,0
SK,3,1721,2001,0,0,0,39,0,0,0,37,0,0,0,0,0,0,0
SK,3,1721,2002,0,0,0,45,0,0,0,27,0,0,0,0,0,0,1
SK,3,1721,2003,0,0,0,35,0,0,0,32,0,0,0,0,0,0,0
SK,3,1721,2004,0,0,0,32,0,0,0,6,0,0,0,0,0,0,0
SK,3,1721,2005,0,0,0,17,0,0,0,15,0,0,0,0,0,0,0
SK,3,1721,2006,0,0,0,35,0,0,0,27,0,0,0,0,0,0,1
SK,3,1721,2007,0,0,0,55,0,0,0,27,0,0,0,0,0,0,2
SK,3,1721,2008,0,0,0,19,0,0,0,14,0,0,0,0,0,0,0
SK,3,1721,2009,0,0,0,29,0,0,0,4,0,0,0,0,0,0,0
SK,3,1721,2010,0,0,0,39,0,0,0,18,0,4,0,0,0,0,0
SK,3,1721,2011,0,0,0,22,0,0,0,14,0,0,0,0,0,0,0
SK,3,1721,2012,0,0,0,16,0,0,0,7,0,0,0,0,0,0,0
SK,3,1721,2013,0,0,0,17,0,0,0,15,0,0,0,0,0,0,0
SK,3,1721,2014,0,0,0,15,0,0,0,9,0,0,0,0,0,0,0
SK,3,1721,2015,0,0,0,25,0,0,0,15,0,0,0,0,0,0,0
SK,3,1721,2016,0,0,0,16,0,0,0,7,0,0,0,0,0,0,0
SK,3,1721,2017,0,0,0,34,0,0,0,17,0,0,0,0,0,0,0
SK,3,1721,2018,0,0,0,9,0,0,0,1,0,0,0,0,0,0,0
SK,3,1721,2019,0,0,0,9,0,0,0,2,0,0,0,0,0,0,0
SK,3,1721,2020,0,0,0,14,0,0,0,0,0,0,0,0,0,0,0
SK,3,1721,2021,0,0,0,25,0,0,0,4,0,0,0,0,0,0,0
SK,3,1721,2022,0,0,0,16,0,0,0,3,0,0,0,0,0,0,0
SK,3,1721,2023,0,0,0,7,0,0,0,5,0,0,0,0,0,0,0
SK,3,1721,2024,0,0,0,13,0,0,0,8,0,0,0,0,0,0,0
SK,3,1722,1976,0,0,0,66,0,0,0,26,0,0,0,0,0,0,3
SK,3,1722,1977,0,0,0,81,0,0,0,17,0,0,0,0,0,0,18
SK,3,1722,1978,0,0,0,78,0,0,0,25,0,0,0,0,0,0,4
SK,3,1722,1979,0,0,0,123,0,0,0,39,0,0,0,0,0,0,12
SK,3,1722,1980,0,0,0,77,0,0,0,14,0,0,0,0,0,0,14
SK,3,1722,1981,0,0,0,155,0,0,0,28,0,0,0,0,0,0,14
SK,3,1722,1982,0,0,0,102,0,0,0,25,0,0,0,0,0,0,29
SK,3,1722,1983,0,0,0,169,0,0,0,55,0,0,0,0,0,0,1
SK,3,1722,1984,0,1,0,165,0,0,0,53,0,0,0,0,0,0,3
SK,3,1722,1985,0,0,0,149,0,0,0,62,0,0,0,0,0,0,0
SK,3,1722,1986,0,0,0,119,0,0,0,18,0,0,0,0,0,0,0
SK,3,1722,1987,1,0,0,131,1,0,0,27,0,0,0,0,0,0,0
SK,3,1722,1988,0,0,0,159,0,0,0,39,0,0,0,0,0,0,0
SK,3,1722,1989,0,0,0,169,0,0,0,18,0,0,0,0,0,0,1
SK,3,1722,1990,0,0,0,142,0,0,0,27,0,0,0,0,0,0,0
SK,3,1722,1991,0,0,0,149,0,0,0,20,0,0,0,0,0,0,0
SK,3,1722,1992,0,0,0,186,0,0,0,32,0,0,0,0,0,0,0
SK,3,1722,1993,0,0,0,128,0,0,0,19,0,0,0,0,0,0,0
SK,3,1722,1994,0,0,0,101,0,0,0,18,0,0,0,0,0,0,0
SK,3,1722,1995,0,0,0,106,0,0,0,14,0,0,0,0,0,0,0
SK,3,1722,1996,0,0,0,130,0,0,0,38,0,0,0,0,0,0,0
SK,3,1722,1997,0,0,0,185,0,0,0,26,0,0,0,0,0,0,0
SK,3,1722,1998,0,0,0,257,0,0,0,29,0,0,0,0,0,0,1
SK,3,1722,1999,0,0,0,149,0,0,0,21,0,0,0,0,0,0,0
SK,3,1722,2000,0,0,0,194,0,0,0,11,0,0,0,0,0,0,0
SK,3,1722,2001,0,0,0,221,0,0,0,33,0,0,0,0,0,0,0
SK,3,1722,2002,0,0,0,156,0,0,0,8,0,0,0,0,0,0,0
SK,3,1722,2003,0,0,0,124,0,0,0,41,0,0,0,0,0,0,10
SK,3,1722,2004,0,0,0,138,0,0,0,11,0,0,0,0,0,0,0
SK,3,1722,2005,0,0,0,115,0,0,0,18,0,0,0,0,0,0,0
SK,3,1722,2006,0,0,0,211,0,0,0,25,0,0,0,0,0,0,1
SK,3,1722,2007,0,0,0,253,0,0,0,12,0,0,2,0,0,0,4
SK,3,1722,2008,0,0,0,67,0,0,0,3,0,0,0,0,0,0,1
SK,3,1722,2009,0,0,0,132,0,0,0,7,0,0,0,0,0,0,0
SK,3,1722,2010,0,0,7,120,0,0,4,23,0,7,0,0,0,0,4
SK,3,1722,2011,0,0,0,64,0,0,0,4,0,0,0,0,0,0,1
SK,3,1722,2012,0,0,1,94,0,0,0,3,0,0,0,0,0,0,0
SK,3,1722,2013,0,0,0,79,0,0,0,12,0,0,0,0,0,0,0
SK,3,1722,2014,0,0,2,48,0,0,0,5,0,0,0,0,0,0,0
SK,3,1722,2015,0,0,1,86,0,0,1,3,0,0,0,0,0,0,0
SK,3,1722,2016,0,0,0,125,0,0,0,11,0,2,0,0,0,0,0
SK,3,1722,2017,0,0,0,214,0,0,0,18,0,0,0,0,0,0,0
SK,3,1722,2018,0,0,2,82,0,0,0,9,0,0,0,0,0,0,0
SK,3,1722,2019,0,0,5,112,0,0,0,3,0,0,0,0,0,0,0
SK,3,1722,2020,0,0,0,91,0,0,0,6,0,0,0,0,0,0,0
SK,3,1722,2021,0,0,0,64,0,0,0,2,0,1,0,0,0,0,0
SK,3,1722,2022,0,0,0,29,0,0,0,6,0,2,0,0,0,0,0
SK,3,1722,2023,0,0,0,22,0,0,0,2,0,0,0,0,0,0,0
SK,3,1722,2024,0,0,0,42,0,0,0,6,0,5,0,0,0,0,0
SK,3,2210,2005,0,0,0,0,0,0,0,0,0,0,0,0,0,0,1
SK,3,2210,2024,0,0,0,0,0,0,0,1,0,0,0,0,0,0,1
SK,NA,1320,1991,0,2,0,0,2,2,0,0,0,0,0,0,0,0,0
SK,NA,1350,1991,0,0,0,0,0,1,0,0,0,0,0,0,0,0,0
SK,NA,1400,1991,0,0,0,0,1,0,0,0,0,0,0,0,0,0,0
SK,NA,1692,1991,0,0,0,3,0,0,0,0,0,0,0,0,0,0,0
SK,NA,1693,1991,0,0,0,1,0,0,0,0,0,0,0,0,0,0,0
SK,NA,1710,1991,0,0,0,2,0,0,0,3,0,0,0,0,0,0,0
SK,NA,1721,1991,0,0,0,2,0,0,0,0,0,0,0,0,0,0,0
SK,NA,1722,1991,0,0,0,6,0,0,0,1,0,0,0,0,0,0,0
YT,1,1290,1978,0,0,0,0,0,1,0,0,0,0,0,0,0,0,0
YT,1,1290,1993,0,0,0,0,0,0,0,2,0,0,0,0,0,0,0
YT,1,1290,1994,1,0,0,0,0,1,0,0,0,0,0,0,0,0,0
YT,1,1300,1976,0,0,0,0,0,0,0,2,0,0,0,0,0,0,0
YT,1,1300,1993,0,0,0,0,0,1,0,0,0,0,0,0,0,0,0
YT,1,1320,1976,1,4,0,0,5,12,0,0,0,0,0,0,0,0,1
YT,1,1320,1977,2,3,0,0,17,22,0,1,0,0,0,0,0,0,42
YT,1,1320,1978,3,2,0,0,15,9,0,1,0,0,0,1,1,0,2
YT,1,1320,1979,0,1,0,0,1,6,0,0,0,0,0,0,0,0,16
YT,1,1320,1980,1,1,0,0,4,4,0,1,0,0,0,0,0,0,4
YT,1,1320,1981,0,0,0,0,2,4,0,0,0,0,0,0,0,0,1
YT,1,1320,1983,3,2,0,0,3,4,0,0,0,0,0,0,0,0,1
YT,1,1320,1984,1,1,0,0,9,9,0,0,0,0,0,0,0,0,2
YT,1,1320,1985,1,1,0,1,7,9,0,1,0,0,0,0,0,0,0
YT,1,1320,1986,0,0,0,0,6,3,0,0,0,0,0,0,0,0,0
YT,1,1320,1987,1,2,0,0,2,8,0,0,0,0,0,0,0,0,0
YT,1,1320,1988,2,6,0,0,1,4,0,0,0,0,0,0,0,0,0
YT,1,1320,1989,0,0,0,0,3,2,0,0,0,0,0,0,0,0,0
YT,1,1320,1990,0,3,0,0,4,3,0,0,0,0,0,0,0,0,0
YT,1,1320,1991,2,0,0,0,11,7,0,0,0,0,0,0,0,0,0
YT,1,1320,1992,3,2,0,0,5,3,0,0,0,0,0,0,0,0,2
YT,1,1320,1993,2,1,0,0,10,6,0,0,0,0,0,0,0,0,0
YT,1,1320,1994,1,0,0,0,3,6,0,0,0,0,0,0,0,0,0
YT,1,1320,1995,0,0,0,0,1,3,0,0,0,0,0,0,0,0,0
YT,1,1320,1997,0,0,0,0,1,4,0,0,0,0,0,0,0,0,0
YT,1,1320,1998,0,1,0,0,0,1,0,0,0,0,0,0,0,0,0
YT,1,1320,1999,2,1,0,0,8,4,0,0,0,0,0,0,0,0,0
YT,1,1320,2000,0,2,0,0,3,0,0,0,0,0,0,0,0,0,0
YT,1,1320,2001,1,0,0,0,7,4,0,1,0,0,0,0,0,0,0
YT,1,1320,2002,0,1,0,0,2,4,0,0,0,0,0,0,0,0,0
YT,1,1320,2003,1,0,0,0,0,0,0,0,0,0,0,0,0,0,0
YT,1,1320,2004,0,0,0,0,0,1,0,0,0,0,0,0,0,0,0
YT,1,1320,2007,0,0,0,0,0,1,0,0,0,0,0,0,0,0,0
YT,1,1320,2008,0,0,0,0,0,2,0,0,0,0,0,0,0,0,0
YT,1,1320,2009,0,0,0,0,0,3,0,0,0,0,0,0,0,0,0
YT,1,1320,2012,0,0,0,0,0,2,0,0,0,0,0,0,0,0,0
YT,1,1320,2014,0,0,0,0,2,1,0,0,0,0,0,0,0,0,0
YT,1,1320,2017,1,1,0,0,3,4,0,0,0,0,0,0,0,0,0
YT,1,1320,2018,2,0,0,0,3,2,0,0,0,0,0,0,0,0,0
YT,1,1320,2022,1,0,0,0,2,2,0,0,0,0,0,0,0,0,0
YT,1,1320,2023,1,0,0,0,0,1,0,0,0,0,0,0,0,0,0
YT,1,1330,1994,0,0,0,0,1,0,0,0,0,0,0,0,0,0,0
YT,1,1350,1979,0,0,0,0,0,1,0,0,0,0,0,0,0,0,0
YT,1,1370,1976,3,0,0,0,3,11,0,0,0,0,0,0,0,0,4
YT,1,1370,1977,2,0,0,0,12,7,0,0,0,0,0,1,0,0,3
YT,1,1370,1978,1,0,0,0,5,4,0,0,0,0,0,0,0,0,0
YT,1,1370,1979,0,0,0,0,1,3,0,0,0,0,0,0,0,0,2
YT,1,1370,1980,0,0,0,0,0,0,0,0,0,0,0,0,0,0,1
YT,1,1370,1983,0,1,0,0,2,6,0,0,0,0,0,0,0,0,0
YT,1,1370,1984,0,0,0,0,1,2,0,0,0,0,0,0,0,0,0
YT,1,1370,1985,0,0,0,0,0,1,0,0,0,0,0,0,0,0,0
YT,1,1370,1986,1,0,0,0,2,3,0,0,0,0,0,0,0,0,0
YT,1,1370,1988,0,0,0,0,5,2,0,0,0,0,0,0,0,0,0
YT,1,1370,1990,0,1,0,0,0,1,0,0,0,0,0,0,0,0,0
YT,1,1370,1991,0,1,0,0,4,7,0,1,0,0,0,0,1,0,0
YT,1,1370,1992,0,2,0,0,1,3,0,0,0,0,0,0,0,0,1
YT,1,1370,1993,0,0,0,0,2,3,0,0,0,0,0,0,0,0,0
YT,1,1370,1994,0,0,0,0,1,0,0,0,0,0,0,0,0,0,0
YT,1,1370,1995,0,0,0,0,9,3,0,0,0,0,0,0,0,0,0
YT,1,1370,1996,0,0,0,0,0,1,0,0,0,0,0,0,0,0,0
YT,1,1370,1997,0,0,0,0,1,0,0,0,0,0,0,0,0,0,0
YT,1,1370,1998,0,0,0,0,1,1,0,0,0,0,0,0,0,0,0
YT,1,1370,2000,0,0,0,0,0,1,0,0,0,0,0,0,0,0,0
YT,1,1370,2002,0,0,0,0,2,1,0,0,0,0,0,0,0,0,0
YT,1,1370,2007,0,0,0,0,3,2,0,0,0,0,0,0,0,0,0
YT,1,1370,2009,0,0,0,0,0,1,0,0,0,0,0,0,0,0,0
YT,1,1370,2017,0,0,0,0,0,1,0,0,0,0,0,0,0,0,0
YT,1,1370,2018,0,0,0,0,1,3,0,0,0,0,0,0,0,0,0
YT,1,1370,2020,1,0,0,0,0,0,0,2,0,0,0,0,0,0,0
YT,1,1370,2021,0,0,0,0,1,0,0,0,0,0,0,0,0,0,0
YT,1,1370,2024,2,0,0,0,3,0,0,0,0,0,0,0,0,0,0
YT,1,1390,1976,0,0,0,0,1,0,0,0,0,0,0,0,0,0,1
YT,1,1390,1977,1,0,0,0,7,6,0,1,0,0,0,0,0,0,2
YT,1,1390,1978,1,0,0,0,2,3,0,0,0,0,0,0,0,0,0
YT,1,1390,1979,0,0,0,0,1,0,0,0,0,0,0,0,0,0,0
YT,1,1390,1980,0,0,0,0,0,1,0,0,0,0,0,0,0,0,1
YT,1,1390,1983,1,0,0,0,1,0,0,1,0,0,0,0,0,0,0
YT,1,1390,1984,1,0,0,0,0,0,0,0,0,0,0,0,0,0,0
YT,1,1390,1985,0,0,0,0,0,2,0,2,0,0,0,0,0,0,1
YT,1,1390,1986,0,0,0,0,3,0,0,0,0,0,0,0,0,0,0
YT,1,1390,1987,0,0,0,0,5,1,0,0,0,0,0,0,0,0,0
YT,1,1390,1992,1,1,0,0,0,5,0,1,0,0,0,0,0,0,0
YT,1,1390,1994,3,0,0,0,2,1,0,0,0,0,0,0,0,0,0
YT,1,1390,1995,1,0,0,0,0,0,0,0,0,0,0,0,0,0,0
YT,1,1390,1996,0,0,0,0,1,0,0,0,0,0,0,0,0,0,0
YT,1,1390,1999,0,0,0,0,1,3,0,0,0,0,0,0,0,0,0
YT,1,1390,2001,0,0,0,0,2,4,0,0,0,0,0,0,0,0,0
YT,1,1390,2007,0,0,0,0,0,1,0,0,0,0,0,0,0,0,0
YT,1,1390,2008,0,0,0,0,1,0,0,0,0,0,0,0,0,0,0
YT,1,1390,2018,1,0,0,0,2,0,0,0,0,0,0,0,0,0,0
YT,1,1390,2022,0,0,0,0,1,0,0,0,0,0,0,0,0,0,0
YT,1,1390,2024,1,0,0,0,0,0,0,0,0,0,0,0,0,0,0
YT,1,1400,1977,0,0,0,0,0,1,0,0,0,0,0,0,0,0,1
YT,1,1400,1978,0,1,0,0,1,0,0,0,0,0,0,0,0,0,0
YT,1,1400,1983,0,0,0,0,0,1,0,0,0,0,0,0,0,0,0
YT,1,1400,2024,0,0,0,0,0,0,0,0,0,0,0,1,0,0,0
YT,1,1420,1976,0,0,0,0,3,0,0,0,0,0,0,0,0,0,1
YT,1,1420,1977,0,0,0,0,5,6,0,0,0,0,0,0,0,0,4
YT,1,1420,1983,0,0,0,0,1,0,0,0,0,0,0,0,0,0,0
YT,1,1420,1984,0,0,0,0,2,4,0,0,0,0,0,0,0,0,0
YT,1,1420,1985,1,0,0,0,1,3,0,0,0,0,0,0,0,0,0
YT,1,1420,1987,0,0,0,0,6,2,0,0,0,0,0,0,0,0,0
YT,1,1420,1990,0,0,0,0,1,0,0,0,0,0,0,0,0,0,0
YT,1,1420,1991,0,0,0,0,0,1,0,0,0,0,0,0,0,0,0
YT,1,1420,1992,0,0,0,0,1,2,0,0,0,0,0,0,0,0,0
YT,1,1420,1993,0,0,0,0,1,2,0,0,0,0,0,0,0,0,0
YT,1,1420,1994,0,0,0,0,1,0,0,0,0,0,0,0,0,0,0
YT,1,1420,1997,0,0,0,0,0,1,0,0,0,0,0,0,0,0,0
YT,1,1420,2008,1,0,0,0,0,0,0,0,0,0,0,0,0,0,0
YT,1,1420,2021,2,1,0,0,0,0,0,0,0,0,0,0,0,0,0
YT,1,1430,1976,0,0,0,0,2,1,0,0,0,0,0,0,0,0,3
YT,1,1430,1977,0,0,0,0,9,5,0,0,0,0,0,0,0,0,9
YT,1,1430,1978,0,0,0,0,3,3,0,0,0,0,0,0,0,0,0
YT,1,1430,1979,1,0,0,0,1,0,0,0,0,0,0,0,0,0,2
YT,1,1430,1980,0,0,0,0,0,1,0,0,0,0,0,0,0,0,0
YT,1,1430,1981,0,0,0,0,0,0,0,0,0,0,0,0,0,0,1
YT,1,1430,1983,0,0,0,0,2,3,0,0,0,0,0,0,0,0,0
YT,1,1430,1984,0,0,0,0,1,2,0,0,0,0,0,0,0,0,0
YT,1,1430,1985,0,0,0,0,5,5,0,0,0,0,0,0,0,0,0
YT,1,1430,1986,0,0,0,0,2,1,0,0,0,0,0,0,0,0,0
YT,1,1430,1987,0,1,0,0,1,2,0,0,0,0,0,0,0,0,0
YT,1,1430,1990,0,1,0,0,0,0,0,0,0,0,0,0,0,0,0
YT,1,1430,1991,1,1,0,0,0,0,0,0,0,0,0,0,1,0,0
YT,1,1430,1992,0,0,0,0,1,1,0,0,0,0,0,0,0,0,0
YT,1,1430,1994,0,0,0,0,1,1,0,0,0,0,0,0,0,0,0
YT,1,1430,1998,1,0,0,0,0,1,0,0,0,0,0,0,0,0,0
YT,1,1430,1999,0,0,0,0,1,0,0,0,0,0,0,0,0,0,0
YT,1,1430,2001,0,0,0,0,1,2,0,0,0,0,0,0,0,0,0
YT,1,1430,2009,0,1,0,0,0,0,0,0,0,0,0,0,0,0,0
YT,1,1430,2014,0,0,0,0,1,2,0,0,0,0,0,0,0,0,0
YT,1,1430,2017,0,0,0,0,0,2,0,0,0,0,0,0,0,0,0
YT,1,1430,2018,0,1,0,0,0,0,0,0,0,0,0,0,0,0,0
YT,1,1430,2019,0,0,0,0,0,1,0,0,0,0,0,0,0,0,0
YT,1,1430,2021,0,0,0,0,0,1,0,0,0,0,0,0,0,0,0
YT,1,1430,2022,0,0,0,0,0,1,0,0,0,0,0,0,0,0,0
YT,1,1470,1977,0,0,0,0,3,1,0,0,0,0,0,0,0,0,1
YT,1,1470,1984,0,0,0,0,1,0,0,0,0,0,0,0,0,0,0
YT,1,1480,1977,0,0,0,0,2,0,0,0,0,0,0,0,0,0,2
YT,1,1480,1978,0,0,0,0,0,1,0,0,0,0,0,0,1,0,0
YT,1,1480,1985,0,0,0,0,0,1,0,0,0,0,0,0,0,0,0
YT,1,1480,1999,0,0,0,0,0,1,0,0,0,0,0,0,0,0,0
YT,1,1480,2009,0,0,0,0,1,0,0,0,0,0,0,0,0,0,0
YT,1,1490,1976,2,0,0,0,3,4,0,0,0,0,0,0,0,0,1
YT,1,1490,1977,1,0,0,0,6,7,0,0,0,0,0,1,0,0,8
YT,1,1490,1978,3,0,0,0,1,2,0,0,0,0,0,0,1,0,2
YT,1,1490,1981,0,0,0,0,0,0,0,0,0,0,0,0,0,0,1
YT,1,1490,1983,0,0,0,0,0,0,0,2,0,0,0,0,0,0,0
YT,1,1490,1984,0,0,0,0,0,0,0,1,0,0,0,0,0,0,0
YT,1,1490,1987,0,0,0,0,1,0,0,0,0,0,0,0,0,0,0
YT,1,1490,1993,0,0,0,0,1,1,0,0,0,0,0,0,0,0,0
YT,1,1490,1994,0,0,0,0,0,3,0,0,0,0,0,0,0,0,0
YT,1,1490,2000,0,0,0,0,1,1,0,0,0,0,0,0,0,0,0
YT,1,1490,2001,0,0,0,0,1,0,0,0,0,0,0,0,0,0,0
YT,1,1490,2002,0,0,0,0,1,1,0,0,0,0,0,0,0,0,0
YT,1,1490,2009,0,0,0,0,1,0,0,0,0,0,0,0,0,0,0
YT,1,1490,2022,0,0,0,0,1,0,0,0,0,0,0,0,0,0,0
YT,1,1500,1979,0,1,0,0,0,0,0,0,0,0,0,0,0,0,0
YT,1,1500,1992,1,0,0,0,1,0,0,0,0,0,0,0,0,0,1
YT,1,1500,1993,0,0,0,0,2,4,0,0,0,0,0,0,0,0,0
YT,1,1500,1994,0,0,0,0,2,1,0,0,0,0,0,0,0,0,0
YT,1,1500,2000,0,0,0,0,3,0,0,0,0,0,0,0,0,0,0
YT,1,1500,2021,0,1,0,0,0,0,0,0,0,0,0,0,0,0,0
YT,1,1500,2024,0,0,0,0,1,2,0,0,0,0,0,0,0,0,0
YT,1,1510,1976,1,0,0,0,0,0,0,0,0,0,0,0,0,0,0
YT,1,1510,1978,0,0,0,0,2,1,0,0,0,0,0,0,0,0,0
YT,1,1510,1979,1,0,0,0,0,2,0,0,0,0,0,0,0,0,1
YT,1,1510,1980,0,0,0,0,0,0,0,0,0,0,0,0,0,0,1
YT,1,1510,1982,0,0,0,0,0,1,0,0,0,0,0,0,0,0,0
YT,1,1510,1983,0,0,0,0,1,0,0,0,0,0,0,0,0,0,0
YT,1,1510,1987,0,0,0,0,0,1,0,0,0,0,0,0,0,0,0
YT,1,1510,1988,0,1,0,0,0,1,0,0,0,0,0,0,0,0,0
YT,1,1510,1993,1,0,0,0,1,0,0,0,0,0,0,0,0,0,0
YT,1,1510,1997,0,1,0,0,0,0,0,0,0,0,0,0,0,0,0
YT,1,1510,1998,0,0,0,0,0,1,0,0,0,0,0,1,0,0,0
YT,1,1510,1999,1,1,0,0,0,0,0,0,0,0,0,0,0,0,0
YT,1,1510,2002,0,0,0,0,1,0,0,0,0,0,0,0,0,0,0
YT,1,1510,2020,0,0,0,0,0,1,0,0,0,0,0,0,0,0,0
YT,1,1520,1976,0,0,0,0,1,1,0,1,0,0,0,0,0,0,2
YT,1,1520,1977,1,0,0,0,0,0,0,0,0,0,0,0,0,0,0
YT,1,1520,1992,0,1,0,0,0,0,0,0,0,0,0,0,0,0,0
YT,1,1520,1993,0,1,0,0,1,3,0,0,0,0,0,0,0,0,0
YT,1,1520,1994,1,0,0,0,2,1,0,0,0,0,0,0,0,0,0
YT,1,1520,1995,1,0,0,0,0,2,0,0,0,0,0,0,0,0,0
YT,1,1520,2004,1,1,0,0,2,0,0,0,0,0,0,0,0,0,0
YT,1,1520,2017,0,0,0,0,0,1,0,0,0,0,0,0,0,0,0
YT,1,1520,2018,0,1,0,0,0,0,0,0,0,0,0,0,0,0,0
YT,1,1520,2019,0,0,0,0,0,2,0,0,0,0,0,0,0,0,0
YT,1,1530,1976,0,2,0,0,2,4,0,0,0,0,0,0,0,0,0
YT,1,1530,1977,0,0,0,0,5,5,0,0,0,0,0,0,0,0,3
YT,1,1530,1978,2,0,0,0,1,1,0,2,0,0,0,0,0,0,0
YT,1,1530,1982,1,0,0,0,0,0,0,0,0,0,0,0,0,0,0
YT,1,1530,1983,3,5,0,0,1,1,0,0,0,0,0,0,0,0,0
YT,1,1530,1984,0,1,0,0,0,0,0,0,0,0,0,0,0,0,0
YT,1,1530,1986,0,0,0,0,1,0,0,0,0,0,0,0,0,0,0
YT,1,1530,1987,0,0,0,0,0,1,0,0,0,0,0,0,0,0,0
YT,1,1530,1988,0,1,0,0,0,1,0,0,0,0,0,0,0,0,0
YT,1,1530,1992,0,0,0,0,1,0,0,0,0,0,0,0,0,0,0
YT,1,1530,1993,0,0,0,0,1,0,0,0,0,0,0,0,0,0,0
YT,1,1530,1994,1,0,0,0,0,0,0,0,0,0,0,0,0,0,0
YT,1,1530,1997,1,6,0,0,2,4,0,0,0,0,0,0,0,0,0
YT,1,1530,1999,0,2,0,0,0,0,0,0,0,0,0,0,0,0,0
YT,1,1530,2001,0,1,0,0,0,0,0,0,0,0,0,0,0,0,0
YT,1,1530,2003,0,0,0,0,1,3,0,0,0,0,0,0,0,0,0
YT,1,1530,2017,0,1,0,0,0,1,0,0,0,0,0,0,0,0,0
YT,1,1530,2018,0,2,0,0,0,1,0,0,0,0,0,0,0,0,0
YT,1,1550,1977,0,0,0,0,0,0,0,1,0,0,0,0,0,0,0
YT,1,1550,1996,0,0,0,0,0,0,0,1,0,0,0,0,0,0,0
YT,1,1630,1979,1,0,0,0,0,0,0,1,0,0,0,0,0,0,1
YT,1,1630,1986,0,0,0,0,0,1,0,0,0,0,0,0,0,0,0
YT,1,1630,1992,0,0,0,0,0,1,0,0,0,0,0,0,0,0,0
YT,1,1630,1994,3,0,0,0,1,0,0,2,0,0,0,0,0,0,0
YT,1,1650,1976,0,0,0,0,0,0,0,3,0,0,0,0,0,0,0
YT,1,1650,1977,1,2,0,0,0,0,0,15,0,0,0,0,0,0,2
YT,1,1650,1999,0,0,0,0,1,0,0,0,0,0,0,0,0,0,0
YT,1,1660,1976,0,0,0,0,0,0,0,1,0,0,0,0,0,0,0
YT,1,1660,1986,0,0,0,0,1,0,0,0,0,0,0,0,0,0,0
YT,1,1660,1993,1,0,0,0,0,0,0,0,0,0,0,0,0,0,0
YT,1,1660,1994,0,1,0,0,0,0,0,0,0,0,0,0,0,0,0
YT,1,1670,1978,0,0,0,0,0,0,0,0,0,0,0,0,0,0,2
YT,1,1692,1990,0,0,0,1,0,0,0,0,0,0,0,0,0,0,0
YT,1,1693,2000,0,0,0,1,0,0,0,0,0,0,0,0,0,0,0
YT,1,1710,1976,0,0,0,1,0,0,0,4,0,0,0,0,0,0,0
YT,1,1710,1977,0,0,0,0,0,0,0,1,0,0,0,0,0,0,0
YT,1,1710,1978,0,0,0,3,0,0,0,2,0,0,0,0,0,0,0
YT,1,1710,1979,0,0,0,0,0,0,0,6,0,0,0,0,0,0,0
YT,1,1710,1981,0,0,0,0,0,0,0,1,0,0,0,0,0,0,0
YT,1,1710,1984,0,0,0,0,0,0,0,1,0,0,0,0,0,0,0
YT,1,1710,1995,0,0,0,0,0,0,0,1,0,0,0,0,0,0,0
YT,1,1710,1997,0,0,0,2,0,0,0,1,0,0,0,0,0,0,0
YT,1,1710,2002,0,0,0,1,0,0,0,1,0,0,0,0,0,0,0
YT,1,1721,1976,0,0,0,3,0,0,0,6,0,0,0,0,0,0,0
YT,1,1721,1977,0,0,0,0,0,0,0,10,0,0,0,0,0,0,2
YT,1,1721,1978,0,0,0,4,0,0,0,5,0,0,0,0,0,0,1
YT,1,1721,1979,0,0,0,0,0,0,0,3,0,0,0,0,0,0,0
YT,1,1721,1981,0,0,0,2,0,0,0,6,0,0,0,0,0,0,0
YT,1,1721,1984,0,0,0,0,0,0,0,2,0,0,0,0,0,0,0
YT,1,1721,1986,0,0,0,1,0,0,0,0,0,0,0,0,0,0,0
YT,1,1721,1987,0,0,0,0,0,0,0,2,0,0,0,0,0,0,0
YT,1,1721,1988,0,0,0,1,0,0,0,0,0,0,0,0,0,0,0
YT,1,1721,1992,0,0,0,2,0,0,0,0,0,0,0,0,0,0,0
YT,1,1721,1993,0,0,0,0,0,0,0,2,0,0,0,0,0,0,0
YT,1,1721,1996,0,0,0,3,0,0,0,0,0,0,0,0,0,0,0
YT,1,1721,1999,0,0,0,4,0,0,0,0,0,0,0,0,0,0,0
YT,1,1721,2002,0,0,0,2,0,0,0,6,0,0,0,0,0,0,0
YT,1,1721,2009,0,0,0,2,0,0,0,1,0,0,0,0,0,0,0
YT,1,1721,2013,0,0,0,0,0,0,0,8,0,0,0,0,0,0,0
YT,1,1722,1976,0,0,0,7,0,0,0,6,0,0,0,0,0,0,0
YT,1,1722,1977,0,0,0,3,0,0,0,4,0,0,0,0,0,0,3
YT,1,1722,1978,0,0,0,3,0,0,0,1,0,0,0,0,0,0,1
YT,1,1722,1979,0,0,0,2,0,0,0,2,0,0,0,0,0,0,0
YT,1,1722,1980,0,0,0,1,0,0,0,3,0,0,0,0,0,0,9
YT,1,1722,1981,0,0,0,8,0,0,0,0,0,0,0,0,0,0,0
YT,1,1722,1983,0,0,0,10,0,0,0,3,0,0,0,0,0,0,0
YT,1,1722,1984,0,0,0,9,0,0,0,0,0,0,0,0,0,0,0
YT,1,1722,1985,0,0,0,7,0,0,0,3,0,0,0,0,0,0,0
YT,1,1722,1986,0,0,0,0,0,0,0,1,0,0,0,0,0,0,0
YT,1,1722,1987,0,0,0,3,0,0,0,2,0,0,0,0,0,0,0
YT,1,1722,1991,0,0,0,11,0,0,0,4,0,0,0,0,0,0,0
YT,1,1722,1993,0,0,0,1,0,0,0,3,0,0,0,0,0,0,0
YT,1,1722,1994,0,0,0,5,0,0,0,3,0,0,0,0,0,0,0
YT,1,1722,1995,0,0,0,2,0,0,0,0,0,0,0,0,0,0,0
YT,1,1722,1996,0,0,0,1,0,0,0,2,0,0,0,0,0,0,0
YT,1,1722,1999,0,0,0,4,0,0,0,0,0,0,0,0,0,0,0
YT,1,1722,2002,0,0,0,8,0,0,0,4,0,0,0,0,0,0,0
YT,1,1722,2007,0,0,0,3,0,0,0,4,0,0,0,0,0,0,0
YT,1,1722,2009,0,0,0,1,0,0,0,0,0,0,0,0,0,0,0
YT,1,1722,2010,0,0,0,1,0,0,0,0,0,0,0,0,0,0,0
YT,1,1722,2020,0,0,0,1,0,0,0,1,0,0,0,0,0,0,0
YT,1,1722,2022,0,0,0,1,0,0,0,0,0,0,0,0,0,0,0
NA,NA,300,2015,0,0,0,0,0,0,0,1,0,0,0,0,0,0,0
NA,NA,300,2017,0,0,1,0,0,0,0,0,0,0,0,0,0,0,0
NA,NA,310,2013,0,0,0,0,0,0,0,0,0,1,0,0,0,0,0
NA,NA,310,2015,0,0,0,2,0,0,0,0,0,0,0,0,0,0,0
NA,NA,1290,2007,1,0,0,0,0,0,0,0,0,0,0,0,0,0,0
NA,NA,1300,2009,0,0,0,0,0,0,0,1,0,0,0,0,0,0,0
NA,NA,1320,2007,0,1,0,0,4,5,0,0,0,0,0,0,0,0,0
NA,NA,1320,2008,0,0,0,0,0,1,0,0,0,0,0,0,0,0,0
NA,NA,1320,2009,0,3,0,0,3,3,0,0,0,0,0,0,0,0,0
NA,NA,1320,2010,0,0,0,0,0,2,0,0,0,0,0,0,0,0,0
NA,NA,1320,2011,1,1,0,0,0,0,0,0,0,0,0,0,0,0,0
NA,NA,1320,2012,0,1,0,0,1,2,0,0,0,0,0,0,0,0,0
NA,NA,1320,2013,0,1,0,0,3,6,0,0,0,0,0,0,0,0,1
NA,NA,1320,2014,0,0,0,0,0,4,0,0,0,0,0,0,0,0,0
NA,NA,1320,2015,1,0,0,0,3,1,0,0,0,0,0,0,0,0,0
NA,NA,1320,2016,1,0,0,0,0,0,0,0,0,0,0,0,0,0,0
NA,NA,1320,2017,0,1,0,0,3,2,0,0,0,0,0,0,0,0,0
NA,NA,1320,2018,0,0,0,0,1,0,0,0,0,0,0,0,0,0,0
NA,NA,1320,2019,0,0,0,0,1,2,0,0,0,0,0,0,0,0,0
NA,NA,1320,2020,0,1,0,0,0,1,0,0,0,0,0,0,0,0,0
NA,NA,1320,2021,1,0,0,0,1,2,0,0,0,0,0,0,0,0,0
NA,NA,1320,2022,0,0,0,0,0,2,0,0,0,0,0,0,0,0,0
NA,NA,1320,2023,0,0,0,0,1,0,0,0,0,0,0,0,0,0,0
NA,NA,1320,2024,0,4,0,0,0,0,0,0,0,0,0,0,0,0,0
NA,NA,1321,2009,0,0,0,0,1,0,0,0,0,0,0,0,0,0,0
NA,NA,1321,2014,0,1,0,0,0,0,0,0,0,0,0,0,0,0,0
NA,NA,1330,2008,1,1,0,0,1,2,0,0,0,0,0,0,0,0,0
NA,NA,1330,2009,0,0,0,0,1,0,0,0,0,0,0,0,0,0,0
NA,NA,1330,2011,1,1,0,0,1,0,0,0,0,0,0,0,0,0,0
NA,NA,1330,2012,0,0,0,0,1,1,0,0,0,0,0,0,0,0,0
NA,NA,1330,2014,1,0,0,0,0,0,0,0,0,0,0,0,0,0,0
NA,NA,1330,2015,0,0,0,0,0,2,0,0,0,0,0,0,0,0,0
NA,NA,1330,2018,0,0,0,0,0,2,0,0,0,0,0,0,0,0,0
NA,NA,1330,2019,0,0,0,0,1,0,0,1,0,0,0,0,0,0,0
NA,NA,1330,2021,0,0,0,0,2,1,0,1,0,0,0,0,0,0,0
NA,NA,1330,2024,0,0,0,0,1,0,0,0,0,0,0,0,0,0,0
NA,NA,1350,2013,0,1,0,0,0,0,0,0,0,0,0,0,0,0,0
NA,NA,1350,2014,1,1,0,0,0,0,0,0,0,0,0,0,0,0,0
NA,NA,1350,2019,1,0,0,0,0,1,0,0,0,0,0,0,0,0,1
NA,NA,1350,2020,0,0,0,0,1,1,0,0,0,0,0,0,0,0,0
NA,NA,1370,2011,0,0,0,0,0,1,0,0,0,0,0,0,0,0,0
NA,NA,1370,2014,0,0,0,0,0,2,0,0,0,0,0,0,0,0,0
NA,NA,1370,2021,0,0,0,0,1,0,0,0,0,0,0,0,0,0,0
NA,NA,1390,2008,0,0,0,0,1,2,0,0,0,0,0,0,0,0,0
NA,NA,1390,2009,0,0,0,0,1,0,0,0,0,0,0,0,0,0,0
NA,NA,1390,2013,0,0,0,0,0,1,0,0,0,0,0,0,0,0,0
NA,NA,1390,2015,0,0,0,0,1,0,0,0,0,0,0,0,0,0,0
NA,NA,1390,2016,0,1,0,0,0,0,0,0,0,0,0,0,0,0,0
NA,NA,1390,2017,0,1,0,0,1,1,0,0,0,0,0,0,0,0,0
NA,NA,1390,2018,0,0,0,0,0,1,0,0,0,0,0,0,0,0,0
NA,NA,1390,2020,0,0,0,0,0,1,0,0,0,0,0,0,0,0,0
NA,NA,1390,2021,0,0,0,0,0,1,0,0,0,0,0,0,0,0,0
NA,NA,1390,2023,0,0,0,0,0,1,0,0,0,0,0,0,0,0,0
NA,NA,1400,2008,0,0,0,0,0,1,0,0,0,0,0,0,0,0,0
NA,NA,1400,2013,0,0,0,0,2,2,0,0,0,0,0,0,0,0,0
NA,NA,1400,2020,0,0,0,0,1,0,0,0,0,0,0,0,0,0,0
NA,NA,1400,2023,0,0,0,0,1,0,0,0,0,0,0,0,0,0,0
NA,NA,1400,2024,0,0,0,0,0,1,0,0,0,0,0,0,0,0,0
NA,NA,1420,2014,0,1,0,0,0,0,0,0,0,0,0,0,0,0,0
NA,NA,1420,2020,1,0,0,0,1,0,0,0,0,0,0,0,0,0,0
NA,NA,1420,2024,1,0,0,0,0,0,0,0,0,0,0,0,0,0,0
NA,NA,1430,2007,0,0,0,0,1,0,0,0,0,0,0,0,0,0,0
NA,NA,1430,2008,0,0,0,0,2,0,0,0,0,0,0,0,0,0,0
NA,NA,1430,2012,0,0,0,0,1,1,0,0,0,0,0,0,0,0,0
NA,NA,1430,2014,0,0,0,0,1,0,0,0,0,0,0,0,0,0,0
NA,NA,1430,2015,0,0,0,0,2,0,0,0,0,0,0,0,0,0,0
NA,NA,1430,2017,0,0,0,0,1,0,0,0,0,0,0,0,0,0,0
NA,NA,1430,2020,0,1,0,0,0,0,0,0,0,0,0,0,0,0,0
NA,NA,1430,2024,0,0,0,0,1,1,0,0,0,0,0,0,0,0,0
NA,NA,1440,2007,0,0,0,0,0,0,0,0,0,0,0,0,0,0,1
NA,NA,1440,2008,1,0,0,0,0,1,0,0,0,0,0,0,0,0,0
NA,NA,1440,2009,0,1,0,0,0,0,0,0,0,0,0,0,0,0,0
NA,NA,1440,2012,0,1,0,0,0,0,0,0,0,0,0,0,0,0,0
NA,NA,1440,2013,0,1,0,0,0,0,0,0,0,0,0,0,0,0,0
NA,NA,1440,2014,1,1,0,0,1,2,0,0,0,0,0,0,0,0,0
NA,NA,1440,2017,0,0,0,0,0,1,0,0,0,0,0,0,0,0,0
NA,NA,1440,2019,0,3,0,0,0,2,0,0,1,0,0,0,0,0,0
NA,NA,1440,2020,0,0,0,0,1,0,0,0,0,0,0,0,0,0,0
NA,NA,1440,2022,0,0,0,0,0,1,0,0,0,0,0,0,0,0,0
NA,NA,1440,2024,0,0,0,0,0,1,0,0,0,0,0,0,0,0,0
NA,NA,1460,2008,0,1,0,0,0,0,0,0,0,0,0,0,0,0,0
NA,NA,1460,2024,0,0,0,0,1,0,0,0,0,0,0,0,0,0,0
NA,NA,1480,2007,0,0,0,0,1,0,0,0,0,0,0,0,0,0,0
NA,NA,1480,2008,0,0,0,0,0,1,0,0,0,0,0,0,0,0,0
NA,NA,1480,2010,0,0,0,0,1,0,0,0,0,0,0,0,0,0,0
NA,NA,1490,2008,0,0,0,0,1,0,0,0,0,0,0,0,0,0,0
NA,NA,1490,2014,0,0,0,0,0,1,0,0,0,0,0,0,0,0,0
NA,NA,1500,2007,0,0,0,0,1,0,0,0,0,0,0,0,0,0,0
NA,NA,1500,2008,3,0,0,0,0,0,0,0,0,0,0,0,0,0,0
NA,NA,1500,2012,0,0,0,0,0,0,0,1,0,0,0,0,0,0,0
NA,NA,1500,2013,0,0,0,0,2,0,0,0,0,0,0,0,0,0,0
NA,NA,1510,2007,0,1,0,0,1,1,0,0,0,0,0,0,0,0,0
NA,NA,1530,2013,0,0,0,0,0,1,0,0,0,0,0,0,0,0,0
NA,NA,1530,2014,0,1,0,0,0,0,0,0,0,0,0,0,0,0,0
NA,NA,1530,2024,0,0,0,0,1,0,0,0,0,0,0,0,0,0,0
NA,NA,1590,2007,3,0,0,0,1,5,0,0,0,0,0,0,0,0,0
NA,NA,1590,2009,0,1,0,0,0,0,0,0,0,0,0,0,0,0,0
NA,NA,1590,2013,0,0,0,0,0,1,0,0,0,0,0,0,0,0,0
NA,NA,1590,2019,0,0,0,0,1,0,0,0,0,0,0,0,0,0,0
NA,NA,1590,2020,0,0,0,0,1,0,0,0,0,0,0,0,0,0,0
NA,NA,1590,2022,1,1,0,0,0,1,0,0,0,0,0,0,0,0,0
NA,NA,1630,2024,0,0,0,0,0,1,0,1,0,0,0,0,0,0,0
NA,NA,1660,2008,0,0,0,0,0,0,0,1,0,0,0,0,0,0,0
NA,NA,1660,2024,0,0,0,0,0,1,0,2,0,0,0,0,0,0,0
NA,NA,1670,2008,0,0,0,0,1,0,0,0,0,0,0,0,0,0,0
NA,NA,1692,2007,0,0,0,0,0,0,0,0,0,0,0,0,0,0,1
NA,NA,1692,2008,0,0,0,1,0,0,0,1,0,0,0,0,0,0,0
NA,NA,1692,2009,0,0,0,1,0,0,0,0,0,0,0,0,0,0,0
NA,NA,1692,2012,0,0,0,1,0,0,0,0,0,0,0,0,0,0,0
NA,NA,1692,2015,0,0,0,3,0,0,0,2,0,0,0,0,0,0,0
NA,NA,1692,2021,0,0,0,0,0,0,0,1,0,0,0,0,0,0,0
NA,NA,1693,2009,0,0,0,1,0,0,0,0,0,0,0,0,0,0,0
NA,NA,1693,2015,0,0,0,1,0,0,0,0,0,0,0,0,0,0,0
NA,NA,1710,2012,0,0,0,0,0,0,0,1,0,0,0,0,0,0,0
NA,NA,1710,2014,0,0,0,1,0,0,0,0,0,0,0,0,0,0,0
NA,NA,1721,2008,0,0,0,1,0,0,0,1,0,0,0,0,0,0,0
NA,NA,1721,2010,0,0,0,0,0,0,0,0,0,0,0,0,0,0,1
NA,NA,1721,2016,0,0,0,0,0,0,0,1,0,0,0,0,0,0,0
NA,NA,1722,2007,0,0,0,7,0,0,0,0,0,0,0,0,0,0,0
NA,NA,1722,2008,0,0,0,10,0,0,0,6,0,0,0,0,0,0,0
NA,NA,1722,2009,0,0,0,7,0,0,1,1,0,0,0,0,0,0,0
NA,NA,1722,2010,0,0,1,3,0,0,0,0,0,0,0,0,0,0,0
NA,NA,1722,2011,0,0,1,2,0,0,0,3,0,0,0,0,0,0,0
NA,NA,1722,2012,0,0,0,7,0,0,0,1,0,0,0,0,0,0,0
NA,NA,1722,2013,0,0,2,1,0,0,1,1,0,0,0,0,0,0,0
NA,NA,1722,2014,0,0,0,5,0,0,5,0,0,0,0,0,0,0,0
NA,NA,1722,2015,0,0,0,3,0,0,1,0,0,0,0,0,0,0,0
NA,NA,1722,2017,0,0,0,5,0,0,0,2,0,0,0,0,0,0,0
NA,NA,1722,2018,0,0,0,1,0,0,0,0,0,0,0,0,0,0,0
NA,NA,1722,2019,0,0,0,5,0,0,0,2,0,0,0,0,0,0,0
NA,NA,1722,2020,0,0,0,2,0,0,0,0,0,0,0,0,0,0,0
NA,NA,1722,2021,0,0,0,1,0,0,0,0,0,0,0,0,0,0,0
NA,NA,1722,2022,0,0,0,0,0,0,0,1,0,0,0,0,0,0,0
NA,NA,1722,2023,0,0,0,3,0,0,0,0,0,0,0,0,0,0,0
NA,NA,1722,2024,0,0,0,0,0,0,0,0,0,5,0,0,0,0,0
NA,NA,2280,2007,0,0,0,0,2,1,0,0,0,0,0,0,0,0,0
NA,NA,2280,2008,1,0,0,0,0,1,0,0,0,0,0,0,0,0,0
NA,NA,2280,2010,7,0,0,0,0,1,0,1,0,0,0,0,0,0,0
NA,NA,2280,2019,0,0,0,0,1,0,0,0,0,0,0,0,0,0,0
